G,S1_noun,S2_predicate,SE_G,SE_S1_noun,SE_S2_predicate,noun_predicate_bias,data_id,age_mos,production,form
-1.3181715421043165,-0.20047093941240976,-0.15126137176193932,0.5479477676402915,0.9561034377019144,0.949813652365216,-0.04920956765047044,WG-B0001-17,17,6,WG
-0.23075414951889175,0.8176422888334526,1.053502229709598,0.19909385630799706,0.6891662287285679,0.6176082808959272,-0.23585994087614537,WG-B0002-15,15,47,WG
-1.3181715421043165,-0.20047093941240976,-0.15126137176193932,0.5479477676402915,0.9561034377019144,0.949813652365216,-0.04920956765047044,WG-B0003-16,16,4,WG
-0.02489181862546377,0.00428789329548144,-0.6939265226693663,0.10317562099597959,0.4339669823314085,0.5716328602213258,0.6982144159648477,WG-B0004-17,17,37,WG
-0.48409570314127637,1.2430431623280822,0.09828037621365436,0.18445702422256754,0.6144298889783452,0.7134614354076443,1.1447627861144278,WG-B0005-15,15,12,WG
-0.8270140687195044,-0.46524481646645544,0.694746420258965,0.3271341503956461,0.9049976351842032,0.8391642247746566,-1.1599912367254204,WG-B0006-15,15,5,WG
-0.7771868011449572,0.27945171324345663,-0.3716934489466349,0.30934195305674916,0.8718819110240247,0.8840773232001985,0.6511451621900916,WG-B0007-16,16,10,WG
0.038470478281919955,0.36929083723532086,0.6978825847946714,0.11811668729040482,0.47711560932948777,0.42031493995772423,-0.3285917475593505,WG-B0008-17,17,67,WG
-0.5052194026229806,-0.046247138773480675,-0.6066558353075511,0.24055410310899047,0.8085651608296344,0.8270791892757484,0.5604086965340704,WG-B0009-16,16,9,WG
-0.21042905575371304,-0.2650229767460168,0.38565398671267176,0.20626379960008984,0.7672873379023846,0.6546160703917917,-0.6506769634586886,WG-B0010-16,16,16,WG
0.020628998112842155,0.6333771240436582,0.773418309163145,0.08867301141134722,0.3729825078959138,0.3537607917483956,-0.14004118511948682,WG-B0012-17,17,76,WG
-1.3181715421043165,-0.20047093941240976,-0.15126137176193932,0.5479477676402915,0.9561034377019144,0.949813652365216,-0.04920956765047044,WG-B0013-17,17,6,WG
-0.034667813400216976,0.123287373397911,-0.7443441863855986,0.11577111818659605,0.4581617534935355,0.5942344357902156,0.8676315597835096,WG-B0014-16,16,27,WG
0.0016048819166021315,0.8301373863288425,0.08379192472633416,0.029948158569644025,0.18476650796433983,0.3677198118950267,0.7463454616025084,WG-B0015-16,16,55,WG
-0.42133584333012397,1.2873431962741213,-0.6828653321184908,0.15574839632142887,0.5399903069813237,0.7840146692716301,1.970208528392612,WG-B0016-17,17,22,WG
-0.6492769519404872,-0.6544461381041443,0.8668577094279168,0.27486093387147287,0.875817650288897,0.7763958045222396,-1.521303847532061,WG-B0017-16,16,36,WG
0.40645122588310595,-0.34388774490817986,-1.061682413476423,0.050390928823065395,0.25827567028708215,0.37046335618978365,0.717794668568243,WG-B0018-17,17,73,WG
-0.5121900861442679,0.40981995377910174,-0.5947637173474843,0.22675147446520355,0.7641189158854529,0.8231819839831432,1.004583671126586,WG-B0019-15,15,9,WG
-0.016920014880031864,-0.004770984867814368,0.36142877966343995,0.08744077362402666,0.3946334552613708,0.39547114756808066,-0.3661997645312543,WG-B0020-15,15,43,WG
-1.3181715421043165,-0.20047093941240976,-0.15126137176193932,0.5479477676402915,0.9561034377019144,0.949813652365216,-0.04920956765047044,WG-B0021-16,16,1,WG
0.2141332213000829,0.5769918086848134,0.9672892572786119,0.19950004333654206,0.6671697363810006,0.6166576133491559,-0.39029744859379856,WG-B0022-16,16,127,WG
-0.18982587606680693,-0.13935538651410523,-0.4660057354449347,0.20558103801951502,0.7546769099471148,0.7091083454946477,0.32665034893082945,WG-B0023-15,15,12,WG
-0.3757463765739385,0.2382821905980115,-0.7502355009335284,0.1990155516785745,0.7261783466777271,0.7944055314025352,0.9885176915315399,WG-B0024-15,15,17,WG
-1.3181715421043165,-0.20047093941240976,-0.15126137176193932,0.5479477676402915,0.9561034377019144,0.949813652365216,-0.04920956765047044,WG-K0001-12,12,1,WG
-0.6383089518329146,0.931511793582364,-0.4715476699599649,0.24687213132288105,0.7827603747320933,0.8516712876954964,1.4030594635423288,WG-K0006-12,12,9,WG
-1.3181715421043165,-0.20047093941240976,-0.15126137176193932,0.5479477676402915,0.9561034377019144,0.949813652365216,-0.04920956765047044,WG-K0007-12,12,7,WG
-0.24025947449813143,-0.045195172162800876,-0.939479951663397,0.2099149446281629,0.7669347737176179,0.7778091009640935,0.8942847795005961,WG-K0008-12,12,13,WG
-0.7648285416571676,-0.5318548875460917,0.37014715490616756,0.32185081294716467,0.8999719740346092,0.8414938279960976,-0.9020020424522592,WG-K0014-12,12,1,WG
-1.3181715421043165,-0.20047093941240976,-0.15126137176193932,0.5479477676402915,0.9561034377019144,0.949813652365216,-0.04920956765047044,WG-K0015-12,12,2,WG
-1.3181715421043165,-0.20047093941240976,-0.15126137176193932,0.5479477676402915,0.9561034377019144,0.949813652365216,-0.04920956765047044,WG-K0016-12,12,2,WG
-0.5502412917494157,0.9905388085177528,0.4448474107095615,0.21409966584348739,0.7070681820895928,0.7218808355136057,0.5456913978081912,WG-K0017-12,12,14,WG
-1.3181715421043165,-0.20047093941240976,-0.15126137176193932,0.5479477676402915,0.9561034377019144,0.949813652365216,-0.04920956765047044,WG-K0019-12,12,1,WG
-1.3181715421043165,-0.20047093941240976,-0.15126137176193932,0.5479477676402915,0.9561034377019144,0.949813652365216,-0.04920956765047044,WG-K0021-12,12,1,WG
-0.854618187604265,-0.4438676896494733,0.5556286004605324,0.34164215859855857,0.9100277093426108,0.8534190733547339,-0.9994962901100057,WG-K0022-12,12,7,WG
-0.1438457890274576,-0.24797044579573516,-0.17831557174233745,0.19528566515389575,0.7256969340301039,0.6573684224538557,-0.06965487405339771,WG-K0024-12,12,26,WG
-1.3181715421043165,-0.20047093941240976,-0.15126137176193932,0.5479477676402915,0.9561034377019144,0.949813652365216,-0.04920956765047044,WG-K0026-12,12,1,WG
-1.3181715421043165,-0.20047093941240976,-0.15126137176193932,0.5479477676402915,0.9561034377019144,0.949813652365216,-0.04920956765047044,WG-K0027-12,12,1,WG
-1.3181715421043165,-0.20047093941240976,-0.15126137176193932,0.5479477676402915,0.9561034377019144,0.949813652365216,-0.04920956765047044,WG-K0030-12,12,2,WG
-0.18924145552946742,-0.351056937974395,-0.4736785566373665,0.20714641659986652,0.7699479010216311,0.7110272136817757,0.1226216186629715,WG-K0031-18,18,19,WG
-0.3622365738056424,1.1268322837852571,1.4438593126447945,0.14045866620919473,0.5198552421486831,0.4882130431843783,-0.3170270288595374,WG-K0032-18,18,52,WG
-1.3181715421043165,-0.20047093941240976,-0.15126137176193932,0.5479477676402915,0.9561034377019144,0.949813652365216,-0.04920956765047044,WG-K0033-18,18,6,WG
0.011640702082453947,0.21122051551933302,0.7900900406953583,0.07055824243737605,0.34964242387912126,0.3180599833169394,-0.5788695251760252,WG-K0034-18,18,64,WG
-0.1545468287043876,-1.0111300410886408,0.5112037171091165,0.20162968393633202,0.7852026323396721,0.6315084182220495,-1.5223337581977572,WG-K0035-18,18,23,WG
-0.4043212990231243,1.595192864668646,1.2274977913616834,0.10884947750057265,0.3934745136499125,0.459772332091588,0.3676950733069626,WG-K0036-18,18,30,WG
-0.022842129780594245,0.47227165876491206,0.5794227974250243,0.09361036831122717,0.3633955819096752,0.38450266268762384,-0.10715113866011228,WG-K0037-18,18,62,WG
-0.5713243658050324,1.3845078426497022,-0.5296051852126221,0.2195638380287789,0.7009395488552423,0.8316181414431432,1.9141130278623244,WG-K0038-18,18,17,WG
0.026799142379173885,-0.13269437886612492,0.9208439530507241,0.10222832596942748,0.47090875645929586,0.3764424470545156,-1.053538331916849,WG-K0039-18,18,56,WG
-0.396938413061599,0.1973850029995674,0.2484209413479228,0.1876641752460734,0.7038498324450291,0.6766238617542784,-0.0510359383483554,WG-K0040-18,18,18,WG
-1.3181715421043165,-0.20047093941240976,-0.15126137176193932,0.5479477676402915,0.9561034377019144,0.949813652365216,-0.04920956765047044,WG-K0041-18,18,3,WG
-0.41158204497660683,0.3612296667158374,-0.7049958109346965,0.198967886168931,0.7150417333253731,0.7987870018538881,1.066225477650534,WG-K0043-18,18,11,WG
-0.019493925346174803,1.1137859559336387,-0.27668537135206744,0.08621137259043618,0.3363400960996171,0.4837783330487056,1.390471327285706,WG-K0044-18,18,68,WG
0.0705011896145818,0.4979150086978204,0.2410304047404807,0.15243858743285582,0.5791526943018972,0.5203393338794872,0.2568846039573397,WG-K0045-18,18,63,WG
0.321452280656911,0.005334039570191314,-0.39292670005185476,0.15890049466991843,0.6025124061390869,0.5262543905503776,0.39826073962204606,WG-K0046-18,18,80,WG
-1.3181715421043165,-0.20047093941240976,-0.15126137176193932,0.5479477676402915,0.9561034377019144,0.949813652365216,-0.04920956765047044,WG-K0047-18,18,1,WG
0.40078434460951695,-1.119271738548865,-1.2379053485267093,0.023544647254415487,0.25452270647763997,0.3829346325601058,0.11863360997784422,WG-K0048-18,18,51,WG
0.363480365162533,0.26906628201007277,0.055793967243320336,0.11521359618683842,0.45568765396072425,0.3886717304657404,0.21327231476675243,WG-K0049-18,18,103,WG
-1.3181715421043165,-0.20047093941240976,-0.15126137176193932,0.5479477676402915,0.9561034377019144,0.949813652365216,-0.04920956765047044,WG-K0050-18,18,5,WG
-0.7922811967953624,-0.501528353643887,0.5222767335664791,0.3240340488171726,0.9021060529886541,0.8398242315277983,-1.0238050872103661,WG-K0052-18,18,3,WG
0.40010874471333696,0.8279998279051901,0.6608599436473634,0.0065952119506257735,0.10701592971554928,0.1922964863442683,0.16713988425782667,WG-K0053-18,18,180,WG
-0.4184327333677685,1.1259865887207947,-0.6881137879214582,0.16373577935766695,0.5720297435874353,0.7864036782466973,1.8141003766422528,WG-K0054-18,18,15,WG
-1.3181715421043165,-0.20047093941240976,-0.15126137176193932,0.5479477676402915,0.9561034377019144,0.949813652365216,-0.04920956765047044,WG-K0055-18,18,4,WG
-0.40002777072284235,-0.06838566008719761,-0.7236161857403076,0.21449448114636438,0.7742872981918351,0.8036152891030526,0.65523052565311,WG-K0056-18,18,9,WG
0.3968587688484427,-0.16224010245031223,0.09655012285282057,0.035310676413441267,0.23278115507127686,0.21923777391957502,-0.2587902253031328,WG-K0057-18,18,116,WG
-0.00863084554361247,-0.3100104637881185,0.4825797102522827,0.08242377146105082,0.4208124028685227,0.3725568630142555,-0.7925901740404011,WG-K0058-18,18,52,WG
-0.5274444246720199,0.08117391302068507,-0.5828134094265894,0.24265411367360606,0.8056276748735621,0.8309942735710377,0.6639873224472745,WG-K0059-18,18,7,WG
-1.3181715421043165,-0.20047093941240976,-0.15126137176193932,0.5479477676402915,0.9561034377019144,0.949813652365216,-0.04920956765047044,WG-K0060-18,18,5,WG
-1.3181715421043165,-0.20047093941240976,-0.15126137176193932,0.5479477676402915,0.9561034377019144,0.949813652365216,-0.04920956765047044,WG-O0198-13,13,1,WG
-0.7137590750873108,-0.3355566452899498,-0.4276639411074934,0.32044054594121946,0.8901690769921625,0.8765338133487336,0.09210729581754362,WG-O0206-12,12,1,WG
-1.3181715421043165,-0.20047093941240976,-0.15126137176193932,0.5479477676402915,0.9561034377019144,0.949813652365216,-0.04920956765047044,WG-O0208-12,12,1,WG
-1.3181715421043165,-0.20047093941240976,-0.15126137176193932,0.5479477676402915,0.9561034377019144,0.949813652365216,-0.04920956765047044,WG-O0223-12,12,4,WG
-1.3181715421043165,-0.20047093941240976,-0.15126137176193932,0.5479477676402915,0.9561034377019144,0.949813652365216,-0.04920956765047044,WG-O0232-13,13,3,WG
-0.4415788469185614,0.7292117061754799,-0.6664740689937042,0.19131138912085408,0.6694910311659333,0.7995466055036148,1.3956857751691842,WG-O0241-13,13,10,WG
-0.7771868011449572,0.27945171324345663,-0.3716934489466349,0.30934195305674916,0.8718819110240247,0.8840773232001985,0.6511451621900916,WG-O0280-17,17,3,WG
-0.2693622140349957,-0.4868903260800739,-0.8998639337951257,0.21860679643885697,0.8084351356293525,0.7869255853207019,0.41297360771505187,WG-O0287-13,13,16,WG
-0.7771868011449572,0.27945171324345663,-0.3716934489466349,0.30934195305674916,0.8718819110240247,0.8840773232001985,0.6511451621900916,WG-O0289-12,12,1,WG
-0.5158649895562093,0.10738425589914467,-0.5941114756063424,0.23815756706485916,0.7979377447282129,0.8277557638383847,0.701495731505487,WG-O0299-14,14,7,WG
-0.22055960972073838,0.7752458656313513,-0.2797756720692284,0.20118371823234893,0.6956450782307116,0.6983591953933291,1.0550215377005796,WG-O0302-16,16,16,WG
0.02636148629089715,0.08075180755828866,-0.9020387979538981,0.10209420926243039,0.4532332674831616,0.5898603379254677,0.9827906055121868,WG-O0303-14,14,41,WG
-0.6243819261594766,-0.6865123442222526,0.8556169018451529,0.2691983981590517,0.8714957255858554,0.7680547448749075,-1.5421292460674056,WG-O0317-16,16,14,WG
-0.6226892759562371,0.01922079197903897,0.2683886501578256,0.2594120904521586,0.8311576119664561,0.7898561407923299,-0.24916785817878662,WG-O0342-16,16,4,WG
0.06085525070096771,0.7357665459894999,0.4571374479814768,0.14367323347620592,0.5332176634892535,0.4895093209236691,0.27862909800802305,WG-O0343-17,17,71,WG
-0.7768681539542729,-0.5171259477216188,0.49978823335853007,0.3203806994375695,0.9001965494995972,0.8370644473122733,-1.016914181080149,WG-O0347-14,14,6,WG
-1.3181715421043165,-0.20047093941240976,-0.15126137176193932,0.5479477676402915,0.9561034377019144,0.949813652365216,-0.04920956765047044,WG-O0350-14,14,4,WG
-0.29808823051057853,-0.32970941947258503,0.14090407493915633,0.2054348099554706,0.7777125145965764,0.6864018216937755,-0.4706134944117414,WG-O0385-17,17,14,WG
-0.5818187625189695,-0.2567390871833587,-0.5352227352795591,0.272747460768322,0.8528016056516502,0.8479867056506551,0.2784836480962004,WG-O0390-15,15,9,WG
-1.3181715421043165,-0.20047093941240976,-0.15126137176193932,0.5479477676402915,0.9561034377019144,0.949813652365216,-0.04920956765047044,WG-O0400-15,15,3,WG
-0.004968867328201748,0.48805971011063576,0.34787460880506754,0.04994928403252972,0.264844448174686,0.3437489437660601,0.14018510130556822,WG-O0405-14,14,51,WG
-1.3181715421043165,-0.20047093941240976,-0.15126137176193932,0.5479477676402915,0.9561034377019144,0.949813652365216,-0.04920956765047044,WG-O0411-13,13,2,WG
-0.010772936819813018,0.7621254884423081,0.8295434649853337,0.06526461231743541,0.2672148121411653,0.3065663991168197,-0.06741797654302562,WG-O0412-16,16,53,WG
-0.27629499624386045,1.640256910990316,0.19870743563480933,0.18566682682432462,0.5989914495126498,0.6517909690226492,1.4415494753555067,WG-O0431-16,16,49,WG
-1.3181715421043165,-0.20047093941240976,-0.15126137176193932,0.5479477676402915,0.9561034377019144,0.949813652365216,-0.04920956765047044,WG-O0433-12,12,2,WG
-1.3181715421043165,-0.20047093941240976,-0.15126137176193932,0.5479477676402915,0.9561034377019144,0.949813652365216,-0.04920956765047044,WG-O0453-13,13,1,WG
4.861691988962531e-5,1.1865024996148867,-0.08852210423817806,0.015843925301393714,0.11421352423472624,0.39389608104145357,1.2750246038530648,WG-O0474-17,17,65,WG
-0.13999473821371536,1.3704803267867502,0.21260193177294417,0.1908362931089287,0.6474135774462211,0.6225262566970917,1.157878395013806,WG-O0487-15,15,40,WG
-1.3181715421043165,-0.20047093941240976,-0.15126137176193932,0.5479477676402915,0.9561034377019144,0.949813652365216,-0.04920956765047044,WG-O0551-16,16,1,WG
-0.4605687919869963,1.7969515551858446,-0.6362405810078141,0.15777927295196814,0.5088042369408637,0.7898379204323618,2.4331921361936586,WG-O0582-16,16,24,WG
-1.3181715421043165,-0.20047093941240976,-0.15126137176193932,0.5479477676402915,0.9561034377019144,0.949813652365216,-0.04920956765047044,WG-O0593-16,16,3,WG
-0.08866597033195937,1.066214567006531,0.6741871777437752,0.16618197264998524,0.540058200162752,0.5396286250586713,0.3920273892627558,WG-O0612-16,16,74,WG
-1.3181715421043165,-0.20047093941240976,-0.15126137176193932,0.5479477676402915,0.9561034377019144,0.949813652365216,-0.04920956765047044,WG-S0109-12,12,3,WG
-0.5939819777261239,0.9643781409965753,-0.5111986119399757,0.23541914270062025,0.7576054688082043,0.8404361177337576,1.475576752936551,WG-S0109-15,15,13,WG
-0.7513894284075957,0.18321316899019843,-0.39127544535101455,0.30622629924147543,0.8713237043006761,0.8799031213281707,0.574488614341213,WG-S0112-12,12,6,WG
-0.21039949441279268,-1.0222717126091503,0.5386555404690377,0.21227798007372212,0.8158344649897817,0.6589454665109213,-1.5609272530781881,WG-S0112-15,15,27,WG
-0.8295670847300687,0.402961074531367,-0.33537693420595743,0.3192264346195949,0.8764173122444923,0.8925577082117336,0.7383380087373244,WG-S0144-15,15,14,WG
-1.3181715421043165,-0.20047093941240976,-0.15126137176193932,0.5479477676402915,0.9561034377019144,0.949813652365216,-0.04920956765047044,WG-S0147-12,12,3,WG
-1.3181715421043165,-0.20047093941240976,-0.15126137176193932,0.5479477676402915,0.9561034377019144,0.949813652365216,-0.04920956765047044,WG-S0147-14,14,1,WG
-0.4882609018932574,-0.040242922024444336,0.052663517731766696,0.22394709415407615,0.7827721746347002,0.7511614265677966,-0.09290643975621103,WG-S0169-15,15,10,WG
-1.3181715421043165,-0.20047093941240976,-0.15126137176193932,0.5479477676402915,0.9561034377019144,0.949813652365216,-0.04920956765047044,WG-S0175-15,15,4,WG
-0.6358962599870722,-0.008971761732345566,-0.48414571224999103,0.27934910662129725,0.8523048732362293,0.8577239704558541,0.4751739505176455,WG-S0304-12,12,3,WG
0.0015662807106902276,0.10200662252146779,-0.02291334671082637,0.05963346881481463,0.33021022364939717,0.4087654404471117,0.12491996923229416,WG-S0304-15,15,50,WG
-0.7807878959943008,2.5130094958415135,-0.3402637401443262,0.2133156245194389,0.6469733071197645,0.8740553464968891,2.8532732359858395,WG-S0307-15,15,25,WG
-1.3181715421043165,-0.20047093941240976,-0.15126137176193932,0.5479477676402915,0.9561034377019144,0.949813652365216,-0.04920956765047044,WG-S0340-15,15,2,WG
-0.12727116084028306,-0.24536067789540023,0.6251087010485736,0.1883792832182311,0.7036995235694271,0.5956319050628311,-0.8704693789439739,WG-S0342-12,12,31,WG
-1.3181715421043165,-0.20047093941240976,-0.15126137176193932,0.5479477676402915,0.9561034377019144,0.949813652365216,-0.04920956765047044,WG-S0389-12,12,2,WG
-1.3181715421043165,-0.20047093941240976,-0.15126137176193932,0.5479477676402915,0.9561034377019144,0.949813652365216,-0.04920956765047044,WG-S0389-15,15,2,WG
-0.3844976080872411,0.04735725776455039,-0.7413244579245593,0.2075644336948802,0.7555269933115453,0.798906522600229,0.7886817156891096,WG-S0391-15,15,6,WG
-0.8700632620672083,0.42112829637160537,-0.3107846920443139,0.33148484586339916,0.8835386892278935,0.8990879051821052,0.7319129884159192,WG-S0402-16,16,5,WG
-1.3181715421043165,-0.20047093941240976,-0.15126137176193932,0.5479477676402915,0.9561034377019144,0.949813652365216,-0.04920956765047044,WG-S0414-12,12,1,WG
-0.5429888410908649,-0.05224565786977869,-0.5691030246321326,0.2523596981987627,0.8238950675039954,0.8364264701443983,0.5168573667623539,WG-S0414-14,14,4,WG
-1.3181715421043165,-0.20047093941240976,-0.15126137176193932,0.5479477676402915,0.9561034377019144,0.949813652365216,-0.04920956765047044,WG-S0421-13,13,2,WG
-0.7319682989983185,0.7868837372556132,-0.3965322143254799,0.2730684751619943,0.8277581464420934,0.8726786294533652,1.1834159515810931,WG-S0421-15,15,13,WG
-1.3181715421043165,-0.20047093941240976,-0.15126137176193932,0.5479477676402915,0.9561034377019144,0.949813652365216,-0.04920956765047044,WG-S0477-15,15,8,WG
-0.7771868011449572,0.27945171324345663,-0.3716934489466349,0.30934195305674916,0.8718819110240247,0.8840773232001985,0.6511451621900916,WG-S0483-13,13,9,WG
-1.3181715421043165,-0.20047093941240976,-0.15126137176193932,0.5479477676402915,0.9561034377019144,0.949813652365216,-0.04920956765047044,WG-S0513-12,12,5,WG
-0.038251237002923516,-0.18716999585587887,-0.6739244503541459,0.12417576810513516,0.5093984102112586,0.5921042873851327,0.48675445449826704,WG-S0513-15,15,25,WG
-0.27303907409151335,0.36104102641191377,-0.3176007571926691,0.19886001556835753,0.719537076478987,0.7163795356724132,0.6786417836045828,WG-S0522-15,15,30,WG
-0.4882609018932574,-0.040242922024444336,0.052663517731766696,0.22394709415407615,0.7827721746347002,0.7511614265677966,-0.09290643975621103,WG-S0527-15,15,14,WG
-0.5579137505686323,0.9604095665465243,-0.545199207879986,0.22552053511157918,0.7350015484073928,0.8306333966703988,1.5056087744265103,WG-S0555-15,15,10,WG
-0.4287637585541521,-0.7778298959473857,0.48625192254182653,0.22478659756864927,0.8283808827060005,0.7073174757652124,-1.2640818184892122,WG-S0559-15,15,10,WG
-1.3181715421043165,-0.20047093941240976,-0.15126137176193932,0.5479477676402915,0.9561034377019144,0.949813652365216,-0.04920956765047044,WG-S0564-12,12,1,WG
-1.3181715421043165,-0.20047093941240976,-0.15126137176193932,0.5479477676402915,0.9561034377019144,0.949813652365216,-0.04920956765047044,WG-S0577-12,12,2,WG
-0.4868170410298072,0.3460083117907499,0.5735584464082267,0.2049652856388251,0.7245851126066871,0.6844365919425298,-0.2275501346174768,WG-S0577-15,15,17,WG
-0.4213562604934092,2.2594165819323173,1.1254124743171605,0.09734474316348805,0.3490036804217298,0.4611865095268439,1.1340041076151568,WG-S0585-17,17,44,WG
-1.3181715421043165,-0.20047093941240976,-0.15126137176193932,0.5479477676402915,0.9561034377019144,0.949813652365216,-0.04920956765047044,WG-S0592-12,12,3,WG
-1.3181715421043165,-0.20047093941240976,-0.15126137176193932,0.5479477676402915,0.9561034377019144,0.949813652365216,-0.04920956765047044,WG-S0599-12,12,1,WG
-1.3181715421043165,-0.20047093941240976,-0.15126137176193932,0.5479477676402915,0.9561034377019144,0.949813652365216,-0.04920956765047044,WG-S0600-12,12,1,WG
-1.3181715421043165,-0.20047093941240976,-0.15126137176193932,0.5479477676402915,0.9561034377019144,0.949813652365216,-0.04920956765047044,WG-S0606-12,12,1,WG
-1.3181715421043165,-0.20047093941240976,-0.15126137176193932,0.5479477676402915,0.9561034377019144,0.949813652365216,-0.04920956765047044,WG-S0606-15,15,1,WG
-0.6789362257657455,1.176149993776256,-0.4345950885262977,0.24813788731679812,0.777676465136216,0.8597141724689427,1.6107450823025538,WG-S0645-15,15,9,WG
-0.3407967414429393,0.1764933452976985,-0.23722272312185955,0.19346394665074934,0.7203150323855736,0.7223058485976601,0.41371606841955805,WG-S0647-12,12,4,WG
-1.3181715421043165,-0.20047093941240976,-0.15126137176193932,0.5479477676402915,0.9561034377019144,0.949813652365216,-0.04920956765047044,WG-S0655-15,15,4,WG
-1.3181715421043165,-0.20047093941240976,-0.15126137176193932,0.5479477676402915,0.9561034377019144,0.949813652365216,-0.04920956765047044,WG-S0664-12,12,5,WG
-1.3181715421043165,-0.20047093941240976,-0.15126137176193932,0.5479477676402915,0.9561034377019144,0.949813652365216,-0.04920956765047044,WG-S0668-17,17,6,WG
-0.7295017297516198,0.03344991218302966,-0.40958514904173415,0.30684591425986846,0.8744435088292405,0.8767382034546118,0.4430350612247638,WG-S0672-16,16,2,WG
-0.7137590750873108,-0.3355566452899498,-0.4276639411074934,0.32044054594121946,0.8901690769921625,0.8765338133487336,0.09210729581754362,WG-S0679-12,12,5,WG
-0.6528031543665297,-0.6525075670948381,0.688922851735598,0.28044989361101386,0.878516076154268,0.7881862589866646,-1.341430418830436,WG-S0685-12,12,11,WG
-1.3181715421043165,-0.20047093941240976,-0.15126137176193932,0.5479477676402915,0.9561034377019144,0.949813652365216,-0.04920956765047044,WG-S0687-12,12,2,WG
-0.2612830340660857,0.28948670512794256,-0.32848356634467374,0.20148708199487636,0.7295424159619412,0.7161020151007914,0.6179702714726163,WG-S0693-16,16,17,WG
5.751628749986847e-4,0.1833981939886996,-0.4858624253109214,0.05824200466573228,0.3178332627620239,0.4904993415905106,0.669260619299621,WG-S0696-16,16,29,WG
-1.3181715421043165,-0.20047093941240976,-0.15126137176193932,0.5479477676402915,0.9561034377019144,0.949813652365216,-0.04920956765047044,WG-S0714-12,12,1,WG
-1.3181715421043165,-0.20047093941240976,-0.15126137176193932,0.5479477676402915,0.9561034377019144,0.949813652365216,-0.04920956765047044,WG-S0721-12,12,3,WG
-0.27547536933135114,-0.07220339699081149,-0.2767525746321817,0.20538614506620295,0.7614618703292272,0.7183365208232877,0.20454917764137023,WG-S0740-16,16,18,WG
-1.3181715421043165,-0.20047093941240976,-0.15126137176193932,0.5479477676402915,0.9561034377019144,0.949813652365216,-0.04920956765047044,WG-S0743-12,12,1,WG
-0.07649613710378814,0.1873991155710089,-0.6847543721594064,0.15862688962470936,0.5790348748803041,0.6416686664870963,0.8721534877304153,WG-S0743-16,16,26,WG
-1.3181715421043165,-0.20047093941240976,-0.15126137176193932,0.5479477676402915,0.9561034377019144,0.949813652365216,-0.04920956765047044,WG-S0754-16,16,2,WG
-1.3181715421043165,-0.20047093941240976,-0.15126137176193932,0.5479477676402915,0.9561034377019144,0.949813652365216,-0.04920956765047044,WG-S0770-12,12,4,WG
-0.7513894284075957,0.18321316899019843,-0.39127544535101455,0.30622629924147543,0.8713237043006761,0.8799031213281707,0.574488614341213,WG-S0770-15,15,14,WG
-1.3181715421043165,-0.20047093941240976,-0.15126137176193932,0.5479477676402915,0.9561034377019144,0.949813652365216,-0.04920956765047044,WG-S0772-12,12,2,WG
0.3886772578135055,-0.9665635409228324,-1.716152603295495,0.06646598977600877,0.3319045855310618,0.5042388659312156,0.7495890623726627,WG-S0778-16,16,66,WG
-1.3181715421043165,-0.20047093941240976,-0.15126137176193932,0.5479477676402915,0.9561034377019144,0.949813652365216,-0.04920956765047044,WG-S0783-12,12,7,WG
0.39927858129834787,-0.18849204193484995,-0.6213340267536385,0.017028077595900443,0.2095337243224201,0.27826300412685434,0.43284198481878855,WG-S0799-17,17,73,WG
-0.44277118528018156,0.9975641001186245,-0.6622751987745337,0.17998141008367213,0.6218179933428352,0.7953735296645922,1.659839298893158,WG-S0812-13,13,10,WG
-1.3181715421043165,-0.20047093941240976,-0.15126137176193932,0.5479477676402915,0.9561034377019144,0.949813652365216,-0.04920956765047044,WG-S0813-15,15,1,WG
-1.3181715421043165,-0.20047093941240976,-0.15126137176193932,0.5479477676402915,0.9561034377019144,0.949813652365216,-0.04920956765047044,WG-S0817-12,12,3,WG
-1.3181715421043165,-0.20047093941240976,-0.15126137176193932,0.5479477676402915,0.9561034377019144,0.949813652365216,-0.04920956765047044,WG-S0817-16,16,4,WG
-1.3181715421043165,-0.20047093941240976,-0.15126137176193932,0.5479477676402915,0.9561034377019144,0.949813652365216,-0.04920956765047044,WG-S0832-13,13,1,WG
-1.3181715421043165,-0.20047093941240976,-0.15126137176193932,0.5479477676402915,0.9561034377019144,0.949813652365216,-0.04920956765047044,WG-S0833-12,12,3,WG
-0.7771868011449572,0.27945171324345663,-0.3716934489466349,0.30934195305674916,0.8718819110240247,0.8840773232001985,0.6511451621900916,WG-S0833-15,15,10,WG
-1.3181715421043165,-0.20047093941240976,-0.15126137176193932,0.5479477676402915,0.9561034377019144,0.949813652365216,-0.04920956765047044,WG-S0852-12,12,1,WG
-0.41661080963249275,1.1707660116746037,-0.6896718099146865,0.16054583089669833,0.5606950582132496,0.7850752045849207,1.86043782158929,WG-S0852-17,17,15,WG
-1.3181715421043165,-0.20047093941240976,-0.15126137176193932,0.5479477676402915,0.9561034377019144,0.949813652365216,-0.04920956765047044,WG-S0927-12,12,1,WG
-1.3181715421043165,-0.20047093941240976,-0.15126137176193932,0.5479477676402915,0.9561034377019144,0.949813652365216,-0.04920956765047044,WG-S0943-15,15,4,WG
-1.3181715421043165,-0.20047093941240976,-0.15126137176193932,0.5479477676402915,0.9561034377019144,0.949813652365216,-0.04920956765047044,WG-S0964-13,13,1,WG
0.014594690704303716,0.6856053221945343,-0.24574044586802354,0.07549805761300277,0.3229288970548126,0.4571355997440779,0.9313457680625579,WG-S0985-15,15,40,WG
-1.3181715421043165,-0.20047093941240976,-0.15126137176193932,0.5479477676402915,0.9561034377019144,0.949813652365216,-0.04920956765047044,WG-S0997-13,13,2,WG
0.0015812304894697814,0.8080117721281576,1.0190855362492877,0.028461902041655312,0.1766353186940617,0.2402522701597218,-0.2110737641211301,WG-S1078-16,16,56,WG
-1.3181715421043165,-0.20047093941240976,-0.15126137176193932,0.5479477676402915,0.9561034377019144,0.949813652365216,-0.04920956765047044,WG-U0001-12,12,3,WG
-1.3181715421043165,-0.20047093941240976,-0.15126137176193932,0.5479477676402915,0.9561034377019144,0.949813652365216,-0.04920956765047044,WG-U0001-15,15,12,WG
-0.3923582552563937,1.114157700903699,-0.7193844244932313,0.15797201869109892,0.5608219449417516,0.7813145781043929,1.8335421253969302,WG-U0001-18,18,37,WG
-0.7768681539542729,-0.5171259477216188,0.49978823335853007,0.3203806994375695,0.9001965494995972,0.8370644473122733,-1.016914181080149,WG-U0002-12,12,5,WG
-0.3928887774888227,-0.5110760576880619,0.9519487681446015,0.20108283542475677,0.7817580141827266,0.6385400226043446,-1.4630248258326635,WG-U0002-15,15,17,WG
-0.4033837027701493,-1.037131134790589,0.9756330659258851,0.219556370830944,0.839176645765773,0.6722460294955284,-2.012764200716474,WG-U0002-18,18,19,WG
-1.3181715421043165,-0.20047093941240976,-0.15126137176193932,0.5479477676402915,0.9561034377019144,0.949813652365216,-0.04920956765047044,WG-U0003-15,15,2,WG
-0.5512057447874765,0.5182231957966494,-0.5552031375618688,0.23558111351804625,0.7755492167328342,0.8325253811115613,1.0734263333585181,WG-U0003-18,18,12,WG
-0.670632952881591,0.13571130513273222,0.33650682090887807,0.2674034555705722,0.8377659213169579,0.800276337465872,-0.20079551577614585,WG-U0005-12,12,6,WG
-0.38315783126796227,1.1369244381072687,-0.09784830585496153,0.14843274033013862,0.5360893101644765,0.6840179554430268,1.2347727439622302,WG-U0005-15,15,16,WG
-0.05901207884402811,1.8363744307757717,-0.2957049356584972,0.14185433681760473,0.4914734327543606,0.5671652849014313,2.1320793664342688,WG-U0005-18,18,80,WG
-1.3181715421043165,-0.20047093941240976,-0.15126137176193932,0.5479477676402915,0.9561034377019144,0.949813652365216,-0.04920956765047044,WG-U0006-14,14,2,WG
-0.20170043402661664,0.43989823389616667,-0.9953016120944077,0.20388508672822467,0.7172373963900435,0.7666912579070603,1.4351998459905744,WG-U0006-18,18,28,WG
-0.6226892759562371,0.01922079197903897,0.2683886501578256,0.2594120904521586,0.8311576119664561,0.7898561407923299,-0.24916785817878662,WG-U0007-12,12,2,WG
-0.6226892759562371,0.01922079197903897,0.2683886501578256,0.2594120904521586,0.8311576119664561,0.7898561407923299,-0.24916785817878662,WG-U0007-16,16,3,WG
-0.5898455702050645,0.6526487581310547,0.22570297887216195,0.2339107712032632,0.7677598782517561,0.7690915284497558,0.42694577925889277,WG-U0007-18,18,12,WG
-0.7771868011449572,0.27945171324345663,-0.3716934489466349,0.30934195305674916,0.8718819110240247,0.8840773232001985,0.6511451621900916,WG-U0009-12,12,2,WG
-0.34127671618038674,-0.10667028424387044,0.35836285829206455,0.19464994403610253,0.7430128386088272,0.6628485505092365,-0.465033142535935,WG-U0009-15,15,13,WG
0.14569080299085482,-1.3498290902853893,1.5180381004203432,0.19275413101377548,0.8370910217926456,0.6030087162998068,-2.8678671907057325,WG-U0009-18,18,70,WG
-1.3181715421043165,-0.20047093941240976,-0.15126137176193932,0.5479477676402915,0.9561034377019144,0.949813652365216,-0.04920956765047044,WG-U0010-12,12,2,WG
-1.3181715421043165,-0.20047093941240976,-0.15126137176193932,0.5479477676402915,0.9561034377019144,0.949813652365216,-0.04920956765047044,WG-U0010-15,15,7,WG
-1.3181715421043165,-0.20047093941240976,-0.15126137176193932,0.5479477676402915,0.9561034377019144,0.949813652365216,-0.04920956765047044,WG-U0010-19,19,14,WG
-1.3181715421043165,-0.20047093941240976,-0.15126137176193932,0.5479477676402915,0.9561034377019144,0.949813652365216,-0.04920956765047044,WG-U0011-12,12,1,WG
-0.4929726312951705,-0.661562089138384,0.18985310441669712,0.24400564510374187,0.8414116492086097,0.757966525914986,-0.8514151935550811,WG-U0011-15,15,8,WG
-0.40731804089172574,-0.28424186352341774,0.045582616753982966,0.2106516965273298,0.7798621556529224,0.7227822586164363,-0.3298244802774007,WG-U0011-18,18,23,WG
-1.3181715421043165,-0.20047093941240976,-0.15126137176193932,0.5479477676402915,0.9561034377019144,0.949813652365216,-0.04920956765047044,WG-U0013-15,15,1,WG
-0.8707145528876229,0.497361150658274,-0.3089546603071504,0.3271520807662359,0.8797110419776422,0.898848820638676,0.8063158109654245,WG-U0013-18,18,9,WG
-1.3181715421043165,-0.20047093941240976,-0.15126137176193932,0.5479477676402915,0.9561034377019144,0.949813652365216,-0.04920956765047044,WG-U0014-15,15,2,WG
-0.7771868011449572,0.27945171324345663,-0.3716934489466349,0.30934195305674916,0.8718819110240247,0.8840773232001985,0.6511451621900916,WG-U0014-18,18,5,WG
-1.3181715421043165,-0.20047093941240976,-0.15126137176193932,0.5479477676402915,0.9561034377019144,0.949813652365216,-0.04920956765047044,WG-U0015-12,12,3,WG
-1.3181715421043165,-0.20047093941240976,-0.15126137176193932,0.5479477676402915,0.9561034377019144,0.949813652365216,-0.04920956765047044,WG-U0015-15,15,6,WG
-0.846416811720142,0.40762690652180406,-0.32497495117931513,0.324431283447773,0.879602223828054,0.8953364210324515,0.7326018577011192,WG-U0015-18,18,14,WG
-1.3181715421043165,-0.20047093941240976,-0.15126137176193932,0.5479477676402915,0.9561034377019144,0.949813652365216,-0.04920956765047044,WG-U0016-15,15,3,WG
-0.34550335762777185,-0.5474827218345042,-0.7971451372758626,0.22557407973757715,0.82106760794686,0.8013364095561218,0.24966241544135837,WG-U0016-18,18,10,WG
-0.7513894284075957,0.18321316899019843,-0.39127544535101455,0.30622629924147543,0.8713237043006761,0.8799031213281707,0.574488614341213,WG-U0017-17,17,4,WG
-1.3181715421043165,-0.20047093941240976,-0.15126137176193932,0.5479477676402915,0.9561034377019144,0.949813652365216,-0.04920956765047044,WG-U0018-12,12,4,WG
-0.7557625366204365,-0.531830326860836,0.8579965076451455,0.30119078143466277,0.8932149453500405,0.8108459577029484,-1.3898268345059814,WG-U0018-15,15,15,WG
0.363712040680568,-1.6408750739096105,-0.2652900038244881,0.11508995328863672,0.5382676913874619,0.4095186662709472,-1.3755850700851224,WG-U0018-18,18,49,WG
-0.6927998863978895,-0.6108256897543684,0.31140492608186143,0.30284718570362007,0.8898805036767727,0.8249338925581078,-0.9222306158362298,WG-U0019-15,15,2,WG
-0.6927998863978895,-0.6108256897543684,0.31140492608186143,0.30284718570362007,0.8898805036767727,0.8249338925581078,-0.9222306158362298,WG-U0019-17,17,10,WG
-1.3181715421043165,-0.20047093941240976,-0.15126137176193932,0.5479477676402915,0.9561034377019144,0.949813652365216,-0.04920956765047044,WG-U0020-12,12,1,WG
-0.7319682989983185,0.7868837372556132,-0.3965322143254799,0.2730684751619943,0.8277581464420934,0.8726786294533652,1.1834159515810931,WG-U0020-14,14,8,WG
-0.615957922199767,0.8510202668116756,-0.4920662838539698,0.24390017609111178,0.7794575927206459,0.8467281022603496,1.3430865506656455,WG-U0020-18,18,19,WG
-1.3181715421043165,-0.20047093941240976,-0.15126137176193932,0.5479477676402915,0.9561034377019144,0.949813652365216,-0.04920956765047044,WG-U0021-15,15,1,WG
-1.3181715421043165,-0.20047093941240976,-0.15126137176193932,0.5479477676402915,0.9561034377019144,0.949813652365216,-0.04920956765047044,WG-U0021-18,18,2,WG
-0.7513894284075957,0.18321316899019843,-0.39127544535101455,0.30622629924147543,0.8713237043006761,0.8799031213281707,0.574488614341213,WG-U0023-18,18,2,WG
-1.3181715421043165,-0.20047093941240976,-0.15126137176193932,0.5479477676402915,0.9561034377019144,0.949813652365216,-0.04920956765047044,WG-U0025-14,14,2,WG
-0.8371812406678946,0.7380472810466979,-0.3247873158371748,0.30319665567090043,0.858677617844828,0.8922371939298677,1.0628345968838726,WG-U0025-18,18,10,WG
-0.854618187604265,-0.4438676896494733,0.5556286004605324,0.34164215859855857,0.9100277093426108,0.8534190733547339,-0.9994962901100057,WG-U0026-14,14,4,WG
-0.854618187604265,-0.4438676896494733,0.5556286004605324,0.34164215859855857,0.9100277093426108,0.8534190733547339,-0.9994962901100057,WG-U0026-17,17,14,WG
-1.3181715421043165,-0.20047093941240976,-0.15126137176193932,0.5479477676402915,0.9561034377019144,0.949813652365216,-0.04920956765047044,WG-U0027-12,12,1,WG
-1.3181715421043165,-0.20047093941240976,-0.15126137176193932,0.5479477676402915,0.9561034377019144,0.949813652365216,-0.04920956765047044,WG-U0027-14,14,1,WG
-0.07324190955175118,0.32795083601024494,0.7593264539842581,0.15516337804062907,0.5605698487864288,0.5088136784809213,-0.4313756179740132,WG-U0027-17,17,54,WG
-1.3181715421043165,-0.20047093941240976,-0.15126137176193932,0.5479477676402915,0.9561034377019144,0.949813652365216,-0.04920956765047044,WG-U0029-12,12,1,WG
-0.6964570620964489,-0.14428706248500162,-0.4373390048513719,0.3048907833402452,0.876398146655784,0.8715951628816734,0.2930519423663703,WG-U0029-15,15,7,WG
-0.037214637209480615,0.6534776472770557,0.38099098673455173,0.11644493538444352,0.4311027249386214,0.44787448256668594,0.272486660542504,WG-U0029-18,18,44,WG
-0.04453032132617033,-0.5595428397043993,-0.11153350913469215,0.1352376418486809,0.5757421772121473,0.5324519476863591,-0.44800933056970715,WG-U0030-14,14,35,WG
0.39290650374028,-0.9824996676480459,0.07221285259967117,0.05287257830319425,0.2980303629918314,0.241633215299322,-1.054712520247717,WG-U0030-17,17,93,WG
-1.3181715421043165,-0.20047093941240976,-0.15126137176193932,0.5479477676402915,0.9561034377019144,0.949813652365216,-0.04920956765047044,WG-U0031-14,14,2,WG
-1.3181715421043165,-0.20047093941240976,-0.15126137176193932,0.5479477676402915,0.9561034377019144,0.949813652365216,-0.04920956765047044,WG-U0031-17,17,12,WG
-1.3181715421043165,-0.20047093941240976,-0.15126137176193932,0.5479477676402915,0.9561034377019144,0.949813652365216,-0.04920956765047044,WG-U0032-12,12,1,WG
-1.3181715421043165,-0.20047093941240976,-0.15126137176193932,0.5479477676402915,0.9561034377019144,0.949813652365216,-0.04920956765047044,WG-U0032-14,14,9,WG
-1.3181715421043165,-0.20047093941240976,-0.15126137176193932,0.5479477676402915,0.9561034377019144,0.949813652365216,-0.04920956765047044,WG-U0032-18,18,11,WG
-1.3181715421043165,-0.20047093941240976,-0.15126137176193932,0.5479477676402915,0.9561034377019144,0.949813652365216,-0.04920956765047044,WG-U0033-14,14,2,WG
-0.3199358548373109,-0.46482443671157503,0.30883095065645144,0.20584917442585926,0.7868458820860318,0.6780095813114868,-0.7736553873680265,WG-U0033-17,17,14,WG
-0.7954184795562326,-0.3439570048280204,-0.371445377375993,0.350172768996769,0.9056111565447941,0.8911891622067144,0.027488372547972595,WG-U0034-12,12,3,WG
-0.4247240798699867,-0.861739397461784,0.9050981993703388,0.21913661513813468,0.8278152683642059,0.6757384815431909,-1.7668375968321226,WG-U0034-15,15,10,WG
-0.3541536903257756,-0.08813976863823395,1.2766057137972155,0.18214381860007028,0.7181626385474144,0.5820772350801,-1.3647454824354495,WG-U0034-18,18,37,WG
-0.7771868011449572,0.27945171324345663,-0.3716934489466349,0.30934195305674916,0.8718819110240247,0.8840773232001985,0.6511451621900916,WG-U0036-14,14,10,WG
-0.5406390704179007,0.016243495671071077,-0.5705764026881668,0.24907118838213335,0.8170519178787764,0.8350460346094813,0.5868198983592379,WG-U0036-17,17,21,WG
-1.3181715421043165,-0.20047093941240976,-0.15126137176193932,0.5479477676402915,0.9561034377019144,0.949813652365216,-0.04920956765047044,WG-U0037-12,12,2,WG
-0.6803449831805193,0.35509781859959894,0.5484149430497409,0.258346501492001,0.8210472712478599,0.7822475364705042,-0.19331712445014199,WG-U0037-15,15,6,WG
-0.25308410432299355,0.777380702432679,0.17050811182192227,0.1965607375140374,0.6861690835763941,0.6627427693804229,0.6068725906107567,WG-U0037-18,18,33,WG
-1.3181715421043165,-0.20047093941240976,-0.15126137176193932,0.5479477676402915,0.9561034377019144,0.949813652365216,-0.04920956765047044,WG-U0038-18,18,7,WG
-0.6244291979145897,-0.6936068545744756,0.3439409329197126,0.2826880606784254,0.8781915552826616,0.8010020302066908,-1.037547787494188,WG-U0039-14,14,1,WG
-0.4616471697289351,-0.30304862919522907,0.5593966206146403,0.2159717447579629,0.7870260780143529,0.6951655959374173,-0.8624452498098694,WG-U0039-18,18,9,WG
-0.8700632620672083,0.42112829637160537,-0.3107846920443139,0.33148484586339916,0.8835386892278935,0.8990879051821052,0.7319129884159192,WG-U0040-12,12,4,WG
-0.5203006497618015,0.3182194589171678,-0.5874708723627288,0.232301954458274,0.7786089924733316,0.8263934145966813,0.9056903312798965,WG-U0040-16,16,9,WG
-0.3217088220624468,-0.3159791235705286,-0.19364435054897405,0.20796711029374595,0.7814047949954608,0.7244764284609964,-0.12233477302155454,WG-U0040-18,18,29,WG
-1.3181715421043165,-0.20047093941240976,-0.15126137176193932,0.5479477676402915,0.9561034377019144,0.949813652365216,-0.04920956765047044,WG-U0041-17,17,5,WG
-1.3181715421043165,-0.20047093941240976,-0.15126137176193932,0.5479477676402915,0.9561034377019144,0.949813652365216,-0.04920956765047044,WG-U0042-12,12,3,WG
-1.3181715421043165,-0.20047093941240976,-0.15126137176193932,0.5479477676402915,0.9561034377019144,0.949813652365216,-0.04920956765047044,WG-U0043-14,14,5,WG
-1.3181715421043165,-0.20047093941240976,-0.15126137176193932,0.5479477676402915,0.9561034377019144,0.949813652365216,-0.04920956765047044,WG-U0043-17,17,11,WG
-1.3181715421043165,-0.20047093941240976,-0.15126137176193932,0.5479477676402915,0.9561034377019144,0.949813652365216,-0.04920956765047044,WG-U0044-12,12,7,WG
0.8003922055125601,-1.7154762306607745,-0.02889171673998748,0.012540047538735945,0.19192899047662368,0.11159476520939329,-1.686584513920787,WG-U0044-15,15,151,WG
1.1996783147340493,-0.43104165973891717,0.2501025532286287,0.011369783965198308,0.13916201016483803,0.23466603077796677,-0.6811442129675458,WG-U0044-18,18,356,WG
-0.4882389029934837,0.8861059383267482,0.08368908658860953,0.19625877042322443,0.6685647036414222,0.7258141772878781,0.8024168517381387,WG-U0045-15,15,16,WG
-0.39934189876503445,2.36078800727859,0.9052116416507161,0.06278179193507662,0.23073961472964713,0.453746282753943,1.455576365627874,WG-U0045-17,17,55,WG
-1.3181715421043165,-0.20047093941240976,-0.15126137176193932,0.5479477676402915,0.9561034377019144,0.949813652365216,-0.04920956765047044,WG-U0046-12,12,4,WG
-0.44588925077458946,-0.15100117164228363,-0.6713334451527316,0.22779634706084417,0.7975717514700967,0.8145553105813393,0.520332273510448,WG-U0046-15,15,9,WG
-0.008215055987247031,-0.4035792718575262,0.3066419489848476,0.087112804179806,0.44367683728832724,0.3996138963292759,-0.7102212208423737,WG-U0046-18,18,40,WG
-1.3181715421043165,-0.20047093941240976,-0.15126137176193932,0.5479477676402915,0.9561034377019144,0.949813652365216,-0.04920956765047044,WG-U0047-12,12,1,WG
-1.3181715421043165,-0.20047093941240976,-0.15126137176193932,0.5479477676402915,0.9561034377019144,0.949813652365216,-0.04920956765047044,WG-U0047-15,15,1,WG
-1.3181715421043165,-0.20047093941240976,-0.15126137176193932,0.5479477676402915,0.9561034377019144,0.949813652365216,-0.04920956765047044,WG-U0047-18,18,2,WG
-1.3181715421043165,-0.20047093941240976,-0.15126137176193932,0.5479477676402915,0.9561034377019144,0.949813652365216,-0.04920956765047044,WG-U0048-12,12,1,WG
-1.3181715421043165,-0.20047093941240976,-0.15126137176193932,0.5479477676402915,0.9561034377019144,0.949813652365216,-0.04920956765047044,WG-U0051-12,12,2,WG
-1.3181715421043165,-0.20047093941240976,-0.15126137176193932,0.5479477676402915,0.9561034377019144,0.949813652365216,-0.04920956765047044,WG-U0052-12,12,3,WG
-1.3181715421043165,-0.20047093941240976,-0.15126137176193932,0.5479477676402915,0.9561034377019144,0.949813652365216,-0.04920956765047044,WG-U0053-12,12,5,WG
-1.3181715421043165,-0.20047093941240976,-0.15126137176193932,0.5479477676402915,0.9561034377019144,0.949813652365216,-0.04920956765047044,WG-U0054-12,12,2,WG
-1.3181715421043165,-0.20047093941240976,-0.15126137176193932,0.5479477676402915,0.9561034377019144,0.949813652365216,-0.04920956765047044,WG-U0054-14,14,2,WG
-0.27738776215990324,-0.4182613343823775,-0.30054853747397886,0.211922804982891,0.793626948201097,0.7266967455486176,-0.11771279690839864,WG-U0054-18,18,14,WG
-0.9081856925656747,-0.42984220653062266,-0.3076310518494795,0.3982393518186052,0.9252278235422413,0.9088428329511649,-0.12221115468114319,WG-U0055-18,18,11,WG
-0.48259191434309284,0.9353219892878478,-0.6204616719705439,0.19927104457634276,0.6731256818261626,0.8083259607579115,1.5557836612583917,WG-U0056-15,15,6,WG
-0.4248840898200423,2.4998492699827213,-0.6693212217253438,0.10166660556561102,0.32482778161059167,0.7690176013911533,3.169170491708065,WG-U0056-17,17,47,WG
-1.3181715421043165,-0.20047093941240976,-0.15126137176193932,0.5479477676402915,0.9561034377019144,0.949813652365216,-0.04920956765047044,WG-U0057-12,12,1,WG
-1.3181715421043165,-0.20047093941240976,-0.15126137176193932,0.5479477676402915,0.9561034377019144,0.949813652365216,-0.04920956765047044,WG-U0057-15,15,1,WG
-0.2291257447651344,-1.0591106376717945,0.7695601542620101,0.21315695597694548,0.8221179487643533,0.6551896470663119,-1.8286707919338046,WG-U0057-18,18,11,WG
-1.3181715421043165,-0.20047093941240976,-0.15126137176193932,0.5479477676402915,0.9561034377019144,0.949813652365216,-0.04920956765047044,WG-U0058-12,12,3,WG
0.10223507525513754,-0.7919587365755906,-0.22115507231138928,0.1755337531601556,0.7493694381946288,0.5911778494908485,-0.5708036642642013,WG-U0058-15,15,53,WG
1.735830381272351,-1.9104552950018043,-2.873078795585489,0.18942699806042948,0.6419262143795118,0.6260797961518776,0.9626235005836847,WG-U0058-18,18,333,WG
-1.3181715421043165,-0.20047093941240976,-0.15126137176193932,0.5479477676402915,0.9561034377019144,0.949813652365216,-0.04920956765047044,WG-U0059-15,15,8,WG
0.3999985040589086,0.5624863483275335,0.4237052065093701,0.0017184537730482886,0.1966565225902601,0.12535275993671596,0.13878114181816342,WG-U0059-18,18,156,WG
-1.3181715421043165,-0.20047093941240976,-0.15126137176193932,0.5479477676402915,0.9561034377019144,0.949813652365216,-0.04920956765047044,WG-U0061-16,16,13,WG
-0.42747847219215285,1.1043312875084588,-0.6780755851559446,0.16841159335316738,0.5850035952988913,0.7891741321351633,1.7824068726644033,WG-U0061-18,18,30,WG
-1.3181715421043165,-0.20047093941240976,-0.15126137176193932,0.5479477676402915,0.9561034377019144,0.949813652365216,-0.04920956765047044,WG-U0062-12,12,2,WG
-1.3181715421043165,-0.20047093941240976,-0.15126137176193932,0.5479477676402915,0.9561034377019144,0.949813652365216,-0.04920956765047044,WG-U0062-15,15,3,WG
0.0022037715329749773,0.515219489857509,-0.01908405589044239,0.04205664162070036,0.25974424259438694,0.3931694443975647,0.5343035457479514,WG-U0062-18,18,46,WG
-1.3181715421043165,-0.20047093941240976,-0.15126137176193932,0.5479477676402915,0.9561034377019144,0.949813652365216,-0.04920956765047044,WG-U0063-12,12,5,WG
-1.3181715421043165,-0.20047093941240976,-0.15126137176193932,0.5479477676402915,0.9561034377019144,0.949813652365216,-0.04920956765047044,WG-U0063-15,15,4,WG
-0.6628217052531459,-0.6371049734934323,0.902700661927246,0.27714697785559034,0.8777835971968336,0.7790700978996297,-1.5398056354206782,WG-U0063-18,18,11,WG
-0.6383261352660992,2.0999813455377097,-0.4631308339373855,0.21763232105844474,0.6710661734417526,0.8467332799553509,2.563112179475095,WG-U0064-15,15,23,WG
-0.44292838966902637,2.412485222551008,-0.6514677539404558,0.12770082650028677,0.41491472047118927,0.777959958907967,3.0639529764914637,WG-U0064-18,18,46,WG
-0.7771868011449572,0.27945171324345663,-0.3716934489466349,0.30934195305674916,0.8718819110240247,0.8840773232001985,0.6511451621900916,WG-U0065-15,15,2,WG
-0.7771868011449572,0.27945171324345663,-0.3716934489466349,0.30934195305674916,0.8718819110240247,0.8840773232001985,0.6511451621900916,WG-U0065-17,17,4,WG
-1.3181715421043165,-0.20047093941240976,-0.15126137176193932,0.5479477676402915,0.9561034377019144,0.949813652365216,-0.04920956765047044,WG-U0066-13,13,1,WG
1.20002111448898,-0.002624989853286017,0.6944818701638604,0.0029223738237193105,0.06045972826388863,0.18226971754808446,-0.6971068600171464,WS-B0025-29,29,505,WS
0.84777235575797,-0.6058467632162136,-0.997610984742674,0.12971794143042656,0.5195233251610872,0.441463162113381,0.3917642215264604,WS-B0026-29,29,211,WS
0.7998628229188581,0.27273963828952313,8.666487320675619e-4,0.007406215824116613,0.18822903123616655,0.030801444849974748,0.2718729895574556,WS-B0027-30,30,319,WS
0.8031636625759255,0.06200751696918049,0.6082592232199727,0.03543241838992964,0.19380196137967354,0.23460897754833862,-0.5462517062507922,WS-B0028-30,30,350,WS
0.8000329582718265,-1.7838377719610559,-0.7551670001590514,0.0039370742193503136,0.20160035067942939,0.1288367525555606,-1.0286707718020045,WS-B0030-28,28,133,WS
-0.4005824057149938,2.050923649771007,0.5342632447880951,0.0759712532825997,0.27511391104248234,0.499706492952828,1.5166604049829118,WS-B0031-29,29,46,WS
1.1995070633991338,1.083394315924846,0.01622736873883204,0.014089252224453229,0.21253831013320765,0.09185917850670461,1.067166947186014,WS-B0032-25,25,524,WS
1.2000847632105767,-0.19924292593648105,0.1621814505988325,0.0058229827846807795,0.20109499664054425,0.19746142687820228,-0.36142437653531356,WS-B0033-26,26,486,WS
1.1999920086687568,-1.203191440021258,-1.1893797163295898,0.0017878958656577105,0.03724504275825998,0.06460011944639373,-0.013811723691668165,WS-B0034-26,26,327,WS
1.1979522640305527,-0.7998919841073485,-0.7887849188068695,0.0285464737830884,0.12140666849479392,0.10938844729088186,-0.011107065300479002,WS-B0035-26,26,387,WS
0.4423786016792332,0.6806393934890057,0.29526130682077373,0.12310765529517795,0.41297768008717645,0.38938157223818587,0.385378086668232,WS-H0001-24,24,205,WS
0.7993972976261696,0.8066163920505958,-0.7692853503914946,0.015515082951863698,0.07684027455989159,0.11803437550840205,1.5759017424420905,WS-H0002-24,24,321,WS
0.43260368271748273,-0.9182190020095651,-1.1540973843010942,0.10944849221426753,0.4785865365280681,0.4451645998217177,0.23587838229152913,WS-H0003-22,22,99,WS
-0.00688837549841888,-0.31318078348873446,0.342653301538334,0.07734434720332947,0.3992681791957728,0.3564123738173007,-0.6558340850270685,WS-H0004-20,20,53,WS
0.833858823477357,-0.4249598556389529,-0.09370184502299303,0.11134230760943548,0.4086289576456111,0.34119835954296257,-0.33125801061595983,WS-H0005-34,34,278,WS
1.202561319821894,-0.43594474937865163,0.6007231509264697,0.03190560460506404,0.15946526440776404,0.22901433817936048,-1.0366679003051213,WS-H0006-34,34,464,WS
-0.0019784624159986317,0.3141205422304167,0.3886819390144949,0.04395897764039855,0.253209895687021,0.30533514980529025,-0.0745613967840782,WS-H0007-20,20,56,WS
1.2387590329220903,-1.4137078186366279,-1.7121081356781584,0.11832730258008813,0.4773623140031547,0.3607288377234301,0.2984003170415306,WS-H0008-32,32,334,WS
1.1999745350578577,-1.579778507906613,-0.799519295444057,0.003191449625619114,0.0883900486212236,0.01834721128821049,-0.7802592124625559,WS-H0009-30,30,327,WS
-0.8524087871319636,-0.4708684083729521,0.6515133003033923,0.32973420168397793,0.9050032874758307,0.8309071410778066,-1.1223817086763443,WS-H0010-31,31,9,WS
1.2000052579676084,-1.2197936161382796,-0.7988955374504614,0.0014502544220134615,0.08695065687164176,0.022319638328238658,-0.42089807868781826,WS-H0011-29,29,343,WS
0.7999889489478225,0.07851264859383933,0.16176041079448392,0.0021026667476330575,0.15904748804042654,0.19644263062547812,-0.08324776220064459,WS-H0012-28,28,316,WS
0.22868883571192755,-1.1096955093095877,-0.5442324945371342,0.1980106486820278,0.8108759631931115,0.6225318397565499,-0.5654630147724535,WS-H0013-19,19,74,WS
-0.44656280912404883,-0.874341104678799,0.33522240799919556,0.2309121173602507,0.8352755104028139,0.709055871179704,-1.2095635126779944,WS-H0014-23,23,26,WS
1.1405897228756225,-2.9655767633210552,-2.6660796032460157,0.14224815124635157,0.5860993628749512,0.4842725706712291,-0.29949716007503957,WS-H0015-27,27,116,WS
1.5970929061183694,-3.174147847651852,-2.392318157666058,0.03397626172828379,0.15396279262056956,0.10479049906039606,-0.7818296899857939,WS-H0016-28,28,308,WS
0.7999991976906984,-0.8034382699558218,-0.0018280316447332895,5.769082964112244e-4,0.03998536230394727,0.028877370652920842,-0.8016102383110885,WS-H0017-26,26,229,WS
0.799999817174768,-0.8332794506482959,-0.4040415744484507,5.068397557013169e-4,0.11058838682545039,0.04443864455352959,-0.4292378761998452,WS-H0018-21,21,208,WS
1.991661347520772,-1.9155417836517596,-1.5898814965600852,0.057152200454497426,0.2646878854543238,0.25632615820327986,-0.3256602870916745,WS-H0019-24,24,627,WS
0.7999988033027414,-0.8010070357931822,0.3087015411363321,7.110146259859919e-4,0.030507572328092567,0.16790048411984532,-1.1097085769295143,WS-H0020-24,24,275,WS
0.4020154957644143,-2.7607383013850497,5.4293270729059655,0.03024272520747918,0.45437001810850464,0.3819885640116391,-8.190065374291015,WS-H0021-34,34,289,WS
1.1666260298708295,-3.168605677422194,-2.30703107199091,0.11061547601023615,0.4967569595517682,0.3639135961068006,-0.8615746054312838,WS-H0022-30,30,150,WS
0.7999998169780953,0.8178852501108216,-0.40283865718571416,4.0785433597952456e-4,0.08312948228504433,0.04021592679601208,1.2207239072965357,WS-H0023-30,30,303,WS
1.1999992734478038,-0.6075286965986623,0.11930051588833872,6.163800147358602e-4,0.19987704009596058,0.18303929492832072,-0.7268292124870009,WS-H0024-26,26,448,WS
0.7933581119078269,1.1090145658939143,-0.3845971868241728,0.051113996113267106,0.2822126053967112,0.16105389828406902,1.4936117527180872,WS-H0025-36,36,337,WS
-0.05362505044260867,-0.44396229584721186,0.3562551118787463,0.14046503706054117,0.5703312246649345,0.47981121542355326,-0.8002174077259582,WS-H0026-18,18,51,WS
1.5955044733525143,-2.778694621590176,-1.7053428953405396,0.04216634807962397,0.1724154559013843,0.2293236391444573,-1.0733517262496364,WS-H0027-34,34,386,WS
0.5098674985897858,-0.038096405644854975,-0.015362393209366682,0.17853888146126545,0.7067906076157208,0.5790552776559162,-0.022734012435488293,WS-H0028-27,27,156,WS
1.9921937840846877,-1.055854074169111,0.7696227883074748,0.05721195454981534,0.3345755084577041,0.6943788716872716,-1.8254768624765858,WS-H0029-34,34,664,WS
-0.4857390337626914,-0.31222776100440924,-0.6799018873238025,0.24143305066946757,0.8193287738016339,0.8151523371481725,0.3676741263193933,WS-H0030-22,22,20,WS
1.2000008048875688,-1.2002148747246408,-0.2854283726466038,5.719846103350533e-4,0.020486787962488824,0.18084967485683562,-0.914786502078037,WS-H0031-26,26,392,WS
0.28103138011367523,-0.614339361612127,-0.36402900880337613,0.1828522280409853,0.6997597028930076,0.5763864439316541,-0.25031035280875086,WS-H0032-20,20,65,WS
0.6652505755878528,-0.9800172013951174,-1.6786082425320026,0.18905650652302386,0.7240948074021798,0.6147970960955207,0.6985910411368852,WS-H0033-23,23,119,WS
0.7999734939291698,-0.7951280200640062,0.004359371932730499,0.003256079370374016,0.047134114994870316,0.04297494934342829,-0.7994873919967367,WS-H0034-22,22,234,WS
0.7826065101920784,-1.4253312764766581,-1.3204867127204725,0.0815773521490552,0.35324534198347124,0.3227950644651182,-0.10484456375618567,WS-H0035-22,22,136,WS
0.4031187608362304,-0.053109898593317315,0.22834371596213776,0.03518228507013757,0.1844820781367155,0.22675702060898434,-0.2814536145554551,WS-H0036-23,23,149,WS
0.799970737995959,-0.4244818379851919,-0.9349228517819197,0.003421341931159287,0.09674292566883522,0.19017835751408155,0.5104410137967278,WS-H0037-19,19,205,WS
0.7997337308533949,-1.3579937364808687,-0.7924862223867702,0.010317854497904103,0.19918149087341155,0.07948107235436777,-0.5655075140940985,WS-H0038-18,18,163,WS
-0.23143945868134705,0.11541570287983824,-0.18383744043317105,0.20411030300601396,0.7401895638790096,0.6777389778498265,0.2992531433130093,WS-H0039-23,23,32,WS
-1.3428089969049284,-0.20453132058534654,-0.16485045346957256,0.5467798481933488,0.9555033943686448,0.9460688973676561,-0.03968086711577398,WS-H0040-19,19,11,WS
-0.543059556769317,0.2376407822455139,-0.6140440674635713,0.23880007671880749,0.7909343592031274,0.8222253140209355,0.8516848497090852,WS-H0041-17,17,14,WS
-0.06049312116667306,-0.2362349423976528,-0.80385470870737,0.14727612327617998,0.5725553401196877,0.6206120236767286,0.5676197663097171,WS-H0042-18,18,24,WS
0.8000097451249485,-1.1789216154605127,-0.8729076197976569,0.0020049532907257875,0.09134649143623595,0.15553202549520664,-0.3060139956628558,WS-H0043-21,21,169,WS
0.10709691095786318,-0.11672494355697897,-1.5749441840322556,0.17726346940619997,0.6957226780637706,0.7057175274558846,1.4582192404752765,WS-H0044-18,18,39,WS
0.05617281151527134,0.36756520479950033,0.03307487940902399,0.13904093979432094,0.5419033077862212,0.4902387456232546,0.33449032539047635,WS-H0045-22,22,65,WS
0.7999879648921955,-0.39930248659489304,-1.0125003848476364,0.002194287143210969,0.024446093310051493,0.20138475101151962,0.6131978982527433,WS-H0046-22,22,203,WS
0.400001081340042,0.7954494460490152,0.2572298898047963,7.117375261486642e-4,0.043709069634358215,0.19293809845485188,0.5382195562442189,WS-H0047-23,23,169,WS
0.7999923070330034,-0.7807788410163182,-0.8134236667232174,0.001756490815806406,0.08600619360808336,0.08318350292276706,0.032644825706899194,WS-H0048-23,23,217,WS
0.07017930523627809,-0.9717599163548694,-0.510217883544304,0.15611417854939416,0.6985965075239865,0.5663022993650972,-0.4615420328105654,WS-H0049-24,24,33,WS
1.199711494020437,-2.874781842776807,-2.6016576954469492,0.010753932311867855,0.1636147793527982,0.20982659428214584,-0.2731241473298578,WS-H0050-19,19,124,WS
0.7835933700437664,-1.4944820567434807,-1.5068771537238133,0.0793314440282467,0.3333749994970669,0.3137122546589683,0.012395096980332587,WS-H0051-19,19,131,WS
0.029106891602412897,-0.3261272453288463,-0.3393801751200495,0.10888233365145426,0.5001367700980053,0.48320416075383577,0.013252929791203183,WS-H0052-22,22,50,WS
-0.1382451075926705,0.6854585565772444,-0.3370543628808006,0.19061561435827457,0.6485350087168718,0.6448403642456613,1.0225129194580451,WS-H0053-20,20,45,WS
0.8080665937951199,0.34835319151113225,-0.32206920533716055,0.056227818589245804,0.23823822928750077,0.25204872550720225,0.6704223968482927,WS-H0054-27,27,305,WS
1.1987155026543512,-0.6930465393808447,-1.9748057120981553,0.022630709929103553,0.19441698172725516,0.11894242739118233,1.2817591727173105,WS-H0055-25,25,288,WS
1.18657829071923,0.06474390027946234,-0.780102345187922,0.07203153097614563,0.3036322687801913,0.23678015858836654,0.8448462454673843,WS-H0056-28,28,429,WS
1.1999063597271213,-0.804773214838031,-0.004163536844100986,0.0061194239256848375,0.0514964674006637,0.048189429898292384,-0.80060967799393,WS-H0057-25,25,412,WS
1.2000002272937687,-1.6107288543054246,-1.5443907991055656,3.563253924269628e-4,0.06480145663683003,0.13842875150854056,-0.06633805519985891,WS-H0058-24,24,267,WS
-1.3428089969049284,-0.20453132058534654,-0.16485045346957256,0.5467798481933488,0.9555033943686448,0.9460688973676561,-0.03968086711577398,WS-H0059-25,25,5,WS
1.2001931647889839,0.7447031506186453,-1.436193300392513,0.008930973719369417,0.16461103843130678,0.19910664505596049,2.1808964510111584,WS-H0060-27,27,421,WS
0.4000042236021073,0.40020119306131113,0.6776964146458352,0.0013180400233335436,0.035062350241741334,0.18443187653493842,-0.27749522158452405,WS-H0061-24,24,160,WS
0.39763507466514353,-1.7032327295679417,-1.1210565828842636,0.03908153282056957,0.32496001047178824,0.3483919196471398,-0.5821761466836781,WS-H0062-29,29,53,WS
0.7914540901918306,-0.8119747390423865,-1.1818703490976181,0.05783883995798986,0.2246429573707329,0.21896503624241967,0.36989561005523164,WS-H0063-26,26,176,WS
0.38475034166414873,-0.3274188247476015,-0.4562049246187125,0.0765986353247024,0.3046679846746779,0.31601785395698473,0.128786099871111,WS-H0064-26,26,114,WS
0.4000700276044843,0.4940631322998506,-0.227852662952822,0.0052953438212963245,0.17070797521685066,0.2171108361191165,0.7219157952526726,WS-H0065-28,28,151,WS
1.213507533342533,-0.1406463020260197,-1.6414653799539622,0.07225344208444966,0.31921169224602325,0.2236315962602249,1.5008190779279427,WS-H0066-25,25,376,WS
0.8000001867421127,-0.009269593180204285,-0.9463561970606551,3.337619019995119e-4,0.06035366643017123,0.19346349185655118,0.9370866038804508,WS-H0067-24,24,259,WS
-0.03513181367496744,-0.6677843526199948,-0.5152687875298295,0.12784118766669814,0.5599948086338885,0.5492334927406342,-0.15251556509016528,WS-H0068-25,25,36,WS
1.1999901336871643,0.20924420842594602,1.2318617348085805,0.002580593527605976,0.20055889628159138,0.20822812676107086,-1.0226175263826345,WS-H0069-35,35,541,WS
2.1065143135151914,0.7832694017232938,-0.5765342386168751,0.17850427670510635,0.79914717466817,0.6506996708108422,1.359803640340169,WS-H0070-34,34,664,WS
1.2003374517670737,-0.14201364957677265,0.4495110792297708,0.011613296314951674,0.19577524954092615,0.13915582961778442,-0.5915247288065435,WS-H0071-33,33,511,WS
0.7999973136606793,0.28661631928884584,1.2172250034035508,0.001037290422991602,0.18031496726200283,0.08148585266147435,-0.930608684114705,WS-H0072-32,32,401,WS
0.39900194969256875,-0.5089891951466262,0.1340405709191973,0.019988780957646154,0.194969230442012,0.2025212465730599,-0.6430297660658235,WS-H0073-35,35,94,WS
0.801093674420249,0.3920569944533285,0.807681984100168,0.020887164602622982,0.09187528114882709,0.09103856076398595,-0.4156249896468395,WS-H0074-34,34,361,WS
0.8008292664603506,0.3997231859580618,-0.0026130458625932378,0.01819392487245351,0.07948357597745948,0.05872575895695501,0.40233623182065503,WS-H0075-31,31,298,WS
1.5950206658564188,-2.3715908929721627,-2.384351485047193,0.044350196047371136,0.1856605993654237,0.13866865096660094,0.012760592075030441,WS-H0076-30,30,355,WS
1.5999929964001927,-1.5245912432501585,-0.3968897086800432,0.0019010390087499844,0.156724609717088,0.15778627376662055,-1.1277015345701153,WS-H0077-33,33,527,WS
1.1997355817575233,-1.3912429041455776,-0.003965371378270318,0.01028092378093226,0.20303870528738166,0.0555269893411617,-1.3872775327673073,WS-H0078-29,29,388,WS
1.2000039663650268,-0.3963443479461261,0.9290618095857066,0.001270853065700335,0.04343952127729725,0.1946275489506337,-1.3254061575318328,WS-H0079-34,34,498,WS
2.5912637435123513,0.3012423402922796,0.3835987639420446,0.2438664107642259,0.8794562395981397,0.902840243354924,-0.08235642364976503,WS-H0080-35,35,707,WS
1.1991246515897838,-0.7957758224960798,-0.8374371225215879,0.018691525674723822,0.07854184055895962,0.13331283492351206,0.04166130002550805,WS-H0081-34,34,366,WS
1.5982430129005756,-2.3817275000676843,-2.0035224713958213,0.026451991245685667,0.12426682311439267,0.09920126016934566,-0.378205028671863,WS-H0082-32,32,374,WS
1.6000026120217663,-2.4261103263815813,-1.5863477938191497,0.0010249882347318179,0.09895775783849685,0.07277895068298275,-0.8397625325624316,WS-H0083-32,32,441,WS
0.8000038459128045,0.8017539386740125,0.4012210083101799,0.0012407269956828696,0.03611286303846247,0.02383351082226245,0.40053293036383253,WS-H0084-34,34,351,WS
1.5999950781474677,-1.7299782960555097,-1.2080690991138425,0.001419400128184168,0.18745175451517979,0.05895005194149358,-0.5219091969416672,WS-H0085-36,36,473,WS
0.4315589002221902,-0.4867587910474803,-0.9998142427794684,0.10783143385174812,0.4385402272107742,0.4270927830830719,0.5130554517319881,WS-K0061-24,24,93,WS
0.402017475252896,1.9927802481537105,-2.1603088882013806,0.0283358603659651,0.11961542759889601,0.5493963108467258,4.153089136355091,WS-K0062-24,24,241,WS
0.40002594702596916,0.34057288512754796,0.36538548382226366,0.003254322283475386,0.14279617089271568,0.11839505704850996,-0.024812598694715693,WS-K0063-24,24,148,WS
0.40004932768855633,0.40740885317297054,0.3620518044093839,0.004442298373576431,0.05876928040158647,0.12270060831991227,0.04535704876358665,WS-K0064-24,24,161,WS
0.3994223506842656,0.19248374241494906,-1.253692413556747,0.01519358123961225,0.20670912415072182,0.3580942984824556,1.4461761559716961,WS-K0065-24,24,98,WS
0.8000361243052699,-0.7255255001301625,0.018020072158595024,0.003801197317414109,0.15640465579120497,0.0840646120504657,-0.7435455722887575,WS-K0066-24,24,271,WS
0.39989975747371503,-0.5438530667177662,-0.5312185053005708,0.00824934746128062,0.19718845793456843,0.23598680008006276,-0.012634561417195433,WS-K0067-24,24,85,WS
1.1999996603942071,-1.9989256265094992,-1.200501972560984,3.871973335304218e-4,0.02875645893302294,0.018029265446290507,-0.7984236539485152,WS-K0068-24,24,259,WS
0.8000011003818258,-0.7981216524210046,-0.31489535420833814,6.872646362962227e-4,0.03353305287636574,0.16375958789809544,-0.4832262982126665,WS-K0069-24,24,216,WS
0.4842543611063653,-0.33659352359766825,-0.655905649485093,0.16310409969655915,0.6451316807973667,0.5330920912418876,0.31931212588742475,WS-K0070-24,24,121,WS
1.5998127544332954,-1.5991083755381772,-2.3907036472625345,0.008652361738831061,0.05461679807195555,0.06638825043377676,0.7915952717243573,WS-K0071-24,24,406,WS
0.8000175420208008,0.768786400969034,4.413276447123156e-4,0.0026489500844700037,0.10786676474672288,0.02259785121990465,0.7683450733243217,WS-K0072-24,24,342,WS
-0.40921012688190256,1.6520795337870777,1.3665273341355035,0.09971502317857385,0.3586194617035271,0.4045244506275679,0.2855521996515742,WS-K0073-24,24,53,WS
0.8000406486928145,1.6115785462931282,0.7986932483385261,0.004038355181790364,0.08957370811637422,0.027244297890216193,0.8128852979546022,WS-K0074-24,24,453,WS
0.6149496642046187,-0.8591811668491411,-0.4396960933456032,0.19944048639526454,0.7909702894064442,0.6591722446132408,-0.4194850735035379,WS-K0075-24,24,133,WS
0.8013452358572704,0.396692448482068,-0.8027113827169894,0.02315782129954566,0.09598959204935624,0.09855811033737075,1.1994038311990574,WS-K0076-24,24,264,WS
-0.1122445527217854,-0.1509257458212838,-1.1907149182784735,0.18273553854429408,0.6749330724252849,0.7233048380757039,1.0397891724571897,WS-K0077-24,24,30,WS
-1.3428089969049284,-0.20453132058534654,-0.16485045346957256,0.5467798481933488,0.9555033943686448,0.9460688973676561,-0.03968086711577398,WS-K0078-24,24,6,WS
-0.05276005736631531,-0.3482432432697239,-0.13394119001596994,0.13976357849953971,0.5600994975273283,0.5225874399114738,-0.21430205325375395,WS-K0079-24,24,39,WS
1.5999967158349064,-0.7365938854143951,-2.91733578492545,0.003677731517917284,0.15538861787477182,0.18256610884911123,2.180741899511055,WS-K0080-24,24,433,WS
0.8000014941660237,1.244033716836723,0.3990283026965442,8.594209534874224e-4,0.12593604269510036,0.021685421594495873,0.8450054141401788,WS-K0081-24,24,390,WS
0.7996572412967573,0.8073513396487412,-0.15127477808751064,0.011704107870267358,0.06952182524787925,0.19803257071219474,0.9586261177362518,WS-K0082-24,24,296,WS
0.799879183081196,-1.0998280628071484,-0.7917459608981664,0.006951199469817101,0.1750859269184933,0.07745329901404173,-0.308082101908982,WS-K0083-24,24,171,WS
0.8000364630853712,1.2858671690137975,0.772730997709609,0.003824282705006628,0.16528887036426368,0.10165861878998508,0.5131361713041885,WS-K0084-24,24,460,WS
0.7999702161829239,-1.0811866067360105,-0.0018588610545094675,0.003452099878131986,0.18325101219174111,0.03130854404845712,-1.0793277456815011,WS-K0085-24,24,222,WS
0.7999957216112238,-0.0017182073693971967,-0.4007807078502657,0.0013082784270760594,0.028561695539001973,0.03494679528735988,0.3990625004808685,WS-K0086-24,24,223,WS
0.04721501308972462,0.367588477509006,-0.7695919215073754,0.12921388230400507,0.507401889175768,0.5656146314121228,1.1371803990163813,WS-K0087-24,24,44,WS
0.7998393030510564,0.401421729729388,0.39975870540454184,0.008015794300446634,0.04031057573111571,0.03121786525137694,0.001663024324846163,WS-K0088-24,24,340,WS
0.06026934747305513,-0.03765552400663963,-0.7356189809943291,0.14356075146575045,0.5854344537489082,0.5753219268884229,0.6979634569876895,WS-K0089-24,24,41,WS
1.5999101035268573,-2.8045992129823856,-0.8127863633355781,0.005995917734885077,0.05087054363357526,0.09406559061852791,-1.9918128496468075,WS-K0090-36,36,418,WS
1.1976311870939356,-0.3761627999230735,0.4118536613098185,0.030690615814410686,0.14409877305410573,0.12497104045461811,-0.7880164612328919,WS-K0091-36,36,500,WS
1.1439832161034191,-1.7528645637495197,-1.0333686329844622,0.13881222381549238,0.5542404077459095,0.4190689935455349,-0.7194959307650575,WS-K0092-36,36,287,WS
0.8094902152493066,0.7638655717837097,0.3678839302847829,0.06087710501212455,0.24485427310315075,0.19799975271846654,0.39598164149892684,WS-K0093-36,36,318,WS
1.6060049736356274,-0.27263897771932627,1.4277155037666012,0.04871895289561209,0.2766719890322323,0.5477103974838522,-1.7003544814859275,WS-K0094-36,36,636,WS
0.8031992604001266,1.2303840712707748,0.39063017956506885,0.035629607935045784,0.1898715190085545,0.10931528842366577,0.8397538917057059,WS-K0095-36,36,375,WS
1.600215570491197,-0.8198283690055367,0.3805799462344592,0.009419564254181756,0.12518533691219516,0.3064753273301693,-1.2004083152399958,WS-K0096-36,36,580,WS
1.200023700654778,-0.3928338624688155,0.762919466519895,0.003079475824124422,0.05661727632186215,0.1431001196096535,-1.1557533289887105,WS-K0097-36,36,514,WS
0.7999999672753534,0.7939241489632793,0.002849485519355741,2.8997701538985505e-4,0.05114916149546743,0.03464418026741897,0.7910746634439236,WS-K0098-36,36,318,WS
1.2002195471933799,-0.04673036153081165,0.4401140866498641,0.009368783056801987,0.1334757512445812,0.12638462082765778,-0.4868444481806758,WS-K0099-36,36,469,WS
2.261066249978093,-2.218693110973254,-0.005160629132633226,0.19051769400658702,0.6965929232733314,0.7860635276118526,-2.213532481840621,WS-K0100-36,36,667,WS
1.199998961844607,-0.40593525796638436,-0.4052717923043699,6.472552787553284e-4,0.05115065549055916,0.04585728962914561,-6.63465662014473e-4,WS-K0101-36,36,434,WS
1.6001283707298437,-0.7700697884652232,0.44478022531374894,0.007631221738634737,0.1313966217577468,0.31787551628368915,-1.2148500137789722,WS-K0102-36,36,555,WS
1.6015695129162795,0.6406757361900198,1.4388078678306777,0.03410314876766989,0.304616172615154,0.5407252111287241,-0.7981321316406579,WS-K0103-36,36,660,WS
1.2092270788033281,-0.826082674614988,-0.360405367023575,0.06004741908495647,0.22614905214962866,0.24191853891432746,-0.46567730759141296,WS-K0104-36,36,447,WS
1.5981539497093757,0.11274817468815868,-0.7573731464063764,0.027251206534105767,0.25300644687166923,0.15389182819908773,0.8701213210945351,WS-K0105-36,36,545,WS
0.7999673296929027,1.1513086058545987,1.598572474186611,0.003615509966298373,0.13234185016574587,0.052794163988623626,-0.44726386833201226,WS-K0106-36,36,436,WS
4.6949666850906415e-4,1.2085636959261987,0.10075483903905987,0.014784889034464805,0.09243950914943182,0.32978278392414806,1.107808856887139,WS-K0107-24,24,99,WS
1.5999292024223388,-1.9879676425841788,-1.6000470676105512,0.005321103888859608,0.07137590553057688,0.024892969720355505,-0.38792057497362764,WS-K0108-36,36,472,WS
1.1999935785218878,-0.3805464594533206,0.12048206377749886,0.0016079094484931311,0.08669620455307939,0.183627394566119,-0.5010285232308195,WS-K0109-36,36,492,WS
0.8025467909357178,1.1773288384174483,1.9889319873234037,0.03181557006767827,0.1465787823909311,0.15199671707643012,-0.8116031489059554,WS-K0110-36,36,474,WS
1.9537877620288981,0.22930268768095674,-3.0215411520565145,0.1278761956266206,0.6593306150143087,0.47452157793851335,3.2508438397374713,WS-K0111-36,36,590,WS
1.9963045779371724,-1.8409684623135014,-0.2785613759756741,0.038375445463631364,0.24466108835558825,0.4640216724332007,-1.5624070863378274,WS-K0112-36,36,606,WS
0.792255722645365,1.9904342857553072,0.7914961869358386,0.05511578095420974,0.28466125233006745,0.20129402625860063,1.1989380988194687,WS-O0017-29,29,417,WS
1.1998892149113074,-0.43973878630478286,-0.010696086093849365,0.006655963582357478,0.12295706031987214,0.06920757345251427,-0.4290427002109335,WS-O0022-33,33,466,WS
0.8000000942969948,0.033142919006665,-0.7281372250826655,2.969255674646304e-4,0.1102936142706068,0.15443245659883573,0.7612801440893305,WS-O0028-21,21,262,WS
1.5608842663966587,-0.03185262898941683,0.5607861916916613,0.1188143460172027,0.5573706155425989,0.5031865048666212,-0.5926388206810782,WS-O0028-25,25,609,WS
1.6116528934704832,0.3826232304116577,1.2170975715607872,0.06762322660356448,0.3691574554193471,0.5228714278787471,-0.8344743411491296,WS-O0028-31,31,640,WS
0.39999312348123706,1.6018237163247768,1.2048003380766295,0.0016586792589169156,0.03298316161991006,0.045003741280684,0.3970233782481474,WS-O0043-21,21,260,WS
0.802995076141842,2.157750255317213,1.9811110602298874,0.03448941880423796,0.2503602223772867,0.16167488341184358,0.17663919508732584,WS-O0043-26,26,529,WS
1.1984688502559984,1.07460806376351,1.3211623858974921,0.02483045018646298,0.23376216674766434,0.24236726837862857,-0.2465543221339821,WS-O0043-32,32,590,WS
1.5933159138055137,-0.08569501919720239,0.2193433341490716,0.05132032151069425,0.3094830022399067,0.32002293832501194,-0.305038353346274,WS-O0045-29,29,630,WS
-0.028412099116773896,0.4372014758139385,0.4489772561028282,0.10324026546873856,0.382609486995911,0.3946380840150244,-0.011775780288889703,WS-O0046-20,20,40,WS
1.4106270697727992,0.7658596855993502,1.495134645203516,0.1997183354277102,0.892970164803414,0.747535962488376,-0.7292749596041657,WS-O0058-30,30,626,WS
1.1530179512206535,-0.6055619690062835,0.1341596373517683,0.12878472970139723,0.5155923208749369,0.3985122581890247,-0.7397216063580517,WS-O0062-28,28,405,WS
0.7999673271008564,1.6282377969954243,1.195247883772067,0.0036403470445901323,0.11095496367633964,0.04658591242458022,0.4329899132233572,WS-O0067-28,28,449,WS
0.001129438037423977,1.1893902547648074,-0.2546320540679385,0.021780665098109376,0.10677002961492214,0.39790218129637683,1.444022308832746,WS-O0083-21,21,84,WS
0.39997045940766596,0.02340895956462998,-0.3729655107797063,0.0035293090344569035,0.09760518264710227,0.2123469982096679,0.39637447034433626,WS-O0083-26,26,125,WS
1.2000848963173272,-0.2685985793571464,-0.22561955140463727,0.005827214282919262,0.18904250351804927,0.19937531055488347,-0.04297902795250916,WS-O0083-33,33,475,WS
0.0029701208935279826,2.414566503775023,1.1117831245566177,0.03433990409585724,0.14447221727639606,0.20612245926146353,1.3027833792184051,WS-O0086-21,21,164,WS
1.5970835431706019,0.0015694464462490882,0.13506596965974602,0.034265615250851464,0.2570251466178053,0.27988599805582504,-0.13349652321349692,WS-O0093-29,29,604,WS
0.4000011269261377,1.5276353009216508,0.19715956537577328,7.190661142355267e-4,0.15402066994019747,0.20230113173802752,1.3304757355458774,WS-O0098-21,21,230,WS
-0.13063022901756985,0.490565703104266,0.20639136262985613,0.18802845308092853,0.655629323212252,0.5981161595860037,0.28417434047440987,WS-O0099-20,20,52,WS
0.4000218533300621,0.4129067285623175,0.544269832225424,0.0029585043231942637,0.0725242354566721,0.19275107676343595,-0.1313631036631065,WS-O0104-21,21,151,WS
1.1988052397623739,-0.47912769097580166,-0.7972769488578237,0.02182834499546438,0.18131769870766137,0.06880828560708416,0.3181492578820221,WS-O0104-25,25,385,WS
2.3550481639034504,-0.9692607950870227,0.20954789048227399,0.15091726032466476,0.6787554074255039,0.8220496909478407,-1.1788086855692967,WS-O0104-32,32,686,WS
0.7312653186638984,-0.2940553132167429,-0.18413956432184084,0.15089538136216044,0.5317716307385184,0.4689184609543888,-0.10991574889490205,WS-O0106-22,22,231,WS
1.5868392583089492,0.6991839573460858,0.8039676024920649,0.07171972845012975,0.42317060854066124,0.4454221065314282,-0.10478364514597904,WS-O0108-29,29,625,WS
0.7999995934277363,0.7991437687625582,0.0036184755074381504,4.284434099529625e-4,0.033569926425899246,0.03859308248151131,0.7955252932551201,WS-O0115-26,26,340,WS
1.2020718809461077,2.0457479144218342,0.2957534047042429,0.029446575337097644,0.2822461887334504,0.20251246904016618,1.7499945097175913,WS-O0115-33,33,568,WS
-0.2230576984730571,-0.6303650443059144,-0.06208197362236216,0.21072413162625214,0.793703290144814,0.6739390907890248,-0.5682830706835523,WS-O0118-20,20,31,WS
0.7999984394810573,0.37933266635236984,-0.5768091941368747,7.935701268075465e-4,0.08868394539886518,0.19873923666601825,0.9561418604892445,WS-O0124-20,20,264,WS
1.738016979495738,1.2113482299821665,-0.1889919623617996,0.19019495980910708,0.8965097698625191,0.6605473893317501,1.400340192343966,WS-O0124-25,25,655,WS
2.0010557700901073,0.287033922236282,0.08848830709713318,0.07295105179229643,0.49081970805809655,0.5701948850138776,0.1985456151391488,WS-O0124-31,31,669,WS
0.0036540821169328266,2.205840028144965,1.1694529332497996,0.0380565929613819,0.23981974843669074,0.19125020137222815,1.0363870948951652,WS-O0131-20,20,174,WS
0.7985014357712609,-0.5626031268625582,-0.7762184568302954,0.024437268057243736,0.2142039134336144,0.11984985464217808,0.21361532996773724,WS-O0134-20,20,176,WS
1.6001741149753523,-0.23600959335843272,0.8345240879082165,0.013319922819948036,0.21717825738947866,0.39956603957889425,-1.0705336812666493,WS-O0146-28,28,620,WS
0.257813850641432,-0.6932701436462995,-0.5042882303293192,0.19147011504625072,0.7485220565312822,0.6028122048925846,-0.18898191331698022,WS-O0153-20,20,60,WS
0.3988306969513548,1.2100921161926654,0.3935116251505002,0.02159522998586559,0.09765335319463948,0.1079969579604584,0.8165804910421652,WS-O0163-21,21,202,WS
0.8699366862542977,2.078329950859847,0.9851551267860241,0.15193267310837427,0.6921519006217992,0.47613313418816544,1.0931748240738228,WS-O0166-26,26,507,WS
1.9187809011496528,0.42990363446367486,-1.2502619100192485,0.1610524689984853,0.7843985617789824,0.5544850557862443,1.6801655444829233,WS-O0166-34,34,640,WS
-0.879794389433064,-0.4562832179826907,0.22462931463635993,0.35708044863022786,0.9130489605000719,0.863126357291289,-0.6809125326190506,WS-O0168-19,19,15,WS
5.256092613628145e-4,0.8323837337676773,0.8079202782672168,0.019845808253231973,0.15201511960786873,0.22395806708020458,0.024463455500460474,WS-O0169-21,21,83,WS
0.11523882409458619,0.0755231769194046,0.18732416880114178,0.18116904004911857,0.6810629689820129,0.5724171079304998,-0.11180099188173717,WS-O0172-21,21,76,WS
0.7999998365176703,-0.401138831109492,-0.7968170765898821,3.144150292212745e-4,0.025359054820706856,0.06940825305055956,0.3956782454803901,WS-O0175-21,21,194,WS
-0.3411187136801819,1.1997279994722907,0.2442721969585332,0.15431365702029307,0.549751956127859,0.603281106495484,0.9554558025137575,WS-O0176-20,20,20,WS
0.8040934447701327,0.3393880070393671,1.1665447909652569,0.04025694497265198,0.20070080903990126,0.1754841008634093,-0.8271567839258898,WS-O0178-24,24,388,WS
0.8000612863284202,-0.15811723177620451,-0.9164203966834437,0.004950915314453258,0.19633220446651223,0.18305281556886138,0.7583031649072391,WS-O0179-20,20,213,WS
-0.476455923467206,-0.26922597210104243,0.6123539878240452,0.2146954205737279,0.777901888184576,0.6716969517455582,-0.8815799599250875,WS-O0185-26,26,12,WS
1.1031773134269138,-1.170586829388826,-0.1613701989679954,0.17133138064602507,0.6736634662986731,0.5586849911673106,-1.0092166304208305,WS-O0185-32,32,340,WS
1.1977905201975647,-0.8056674741196346,-2.3152566073092866,0.029646418475902814,0.13134037967759396,0.1911997554476335,1.509589133189652,WS-O0188-29,29,266,WS
0.005294816819571483,-0.6608758120572035,0.20923645151523956,0.09010979453577714,0.4774545860099942,0.3903053957994309,-0.870112263572443,WS-O0189-18,18,43,WS
0.40262329490591364,0.8505740191585814,0.7823600586985957,0.03228678221067859,0.1757245095164497,0.11812472438133262,0.06821396045998573,WS-O0189-24,24,207,WS
1.1999996966033968,-0.7986543251729222,-1.1927967831065622,3.526577172017145e-4,0.02776589239727773,0.05330415386126929,0.39414245793364,WS-O0191-28,28,338,WS
0.7999832471363361,-0.6363014890736833,-0.6466373989541113,0.0025902158471160473,0.19688892363713736,0.1948469055221817,0.010335909880427985,WS-O0197-24,24,187,WS
0.8029194139242373,1.123010874733289,0.4277965180521033,0.03404765342322731,0.19841163425874359,0.15607133298554166,0.6952143566811857,WS-O0197-30,30,384,WS
0.3669609193463133,-0.3619717171667659,0.3257812661705886,0.11010936909749348,0.4035545420109623,0.3843376267693377,-0.6877529833373546,WS-O0203-19,19,92,WS
1.1905835203454467,0.6954096733520437,1.025000380726112,0.0606464434430045,0.33066142603198573,0.3007102021517837,-0.32959070737406837,WS-O0205-29,29,570,WS
-0.8015120237478806,-0.5233627246973436,0.4594900594372002,0.3229266334706581,0.9003472214110532,0.8294718854319469,-0.9828527841345438,WS-O0208-17,17,4,WS
-0.5029926981638191,-0.624507084026552,0.03591630905031352,0.2443491740302018,0.8358866076911585,0.7546182232082702,-0.6604233930768655,WS-O0208-23,23,15,WS
-0.010202407773718723,1.0394873176412796,0.37161839386050116,0.06316568499638138,0.2870251793153051,0.3323831137884836,0.6678689237807784,WS-O0212-18,18,82,WS
0.3991204045680531,0.08565615875451858,0.3780347286985462,0.01873700259227187,0.17656587095136414,0.11920577338236207,-0.2923785699440276,WS-O0212-20,20,133,WS
0.412455509791753,2.8674857303657406,1.5347347653566101,0.06947710869368334,0.3486286642333435,0.2621984099965215,1.3327509650091305,WS-O0212-24,24,370,WS
-0.7747347394850588,1.9241751484107392,-0.391544902139565,0.2338718071560836,0.7186454206815465,0.8645392363038104,2.315720050550304,WS-O0216-18,18,18,WS
-1.3428089969049284,-0.20453132058534654,-0.16485045346957256,0.5467798481933488,0.9555033943686448,0.9460688973676561,-0.03968086711577398,WS-O0233-20,20,19,WS
-0.7896637475406904,-0.5350938503426218,0.46864603292887125,0.3191690172591418,0.8985985312239894,0.825677932113428,-1.003739883271493,WS-O0234-17,17,4,WS
0.7999928006638685,0.05358929177762621,-0.541315270149745,0.001697364407143895,0.13638688623227296,0.1913305203426341,0.5949045619273712,WS-O0234-24,24,265,WS
-0.12016083045534269,-0.4629656920932403,-0.06709932511107533,0.18663914332598297,0.7077241558318486,0.611346364633988,-0.39586636698216493,WS-O0238-20,20,40,WS
0.25039062481924435,-0.3876189956020217,-0.6155834357442057,0.19355089008245407,0.7233807189001701,0.6120635059949217,0.22796444014218403,WS-O0256-19,19,56,WS
1.597864310769085,1.119529082299006,-0.02659585177338471,0.03463245699943917,0.34488612725633633,0.2600078087415352,1.1461249340723907,WS-O0256-25,25,640,WS
2.031002013041822,0.8927585643242879,0.9843601098051026,0.12371367081748695,0.6597915815865907,0.7640406159096614,-0.09160154548081467,WS-O0256-31,31,687,WS
-0.8608106561742802,0.728823656961962,-0.3462561987656621,0.30437950686393705,0.8588852305246883,0.8864704372523029,1.0750798557276242,WS-O0257-19,19,7,WS
-0.27691517215402456,1.0736682725074098,0.513564911383102,0.187050488919754,0.6427778913361224,0.6073916682261561,0.5601033611243078,WS-O0262-22,22,32,WS
1.599910456742704,-2.7981796614636365,-3.0503744901806344,0.005984167892160085,0.037469700425307166,0.1946674785771339,0.25219482871699794,WS-O0264-25,25,325,WS
1.6251864301539578,0.1105066564559731,1.5876098721550598,0.0972290979326393,0.4529596586598812,0.6233550374560859,-1.4771032156990866,WS-O0264-31,31,634,WS
-0.4486088834433496,1.9901128583731766,1.2861719552556494,0.13487497144454116,0.4418094259669989,0.47920331120184345,0.7039409031175272,WS-O0272-16,16,40,WS
1.1980563424204829,0.014876338091907144,0.034228672721706085,0.027815202743983816,0.13110539443921795,0.14609659202741443,-0.01935233462979894,WS-O0272-23,23,510,WS
0.7981770265695002,-0.35528522612832636,-0.8230848529551072,0.026941903219726313,0.15699644523634285,0.13473964110188363,0.4677996268267809,WS-O0273-26,26,212,WS
1.200001187817924,-0.3107217659227107,-0.3079302610077805,7.969086242991794e-4,0.16662320190666338,0.16840256332112724,-0.002791504914930243,WS-O0273-32,32,453,WS
-0.8660733502281158,-0.45712617213804263,0.7190916717222727,0.33077772733648597,0.9060568007781241,0.8303731114848234,-1.1762178438603152,WS-O0277-18,18,5,WS
0.7996021698182172,-1.2132026180315885,-0.8199908455904555,0.012608614600443307,0.09110630979998567,0.10305960658386916,-0.3932117724411329,WS-O0277-24,24,159,WS
0.3977420619271506,-0.4054682850121257,-1.270844619362035,0.029980088721508792,0.15230651437206202,0.3683735871320827,0.8653763343499095,WS-O0287-17,17,66,WS
0.40189553150101426,1.5175923941161964,1.1915435131291507,0.027470339767522407,0.18789039311473718,0.09117269525657745,0.32604888098704565,WS-O0287-24,24,249,WS
-0.506506026677805,1.430044446101929,-0.6424961351556039,0.19272086929722504,0.6227530548095777,0.7988813788939404,2.072540581257533,WS-O0289-16,16,26,WS
0.3999979597270134,1.2556998967288049,0.8302768031236009,9.086887220533021e-4,0.13853680729677426,0.10636962871359651,0.42542309360520403,WS-O0289-23,23,242,WS
0.8338287718946038,0.2745846757634052,-0.49360032614977856,0.11129745257643231,0.43190119976686386,0.3418146401536885,0.7681850019131837,WS-O0292-28,28,324,WS
-0.8942551129550244,0.4130612468794483,-0.33140162551481267,0.332798917239525,0.8835902625030717,0.8936837889214184,0.744462872394261,WS-O0294-20,20,7,WS
-0.7160348103019339,-0.6185602181384975,0.2715862915277591,0.30555264191756937,0.8902177749885454,0.8178984869539051,-0.8901465096662566,WS-O0295-17,17,13,WS
0.8038055989340004,0.8617897313755339,0.4067373526022769,0.0388298467573276,0.21232627612277258,0.14465709937909393,0.45505237877325705,WS-O0295-23,23,357,WS
-0.008123863095574904,1.0839620881357661,0.7400536218351573,0.0565152413392863,0.2635452186344987,0.27640830648587095,0.3439084663006088,WS-O0297-28,28,69,WS
-0.24592595386543084,-0.09684553380709283,0.5257155941705378,0.20288083837343673,0.7517136477961625,0.629663662333597,-0.6225611279776306,WS-O0306-17,17,39,WS
-0.40066224582528187,2.3457114801211927,1.1718672261505618,0.054010212865159085,0.2172604743651776,0.369942850791111,1.1738442539706309,WS-O0314-21,21,58,WS
1.1996443663014795,-0.40270885820384633,-1.22202641560193,0.01192170469271477,0.06509811338487692,0.10016881712621054,0.8193175573980838,WS-O0314-26,26,364,WS
2.001069567995955,0.18902224405119594,0.1701233156270784,0.07116848268618085,0.47724447184814645,0.5856452985997892,0.018898928424117556,WS-O0314-32,32,692,WS
0.1705856353815363,-0.682136287920971,0.05380641125141029,0.1978925678987548,0.7926104132956227,0.6134941943633797,-0.7359426991723813,WS-O0316-16,16,47,WS
0.8000177198138074,0.4027960467493931,0.7804188331014353,0.002662269257681576,0.03681987061707099,0.08679818152420787,-0.3776227863520422,WS-O0316-24,24,347,WS
0.3928445423043136,-0.3709164463790707,-1.6428388834682162,0.053020757381100785,0.21974206429717047,0.455851345678161,1.2719224370891455,WS-O0334-20,20,72,WS
1.4416092224787245,0.4634943426294166,0.7134229072877689,0.1956240511648362,0.8727325737223959,0.7084062746792555,-0.24992856465835234,WS-O0336-26,26,621,WS
2.044513954414494,0.1986555601894782,0.6842566746084539,0.13009026230002138,0.6286670867708878,0.7285173047663601,-0.4856011144189757,WS-O0336-34,34,694,WS
0.8000000948928252,0.008818180122237914,1.1925628689929704,2.0565673121600804e-4,0.05891086962603369,0.05479731087632781,-1.1837446888707324,WS-O0338-31,31,323,WS
0.011432229916438438,0.4530213429027994,0.8315063955438836,0.06732827470642856,0.31353848784969324,0.2913604552859127,-0.37848505264108423,WS-O0355-21,21,71,WS
-0.15734295554059424,0.8123936661655456,-1.1208898954989737,0.19598639938385978,0.6560407863573318,0.7424906732951576,1.9332835616645192,WS-O0359-20,20,39,WS
-0.6883235773249092,-0.6424567098496005,0.823308574759985,0.281277883357802,0.8789695357005877,0.7718973267366973,-1.4657652846095854,WS-O0363-16,16,12,WS
0.40000601564373567,0.4206105829231986,-0.25787659626191584,0.0016011526944539362,0.08908086751162442,0.21714956934526583,0.6784871791851144,WS-O0363-22,22,135,WS
-0.20456286075021482,-0.7720533827977599,0.49378003955486804,0.20835183681762387,0.7930999751926493,0.6358497732004581,-1.265833422352628,WS-O0366-20,20,20,WS
0.39996737550235295,0.2944738454403593,-0.2782837295407251,0.0037040865664006474,0.17678509179602425,0.2168240590059619,0.5727575749810845,WS-O0367-20,20,134,WS
0.7983969315053305,0.13560421421705732,-0.3369359832744761,0.02527167536121571,0.2091159945317379,0.1654606240721782,0.4725401974915334,WS-O0367-23,23,277,WS
1.2000690443628044,0.8008785039265418,0.4380604242621923,0.0058221550762590545,0.14376292064858412,0.1211427288212551,0.3628180796643495,WS-O0367-30,30,561,WS
-0.3162240593309241,1.3339535663744722,0.2527206752125383,0.1670084557209145,0.56580701297941,0.6107809123662138,1.0812328911619338,WS-O0370-19,19,38,WS
-0.06298654486401908,0.09113645563114668,-0.2173268349003837,0.14692807380996034,0.5440209971121732,0.5455202496442545,0.3084632905315304,WS-O0376-24,24,32,WS
1.199998473422948,-0.6638005442084308,-0.8027454988924789,7.827676446007342e-4,0.18957673777259107,0.033338000393379905,0.1389449546840481,WS-O0376-31,31,355,WS
0.3978218865803914,1.2090719767760898,0.40467909272708874,0.02943639232457551,0.11684173291550788,0.1197614100883964,0.8043928840490011,WS-O0377-31,31,194,WS
-1.3428089969049284,-0.20453132058534654,-0.16485045346957256,0.5467798481933488,0.9555033943686448,0.9460688973676561,-0.03968086711577398,WS-O0380-16,16,12,WS
0.39988739840352144,0.38790082399718495,0.43565889368954497,0.006711159794785409,0.07346993190932598,0.12061750336734572,-0.04775806969236002,WS-O0382-20,20,136,WS
-0.07386023175725455,0.6992348041204601,0.6042246896866491,0.15528568333824466,0.5378374178031919,0.5000923696077596,0.09501011443381102,WS-O0384-24,24,51,WS
1.2185781078993745,1.1012151172402471,0.3799065178610394,0.08417996938668464,0.3941499626921675,0.28992690970221907,0.7213085993792077,WS-O0384-30,30,569,WS
0.0226270978329524,0.6386365616790463,0.5330751524357322,0.09251335684859721,0.3808649385458574,0.36267885171501846,0.10556140924331403,WS-O0396-24,24,76,WS
0.7999936335947415,0.796719283841072,0.21659258949170296,0.0015980250286564538,0.04158504015010176,0.19938686136847228,0.580126694349369,WS-O0396-31,31,358,WS
0.02402962475742836,0.7383730016904123,0.6243657944986237,0.09508187902872417,0.3530365326866457,0.3577499256421908,0.11400720719178858,WS-O0397-24,24,78,WS
0.7999999534158211,0.40796153838630683,0.012636857049391038,1.984214591632012e-4,0.056231004955086095,0.07007415008145904,0.3953246813369158,WS-O0397-31,31,325,WS
0.39999371172627307,0.8327954679989905,-0.029004121828112583,0.0015929771017982733,0.10993525608705836,0.14981816198283934,0.8617995898271031,WS-O0410-20,20,170,WS
0.014540506983306667,1.5735510820454757,0.26658912329266043,0.07486537882222552,0.24732429844161363,0.35797393323781435,1.3069619587528152,WS-O0447-16,16,93,WS
0.7576930354466388,1.3623696849836469,0.8580405854570949,0.1230158794039796,0.5053026436026169,0.41976079080865347,0.5043290995265519,WS-O0447-23,23,366,WS
0.3968399332194559,-0.4597596177735933,-0.05049549134961976,0.035417692137655665,0.19783344065947184,0.19552885797194272,-0.40926412642397353,WS-O0465-17,17,79,WS
1.1753466084954807,1.3729834971479868,0.94692813206066,0.09619766218358569,0.4877074515940999,0.38095742707822106,0.4260553650873269,WS-O0465-23,23,571,WS
-1.3428089969049284,-0.20453132058534654,-0.16485045346957256,0.5467798481933488,0.9555033943686448,0.9460688973676561,-0.03968086711577398,WS-O0473-18,18,2,WS
-1.3428089969049284,-0.20453132058534654,-0.16485045346957256,0.5467798481933488,0.9555033943686448,0.9460688973676561,-0.03968086711577398,WS-O0473-19,19,2,WS
0.004360745200047469,-0.8892300317655711,0.4800435644694803,0.09581561780789608,0.5182934621080569,0.3755198837406608,-1.3692735962350515,WS-O0473-25,25,47,WS
-0.17333289598794077,-0.35358520769640134,-1.097919909920301,0.20518188363109105,0.7591658183434196,0.7513579822247589,0.7443347022238996,WS-O0480-16,16,16,WS
0.39999958444071226,1.2094452056030727,0.7836913621429333,4.242084577146518e-4,0.06106102561070008,0.08053059525306713,0.42575384346013934,WS-O0480-22,22,195,WS
-0.2545511974276162,0.9469491308597624,-0.972200603583795,0.1959499474590785,0.6747396147413798,0.7656048810294938,1.9191497344435575,WS-O0482-16,16,36,WS
0.7970054516804628,0.5936517335439576,-0.006589350345751046,0.034479733336336325,0.24005230123832705,0.13019987849091888,0.6002410838897086,WS-O0482-23,23,321,WS
0.22020895155149792,0.17153402955518476,0.21776534365332578,0.19897663878596222,0.6952699302131468,0.6143769367861664,-0.04623131409814102,WS-O0495-21,21,80,WS
-0.01717773940681361,1.2252071066051577,0.4322492647819611,0.08110454809548333,0.26922292183144686,0.3546597073337649,0.7929578418231966,WS-O0496-21,21,81,WS
0.3999700797189494,1.1941052048000214,-0.10911134174109534,0.0034595551740348542,0.05056065231543521,0.19013562278740065,1.3032165465411167,WS-O0496-24,24,184,WS
-0.3983040728012188,-0.06185703119408049,0.046466092735374005,0.19659432025931842,0.7357441782630756,0.6869715847032536,-0.10832312392945449,WS-O0504-20,20,13,WS
0.39933204483765883,-0.3222496727975717,-0.5445702493326832,0.016357780405140156,0.17195995518405555,0.24247906549523862,0.22232057653511145,WS-O0513-21,21,94,WS
-0.14289050332223657,-0.22321209462313651,-1.1439520523236668,0.19586187232690377,0.7217522571236921,0.7386447367740875,0.9207399577005303,WS-O0514-17,17,18,WS
-0.31763014686568697,0.4361800672756313,0.1107164087920944,0.18352956182739347,0.6752260142103941,0.6470334539361364,0.32546365848353687,WS-O0516-21,21,35,WS
0.4000009587171138,2.3661100695452566,1.6003458958907544,7.601030016682968e-4,0.11263219563035352,0.021363049638840816,0.7657641736545022,WS-O0517-26,26,338,WS
1.1994162823983667,1.2227767272941286,1.108422019972189,0.01612359775699377,0.1988179050646245,0.21706987660129973,0.11435470732193953,WS-O0517-33,33,588,WS
0.7961016764546147,-0.7517060602882941,-1.1690874559537223,0.03929545179554929,0.1889561728218593,0.17980375773691032,0.4173813956654282,WS-O0519-26,26,178,WS
1.6033370488270406,0.7442619445406947,1.4503543989025014,0.04162033098623664,0.3273876061239997,0.5474384683707346,-0.7060924543618067,WS-O0519-33,33,658,WS
-0.5020726012669653,1.125019377652782,0.04738359279124473,0.1938742645341357,0.6440542800203249,0.7111847578117683,1.0776357848615372,WS-O0523-20,20,32,WS
-0.3863377023349306,1.0046130278543386,0.15715968137051625,0.14683432801379248,0.5360707168145268,0.6206045752808873,0.8474533464838223,WS-O0524-21,21,17,WS
-0.41455184675237905,0.9522022326483125,-0.7472066211517225,0.1672159684993572,0.5903537201635725,0.7760591127817447,1.6994088538000351,WS-O0526-18,18,22,WS
0.4242709155938716,1.102477617577007,1.134829919099147,0.09549496789811336,0.37971471948947616,0.2938162065220843,-0.03235230152214008,WS-O0526-24,24,248,WS
-1.3428089969049284,-0.20453132058534654,-0.16485045346957256,0.5467798481933488,0.9555033943686448,0.9460688973676561,-0.03968086711577398,WS-O0527-16,16,3,WS
0.007191005371336856,-0.15191526769520608,-0.9511699289443231,0.07764313875199845,0.3893457178719374,0.5651518224289169,0.7992546612491169,WS-O0527-22,22,37,WS
0.39526290522593027,0.8203299744009168,0.8039112968799357,0.04327121265551531,0.16820418872102988,0.1462321609911065,0.01641867752098114,WS-O0528-20,20,210,WS
0.3437915016960639,1.3561048102073954,1.1758252702810001,0.13901080548107078,0.45017101260471815,0.4984581443279077,0.18027953992639523,WS-O0531-20,20,206,WS
0.47740121022043147,3.0197635585624947,2.5506866170800317,0.15801752824259815,0.7197329527034807,0.5299079592209633,0.46907694148246293,WS-O0531-25,25,478,WS
1.1153154390886564,1.549269465814042,1.5230906362179037,0.163408866962644,0.7704383979191471,0.6104648607847905,0.026178829596138264,WS-O0531-32,32,590,WS
0.4004842111610931,1.9953901315339488,0.37348569617538807,0.01390864741259679,0.06990338776154809,0.11394416077030657,1.6219044353585608,WS-O0535-21,21,267,WS
-1.3428089969049284,-0.20453132058534654,-0.16485045346957256,0.5467798481933488,0.9555033943686448,0.9460688973676561,-0.03968086711577398,WS-O0536-21,21,6,WS
-0.08191338603906975,0.42433900199265256,0.77015033089605,0.16164755067145897,0.5720976896235361,0.5089329722194084,-0.34581132890339744,WS-O0536-25,25,42,WS
5.8776024667284783e-5,2.827476456090719,0.8283216619172428,0.004859918365696092,0.10351812377706632,0.21665309637185315,1.9991547941734762,WS-O0536-31,31,165,WS
-1.3428089969049284,-0.20453132058534654,-0.16485045346957256,0.5467798481933488,0.9555033943686448,0.9460688973676561,-0.03968086711577398,WS-O0543-21,21,16,WS
1.4201812885193106,-0.4683049304514548,0.1971597885315204,0.19897918409060728,0.7936027936686247,0.6805572541773046,-0.6654647189829752,WS-O0546-36,36,556,WS
0.799992974428194,1.1539564800605955,0.6936041944968373,0.0017074915837029358,0.12851131279640501,0.1768440019363899,0.4603522855637582,WS-O0552-21,21,419,WS
1.600106481503019,0.477341980276743,1.1694675214442674,0.02676934526854996,0.27698246265963017,0.47841678992121767,-0.6921255411675243,WS-O0552-26,26,652,WS
2.586951541093704,0.05274481029233413,0.3848488524040897,0.2371218682431128,0.8674520791944472,0.9015732484580442,-0.3321040421117556,WS-O0552-33,33,706,WS
1.199977742790324,-0.3998826025074094,-0.783012566851931,0.0029837578055425234,0.03627117732009265,0.08128193412312623,0.38312996434452157,WS-O0557-21,21,374,WS
0.038136243902432095,0.5161245482317504,-0.7829089275741712,0.11761513336422305,0.4733556788874128,0.5573755735078508,1.2990334758059214,WS-O0558-19,19,40,WS
2.0855356605585347,-0.021978292094353296,-0.2096294910937753,0.1649075878290365,0.7255596620650854,0.6578805787949693,0.187651198999422,WS-O0558-24,24,672,WS
2.5886308358880967,-1.7887034260781118e-4,0.3834662224560107,0.23642727502103786,0.8656731722883979,0.9017657165885338,-0.3836450927986185,WS-O0558-31,31,705,WS
-0.1917480989623487,0.7336994902085682,0.5420170817397518,0.20054677327034953,0.6908210927171623,0.6169281203840226,0.19168240846881635,WS-O0568-20,20,39,WS
0.4000038659988026,1.1509666775698992,0.3938664478688422,0.0012528389348132568,0.13127752215615585,0.08280497030420768,0.7571002297010571,WS-O0575-20,20,192,WS
-0.46118653840106966,1.5436330754965935,-0.01737530130427952,0.15969942319596503,0.527728845779598,0.6801114344561279,1.561008376800873,WS-O0576-21,21,26,WS
-1.3428089969049284,-0.20453132058534654,-0.16485045346957256,0.5467798481933488,0.9555033943686448,0.9460688973676561,-0.03968086711577398,WS-O0578-20,20,2,WS
0.664121497682973,-0.9861999016330487,-1.412795196001214,0.18944242861374327,0.7296752612284951,0.6111188188594235,0.42659529436816523,WS-O0596-25,25,102,WS
1.5930175201615457,-2.7744702096254303,-1.9322920172563995,0.052385464718182305,0.2093464747152673,0.23456792701673795,-0.8421781923690308,WS-O0596-32,32,373,WS
-0.10258395713220571,-0.8578379858830115,-0.9421049891189708,0.18311332639370903,0.7222187425507703,0.6888846006151356,0.08426700323595926,WS-O0607-17,17,14,WS
0.14752833157061182,2.560540924533068,1.253769102743896,0.1929941036213075,0.7496668804743861,0.6197157805117102,1.306771821789172,WS-O0607-24,24,246,WS
0.8000162256313162,1.530235062842042,0.318431756474454,0.002658003264394313,0.1538614475142615,0.16142063880207042,1.211803306367588,WS-O0613-20,20,394,WS
-0.15743830992286265,0.2738158096294402,0.1850918806289216,0.1965864279174027,0.6956486228775981,0.620636114085896,0.08872392900051859,WS-O0621-21,21,28,WS
-0.024498226025477857,-0.50416720098427,-0.15838919190511577,0.11007034203952268,0.4970936304892939,0.4729756595249554,-0.34577800907915424,WS-O0625-21,21,37,WS
0.353237636247886,0.6561584246282731,0.5397813692175474,0.12852325413117052,0.5090311246964713,0.3954252119054842,0.11637705541072574,WS-O0627-26,26,165,WS
0.8003678431768523,1.595894105001573,1.5930459610667895,0.01212505904842824,0.09410553044594294,0.07311755082929133,0.002848143934783387,WS-O0627-32,32,480,WS
0.40225571587688563,1.4240993569947487,0.8253759012814166,0.02995326549613191,0.22438377916186705,0.14280282013947876,0.5987234557133321,WS-O0628-21,21,243,WS
-0.754804751147155,0.35956233595532006,-0.42576628160194313,0.2928970300037475,0.8567975097602564,0.8694937283502219,0.7853286175572631,WS-O0633-21,21,16,WS
-0.1325470473831013,-0.6855275776528359,0.2311505001795038,0.19237113723606555,0.7385301078437846,0.6054745897681552,-0.9166780778323397,WS-O0634-21,21,17,WS
-0.41538053533620867,2.2596165107839625,-0.112805691292145,0.08751440604857742,0.32570708316464125,0.6382164951448894,2.3724222020761077,WS-O0676-20,20,50,WS
0.3978488089758578,1.2028072509808514,0.2857969862122553,0.02925489352699255,0.10898310733037207,0.20439231931010085,0.917010264768596,WS-O0755-26,26,172,WS
0.004744394506844269,0.44252015395830463,-0.22081118136254263,0.048404478944565704,0.2594167807075754,0.40483227011728234,0.6633313353208472,WS-O0764-18,18,68,WS
0.8013614966641176,0.3940653737778453,0.18419875797527135,0.023296888112559665,0.09571872241351727,0.21501880026854284,0.20986661580257393,WS-O0764-25,25,318,WS
-0.7057971295565832,1.0425489215569683,-0.45632614866719995,0.25394280323702395,0.7922507561484932,0.8554366351657766,1.4988750702241682,WS-O0801-16,16,18,WS
0.7998742053521027,-0.797265126474273,-0.8067331411458049,0.007092420806772944,0.04475242395866948,0.07651264502582857,0.00946801467153191,WS-O0801-23,23,183,WS
-0.362189912554228,-0.43083675509142677,0.7850157954529398,0.19437669532500954,0.7603088914035584,0.6133484452322978,-1.2158525505443665,WS-O0802-18,18,14,WS
0.4286855418358786,-0.12630659082616869,-0.1015510336773261,0.10320541342994106,0.4147253213654694,0.3449171878614306,-0.02475555714884259,WS-O0802-24,24,107,WS
-1.3428089969049284,-0.20453132058534654,-0.16485045346957256,0.5467798481933488,0.9555033943686448,0.9460688973676561,-0.03968086711577398,WS-O0803-18,18,2,WS
0.3992584527877894,-0.2678936448432094,-0.8323238496022688,0.017232706313385814,0.19872559707340598,0.28630520773887114,0.5644302047590595,WS-O0803-24,24,68,WS
1.2196579870824786,0.17045532917707593,-0.45624210266959164,0.08646825095418102,0.37352894415440496,0.2636316054629878,0.6266974318466676,WS-S0044-25,25,453,WS
1.206956626333219,0.8604631374656985,0.9325949422649917,0.052294250810680905,0.27826522893610267,0.2671721677081498,-0.07213180479929326,WS-S0062-33,33,532,WS
0.8009760347090883,1.5845463847409824,0.8053158620395392,0.019734853097274314,0.11829438016562183,0.08254892776711002,0.7792305227014432,WS-S0080-27,27,466,WS
0.782969350447356,-1.923797559002922,-1.1446369529684148,0.08076041978209887,0.3474242507191443,0.27857599244452036,-0.7791606060345071,WS-S0084-27,27,109,WS
0.800158440855862,0.803252922657146,0.48712131937966224,0.007959365168867596,0.053525178943151994,0.16738783455118222,0.31613160327748374,WS-S0099-34,34,371,WS
1.64590118509596,0.9663243448953543,0.8685550328815527,0.12766428147736908,0.6242309596026488,0.5675748528716497,0.09776931201380168,WS-S0108-35,35,656,WS
-1.3428089969049284,-0.20453132058534654,-0.16485045346957256,0.5467798481933488,0.9555033943686448,0.9460688973676561,-0.03968086711577398,WS-S0109-18,18,15,WS
0.31189495723847577,-0.8872160131455131,-0.6071903883421017,0.1657758184799823,0.6572325677756404,0.5395309822800445,-0.2800256248034114,WS-S0112-18,18,63,WS
0.4009577280531424,-0.005217863226195883,-0.27397592980007135,0.019549886913110867,0.09672915327006831,0.22475307173531367,0.26875806657387546,WS-S0113-29,29,121,WS
0.3997538997120046,-0.010216461052993743,0.42648457467754536,0.009921507386794978,0.08072435762988121,0.11078293114412828,-0.4367010357305391,WS-S0117-26,26,114,WS
1.1995775268837168,-1.5909295992274028,-0.4101168719070405,0.0129927197612341,0.07485750738985097,0.07736258042611457,-1.1808127273203624,WS-S0134-27,27,334,WS
1.191927614494651,0.7412961177755103,0.4091756372386071,0.05624775051938227,0.3033376650198815,0.19868537893752,0.3321204805369032,WS-S0137-26,26,529,WS
0.5112715968542654,0.13734679312664747,-0.343929426783077,0.1792408170156804,0.6175583670012387,0.5623832435891716,0.48127621990972447,WS-S0143-25,25,161,WS
0.11551178081643869,0.3072044971349622,0.13816748261915615,0.18128417875763536,0.6896678983891223,0.5739357910669416,0.16903701451580602,WS-S0144-18,18,76,WS
-0.26303255866624786,-0.23229293935807116,0.06150792659760956,0.20494598691104665,0.7655545832946716,0.6659259249626416,-0.2938008659556807,WS-S0147-18,18,25,WS
-0.853400224415819,0.3944227477798942,-0.3567745499863908,0.32060332468210284,0.8766498535285947,0.8870827409759399,0.7511972977662851,WS-S0154-26,26,1,WS
1.1995029391774772,0.6082888189145554,0.5453679128881745,0.014116693975499785,0.21188380673867793,0.19917522631330595,0.0629209060263809,WS-S0162-26,26,551,WS
0.010083557242452575,-0.2186913619232625,0.39941721878615,0.07543967846587857,0.3937147286166635,0.34565218420881866,-0.6181085807094124,WS-S0167-28,28,40,WS
-0.3292688509941578,0.8424696165192276,0.1620654434598065,0.1695463664272778,0.6101080851609487,0.627847587057054,0.680404173059421,WS-S0169-18,18,22,WS
0.4002586765602275,0.44874248767594876,0.14621752895773002,0.01016894553431358,0.1360479349934091,0.1999631936077605,0.3025249587182187,WS-S0170-25,25,145,WS
0.39999458436881574,-0.008622752293135265,-0.07562819533782045,0.0022657355075578808,0.06967183300753238,0.17398598476193658,0.06700544304468518,WS-S0173-25,25,105,WS
0.7998463913904108,-0.3930807324924882,-0.7977497103463768,0.00783708460151228,0.05910473400929815,0.07268194248130143,0.40466897785388856,WS-S0174-25,25,217,WS
-0.024023375814794523,-0.8218584755446741,-0.5486502951685742,0.12144999751192263,0.562474160932057,0.5432735662838152,-0.27320818037609984,WS-S0175-18,18,26,WS
0.7999992673583718,0.007447455877172641,-0.40350077144589047,5.430315714887447e-4,0.05432506634528942,0.04253202510884744,0.41094822732306313,WS-S0177-28,28,260,WS
0.861280101569145,-1.1515132065035667,-0.7478721591103171,0.1440721686702859,0.5838610655194894,0.5351447817573671,-0.4036410473932496,WS-S0180-31,31,206,WS
0.8000017260245308,-0.39318430267214005,-0.41443938290916266,8.320805328813532e-4,0.05223578405385055,0.0753792107874817,0.021255080237022606,WS-S0180-33,33,220,WS
-0.004096207639735708,-0.5707793941330781,-0.09812266700456493,0.09073520338033463,0.46353392549509476,0.4326164130683935,-0.47265672712851314,WS-S0183-26,26,22,WS
0.7357378396631971,-0.6492421063011159,-0.20701065941046115,0.1468851213868453,0.4999498433353287,0.44566421854543486,-0.44223144689065474,WS-S0192-26,26,169,WS
1.871848915071371,-0.3547907337414267,0.34190813387109836,0.18667238690728208,0.8219147342242503,0.7138601778755272,-0.6966988676125251,WS-S0210-34,34,666,WS
1.9465522580084187,-1.7396246880197066,0.5711073993561778,0.13609855196813586,0.540392584394316,0.6944801025978458,-2.3107320873758845,WS-S0211-35,35,630,WS
1.5993501994601866,-0.40330396689489756,0.8885503248650348,0.016704919246386427,0.17862233503547614,0.41223360564956973,-1.2918542917599325,WS-S0221-32,32,613,WS
0.799999902263782,0.025769309234665284,0.7058137609281471,2.65722249695829e-4,0.09823914569308292,0.16972060070455913,-0.6800444516934818,WS-S0238-31,31,330,WS
1.2210324026681292,1.2021032082378516,2.6503745969121626,0.0892983331192153,0.4236595388979727,0.5537322345141598,-1.448271388674311,WS-S0243-35,35,623,WS
1.200032347253954,0.16910786912387574,0.8035526315991873,0.003645204874742076,0.1983675888240008,0.12942257906562493,-0.6344447624753116,WS-S0256-31,31,533,WS
1.1813789900114922,-0.3250015070053633,-0.2941431160469951,0.08427135921151048,0.338206873498216,0.34315030082093245,-0.030858390958368176,WS-S0268-31,31,419,WS
0.8000070126420387,1.2090169192161278,0.7945129373444985,0.0016808513646774678,0.06681523328055262,0.0470576733027061,0.4145039818716293,WS-S0305-25,25,393,WS
-0.38121216839170624,1.8411771662867442,1.7325910673495046,0.09460240423019214,0.35196023814871563,0.3602983612612349,0.10858609893723958,WS-S0307-18,18,74,WS
1.1987865878606172,0.5939220348908716,0.6798525578102935,0.02200396362854441,0.22431902294659137,0.20322543332822282,-0.08593052291942194,WS-S0312-33,33,553,WS
0.3894377876026745,-0.030191698091324128,-1.039772866285473,0.06413540989048087,0.25224097896281134,0.3647557538980148,1.009581168194149,WS-S0314-33,33,84,WS
1.6253707140901186,0.2783516614639186,0.5517646308595764,0.09754905955885716,0.4625788826671078,0.46119582760460787,-0.2734129693956578,WS-S0319-26,26,662,WS
1.2004969628275144,0.8889940832553007,-0.021241098291084823,0.014116950166529087,0.18904282399763747,0.10135783523240507,0.9102351815463855,WS-S0339-26,26,521,WS
-0.28719292394325285,-0.2346365747948663,-0.9290080245832308,0.2113377251336781,0.7796820470314834,0.7775441665773044,0.6943714497883645,WS-S0340-19,19,23,WS
0.80107621682112,-0.401242243084908,0.014034425552135096,0.02072024341960696,0.08779047622282414,0.10292590765881196,-0.4152766686370431,WS-S0348-33,33,264,WS
0.8000000269221956,0.8015145114444013,1.1984636855033777,2.3004992329062662e-4,0.03505012100570189,0.030688782040607127,-0.39694917405897634,WS-S0359-25,25,391,WS
1.2060005557297737,0.4838043786850279,0.8578842185439487,0.048623536718554614,0.2612069461840841,0.23261936334942032,-0.3740798398589208,WS-S0368-33,33,547,WS
-1.3428089969049284,-0.20453132058534654,-0.16485045346957256,0.5467798481933488,0.9555033943686448,0.9460688973676561,-0.03968086711577398,WS-S0389-18,18,5,WS
-0.3909067970069154,1.2736371475521167,1.0602183329558692,0.12111237055528118,0.4520949003445021,0.46901204430379123,0.21341881459624745,WS-S0402-18,18,28,WS
0.7999716852270725,0.7030478885264135,0.42770777342536953,0.0033653542104955187,0.17200481457513042,0.10218724495747006,0.275340115101044,WS-S0408-25,25,351,WS
1.2010072680209642,1.9266548150511797,1.65392403314745,0.025019832975179384,0.26893310001506054,0.2951989541100289,0.2727307819037297,WS-S0411-28,28,622,WS
0.3999341150703686,-0.35806850371802257,-0.74688287518982,0.0059662252489167565,0.1355261295743985,0.2709573015431919,0.3888143714717974,WS-S0414-18,18,79,WS
0.3546985834666522,-0.49903685269337106,-0.3359011883875936,0.12676147769696608,0.49628099379492174,0.42562545164803195,-0.16313566430577747,WS-S0421-18,18,63,WS
-1.3428089969049284,-0.20453132058534654,-0.16485045346957256,0.5467798481933488,0.9555033943686448,0.9460688973676561,-0.03968086711577398,WS-S0467-18,18,9,WS
-0.30510522796828343,-0.3508943968120429,0.8934704913267546,0.1960217084870059,0.7575953264872283,0.6056812755141412,-1.2443648881387974,WS-S0477-18,18,15,WS
1.1999060655969436,-0.037551717304075326,0.4222470172210849,0.006129494731128859,0.12106596181452776,0.09830404392315582,-0.4597987345251602,WS-S0495-26,26,507,WS
-0.06342847431232317,1.762333378333881,-0.08559487320063812,0.14611089330176508,0.4594228391851977,0.5303909143423301,1.8479282515345192,WS-S0513-18,18,76,WS
-0.0779454047094564,0.4655281137636534,0.18715580011799202,0.15871493994697158,0.5578578832781848,0.5325877625614824,0.2783723136456614,WS-S0527-18,18,49,WS
0.40128117352405374,3.185231462064239,1.1948982536058017,0.022602832716050857,0.14004548152106325,0.07434423200219993,1.990333208458437,WS-S0535-25,25,317,WS
0.8000794700875999,1.6114020946585084,0.012886311916060749,0.0056489577208842946,0.09095496467374381,0.07338771694632017,1.5985157827424477,WS-S0557-25,25,367,WS
0.003952790249019972,0.42394038703596915,-0.21077002510969572,0.04634851578042212,0.2520626047759369,0.4017442892752739,0.6347104121456648,WS-S0559-18,18,55,WS
-0.05348228512886768,0.1927110056451807,-1.280638704173868,0.13772398988306364,0.5109322040108448,0.6838106286932953,1.4733497098190487,WS-S0564-18,18,32,WS
-0.6038392225467546,0.1217386355696673,0.16769278244868296,0.24871241544325953,0.8114132884909888,0.769240889940595,-0.04595414687901567,WS-S0577-18,18,13,WS
1.6015997135447435,-0.8712534361998917,1.8309787811998166,0.025261824222091438,0.18231266027135398,0.6195286028164168,-2.7022322173997084,WS-S0579-35,35,597,WS
0.39191443545698207,0.4701938483026931,0.030498984334920504,0.05629253577355087,0.24723002709238495,0.22027222778173464,0.43969486396777263,WS-S0606-18,18,129,WS
1.1999617766838377,1.0300080761421493,-0.4000262187950175,0.004202000127697098,0.20947499688519247,0.02117628971814333,1.4300342949371667,WS-S0649-31,31,508,WS
-0.5293031570268847,-0.04004737496856109,-0.6308661935023714,0.24409789838356008,0.8103069810761094,0.8219896849715789,0.5908188185338104,WS-S0655-17,17,10,WS
0.3999443718976787,0.7813007968937743,0.16093706152944914,0.004717446678739273,0.08619188059043495,0.2003566384367503,0.6203637353643252,WS-S0674-18,18,145,WS
-0.010896430428940366,-0.02663934287818864,-0.0027078851134500373,0.07580179420585056,0.3593233802520702,0.4008310346442459,-0.023931457764738602,WS-S0770-17,17,53,WS
0.39990813343937437,0.8015302991006088,0.08502718479172176,0.006061233633112307,0.03603227621488444,0.17720540080267777,0.716503114308887,WS-S0808-30,30,152,WS
1.6053142728611887,0.8505804505804226,1.1787767425383415,0.048907739770998486,0.35187206689637035,0.4961219212136613,-0.3281962919579189,WS-S0902-26,26,671,WS
1.6042851337913429,0.5355806999299689,1.6343582585024852,0.04393183409645817,0.3164049901772298,0.5868846003310599,-1.0987775585725164,WS-S0984-35,35,664,WS
0.8012209764584448,0.3988635172835825,0.8045070345047746,0.022065806136297533,0.094128823153306,0.08762954949641094,-0.4056435172211921,WS-S1004-25,25,381,WS
1.235094264714553,1.0674797856882048,2.4471154832342625,0.11316933410589278,0.5035749200809795,0.5694681788248172,-1.3796356975460577,WS-S1016-34,34,607,WS
1.6044514225814168,0.6926037049938799,1.1285339020255813,0.044713002836785774,0.3307317299468725,0.48208610773953947,-0.43593019703170144,WS-S1033-36,36,656,WS
-1.3428089969049284,-0.20453132058534654,-0.16485045346957256,0.5467798481933488,0.9555033943686448,0.9460688973676561,-0.03968086711577398,ai001-20,20,9,WS
0.34092013741175947,0.19482372120650351,0.5761761908149344,0.14192080630073386,0.4875438098163345,0.43497428546820316,-0.38135246960843094,ai002-21,21,122,WS
0.7974206413685326,-1.3501758947670817,-1.4459443063897484,0.03201715856624039,0.22563539632196697,0.23353041943901146,0.0957684116226667,ai003-23,23,135,WS
0.8000021195451332,-0.8031206223045645,-0.7897814165846346,9.361112930937142e-4,0.03872014556074568,0.07791345644887261,-0.013339205719929859,ai004-22,22,197,WS
0.4000508309878226,-9.368670761108211e-4,-0.525021513473368,0.0045716230378251305,0.06153221111183862,0.2337617600670746,0.5240846463972572,ai005-23,23,101,WS
-0.8005522052033089,0.2703820186521061,-0.3941109923182616,0.3109055544736635,0.8724497680999849,0.8786342511039531,0.6644930109703677,ai006-18,18,3,WS
0.8000167273213167,-1.1095610708830843,-0.8022219464590052,0.002596463962476995,0.16779264474486044,0.06926689944869523,-0.30733912442407907,as001-22,22,183,WS
0.406948553316882,0.36763983366011493,0.3804901749616509,0.05226030066538664,0.21186884932499508,0.17764992918859443,-0.01285034130153595,as002-21,21,155,WS
0.3028893407445008,-0.3622323285752843,-0.6057462544572736,0.17150495867162138,0.6548131921539317,0.553981270334378,0.24351392588198928,as003-20,20,73,WS
-0.8189763560068579,-0.35139198790817505,-0.3933970134810758,0.35189784705704696,0.9056796957924086,0.8862024666158693,0.042005025572900756,as004-19,19,9,WS
-0.16850181815181234,-0.21272822283719972,-0.5171131343472827,0.20174738938654527,0.7418894863862309,0.6854115003532737,0.30438491151008296,as004-21,21,39,WS
-1.3428089969049284,-0.20453132058534654,-0.16485045346957256,0.5467798481933488,0.9555033943686448,0.9460688973676561,-0.03968086711577398,as005-18,18,5,WS
-1.3428089969049284,-0.20453132058534654,-0.16485045346957256,0.5467798481933488,0.9555033943686448,0.9460688973676561,-0.03968086711577398,as006-18,18,6,WS
0.3667139047617999,0.09902303737365302,-0.40442636901657386,0.11048291899796914,0.3719568723521649,0.3893902242389194,0.5034494063902268,as007-22,22,104,WS
-0.00834331409627735,0.9543481956237075,0.07634220161479283,0.05735862117815371,0.2670920338404518,0.36655698931894753,0.8780059940089147,as008-23,23,79,WS
1.193809686825937,-2.832325003128989,-2.402275098179019,0.049374208540360495,0.24494169817249048,0.19512473149581713,-0.43004990494997,hn001-24,24,159,WS
0.7999531314049185,-0.9524485241835081,-0.37716730552877736,0.0043302974437419385,0.19487311441295513,0.09396507014372871,-0.5752812186547307,hn002-23,23,206,WS
0.8000000121083513,-0.8079532875064597,-1.6967630677487304,7.565263026033737e-4,0.056831138730771134,0.21835206014282835,0.8888097802422708,hn003-23,23,158,WS
0.3950940049357567,-1.8733436710969114,-1.0263808167006279,0.04993908806030723,0.36645632559627334,0.3440525986862619,-0.8469628543962835,hn004-23,23,58,WS
0.26913646713788003,-0.6100862561248389,0.2945171193835119,0.18767238159626026,0.7219011345851165,0.5797156646083559,-0.9046033755083508,hn005-23,23,93,WS
0.3980217649644224,-1.2210463794567616,-0.7812984742476435,0.029639766580194543,0.2503371123770166,0.28778828192110084,-0.4397479052091181,hn006-22,22,64,WS
0.3999846738540419,-0.5384918740133915,-0.5296210655714593,0.007367571198208405,0.1951543678735916,0.2353712506291469,-0.00887080844193222,hn007-22,22,86,WS
0.7999982424389217,-0.8004067421571617,-0.38216179952566826,8.464778946975424e-4,0.02929610438718522,0.08312621128580872,-0.4182449426314934,hn008-21,21,244,WS
0.04398340763613928,-1.1526277874552193,-1.4526769921172273,0.1443349303524594,0.6768398993582658,0.6849414437824003,0.300049204662008,hn009-19,19,38,WS
0.704559990023328,-2.223357543369891,-2.376484484857963,0.17049212369039027,0.7555516287430232,0.5966803258574291,0.15312694148807227,hn009-22,22,68,WS
-0.7648202266900375,0.14205807067034526,-0.4218082470475747,0.30659411289628435,0.871665416159938,0.8729213641388748,0.56386631771792,hn010-19,19,25,WS
0.40244541886664026,-0.38221642520138,0.22809049448613553,0.031181434717258035,0.17125351809214376,0.22129286747967689,-0.6103069196875155,hn010-21,21,126,WS
-0.36309160937899626,-0.03633487392702229,0.6708770380496246,0.18370219632334228,0.7104498808906836,0.6031758482210711,-0.7072119119766469,hn011-18,18,27,WS
-0.11213132792385123,-0.2598982774542778,0.25633767432453186,0.18161433509082484,0.6788602334141077,0.5793948539973642,-0.5162359517788097,hn011-21,21,37,WS
0.3499853216849783,-1.338927055196717,-1.2246813511949164,0.13236875595288913,0.5654666662898545,0.50733899994432885,-0.11424570400180056,hn012-21,21,46,WS
0.34640953377189415,-1.8832772552055268,-0.29640103814476393,0.13644308065835647,0.6242434218802534,0.44885625000531476,-1.5868762170607629,hs001-23,23,68,WS
0.0011583640739411297,-0.3094064162960162,0.11134490302125759,0.07416106281868189,0.3962550842340096,0.3795639672703858,-0.4207513193172738,hs002-21,21,51,WS
0.7999728398616058,-1.2156758635032814,-0.7935555682966091,0.003302918383464183,0.08121094930026819,0.07318306038429546,-0.42212029520667227,hs003-21,21,178,WS
-0.17634448118097817,-0.23537359228482058,-1.0931109023775232,0.2048282645070763,0.752380399201678,0.7518955066689255,0.8577373100927026,hs004-19,19,33,WS
0.32910055969005175,-0.8250040799444014,-0.9132831274160114,0.15275641208082072,0.6015009484589336,0.5247075923322582,0.08827904747160997,hs005-19,19,75,WS
0.7987153784700727,-0.8145088077393784,-0.8528298342901248,0.022631802624848853,0.11456135448882243,0.15703815400266283,0.03832102655074643,hs005-22,22,189,WS
0.40351000139522253,-1.5940270557651681,-0.3077655425415781,0.039231001167528895,0.32237744337336216,0.24596706964564863,-1.28626151322359,hs006-18,18,73,WS
0.3961141485337851,-0.3688362992921095,0.0021430319753831103,0.039234315632219664,0.18322114552779403,0.18498000268108264,-0.3709793312674926,hs007-18,18,120,WS
0.40000829074975786,-0.40743170923773137,-0.9277609077535036,0.005600698734097911,0.10823506020654398,0.29721781207560366,0.5203291985157723,kb001-20,20,81,WS
0.39817533202212874,-0.25163359650742895,-0.054934565275165964,0.02695731653914571,0.21551309066703764,0.18368728499911263,-0.19669903123226298,kb002-19,19,99,WS
0.4441101564521309,0.6399517292203678,0.26286370032909195,0.12529308312505222,0.466514782903031,0.3885753439516825,0.37708802889127585,kb002-22,22,184,WS
0.799574380261989,-0.7737669038825806,-0.7994686280121704,0.013040969735127592,0.1089769325947886,0.07903827780773903,0.02570172412958982,kb003-19,19,201,WS
0.7999998654495177,0.32446330913697513,-0.015031547775655251,2.717951710114017e-4,0.15656576048939283,0.07615745437948525,0.33949485691263037,kb003-21,21,329,WS
0.004697865339565099,-0.24153165355577982,0.23368184623130134,0.07108563742123146,0.3830524147511324,0.3580970713055711,-0.47521349978708116,kb004-18,18,49,WS
0.40540951905290207,-0.7019370852668889,-0.43516518890222405,0.04621437320346421,0.2712351155393373,0.25506665280362895,-0.26677189636466486,kb004-20,20,88,WS
0.36206491790337353,-0.7483487569733565,-0.6862568082768141,0.11719927481770469,0.46275828998917745,0.4270401144952929,-0.06209194869654233,kb005-19,19,58,WS
0.39999917649208416,-0.014275792487207966,0.3354776956766765,0.001972430389172727,0.0805326111656143,0.14946403304567954,-0.34975348816388446,kb005-22,22,119,WS
-0.19687238548865565,-0.7062911319404448,-0.2494294497659824,0.20966141905762456,0.7910586413627123,0.6800255128003417,-0.45686168217446244,kd001-20,20,33,WS
0.3635782875453898,-0.4593867183766825,-1.3546921500009053,0.11507545973412432,0.4472139851729097,0.4899955346927543,0.8953054316242228,kd002-23,23,82,WS
0.42636160448002147,-0.5440983644766004,-1.0291782633139939,0.09924602430791549,0.4185635316240012,0.4139468997210638,0.48507989883739344,kd003-22,22,100,WS
1.1998523756826853,-0.4081117584376813,-0.40106467768089477,0.007682964841587247,0.06710278658584551,0.03470367687912669,-0.007047080756786561,kd004-23,23,398,WS
0.8000009133402847,0.8262445652100079,-0.38603832294822366,6.347266112084812e-4,0.09932067091330318,0.07421458978329981,1.2122828881582315,kd005-23,23,351,WS
0.40030159251667646,-0.3295169574566116,-0.3774095339047714,0.011050473600494609,0.16386902844838974,0.2146871971997112,0.04789257644815981,kd006-21,21,108,WS
0.40362984118549017,-0.7711340842443017,-0.1271289974268436,0.03795513564918973,0.23129064497811566,0.22455879963652378,-0.6440050868174582,kd007-21,21,86,WS
0.7999982818774837,0.37761388441063337,-0.9735888876376567,8.340146479490706e-4,0.09207657000468761,0.19929026601358754,1.35120277204829,kd008-20,20,251,WS
0.40007308772102035,-0.43195407247209155,-0.7952871129935389,0.00679570712354182,0.1273102540247916,0.27750807722349435,0.3633330405214474,kd009-18,18,78,WS
0.7999996408419914,-0.7003851468509503,-0.78000474395888,5.677319553079011e-4,0.173008301518065,0.0937669569255847,0.07961959710792965,kd009-21,21,196,WS
0.4000000283710662,0.396708273621709,0.31537835107274265,8.367277515165747e-4,0.04215338041019426,0.16492884690191348,0.08132992254896637,kd101-23,23,144,WS
0.39998163254825897,-0.3718985722304242,-0.37491616103253134,0.004676319833160597,0.12233934089495316,0.21254242374178495,0.0030175888021071184,kd102-19,19,102,WS
0.7997059236855599,-0.6122268702138082,-0.7960426554077967,0.01084179103609421,0.2031611875755726,0.07683462898896276,0.18381578519398856,kd102-21,21,206,WS
0.4002689231149775,-0.4511889916991497,-0.9277514516319711,0.010752361649215504,0.14780719005700055,0.29827172914866235,0.4765624599328214,ki001-23,23,86,WS
0.0022733363295569823,2.7469657088145607,0.3448050512410025,0.030069524984519803,0.17135784401433635,0.2977710585859672,2.402160657573558,ki002-22,22,162,WS
-0.579481731333631,0.020482665358176076,-0.021238805788795282,0.24785490091837376,0.8130472138288077,0.7789882534088619,0.04172147114697136,ki003-19,19,9,WS
1.2000341378451178,-0.0010384087344001444,-0.40078155463146437,0.003695319121902625,0.06010580193696958,0.02290735129476354,0.3997431458970642,kz001-21,21,442,WS
0.7999984893244205,0.46318090975948373,0.3996035864009506,7.77812174832795e-4,0.1459183789291505,0.017546878473600615,0.06357732335853311,kz002-23,23,350,WS
0.7271977969836916,-0.5041270695989754,-0.5760405153717242,0.15433962693674827,0.6145705116743208,0.4764588646169853,0.07191344577274883,kz003-22,22,195,WS
-0.37738451467168155,0.8325755670903014,0.6041343459088891,0.15062374982911825,0.5613808907776815,0.5623258925986512,0.2284412211814123,kz004-20,20,45,WS
-0.06841532660791878,-0.5662407321201918,-0.04575420133426199,0.15563054490334788,0.6239708669284999,0.5442084843260483,-0.5204865307859298,mk001-22,22,49,WS
-0.062283280628106764,0.4895115065138336,-0.05806565135065919,0.14531708236509808,0.5086828070444094,0.5260233902602,0.5475771578644928,mk002-20,20,53,WS
-1.3428089969049284,-0.20453132058534654,-0.16485045346957256,0.5467798481933488,0.9555033943686448,0.9460688973676561,-0.03968086711577398,mk003-18,18,1,WS
-1.3428089969049284,-0.20453132058534654,-0.16485045346957256,0.5467798481933488,0.9555033943686448,0.9460688973676561,-0.03968086711577398,mk003-20,20,1,WS
-0.025963204490986,0.03512348920722398,-1.3233417662125717,0.10427193565547817,0.4257090751637239,0.6626088402146317,1.3584652554197958,mm001-20,20,34,WS
-0.2711177644734124,0.6458190883611193,-0.3642212196466702,0.19412581289608344,0.6853667406298547,0.6980845601579937,1.0100403080077895,mm002-19,19,34,WS
0.3987484885767141,-0.7769239781015242,-1.132741911321653,0.022684005248780132,0.18592775828418848,0.339137175323201,0.3558179332201288,mn001-21,21,80,WS
-1.3428089969049284,-0.20453132058534654,-0.16485045346957256,0.5467798481933488,0.9555033943686448,0.9460688973676561,-0.03968086711577398,mn002-21,21,4,WS
-0.32320943697063614,-0.6210813446698338,0.43098779298380563,0.20516800915580002,0.79055823467033,0.649628541064217,-1.0520691376536395,mn003-20,20,33,WS
-0.271127122540362,1.6294004686558974,1.0491673487750117,0.18723665949711554,0.5968373245832259,0.5789695869462784,0.5802331198808857,mn004-20,20,76,WS
0.39738187571068934,0.022612765234786773,-1.6146659941596335,0.03225542497423188,0.14341671112411677,0.43623714891669363,1.6372787593944202,mn005-20,20,89,WS
0.754211089802468,-1.224867450119015,-1.6446383100482955,0.12735360387813555,0.4920896566505107,0.4459197406300101,0.4197708599292804,mn006-19,19,119,WS
0.79999662230462,-0.8149198419228868,-1.3954813183984953,0.001208300202837304,0.0762956157247697,0.21034802068301894,0.5805614764756085,mn006-22,22,169,WS
0.3984075163834278,0.8080680165904706,-0.06473247906216473,0.025188439185042356,0.1007507234440826,0.18595121525615682,0.8728004956526353,mn007-21,21,155,WS
0.3709142320146971,-1.2459562570859428,-1.255813788267843,0.10393882242097094,0.45888356917652307,0.457930808339223,0.009857531181900248,mn008-19,19,72,WS
0.7999759213994707,-1.1887165309209191,-2.170393723898705,0.0031484358396926364,0.0709834146609457,0.29475398119136687,0.9816771929777861,mn008-21,21,154,WS
-0.3701534660114329,-0.21270952156072048,-0.12996538922238204,0.20163230472034568,0.7572072599781646,0.7047322803880554,-0.08274413233833844,mn009-18,18,21,WS
-0.19154993984217442,-0.4555555135366225,5.360646995757178e-4,0.20608816814820033,0.7703318159803545,0.6554675770276069,-0.4560915782361982,mn010-18,18,30,WS
0.07277489319278971,-1.084292934322943,-1.0585110670007518,0.16006981926455466,0.7187876556534324,0.6335926657298834,-0.025781867322191232,mn011-18,18,31,WS
-0.561722199190722,1.2477917907408995,-0.5877444922576139,0.21758157381711907,0.7008053999358049,0.8184907209990652,1.8355362829985133,s1001-19,19,28,WS
0.7975489579345735,1.9876133064700916,1.3107474014265585,0.031217807710517066,0.18867092680773234,0.2091172104812273,0.6768659050435331,s1002-27,27,490,WS
0.41376636203154465,-0.587992090081856,-1.0184236627419996,0.07292031104445112,0.3513395737851445,0.36966172977574235,0.43043157266014354,s1003-18,18,89,WS
1.9999171775833817,-1.216546691998715,0.2607148542136859,0.027980955925267215,0.2498405661352676,0.5844488961858505,-1.4772615462124008,s1004-29,29,654,WS
0.5281768235849407,1.063144146911384,-0.6629720618308379,0.18665859565002843,0.7364261989039036,0.6048996291847796,1.726116208742222,s1005-24,24,202,WS
0.3895068451648017,-1.6806455770034971,-2.134899688591396,0.06613493113666534,0.38310340936742826,0.5638860631858803,0.45425411158789863,s1006-20,20,35,WS
0.035545230071065664,0.6061930017131694,1.027688366555613,0.11384615803353523,0.4494748760215174,0.3774259809694443,-0.42149536484244354,s1007-27,27,79,WS
-0.33505972717570426,2.936414785234308,-0.847570245825541,0.14753118508854737,0.5215534061626634,0.760070120933746,3.783985031059849,s1008-23,23,103,WS
-0.6505673649866489,-0.6882063948163258,0.9785955009832732,0.2688508638151999,0.8706759231965259,0.749159991637037,-1.666801895799599,s1009-20,20,12,WS
0.810897488988634,1.1511875932139033,1.268651521493667,0.06511712858984786,0.26600751846464327,0.2739621625229461,-0.1174639282797636,s1010-22,22,451,WS
0.037640873096932384,-0.8339060198052134,-0.08857013888605647,0.12559154245971857,0.5971240571705722,0.47815405701705566,-0.7453358809191569,s1011-18,18,48,WS
1.2000007414418241,0.028466053533986044,0.4037169561542579,8.923725013882454e-4,0.10503294352628595,0.0662912975632155,-0.37525090262027183,s1012-30,30,499,WS
0.8000001765308504,-0.0012746998526137312,0.32027945979156613,2.809513224273273e-4,0.025274036156561517,0.15979504472617406,-0.3215541596441799,s1013-27,27,333,WS
0.3908852200577144,1.3881771588391978,-0.5572440439039006,0.05968946969717195,0.2911452060318854,0.29789508404839965,1.9454212027430984,s1014-27,27,182,WS
-2.576554743448115e-4,1.0801245173434155,-0.47991339361745944,0.01928179245679129,0.1951738641056546,0.44349837968642963,1.560037910960875,s1015-26,26,59,WS
0.12000748983094242,0.008603174315615351,0.9414547106158552,0.18331583664650306,0.6922396797120308,0.5769450493439864,-0.9328515363002399,s1016-29,29,89,WS
0.3995453621450109,-0.8978765456828036,-0.3681939204189168,0.015064357858912834,0.2016440610818638,0.21657471921741764,-0.5296826252638869,s1017-19,19,70,WS
0.3999998935570026,0.8006197121748826,0.3533868448276649,3.7491302436448644e-4,0.026074843884386092,0.1319551491282781,0.4472328673472177,s1018-20,20,169,WS
1.1998351406234113,-0.4008033360976902,-0.3998534361656041,0.008118902803158036,0.04851206235569125,0.03058361186902461,-9.498999320861068e-4,s1019-28,28,432,WS
-0.01330979479463524,0.8660676960127086,-0.5240902349289905,0.07190551015263699,0.2625695555026501,0.4855862363801813,1.3901579309416991,s1020-18,18,55,WS
0.800014662609818,0.7965532866420022,0.8019145729837197,0.0024217839473375507,0.04250489518332162,0.029906224401798274,-0.005361286341717508,s1021-24,24,408,WS
0.4000023063930539,1.9963954781058808,0.803212250312761,9.82257486227707e-4,0.04531888334004202,0.0468613887261755,1.1931832277931198,s1022-28,28,316,WS
0.7997572899138301,-1.194049889016034,-0.44928559322437783,0.009850257252152418,0.06723882667307211,0.13585249102972638,-0.7447642957916563,s1023-23,23,194,WS
0.7939537594017949,0.20295669880070605,-0.778314183574461,0.048805114657585004,0.26488455859994536,0.16459947007113737,0.981270882375167,s1024-26,26,232,WS
0.8000250712580961,0.7294440132574628,0.39670678872121873,0.0031667083392453894,0.1529038872774448,0.03755192538619054,0.33273722453624405,s1025-30,30,333,WS
-0.4000612250537527,1.9319224373590724,0.30023329105515506,0.08588954380716689,0.3094891803019992,0.5511608390597916,1.6316891463039174,s1026-21,21,39,WS
-0.2734234351301022,1.585604165462215,0.892423408329867,0.18645261045276404,0.5996241234201278,0.5838958112612852,0.6931807571323481,s1027-20,20,47,WS
-0.0859079515585533,-0.6210193725252501,-0.3856916036733685,0.16951988369920176,0.6679029959392324,0.6039137813869695,-0.23532776885188156,s1028-21,21,22,WS
0.04083022425209998,0.4961780473703736,-0.19292617052475544,0.12119873441171042,0.4855362255385021,0.4811421680789949,0.689104217895129,s1029-21,21,57,WS
0.40015282520237094,0.3975418137862791,0.40792113120624557,0.007817248744079987,0.04845247914653893,0.08790777492769399,-0.01037931741996645,s1030-22,22,170,WS
0.3915343775583123,-0.6906888580858229,-1.0342813478873694,0.05758608886634781,0.27967518476736963,0.3550483152038447,0.34359248980154644,s1031-18,18,64,WS
-0.029580751815380286,-0.9119947096965091,-0.12405947143904889,0.1259366275439804,0.5819658074835304,0.49424999804262315,-0.7879352382574603,s1032-18,18,45,WS
0.11504004086534546,0.834546758184276,-0.018568392295793802,0.1810576367067553,0.6010349559507315,0.5780247736489323,0.8531151504800698,s1033-23,23,80,WS
0.400019149508421,1.197214610104604,1.3677831960577733,0.002767633232786533,0.036404461121739826,0.19762059807652313,-0.17056858595316937,s1034-21,21,259,WS
-0.0027573496189601835,0.8856791109603825,-0.6487444916142592,0.03458239455914698,0.200424936946398,0.4849146417477293,1.5344236025746416,s1035-18,18,56,WS
-3.0620709330300965e-4,2.3815360946572284,0.7382840481340912,0.011066875947577836,0.092848703458945,0.2265137758848106,1.6432520465231373,s1036-28,28,146,WS
1.1997399786530056,-0.8489775549239706,-0.799223077528134,0.01019514247052772,0.13670260825313843,0.0339285549210424,-0.049754477395836605,s1037-24,24,378,WS
1.1979463127845218,1.6215128095212696,1.4083471696618026,0.029356402360153886,0.25787493156560076,0.265934754543127,0.21316563985946702,s1038-29,29,604,WS
-0.23750130836485778,-0.21217031203281483,-1.0013206402821995,0.21102898981455984,0.7751197440522947,0.7686080049276846,0.7891503282493846,s1039-25,25,15,WS
1.4572068335425157,-1.181287292785776,-0.23493053600759017,0.1916438838018538,0.660572205179501,0.6975077112591203,-0.9463567567781859,s1040-26,26,513,WS
0.8034097044674343,0.9665881573508693,0.6937107173406012,0.03677303059800507,0.23997976846341604,0.21763984742942805,0.27287744001026815,s1041-24,24,399,WS
0.8002801350846641,-0.002619651654716549,-6.137741649288952e-4,0.010581850484669867,0.04992198302030172,0.03789482543990605,-0.0020058774897876537,s1042-30,30,286,WS
-0.42614974973338254,1.3935500340160962,-0.7285435410274657,0.1467788356185794,0.5053057198785734,0.7700953843044368,2.1220935750435617,s1043-18,18,21,WS
0.33830251555398044,-1.4192696151797426,-0.21845902782625323,0.14450987157736037,0.6160424536323046,0.4680997880550717,-1.2008105873534893,s1044-23,23,76,WS
-0.3592444993228541,0.9570641320235366,0.20903907352550385,0.1537840627356073,0.5598235380341564,0.6123909937191477,0.7480250584980327,s1045-18,18,29,WS
-2.920431996983929e-4,1.2497551968275418,0.6246472231235638,0.012229711525705426,0.13869937808747904,0.2486828124176025,0.625107973703978,s1046-19,19,90,WS
0.40427397330045006,1.7273593185973546,1.2582704245823624,0.04112569126812312,0.2385496758042083,0.20084674749710327,0.4690888940149922,s1047-20,20,303,WS
-0.8942551129550244,0.4130612468794483,-0.33140162551481267,0.332798917239525,0.8835902625030717,0.8936837889214184,0.744462872394261,s1048-19,19,11,WS
0.7999982049036283,1.1362565452607163,0.24718063271606697,0.0010222970130086783,0.14682797729862124,0.19438798665793372,0.8890759125446493,s1049-27,27,349,WS
-0.6295332603367709,0.4860029976597416,-0.528654072896332,0.2550652776795267,0.8093855567864534,0.8417952124554878,1.0146570705560736,s1050-18,18,17,WS
-0.08841938454707025,1.7912629037955186,1.0215601830654264,0.16598181808649684,0.5469495212837736,0.5119562339586133,0.7697027207300922,s1051-20,20,101,WS
0.39997365913103794,1.156341392530071,0.8445332910903969,0.0032461199457549145,0.12528032466721453,0.12643525182506898,0.3118081014396741,s1052-29,29,187,WS
0.8058897865736034,-0.02233420734547911,-0.754276871471759,0.04817909343308665,0.19122956370474453,0.21114603157987638,0.73194266412628,s1053-25,25,228,WS
0.0018285836086331321,1.1751824568987792,0.7467436249467164,0.027194348731380817,0.13513498090489395,0.23548130760102168,0.4284388319520628,s1054-22,22,81,WS
0.7999980962383939,-1.4465358424435695,-0.7989110786181701,0.0016813090269146376,0.1950650454653333,0.06859734238989644,-0.6476247638253994,s1055-24,24,146,WS
0.0016603257278287563,0.4584670634976565,0.01957901544874887,0.03846592456177871,0.23645512524591944,0.3561366216085575,0.43888804804890763,s1056-19,19,47,WS
0.027152176217122254,-0.2748589841800552,1.0040874640200423,0.1026233307288354,0.4772524477225297,0.35757486112292586,-1.2789464482000976,s1057-18,18,60,WS
0.40049139434686587,0.9838769645079735,-0.5759619279139488,0.01401134612205166,0.2052413143026148,0.24721555374072468,1.5598388924219222,s1058-28,28,192,WS
0.4000016326366389,1.601808859368274,0.9906802151272945,8.127422847111159e-4,0.032551068387170506,0.19981774975819544,0.6111286442409795,s1059-22,22,250,WS
0.023842967354831785,0.08115823013021195,0.13685872052911024,0.09624829021301995,0.42981455724165407,0.40567951182642814,-0.055700490398898295,s1060-18,18,59,WS
0.801104759253397,0.779626705088094,0.396030336059989,0.020992456061751246,0.11456602209530867,0.06761602680916594,0.38359636902810496,s1061-27,27,384,WS
0.8000032231333524,-0.4004701594634835,-0.01801139952244909,0.0011356775139488582,0.022573973099951957,0.08307850980674936,-0.38245875994103445,s1062-25,25,236,WS
0.3999995081797042,1.6265048220599136,0.41644425688204395,5.055802129146224e-4,0.09963388439830126,0.09413853241550982,1.2100605651778698,s1063-21,21,240,WS
1.199973923001704,-0.7780559653055263,0.8182664903036783,0.0032296916479244977,0.09185851991883492,0.13332633494072937,-1.5963224556092046,s1064-30,30,456,WS
0.2389964668534967,0.5027136570540152,-0.34083275823767706,0.19616137569476308,0.6431626776111415,0.6118749065368141,0.8435464152916923,s1065-21,21,80,WS
-0.5047161865759087,-0.07638900387961024,0.48515395011964463,0.22009165534374617,0.7747395169121637,0.6934512272873924,-0.5615429539992549,s1066-19,19,25,WS
0.41571890642430753,-0.22379658493432467,0.38389377898361143,0.07772055554142096,0.3544320030311511,0.26373245318813854,-0.6076903639179361,s1067-22,22,165,WS
0.39799521099413726,-0.6019606647396636,-0.7228445062023864,0.02830379066748426,0.22738537902287276,0.27940509831178545,0.1208838414627228,s1068-20,20,61,WS
-0.7209055601940844,-0.6114414724975124,0.35691482964550114,0.3040144374483509,0.8898682432283823,0.8134266508506821,-0.9683563021430135,s1069-20,20,10,WS
-0.011828833983254707,-0.8141820279562326,-0.5434458484264096,0.1110482701945426,0.5393000055906874,0.5268831025452143,-0.270736179529823,s1070-22,22,27,WS
0.8608540662993495,0.19049642574115883,0.214731718895379,0.14366074319235247,0.5354654832549522,0.43870657756740455,-0.024235293154220183,s1071-25,25,339,WS
0.4091046254199931,-1.0017451397698525,-0.036284695747070626,0.05967623288693735,0.3311235890434881,0.23108826767801635,-0.9654604440227819,s1072-23,23,95,WS
0.8000025661557172,0.41487383717864634,-0.38451666864483375,0.0010138152218224497,0.07593686087060576,0.07789408726131439,0.79939050582348,s1073-24,24,295,WS
0.39998568458115313,-0.4944544195564493,-0.16319252400627002,0.006129131832399375,0.17507762636556934,0.20838159983780982,-0.33126189555017926,s1074-22,22,73,WS
-0.9669902243889403,0.23749568602943164,-0.294929541527169,0.3694917230879459,0.903998848772345,0.905490193387431,0.5324252275566006,s1075-21,21,17,WS
0.80037174849360615,1.5358028476553125,0.12800903174454553,0.012190073457031702,0.15549790207255423,0.19129867270866113,1.407793815910767,s1076-22,22,391,WS
-0.5010511092760348,1.5221996610761865,-0.6475708874798912,0.18784259949981993,0.6049720156314387,0.796051639593319,2.1697705485560776,s1077-21,21,23,WS
8.261696995146555e-4,1.1968072175603761,0.2813312828839096,0.018705913713254495,0.09481871409090223,0.3006399210081922,0.9154759346764665,s1078-21,21,75,WS
0.7381467251493097,0.6471914634769322,0.2707640381698263,0.14462185979496212,0.5773036927957365,0.5430008376420122,0.37642742530710593,s1079-22,22,314,WS
1.5981028095661358,-2.3422986082748385,-1.6364081346777557,0.027482301280133924,0.16996414394777032,0.14949297747551452,-0.7058904735970828,s1080-24,24,446,WS
1.2002180369019184,-1.1974824801826456,0.39304331704933004,0.009336339135267017,0.05177163693651234,0.07634486733778922,-1.5905257972319755,s1081-24,24,455,WS
0.8767616117069389,2.1913513736228345,-0.659030878060768,0.15751932023512663,0.715015478112533,0.5145183256288983,2.8503822516836026,s1082-30,30,412,WS
1.6004986467891418,-0.340262496785979,-0.3563352594389259,0.014424106646047033,0.1871740493506345,0.17469604201398048,0.016072762652946937,s1084-29,29,567,WS
0.3999999551012386,1.231388965695419,0.7963290810037169,3.1476175729582305e-4,0.10761810325885952,0.04790224743948319,0.435059884691702,s1085-30,30,234,WS
0.8000002683455381,-1.194698804357865,-0.3345280143645208,8.377378445633602e-4,0.05563222880042444,0.14808209890733692,-0.8601707899933442,s1086-25,25,187,WS
0.8000841112276961,0.0011041352681396839,0.35778364583643385,0.005799778217190055,0.03470228108584327,0.12442746200304855,-0.35667951056829417,s1087-26,26,314,WS
1.2094976703598737,-1.2110467605405595,-1.62775715889544,0.06090043022741348,0.23126787961214806,0.1876561533611622,0.41671039835488055,s1088-27,27,308,WS
1.6000602015567706,-0.4454287423624067,-0.7323245311044252,0.006351717051049269,0.1738472022840627,0.1539961626378603,0.2868957887420185,s1089-30,30,552,WS
-0.8942551129550244,0.4130612468794483,-0.33140162551481267,0.332798917239525,0.8835902625030717,0.8936837889214184,0.744462872394261,sk001-18,18,9,WS
0.7996601512866293,0.405238885878539,-0.8072844229483607,0.011654355639190294,0.06152834516800891,0.082955250582656,1.2125233088268996,sm001-23,23,266,WS
0.03734171402731854,-0.7287729140031011,0.1421884862339244,0.12284755440781095,0.5795856353426903,0.4516801259593712,-0.8709614002370255,sm002-20,20,42,WS
-0.7595581564686803,-0.5656602324781739,0.5157805139781987,0.30902018011047705,0.8937284116587055,0.8141393332612147,-1.0814407464563724,sm003-18,18,1,WS
-0.45382448372786727,-0.9851478202979276,0.9601098674804025,0.22421317613250805,0.835661191715062,0.6657132743785219,-1.94525768777833,sm003-20,20,5,WS
-0.22188472726436326,-0.19324142632260413,-0.45878161385971117,0.20783989534008315,0.7652220892487285,0.7042127830781456,0.26554018753710706,sm004-20,20,23,WS
0.016966544403854242,-0.22590133205370594,0.7674156885478823,0.08551807310610712,0.4229663587308362,0.3279749361129354,-0.9933170206015882,sm005-23,23,65,WS
0.3988644031769136,-0.8443449989962882,-2.153339110232973,0.022293068672408104,0.1928593903671761,0.547771197286796,1.3089941112366845,sm006-21,21,67,WS
0.36562722477167336,-1.1791366698034087,-0.8621422193989566,0.11214068838273906,0.4809894911073728,0.429780345566692,-0.31699445040445207,sm007-22,22,81,WS
1.5999994709330307,-2.8190857639635367,-2.455917422489488,5.35869302270955e-4,0.0854175932490726,0.1387235491860757,-0.36316834147404853,sm008-18,18,317,WS
1.5999994709330307,-2.8190857639635367,-2.455917422489488,5.35869302270955e-4,0.0854175932490726,0.1387235491860757,-0.36316834147404853,sm008-21,21,317,WS
0.3987949787952832,-1.442072338592439,-1.0733290871258376,0.029304099260792065,0.2810956097596437,0.33251122591446264,-0.36874325146660136,st001-19,19,64,WS
0.045093250231736506,-0.27244329539584033,-0.254508719413942,0.12818985985306539,0.5533120167410149,0.49860980755616147,-0.01793457598189835,st002-18,18,37,WS
0.07987203806540097,-0.5494361289271252,-0.7996597602920096,0.16110520412079407,0.6795590666317811,0.602084498122099,0.25022363136488435,st003-18,18,36,WS
-0.764938768154631,0.785255969914711,-0.412071312235128,0.27634727496086303,0.8310297761899132,0.8687738614037872,1.197327282149839,st004-18,18,12,WS
1.9910859213717573,-1.9078572145622976,0.2892923313358913,0.059066017610873184,0.2728944694130697,0.5999475326564085,-2.197149545898189,f1-36,36,639,WS
1.599956761555166,0.2379814555896025,1.6442572258523669,0.024005981584933143,0.26010525761366954,0.5803381468213855,-1.4062757702627644,f11-36,36,629,WS
1.6062491552903793,1.3231213645262572,1.3330088839294156,0.05546047292650295,0.4051281326847766,0.5332307079168508,-0.009887519403158462,f12-37,37,662,WS
1.484071125810227,0.14592433072614028,1.1242135585409343,0.1814721480996168,0.7923978318986736,0.6939848953691276,-0.978289227814794,f17-37,37,596,WS
2.28017171116365,-0.6015847209646913,-0.09840962429335899,0.18824516407173877,0.8041936139039921,0.7814712851964365,-0.5031750966713323,f18-36,36,700,WS
1.5994777728664118,-1.1924642866812172,-1.197866122753487,0.014443682499644745,0.09213459870648424,0.059365594773709035,0.00540183607226985,f2-38,38,505,WS
1.1996373677106882,0.9551690607480556,2.1049287497842326,0.013281004209475415,0.21067282001167864,0.3679360155780913,-1.149759689036177,f20-38,38,603,WS
1.5998631256766078,-0.4572056137122208,-0.32058299068585333,0.008433645215563366,0.17954212768700128,0.18549674321469523,-0.13662262302636746,f6-38,38,596,WS
1.985659257790711,-0.8420312365940906,0.7842020037337926,0.07587016512096305,0.4100623075916342,0.7016136719438443,-1.6262332403278832,f8-36,36,643,WS
1.667446841671116,0.3990768625172478,1.132236242539239,0.1498070453205533,0.6751214140104989,0.6438857790115026,-0.7331593800219911,f9-38,38,658,WS
1.1999579387795825,1.2390312495236366,0.8582993150260441,0.009680554332711314,0.19224873541063023,0.1607980136363962,0.3807319344975926,m1-36,36,589,WS
0.4002226324395934,-0.3751413166184141,-0.059582509910650325,0.009519554517823943,0.12464614068119775,0.16738212809000472,-0.31555880670776376,m12-37,37,111,WS
1.5735459151859452,-0.036454942156206836,0.0867854136381024,0.09941103833023783,0.4818063492470161,0.4080401766081659,-0.12324035579430923,m14-38,38,536,WS
1.2004249054530982,1.1836019034428713,1.544224507469581,0.01464425292248988,0.19340918288399564,0.27161687656255185,-0.36062260402670976,m15-36,36,583,WS
1.200081900615343,0.023993241629226662,-0.3670035473225058,0.005723829216495396,0.10062064513712465,0.11182789207018887,0.39099678895173245,m16-36,36,460,WS
1.5975044036285941,1.1471364855788255,0.28761304183041014,0.03787752017629806,0.35395619640758025,0.312303485026434,0.8595234437484154,m17-38,38,653,WS
1.5934675971352947,0.13262928021115727,0.6189792904330635,0.050876360328768515,0.31653204455532175,0.3845995023480262,-0.48635001022190627,m19-38,38,602,WS
1.2034010185034036,0.3741436001395272,0.8481230073565681,0.03672677683519657,0.17711722009340086,0.19875335902400956,-0.4739794072170409,m20-38,38,534,WS
1.2003279832394371,1.385281541905271,1.0124841395642785,0.014432661972313873,0.22804860708823457,0.21828181178817224,0.37279740234099257,m21-37,37,569,WS
0.8063164512982013,0.7895010118918366,-0.01081202984241428,0.04986665182630748,0.208369150229574,0.16101844687828487,0.8003130417342509,m23-36,36,368,WS
1.8969919701832125,0.49151714962217286,0.20320917905143254,0.17525660036843435,0.8369253909379314,0.6879490151355443,0.2883079705707403,m28-38,38,647,WS
1.599724374234945,0.3107833758923043,1.8354259183052029,0.02643464515417649,0.2678440065800177,0.620207735116222,-1.5246425424128986,m3-38,38,626,WS
1.2000027408018592,-0.8355690732199804,-0.40000788867303766,0.0010471340180913404,0.11395016213623174,0.016778616177233825,-0.43556118454694276,m30-37,37,357,WS
1.2000848981853582,0.5641173237221566,1.3792164056931167,0.006370426075908389,0.20023597201236523,0.24150784454516525,-0.81509908197096,m31-38,38,583,WS
1.5764469884867427,-0.28402397224290205,1.158051715555712,0.094165348078600275,0.4294728110903551,0.5367827641515726,-1.442075687798614,m32-36,36,620,WS
2.750974292412097,0.06862443620419516,0.2913644550603003,0.27470315485990127,0.9032986478977856,0.9262644638407527,-0.22274001885610512,m34-38,38,704,WS
1.7383903383369104,0.9213680612930198,1.124103404739913,0.1903484035081204,0.8843001506705495,0.7333074045561638,-0.20273534344689315,m35-38,38,678,WS
1.6014605223109482,1.1712035700110106,0.8389372346743748,0.0385755894499936,0.35456237551383335,0.41586714818500164,0.33226633533663585,m37-36,36,662,WS
1.2003513878599628,0.9579606993415364,1.651340810935813,0.012839554397731002,0.21001367876650778,0.28541991938650957,-0.6933801115942766,m39-38,38,569,WS
1.2025519379165943,0.2825508832186353,1.1754988255508503,0.03184783563575122,0.21556296848441264,0.2316739362414481,-0.892947942332215,m40-38,38,523,WS
-0.870404796023108,0.3993004873681586,-0.34604298965555436,0.3257819263107836,0.8797508505230498,0.8898904072041396,0.745343477023713,m41-36,36,11,WS
1.6574751827503271,0.12180857440165811,1.5156256651269777,0.1403370431028273,0.6134113085735776,0.6711314456635862,-1.3938170907253196,m42-38,38,669,WS
1.2005436998310832,0.9188070257630724,0.8425175300624786,0.014885973967724913,0.20187656520052671,0.15599124781101295,0.07628949570059373,m50-36,36,579,WS
1.9913859917598007,-2.485128092548844,-1.1856501286942451,0.05806431799545541,0.2646404378726411,0.3151345772137066,-1.299477963854599,m52-37,37,571,WS
1.5989101804578227,-0.9474393870554099,1.0875673745424854,0.02086450851102514,0.2118658476215578,0.45746190792834135,-2.035006761597895,m54-37,37,635,WS
0.8241076633222305,1.210445959945308,0.30731467829661324,0.09519393850032777,0.4228367690414324,0.3419990023003027,0.9031312816486947,m55-36,36,347,WS
1.2000015589941777,-0.0068906346736094075,0.8289955553292963,0.001134411207579481,0.0657132561978159,0.1384346794503879,-0.8358861900029056,m56-38,38,504,WS
1.2000038261581842,0.1434253074654784,1.0180818616930518,0.002046730859390989,0.19226770914061517,0.213105436296749,-0.8746565542275734,m57-36,36,545,WS
1.6041585920415122,0.7298257909359493,1.634737464990022,0.04494549519299164,0.33405397605594017,0.5874156980398888,-0.9049116740540726,m59-38,38,657,WS
0.8000499401070261,1.5918466007906802,0.0014099917871736416,0.004478168575592904,0.08595184344568964,0.0303466112459792,1.5904366090035065,m6-36,36,351,WS
1.5987005753147296,-0.41107955018484116,-0.05186063894288499,0.02284602407801245,0.1908921358523513,0.24422762670018636,-0.35921891124195615,m8-37,37,588,WS
