G,S1_noun,S2_predicate,SE_G,SE_S1_noun,SE_S2_predicate,noun_predicate_bias,data_id,age,production
1.204688405774539,0.0222692985265759,0.2751878508447723,0.045960003777617484,0.19812020232067057,0.22477297206295202,-0.25291855231819643,396601,25,546
-1.4711469617087702e-4,0.6108902915239773,0.41195482987557486,0.008068358542881612,0.20079624649524513,0.08527015414401966,0.19893546164840248,396602,26,186
1.6201350938004926,0.3235939784882154,1.1219054490020555,0.139368900127129,0.4433332631356347,0.5335690776606787,-0.7983114705138401,396609,25,647
0.40055199206221354,1.4250636144207647,0.8833653383096279,0.015581616514420072,0.20418941300964644,0.16701480181547462,0.5416982761111367,396616,24,385
0.8023307532367832,-0.688042297014417,-0.3878832464563453,0.030444728140370463,0.1976299396755107,0.10256104573269982,-0.3001590505580717,396621,25,327
1.1951524734695378,0.41193760672652546,0.05937739659689169,0.04597743527790782,0.2264095745104565,0.18497091595317064,0.3525602101296338,396624,25,537
1.6009040344625747,0.2673852861029682,0.6288478384047185,0.12268154047746209,0.41289334963458235,0.4450734124457667,-0.3614625523017503,396625,23,604
-0.8685190165940675,0.03861723026161351,1.0757084451127228,0.1614519549218954,0.4445297853159225,0.32716964293341405,-1.0370912148511093,396627,25,58
0.40674377014995944,-0.9371143676565109,-0.008902190087624568,0.05149798126251485,0.23380200273022356,0.12248067593563461,-0.9282121775688863,396643,24,217
0.7996003896618951,-0.840438495566475,0.4428743806304798,0.01275066459107947,0.12741600772242936,0.12862573930825588,-1.2833128761969548,396647,24,367
-0.06946120224076283,-0.6353102481289077,-0.29736764327661996,0.15160397500924455,0.42544204984566864,0.3947546656469443,-0.3379426048522877,396654,23,101
0.93037814168109,1.456073002715754,0.7847980435108685,0.187593807113799,0.5820742035467782,0.530560345023082,0.6712749592048856,396664,28,534
0.43403572425401904,1.553186847083398,1.1004107959757652,0.11160788463584283,0.3607097030789353,0.319732261696465,0.45277605110763286,396665,25,417
-0.77562724880841,1.4474733194673297,1.2967377054748277,0.09715806500590965,0.3080453733001621,0.2585059622652863,0.15073561399250202,396670,20,106
-0.39858294296418834,2.3899534735888364,1.1719311269950492,0.023860262188585682,0.10040725617356996,0.12227947415454521,1.2180223465937872,396672,24,220
-0.3931989307806424,-0.059826227895084794,0.35755842289798584,0.06036338215097067,0.2200741887569998,0.24253452897941855,-0.41738465079307063,396673,24,81
-0.40030443108008723,2.4205082702604295,0.8773883359801942,0.012636354447082918,0.1001108943813635,0.1686593923147795,1.5431199342802353,396682,21,209
-1.1003143018933996,1.0655259187756692,-0.04295796475099594,0.20943536443181926,0.5185010599171139,0.6780834248162962,1.108483883526665,396687,17,41
-0.13275938176170604,0.7261967164008128,-0.17358968647857592,0.18835896574872557,0.49991629142116384,0.46416516441636746,0.8997864028793887,396689,25,159
-0.7689117996887395,0.6193353259687729,-0.43856387456456125,0.15106015506834333,0.4171508901709261,0.6235559364042937,1.0578992005333343,396690,18,52
-0.717862315779407,0.19369369204982737,-0.37342846594590196,0.18060285992742725,0.48157614196258536,0.6220192259704075,0.5671221579957293,396693,20,52
2.2346322331294823e-5,0.715133178590894,-0.21787612780461546,0.012569384471594301,0.16688145965171033,0.2179621406275189,0.9330093063955094,396706,22,184
0.399293598961542,0.04983148797070158,-0.050229564240324015,0.01679872742459508,0.13891273489987785,0.13894648721279604,0.1000610522110256,396708,28,261
0.7909064063093816,-0.3838093621315735,0.013532683348288436,0.05962168915149219,0.18775747932853032,0.13882176268103105,-0.39734204547986196,396712,23,353
-0.7834175772963746,1.5915202036697063,1.7674269905505815,0.08017403663592042,0.2142716148119014,0.25061783128056137,-0.17590678688087524,396720,23,104
-0.0012060058838828957,0.8044080430590573,0.11996682479177942,0.0219599591562565,0.08124171841109823,0.19311054978906084,0.6844412182672779,396721,30,214
-0.8581431173793522,0.31073454771096626,-0.6961979620133643,0.18983896044817838,0.5001002778843004,0.7143990806322512,1.0069325097243305,396722,17,44
-0.03178636975905135,0.3714220085913296,0.044981887500764484,0.10818866511357408,0.3083121268949575,0.26014995508172717,0.32644012109056514,396726,23,152
-0.7715805046602788,1.0769393229550668,1.198601804649438,0.1048681750920743,0.30895541195764925,0.25467996698232387,-0.12166248169437122,396727,17,91
-1.3192937160513876,0.4243361570805224,-0.5828155865402465,0.27161087868147993,0.6625599829292425,0.8389887846724906,1.0071517436207689,396730,16,22
0.4023516777204922,1.4328063544627687,1.6535702532798495,0.03142036443960991,0.2165303019295611,0.16690696549774295,-0.2207638988170808,396742,25,443
-0.015444406695366552,-0.7694501877196896,-1.6221044479300528,0.08192797561610991,0.2514418435661156,0.46501878487931875,0.8526542602103632,396753,18,95
-2.20717926901261,-0.6879018354483133,-0.1732295892206518,0.5116340664250182,0.9019463477620138,0.9324033117737732,-0.5146722462276615,396755,18,7
-0.49558023624576414,-0.4634353339883418,-0.649681960281737,0.17855494826227306,0.4968506418609937,0.5907809755359219,0.18624662629339517,396763,18,50
-1.0139483703033476,0.35949567093197404,-0.87264995794399,0.23141844070818243,0.5832880874030388,0.8001189713952934,1.232145628875964,396770,19,39
-0.8101118230421754,-0.2775540570278289,-0.2436185426637559,0.19203826986100753,0.5262219070941871,0.6239394645155111,-0.03393551436407302,396781,24,46
-0.6084143967160469,0.3149399249946491,-1.4210694946159763,0.2030376470281373,0.5298955435716481,0.756416275811711,1.7360094196106255,396788,21,58
-0.4355732076796639,0.4937095205528063,-0.8011210668960081,0.1158919256161859,0.3131143496551798,0.5281852094430848,1.2948305874488144,396791,19,84
-0.38878408936053205,1.9895842021403611,1.744193356828928,0.0660557877611567,0.20598184632129618,0.25230988201004245,0.24539084531143307,396796,20,234
0.40027346818427806,0.831333345115952,0.8839957754277885,0.010908681851740223,0.11610148192278186,0.16519733573785647,-0.05266243031183648,396797,20,358
0.4158889406827711,1.6513953586241072,1.1472094684222425,0.07813041644271665,0.2891333004813904,0.23189920854600093,0.5041858902018648,396799,25,417
-0.6798705562567957,0.8408054991903194,-0.9779176382091529,0.18663782754887642,0.5078475396188618,0.7148916810925592,1.8187231373994723,396803,20,61
-0.3999305406317287,1.559426299067359,1.2071480040126905,0.010074589031031872,0.1245495113891762,0.09835302154781131,0.35227829505466857,396806,19,163
0.7923843167927698,0.9168069017039826,0.7862280330983362,0.05484397177924456,0.24206392288203216,0.19249752611976104,0.13057886860564638,396815,20,459
-0.39098431929245586,0.7355983571880724,0.7241454058708234,0.059560422866422755,0.2085357374971239,0.19911654724325947,0.011452951317248994,396819,23,124
-0.595154811330589,0.936468165030836,0.38833979915511,0.20008732304666485,0.5491343286261978,0.4564311341118585,0.5481283658757259,396838,21,86
-2.20717926901261,-0.6879018354483133,-0.1732295892206518,0.5116340664250182,0.9019463477620138,0.9324033117737732,-0.5146722462276615,396848,21,11
0.8018218892807939,0.3547319362471611,0.7894491500178807,0.027267986963484845,0.15174405787296477,0.12410919373372264,-0.43471721377071965,396850,24,475
-0.5387349435643219,-0.11715328147752807,-0.33518438117631427,0.1929006768148911,0.5078222541389787,0.5681350606332062,0.2180310996987862,396855,19,51
-0.3094953036749726,0.160852855463902,0.11725232876375556,0.1674067010172559,0.46429807827543984,0.43724204321534654,0.04360052670014643,396878,19,104
-1.317621687993865,0.31216659182023054,-0.18261875987507464,0.26885894086125733,0.6613244378175425,0.7806120255716202,0.4947853516953052,396894,18,23
-0.6927697658904892,0.4905558502671619,-0.8991551889890534,0.18573153942696946,0.4944806276829215,0.7065510129946059,1.3897110392562153,396902,18,61
-1.649648592144979,-0.512900592519178,-0.37547964362516906,0.3627401326522822,0.817369737312341,0.8824597060130163,-0.1374209488940089,396907,18,2
-0.400470097235989,2.008950862168887,1.354680304661692,0.014142769148051529,0.07964033997725084,0.1980342885870747,0.654270557507195,396910,25,187
1.075423941467458,1.425261796611253,0.6187925056325626,0.18541004682704137,0.5938309557035418,0.5092543390077825,0.8064692909786905,396924,24,519
0.39076482919792216,1.6231008904060564,0.7590457117620212,0.06007501766782214,0.2142051114653582,0.1972709596992953,0.8640551786440352,396946,24,384
0.8007060203816898,0.6343607297111388,1.2826980552413285,0.0284603716276307,0.21413185303863005,0.19697455032464112,-0.6483373255301897,396951,25,532
-1.4610745160835381,0.488387712065913,-0.4793234588595909,0.2940054254782146,0.7012558553915456,0.8562935576081473,0.967711170925504,396953,18,12
-0.9224819096340156,0.6715513234956073,-0.9745186599795828,0.2028909607029224,0.508627280241587,0.7778092871196116,1.64606998347519,396957,16,37
-0.10551780569102161,-1.2405137319942245,-0.40471251068372105,0.17677824231019842,0.5157703073270596,0.47593975656284765,-0.8358012213105035,396959,22,87
-1.006950219074142e-4,0.38784771844719407,0.4081066619073546,0.006747798844694794,0.07591159930667604,0.08002545919537835,-0.02025894346016055,396980,24,171
0.800029472693047,-1.194911208755412,-0.004284607909103522,0.003477730175288323,0.05675139736878321,0.045283406414138715,-1.1906266008463084,396981,21,375
0.4000021533199637,0.5911978970719329,0.3992343546212021,0.0019374711522336901,0.19998935623616754,0.03322137960951354,0.19196354245073083,396986,24,340
-0.8510998810515468,0.6078568194421576,-0.4549011229569793,0.1707855947555463,0.45194877790961563,0.657477307993226,1.062757942399137,396988,16,48
-1.6745412704146045,-0.3400139088196333,-0.3609253388028642,0.36063667032624336,0.8124374653483973,0.8842679571583563,0.020911429983230923,396992,19,10
0.0021811678158936737,0.8280973271152653,0.4033518296327052,0.029459442734092997,0.13720162489720597,0.1006334101972115,0.4247454974825601,397003,30,228
0.7967530626420459,0.05247316293481094,0.3874383533490427,0.035895163839475885,0.16499542537450798,0.12504008021649865,-0.3349651904142318,397009,24,449
0.013321376031150793,-0.1329197493587861,0.7840417766627379,0.07177229465776028,0.26303956766265957,0.16359307943694162,-0.916961526021524,397020,27,189
1.44212406741129,0.45772700150217893,1.4968718240029484,0.1977109974693202,0.5766424644647933,0.6253542344978413,-1.0391448225007696,397021,30,633
-0.408258828044639,-0.057155024728677103,-0.5056291632938004,0.09280630184787605,0.28512953388320617,0.4450176403169045,0.44847413856512325,397032,16,75
0.0062023743294818265,0.3997051703398427,0.5411231482503135,0.04942224602366015,0.15938006912884206,0.2258132723656163,-0.14141797791047078,397066,24,219
0.7772884833297206,0.08607257090163459,0.07535158184384742,0.09256781528558497,0.28972702025707137,0.2718044290294265,0.010720989057787164,397080,26,428
1.0368229497337946,0.5360361321670313,0.5725184649507712,0.1965908940674441,0.5852539480164807,0.551926484847552,-0.03648233278373991,397084,29,553
1.8727398071327621,0.2554167178735563,0.981654810160052,0.2050589275488032,0.5906189456462582,0.6697885947180695,-0.7262380922864957,397085,28,605
-2.20717926901261,-0.6879018354483133,-0.1732295892206518,0.5116340664250182,0.9019463477620138,0.9324033117737732,-0.5146722462276615,397090,17,9
-1.03325587536028,0.40630450854494976,-0.33826818368008527,0.22797724671734704,0.5751121466202413,0.724377051490697,0.7445726922250351,397091,24,28
0.06670897828764694,1.3890609529397155,0.8359269952776935,0.14910906719809253,0.448587204799355,0.4120751373356925,0.553133957662022,397092,22,278
-0.015559141794149068,0.17085504369905535,0.40396623342510657,0.07734182600776371,0.27771004550238765,0.18931106278726756,-0.23311118972605122,397095,18,166
0.4004633972928717,0.20511492657001304,0.002598012648492362,0.013608477635198589,0.20309017470539617,0.05500244867678525,0.20251691392152069,397097,25,259
0.39997583612612747,-0.3614214989565175,0.7888554249934379,0.003481963208634561,0.11897583350710092,0.06857400829723187,-1.1502769239499553,397103,22,280
-0.7862431679288662,0.420295619669701,0.2596910129279788,0.14002114509424834,0.3878784446166293,0.4606563604523537,0.16060460674172222,397118,18,49
-0.45604781535981526,0.05247994525922076,-0.15701084499685392,0.14184920029315018,0.37594144000857965,0.43849927155495433,0.20949079025607467,397127,23,61
-0.5148964759930152,0.3600979728088184,0.1880529351563884,0.1813444789947302,0.5022059636107715,0.44203687549668863,0.17204503765242998,397130,22,86
-0.7056699931735095,-0.11044443006638213,-0.8288127696050348,0.19710524589007208,0.5330234998225132,0.7065899261482926,0.7183683395386526,397132,24,37
-0.043836635173903904,0.5260114916379008,0.01181906764321686,0.1249526427720996,0.36269310113392916,0.3098886998173118,0.514192423994684,397139,25,160
0.39727868634334634,0.7439947280805166,1.5899177804648716,0.03296572985733836,0.1748828604475424,0.1368730631977879,-0.8459230523843551,397144,27,390
0.3995302630320625,-0.8684809459870362,-0.7394184298853937,0.01457681712630195,0.15657191038594845,0.1641724321064894,-0.12906251610164243,397145,26,195
0.4315647272264072,0.2939112641659154,0.28268224642923373,0.10784043547340048,0.32768501772800757,0.3167822033732455,0.011229017736681668,397150,30,308
-0.7608386153047743,1.3775670417195063,0.703586256140247,0.12236314211113897,0.3680808007704978,0.3418570366752549,0.6739807855792593,397151,22,94
-1.2951243946148019,-0.016809354198571214,-0.6061026619543538,0.28269609901192194,0.697850239135281,0.8396972336096024,0.5892933077557826,397152,21,22
1.3092617640089055,1.085622101814516,1.5864550309515475,0.1821440314309093,0.5558336211882383,0.5771879228621855,-0.5008329291370315,397157,30,641
3.1317646476745913,0.6204440421051193,0.3077542978100664,0.431043905537891,0.8861246606063079,0.9050272203971259,0.31268974429505286,397160,30,674
1.179166799392243,-0.5656797543327182,-1.086786428111561,0.08887910869062524,0.31015331400699225,0.2807709188264406,0.5211066737788427,397173,29,420
-1.9016429062321367,-0.44064803121024637,-0.2624239804552463,0.41457384591588187,0.8555848263534253,0.9069441489542397,-0.17822405075500009,397184,16,10
-0.8630507463250051,0.7987390268170542,-0.3165146616104255,0.16970885027448854,0.43929854110585764,0.6317022227629431,1.1152536884274797,397185,16,48
0.9497461682979546,0.8022742846075048,0.6941874775406073,0.19360000501936964,0.5765785371394367,0.5383667754064364,0.10808680706689755,397191,29,513
-0.2722126555311645,-1.2012782520246503,-0.30236447964094104,0.1882676135633307,0.5515879671762138,0.5354331779913506,-0.8989137723837093,397192,16,39
-0.5965554251401538,1.2216223904203627,1.559995590615433,0.1999763552023801,0.47431555742831427,0.41380743456238367,-0.33837320019507033,397193,23,131
0.8251962004679573,0.7049900784654675,0.3433507366730091,0.09717962259724164,0.3092825945175646,0.2272076267278788,0.3616393417924584,397197,28,474
-0.6650717050209755,0.1832960002844234,0.7037485133749867,0.19051259351031768,0.5038480856705855,0.41339052191618275,-0.5204525130905633,397198,20,62
9.83359297386001e-4,0.4741780166081022,-0.24618824250521665,0.020672410849445665,0.16592444024852024,0.2237128069639763,0.7203662591133189,397199,29,159
-1.7158103639166296,0.20158970689548675,-0.33565544196270064,0.34749621492215066,0.7882320176209432,0.8864884497708229,0.5372451488581874,397200,16,11
-0.34123695712534213,0.25631518265143655,0.24575394499862843,0.14167635325280425,0.38972308412024126,0.3752889652600649,0.010561237652808114,397203,16,102
0.7969883256840169,0.06660708281865295,0.3868836791505505,0.034581424819420135,0.17467418485111869,0.12290318602201043,-0.32027659633189753,397214,24,451
-0.614778862518234,-0.1378163407743267,-0.13261666217322576,0.203265204017644,0.5485715748368378,0.5708538780805171,-0.005199678601100932,397215,20,46
-1.0836089702421334,0.3002172273497102,-0.27385045198530167,0.23541769009119068,0.5975590874032594,0.7301734163955378,0.5740676793350119,397216,19,30
-0.0016898278834093308,0.12146486429703769,-0.015648386880006398,0.026249594612131777,0.1952533090187737,0.14846994455216506,0.1371132511770441,397223,20,159
2.901178257556854,0.6925450421639681,0.43123290553306304,0.37336557678402466,0.8562739284287847,0.8807047740707455,0.261312136630905,397231,25,679
2.714078053215629,0.880925637508801,0.24814770967296146,0.32736560497525097,0.8326576002078601,0.824766258043997,0.6327779278358396,397238,27,678
0.0016265062746336962,1.1968445054995116,0.4263701923752546,0.02545821222288342,0.0932975349501572,0.12226400121127858,0.7704743131242571,397243,25,235
1.516263980258346e-4,-0.027022105305937134,0.016804350235406863,0.011900696355859717,0.10773430869921817,0.14008808141389928,-0.043826455541344,397245,17,138
-1.6429828534691522,0.23468516455851662,-0.37244091564671006,0.3334878105778243,0.7697229847629604,0.8785259413993288,0.6071260802052267,397249,18,9
-0.14924898731837116,-1.0447671831720178,-0.5214728577616673,0.193837782972093,0.5500168971553497,0.5404064443917602,-0.5232943254103505,397253,24,78
1.7077367152972274e-4,1.5701481141169549,1.1637777108338976,0.00842950717306507,0.11012959590834856,0.11721674985924425,0.4063704032830573,397254,26,299
0.7950465037308535,0.46521833163982645,1.1090441504621422,0.04480625918663406,0.19269588068490506,0.22343537912937037,-0.6438258188223158,397256,29,498
-0.45729696818022264,-0.3357184775556158,0.22431658709773986,0.14281981619948972,0.3960142138534449,0.36931917791935354,-0.5600350646533556,397262,24,63
-0.40744189568109557,0.8582677991359635,0.024272924475427466,0.056280005791053134,0.19673141916482714,0.3048063175498308,0.833994874660536,397265,24,119
-0.002150925322178973,0.027418342646535122,0.365177582176285,0.029269852098550916,0.12631128284692444,0.135809369039339,-0.33775923952974984,397282,21,159
-0.13279068035446803,2.4442122910196833,1.5166208479115733,0.18836954702480704,0.5902343956303842,0.47568113080626206,0.92759144310811,397294,24,314
0.001251617766362219,0.40003723038502564,0.36486562405910233,0.02235121671596673,0.0847958463282787,0.12569798714006483,0.03517160632592331,397301,26,174
-0.391350995801663,0.05249680647942978,0.909000420112162,0.058775452857000615,0.22332248196881674,0.22454345166039238,-0.8565036136327322,397306,25,97
5.82897789765609e-4,2.699900171435944,1.638581348574343,0.018669012193781406,0.18669231054334068,0.1285716611931117,1.061318822861601,397322,29,370
-0.38408474694342276,1.5520036345024852,1.1463612207584404,0.07818630591987757,0.23387990058067235,0.19165342624548654,0.40564241374404486,397324,17,174
1.151200415271583,-0.20551200253307314,0.09964291432839352,0.13091846199409493,0.40217878425222814,0.33465490213566096,-0.3051549168614667,397326,30,483
0.4684937038258633,1.71477934201881,1.9910663745044073,0.150723752752561,0.47666095548077997,0.45355247106835705,-0.2762870324855973,397332,24,490
-0.40087961771553693,1.2025331072315,1.0302811985960907,0.01909669200122609,0.0790710127431822,0.2022372692160705,0.1722519086354093,397350,23,144
-0.5444397255993049,-0.3987250969189152,-0.12271880729624782,0.19543074439524669,0.5347715898775942,0.5339060308083022,-0.2760062896226674,397371,18,53
0.005126939309965532,-0.8214065827062499,0.7215422734729768,0.04502302744301987,0.17213870657839533,0.18675355659523632,-1.5429488561792266,397381,24,127
-0.3953758356500108,-0.3972041395204783,0.1351217692489562,0.0766187645278043,0.26436086997165953,0.3090637142402081,-0.5323259087694345,397382,22,62
0.3987668721843816,0.8581727148609232,1.2026659279938836,0.022221286479186867,0.15347512477804218,0.08728532732530232,-0.34449321313296044,397386,25,376
0.7457805502421654,-0.2684153134382061,0.11237844373036696,0.13692345128365563,0.4001984288722919,0.3039739877164726,-0.3807937571685731,397387,20,339
0.40007745636858744,0.5387289830884376,0.11927843342757162,0.005690559020421789,0.19114961291102736,0.18355379609313208,0.41945054966086603,397390,22,315
-1.4096913625288336,-0.8224351916687384,-0.09681124148809923,0.31788419632246917,0.7744105276526027,0.8002783804526146,-0.7256239501806391,397399,18,4
-0.0012248306672187936,0.7628735124104092,0.7975803595106484,0.02210388768104804,0.13281748422018103,0.0748351952593767,-0.03470684710023919,397404,24,230
0.39975666424362233,0.8675068361416696,0.8062679344634271,0.009935241084668436,0.15298840487495707,0.05957200170264889,0.06123890167824242,397413,29,365
-1.352307412125078,-0.8238004872220388,0.3441114901023996,0.2952796222419581,0.7445229685591498,0.6985695720546893,-1.1679119773244384,397418,18,15
-1.10900125433753,0.14713107009108947,-0.7737685754983711,0.24977922349526843,0.6306523636872083,0.8156753678356196,0.9208996455894606,397420,18,26
1.3051491133425972,1.4621014419240683,0.7234122443541985,0.17960383996090903,0.5710806688467855,0.5055020170917226,0.7386891975698698,397422,29,596
-1.205631572467901,-0.27849629233740847,-0.6851365367788838,0.27690090497426284,0.6965575153009254,0.8313941040254269,0.4066402444414753,397431,17,10
-1.209382590828639,0.3826813253596784,-0.6757532445752082,0.2546513332906696,0.6319993276579325,0.8255730886878169,1.0584345699348867,397437,18,24
-0.2750725649223913,0.5976344345292788,0.2715167948953629,0.18538044735716794,0.46522226082426565,0.45140431353922655,0.3261176396339159,397440,18,128
0.0010352375640690192,2.411550246424152,0.8349942668803354,0.02036423176139789,0.12148671235607574,0.12446335565987858,1.5765559795438164,397441,29,334
-1.2416311330494503,-0.024763233375937384,-0.6510873033106772,0.2742864475831765,0.6832713592655283,0.8333810846558175,0.6263240699347399,397446,19,20
-1.21689306713342,-0.8503062123992935,-0.2928138552351157,0.28727630230103984,0.7323963467962573,0.7844021803286984,-0.5574923571641778,397452,21,19
-0.727843413163074,-0.7171222371588986,-0.533110890511315,0.2084655808749199,0.5781903356614124,0.6745940390647839,-0.18401134664758356,397456,19,26
-0.38720130253919754,0.3675974190190873,-0.13217442363994997,0.07406818854828057,0.22237459278574317,0.35549193699974485,0.4997718426590373,397459,22,95
1.1834315853123396,0.6798425459086512,-0.14633141410891026,0.07989237176761858,0.3192992601147103,0.2791246285273707,0.8261739600175615,397477,30,552
-0.40522832476473936,1.6047292804479945,0.039697877352486824,0.04615710241922174,0.1389900937099122,0.29527108377763317,1.5650314030955077,397483,20,143
2.607045687353644,0.4134709561881384,0.3896955398344669,0.45200564830459905,0.9199470163056956,0.8703197614498245,0.023775416353671475,397492,24,392
2.065843283018872,0.5343629906893406,0.4253633175976041,0.5169884471442975,0.8953470534194171,0.8363099545586548,0.10899967309173647,397499,26,139
2.5965916274206395,0.4158513691368128,0.39663288645541256,0.45365917107175996,0.918832159622291,0.8701441307282276,0.01921848268140025,397500,24,390
2.614590367001588,0.6064288122599896,0.4028441340782124,0.4656063224639027,0.8963002187673781,0.8701027060137096,0.20358467818177717,397501,24,428
2.9990032522809407,0.640348979174348,0.3307918499482267,0.4410304203497291,0.8778824924618841,0.9042966843611965,0.3095571292261213,397505,25,555
2.876046860769788,0.5765910907995926,0.36269312351861993,0.44864699991419615,0.8922657369656243,0.8982096060294632,0.21389796728097266,397514,25,498
2.774439291800243,0.6068140385373981,0.2963580569485154,0.45084358042567213,0.9038145156166383,0.8834032741721118,0.3104559815888827,397515,24,496
1.2786615841444864,0.5679515020126616,0.6640449424693898,0.16006176734123032,0.47728838765242126,0.4543360727748335,-0.09609344045672819,397519,28,554
0.79975330732264,0.36797130653862514,-0.40919564983235834,0.009977069082071703,0.12619504969817386,0.06551548807714665,0.7771669563709835,397522,28,407
1.183133391429854,1.6270742638869962,0.04868345072416041,0.08210033046230973,0.3801860303528449,0.23428320391889168,1.5783908131628357,397536,28,552
1.17585522799595,-0.014203712683956335,2.1472446015158684,0.09791512900393966,0.32166579213623087,0.4730614812511691,-2.161448314199825,397542,28,556
1.6934447761434712,0.5253922868661612,0.2599429913879057,0.17815204664084466,0.5336202577770992,0.49968616906651253,0.2654492954782555,397547,29,580
0.8069543214161057,-0.3217217131040484,0.5818144443331519,0.052294230699109455,0.21524153868345564,0.23713328300941416,-0.9035361574372003,397551,28,439
0.8256527384021843,1.4269569753763085,0.8786278060617569,0.09861708000638435,0.3467630739633462,0.3017184657180263,0.5483291693145516,397558,28,538
0.8109836891511518,2.5969659029166516,0.48437966116995307,0.06895938681920326,0.35035873284154045,0.23666220018224476,2.1125862417466985,397567,28,522
0.40346411579095115,1.9429285203592324,0.9349649836479753,0.03734980815426597,0.1905041045763503,0.21036370844467173,1.007963536711257,397572,28,408
1.3149440268294603,-0.49196392687048074,-0.47295381170292766,0.18101342492144878,0.4984654603956242,0.4451902201339329,-0.019010115167553077,397576,28,542
1.270578250985693,1.0557675567927691,0.7385362676912295,0.15575188683732033,0.4888094856040623,0.4500524180839164,0.31723128910153964,397578,28,590
0.3824840225147229,0.043245157372695284,0.5491572314288858,0.08185101258601851,0.24401352533749188,0.28159897779394405,-0.5059120740561905,397589,28,280
1.5489503437189067,-0.4425827817485103,-0.03747632704562073,0.13449957022894835,0.409552367553447,0.39929345270656114,-0.40510645470288953,397591,29,581
0.8089412038243132,0.771729391185358,-0.41078129302249006,0.059131870405684905,0.21269959071921288,0.13630170954011825,1.182510684207848,397596,28,434
1.006836508317485,0.44568617793135684,1.0273976058347234,0.19990152267800013,0.5784656251175089,0.5740157156803738,-0.5817114279033666,397600,28,553
0.786987604740919,-0.1188941120729035,-0.45289690136137306,0.07096246083043899,0.2731380534621828,0.2226764952287104,0.33400278928846955,397602,28,356
0.44918095654403195,1.0190678121601784,-0.5344374972295443,0.1313531047880503,0.4021149423508506,0.36324641317305567,1.5535053093897226,397616,28,339
1.5097862182610957,1.2277459139164217,0.6149175020738141,0.17773553545932733,0.5835867836248443,0.5318645032996386,0.6128284118426076,397635,28,615
1.194524443036274,-0.3535082048239503,0.4722156604929358,0.04811360570951411,0.18997523992490856,0.22556747675227198,-0.8257238653168861,397640,28,509
0.4764578614951976,0.3524022059020518,0.144091294980232,0.15728108762411955,0.4528538268758884,0.4535880406854413,0.2083109109218198,397641,28,322
0.39984295876459247,0.41352519231956825,-0.39087697661332244,0.007996613830978551,0.07985543442538853,0.08233557871288404,0.8044021689328906,397643,28,295
1.3311140684521536,0.8842824452281886,1.09917352295575,0.18963053613963152,0.565716065812382,0.5619657925552155,-0.21489107772756144,397645,28,593
0.8002506751607187,0.17212442871976238,0.3406458893279432,0.010378950220536481,0.20042657600350955,0.14478582348654195,-0.16852146060818082,397646,28,425
1.478790971308449,1.5231653136276266,2.0996756678431,0.19962450286318986,0.6438512591981539,0.6857131159871788,-0.5765103542154733,397648,28,653
0.007461221954144612,-1.6467256801377617,-0.9749336390235949,0.08810456343112842,0.31302447624463475,0.38058532227422986,-0.6717920411141668,397649,28,69
1.2034408415570816,0.3747767466318105,0.5448347491550459,0.0546006344835979,0.23721047066006867,0.25102183354409774,-0.17005800252323544,397652,28,576
2.2278074508581556,-1.1881655036406407,1.060487378515757,0.21677117748968674,0.5430379409351062,0.7747656450330664,-2.2486528821563976,397655,28,655
0.7972757781558504,0.3481810942358012,0.07286409328746896,0.03290858509760029,0.17575858074666903,0.17412560747955405,0.2753170009483322,397659,28,426
1.9263022957913625,1.4699690992440675,1.2553106955797333,0.22445037399986115,0.7150744865004328,0.7290451883873337,0.2146584036643342,397662,28,657
1.211322423601191,0.16579348860703594,1.085418424110852,0.07552300454125223,0.2853985780796551,0.32999608941167824,-0.9196249355038161,397687,28,597
0.7972027272944809,1.0849159055177922,0.41792583944807427,0.03352003170530869,0.22068292277754853,0.11918856837969685,0.6669900660697179,397690,28,449
1.1854924810038752,1.0679611781223313,1.0682687813966487,0.09803055165660157,0.3721256254062343,0.3664167560801372,-3.0760327431744727e-4,397692,28,561
1.3222899683113776,0.29172657285116327,0.6907223864170886,0.18472365957115877,0.526726231563775,0.5163207897270269,-0.39899581356592534,397697,28,572
1.9091923493598708,1.407023585273278,-0.20684926428626602,0.19438142997141086,0.6709113163220144,0.5122278953390433,1.613872849559544,397702,28,626
1.2483825507064639,0.591154365273788,1.2919143351652316,0.13446442052520477,0.41846969341306733,0.4533846592234702,-0.7007599698914436,397720,28,597
1.196415384514839,-0.8731587510211352,-0.40678447384813016,0.03770217380625638,0.19035630748994942,0.11233997064668443,-0.466374277173005,397721,28,448
2.0094676786753944,-0.30260901752243974,-1.3416189248001624,0.08474938448905206,0.3630266657078041,0.24168854209850643,1.0390099072777228,397726,28,610
1.9698588472335292,0.6705061780439191,0.40975256241402624,0.19587086769431672,0.612145888474396,0.6072657560234979,0.26075361562989285,397731,28,644
0.7870114499375515,0.09792871712962375,-0.0072065847695903205,0.07089943432623408,0.2520900910207855,0.18647282241225646,0.10513530189921408,397743,28,404
0.798910786519656,-0.6087835957547719,-0.03200344685388012,0.02084603516479775,0.2072247469448957,0.12037302120004015,-0.5767801489008918,397749,28,360
1.9202715476382046,0.2001840267526605,1.0822199600789626,0.19848649011064914,0.5778830528770597,0.6860615207624767,-0.8820359333263021,397752,28,636
0.7995945093106859,0.012969515447472544,0.01004168090053831,0.01274227347454553,0.0934517963525318,0.07023938981342398,0.0029278345469342347,397755,28,402
2.548471622337363,-0.0447708893509787,-1.2781557403338006,0.22778762718520496,0.6589665334642907,0.445697164707328,1.233384850982822,397760,28,637
0.4000168935799551,-0.0457941447099463,0.3961189475116837,0.002701703178405131,0.1279858023941637,0.04336817237078959,-0.44191309222163,397773,28,274
1.55374440888892,0.24203677891230133,-0.10173211904492264,0.13098087314376233,0.42836852126134944,0.3867666782759285,0.343768897957224,397780,28,593
0.40799703490537637,0.7796883789430343,0.7901371758036281,0.05599017536665673,0.17895505994427013,0.13276645157744132,-0.010448796860593745,397788,28,369
2.458073375143229,0.9019302775160503,0.7990093728574794,0.28643544857978354,0.7855618457507071,0.8251258506186192,0.10292090465857084,397793,28,677
0.7999000299168325,-1.5549011017606873,-0.8027237056435084,0.006426540268358798,0.12816147852198503,0.04929252059260705,-0.7521773961171789,397794,28,259
0.8005051995559695,0.8599253528360854,0.37702153153209983,0.01470917775213046,0.16377689636311962,0.10096824015040505,0.48290382130398557,397800,28,464
1.1688174495846666,0.33408313017620894,0.04238571721112451,0.10728146331537457,0.36434127140092626,0.28040027050669225,0.29169741296508445,397805,28,537
0.8006629381996345,0.7644018422348868,0.42496235986637493,0.01742248354837472,0.14922005164086788,0.10810981163373952,0.3394394823685119,397821,28,455
0.79963406018889,1.2335449219907815,-0.4580711429853004,0.013343959721113371,0.1717334011193479,0.14469622778310062,1.6916160649760819,397822,28,433
0.3999868759002424,1.6021155662604534,1.0770900076707668,0.012449443399560165,0.11633688821845688,0.18743186223356925,0.5250255585896866,397826,28,420
2.0031511203391887,1.0951459705309272,-1.0175838001524014,0.12558224745067156,0.5741161269222199,0.3072761755555178,2.1127297706833286,397836,28,617
0.3996429319854149,-0.4001562172696899,-0.4064850645583646,0.01197865472013437,0.059223749279014505,0.08263861695578201,0.006328847288674666,397841,28,215
2.4600845741425665,1.2780731789000528,-0.30387171835025634,0.26670752574517625,0.8016767256075126,0.6661384004404548,1.5819448972503092,397843,28,677
1.593976128367012,-0.9408704564264794,-2.5743846254512257,0.06000802288345202,0.25414503626831986,0.25176471579168175,1.6335141690247463,397858,28,450
1.2000744053129277,-0.9059453958911678,-0.5199491211729689,0.007371396904959549,0.1788357083366759,0.18418674821512512,-0.385996274718199,397859,28,448
2.787334994582634,0.08394526212617268,0.5020378637828998,0.32732193610375604,0.78589835055806,0.8633674784218743,-0.4180926016567271,397860,28,677
0.8053925968374316,-0.0030069929508220027,-0.0013556065147748968,0.046130085421293314,0.15639893135905003,0.1132076094161048,-0.0016513864360471059,397863,28,405
1.4554137935752731,0.19418385330504276,0.1424062679912344,0.19245273074116126,0.5565582148022689,0.5174530617384189,0.051777585313808355,397887,28,569
1.1759668956237739,0.0728933595182963,0.6562602184524311,0.09580093730361759,0.3107894616366085,0.3380475914663109,-0.5833668589341348,397888,28,561
2.066341643835642,-1.1625419249731905,1.0117952958376775,0.17270416548186607,0.45572955483958316,0.6913170749665564,-2.1743372208108678,397894,28,648
0.8003584024330318,-1.8961864748845074,-1.9983617798493445,0.0174264497329176,0.1831049805772326,0.1705464947122997,0.10217530496483707,397901,28,196
1.199916006446139,-0.819784275332242,-0.7645971672202906,0.006430029133156418,0.10612765648654722,0.11479904496888794,-0.05518710811195138,397911,28,461
1.6463798406250907,-0.481819741483032,0.12105184002092355,0.13226506675526198,0.38156825118831733,0.39339827804993377,-0.6028715815039556,397918,28,613
0.7530314689024618,0.529473093295462,0.13739210641986063,0.128768692040983,0.3937891146874711,0.3652272551043662,0.39208098687560133,397929,28,435
1.6366238900026338,0.2698791874414349,0.9803694889762784,0.14586412356212813,0.4518838885720883,0.5273489772743344,-0.7104903015348435,397947,28,623
0.8183755895051089,-0.7942390569889015,-0.8506557231936691,0.08374113799841956,0.25510223845177127,0.237676969416985,0.056416666204767596,397952,28,330
1.2064037114149089,0.025739309910657968,0.42918768716941746,0.05361808592845289,0.21294040364586642,0.21826250122182742,-0.4034483772587595,397961,28,509
1.7809227735856086,-0.6473430209736813,0.03514408622000094,0.20014231107248878,0.5308002783986658,0.5293334329693422,-0.6824871071936823,397968,28,625
2.282328086421933,-0.8937563917033281,-0.7286293856166517,0.20216881242127357,0.5342921682371524,0.4874919698186154,-0.1651270060866764,397982,28,614
1.5037351217523673,0.6203601915932188,0.7793351278104955,0.17684707796006177,0.5434655479821378,0.5434842907602421,-0.15897493621727676,397989,28,639
-0.026160267935077242,-1.1083201365326036,-0.6149083173740845,0.10119586939926861,0.3172311754958296,0.35076798055157865,-0.49341181915851917,397990,28,86
1.7985773722820009,0.504236512051466,-0.03156011038519004,0.20429823262054192,0.597292234798039,0.5321115506995793,0.535796622436656,397999,28,634
1.2085695547303872,0.22770425282149415,0.6044751112689964,0.06507101120507633,0.26863801192066405,0.27383658790963533,-0.3767708584475023,398001,28,559
0.798345707686042,1.0123244558696787,0.4038469092387011,0.025843809536913342,0.21933689398961126,0.09059413183070868,0.6084775466309775,398003,28,470
2.901178257556854,0.6925450421639681,0.43123290553306304,0.37336557678402466,0.8562739284287847,0.8807047740707455,0.261312136630905,398016,28,655
2.269868944322416,0.07836566169782232,-0.3222519482229255,0.22435662128419692,0.6348423967605982,0.5866627640840072,0.40061760992074785,398024,28,630
2.329102077984202,1.4526913159848165,-0.7597054225398464,0.23112193769132716,0.7770806835954234,0.5218196088036849,2.212396738524663,398032,28,644
0.42895721644605,-0.116712575024812,0.21926635574242426,0.10365504226696719,0.3217224308838875,0.3271319344323207,-0.3359789307672363,398043,28,290
1.5258152940251326,-0.17547244368863354,1.2521618043579865,0.15972480151511417,0.4679468083589476,0.5608671584703642,-1.42763424804662,398052,28,592
2.329533144932068,0.7370201111237172,-0.10200611144988048,0.24380473301372935,0.7220701966249099,0.656501814245667,0.8390262225735977,398064,28,662
3.1317646476745913,0.6204440421051193,0.3077542978100664,0.431043905537891,0.8861246606063079,0.9050272203971259,0.31268974429505286,398068,28,646
2.9887379082983867,0.3704046811344129,0.3764964893657292,0.3830455647832047,0.8485303841043601,0.8890374466585114,-0.006091808231316331,398072,28,679
1.451265589814921,0.5589228064897293,-0.15143790157480047,0.19346770282277923,0.5737967060673342,0.4712998840929943,0.7103607080645298,398079,28,604
1.5993662122627625,-0.14759476958357018,-1.1786865221695206,0.026325862784378568,0.2459871599545142,0.1083510212642658,1.0310917525859504,398094,28,530
1.6044421901571346,-1.2435888281949383,-0.9022673230975938,0.042292056353800754,0.18123952113708813,0.19043934962057402,-0.3413215050973445,398099,28,498
1.25098871781262,-0.038353070871933855,0.24833620358569872,0.13351848706217662,0.38465620893933866,0.35358074010395674,-0.2866892744576326,398106,28,556
2.600542007316513,0.7527345736057645,-0.08582081001580813,0.2902629807404028,0.7915413474793848,0.7445365532946936,0.8385553836215726,398107,28,660
1.2074908614393904,0.6709736336468888,0.04223949131009386,0.05680688415408859,0.2686385942016419,0.1915888519609776,0.6287341423367949,398108,28,570
1.5893686730085848,-0.9851201816163389,0.2814439421648078,0.07694366725813223,0.2841403907656546,0.33969172921504176,-1.2665641237811467,398109,28,573
1.1074904082585704,0.3528907093972162,0.7293183244662252,0.16873165309662405,0.5117575139872104,0.4933036942443764,-0.37642761506900907,398110,28,564
1.5741803186768335,0.46417121089391516,0.9577293425165049,0.1391763626631312,0.4559157485952916,0.5062377663547557,-0.4935581316225897,398111,28,642
0.3999882225719627,0.022140419431650484,0.09694196698331087,0.002773186589321507,0.09318877382997534,0.1715877497733592,-0.07480154755166038,398116,28,294
0.8000016087582845,-1.6065782370803987,-1.1953173369485295,0.0061380537272469685,0.06357071003986006,0.0789617916054954,-0.4112609001318692,398124,28,253
1.6935287778025245,1.2129811241206625,0.06039085501378689,0.18096165537737935,0.5906957187164839,0.478809873399066,1.1525902691068757,398129,28,626
0.8002200310415521,-0.41353003529647886,-1.2237415549510644,0.010161223200387906,0.08373890241325598,0.10523139228524618,0.8102115196545856,398136,28,304
1.194806122411974,-0.7780839676433321,-0.7867554338190129,0.04528398861228226,0.16008170001378602,0.10753104557222902,0.00867146617568082,398140,28,453
3.1317646476745913,0.6204440421051193,0.3077542978100664,0.431043905537891,0.8861246606063079,0.9050272203971259,0.31268974429505286,398145,28,679
0.3934156771295642,-0.3566426639774761,-0.35479808088948966,0.050895993347533926,0.1775704582497365,0.1649265925273999,-0.0018445830879864622,398147,28,242
0.38796735691926887,0.058416772148170495,0.03485654316249248,0.06832476657645362,0.22205082402813642,0.1720094020068373,0.023560228985678014,398155,28,274
1.501192141991301,0.03274012791846632,0.33761772974590426,0.17369299930528642,0.5113233616696367,0.4985799627037883,-0.30487760182743795,398156,28,570
1.8104791910049145,0.3677926494510873,-0.30864423614703873,0.20216089878015484,0.5861639903782278,0.48886793730923744,0.676436885598126,398162,28,604
0.39868083003588867,0.25045834807042383,0.35970284040441025,0.022933867627169025,0.20357038401359748,0.1331591175578402,-0.10924449233398642,398167,28,292
1.9903793028212995,-1.504863975538169,-0.13185297470939214,0.11007457507898079,0.3264926014340019,0.42266654180552793,-1.3730110008287768,398178,24,582
1.7375974520386428,-2.0293007281195887,9.329105815211388e-4,0.1900800091390786,0.5326466143966129,0.4951483932836131,-2.0302336387011097,398179,28,558
1.9202272653348975,-2.1099417137286953,-1.436032697075492,0.159862382130928,0.44807416098527975,0.3321893273461831,-0.6739090166532034,398181,29,526
0.7835559602467178,-2.8371246830491494,-2.214853165254349,0.07989056426121581,0.29311881619821345,0.31125293973689844,-0.6222715177948004,398184,25,126
2.574473893186532,0.4549402741182299,0.68073140502107,0.29584145871811235,0.7705039485952556,0.8371260902440955,-0.2257911309028401,398192,28,644
0.800653904385294,-2.3883307714535382,-0.4743657787477396,0.01619947472326318,0.10116406123959006,0.16058151986769448,-1.9139649927057987,398196,24,251
1.6119503600644889,-1.1117434628137808,-0.6629243927220223,0.06863699910178872,0.2479667694615423,0.23500157489081752,-0.4488190700917585,398198,25,514
-0.00894986098670301,-1.289601712411136,-1.699086475491621,0.0886859956073515,0.3043909884040148,0.48270048178444597,0.409484763080485,398200,17,60
-0.9816781957974303,-0.9182952292045172,-0.6133619428053729,0.25601664592766105,0.6798106472726172,0.7696325800851008,-0.3049332863991443,398206,20,22
-0.08608327078521047,-0.7488166682668135,-0.5347220134706758,0.16464372771165728,0.46003768386662164,0.4667755402789043,-0.21409465479613765,398214,20,97
0.006264319291944784,-0.4162616979827008,-0.27930173542268394,0.05004403229288398,0.1664555742273282,0.2528929558081254,-0.13695996256001686,398218,26,141
1.1210768116417453,-2.200659268579116,-1.759815401201953,0.15918730689608004,0.4692154545396567,0.47209611707318644,-0.4408438673771633,398222,25,266
0.40419884848240906,-1.572420443332648,-0.022950355739573925,0.040769274748918206,0.17558912996721335,0.1308771830257989,-1.5494700875930743,398278,25,177
-0.06685876521118554,-1.382934017316042,-0.917480666391565,0.1517938552802859,0.45406201629553256,0.4878664386741187,-0.46545335092447704,398284,18,67
0.4053889979851875,-0.919229219376831,-0.8172366925365021,0.04615414553470815,0.21938365197653392,0.18689779225462222,-0.10199252684032889,398287,29,189
1.1845588736650092,-3.9406564403977686,-2.5440255808788916,0.07737618682890958,0.2626711793927626,0.2923821876828308,-1.396630859518877,398291,29,186
1.7245463526985352,-2.8526003048724764,-0.983147058797975,0.18522161240241722,0.5279197442713144,0.38129566563289347,-1.8694532460745013,398302,27,458
-1.7911682403337974,0.037991784316109896,-0.3023019256237709,0.36786710350802015,0.8132582778960741,0.8948239556694659,0.3402937099398808,398307,17,16
0.4291233414230169,-1.7851440319277092,-0.6237510834011987,0.10394238651351831,0.35771698857383394,0.33995715094544465,-1.1613929485265104,398309,20,148
-0.5516935624288044,-0.858875663157666,-1.5151039677353997,0.20928529476653818,0.5784436618950243,0.7526600637827288,0.6562283045777337,398318,21,32
-0.41755512997335525,-0.6766603846401478,0.2043426999493291,0.10016474492619167,0.3317837000058646,0.3169596236001302,-0.8810030845894768,398320,26,54
0.5736523453894313,-1.7209142539483349,-1.4585927082325703,0.19825797539850235,0.5952413120842777,0.5891093005556454,-0.2623215457157646,398330,25,138
0.39978249165846225,-1.5471642081209247,-0.3289085268334053,0.010468186447016962,0.14278984777067336,0.15593044126763228,-1.2182556812875194,398334,21,156
1.9771430606761042,-0.32028504771190963,-2.137503121937731,0.10021556671054173,0.3831924512105893,0.30576110575790477,1.8172180742258215,398340,26,502
0.9424255459494155,-0.4276269785226116,-0.3099079802299468,0.1915337642890624,0.5657475476280501,0.42648717298784283,-0.1177189982926648,398341,26,415
-0.02767667547620576,-1.5371803593452853,-1.1671425794384873,0.11366026178592628,0.3624812218140522,0.4468702757462885,-0.370037779906798,398342,21,68
0.7788221703176982,-2.4251684451788096,-3.324081102467924,0.08974182713412673,0.3118132795448011,0.41231427940266846,0.8989126572891144,398347,21,151
2.341619510608432,-1.9329422507323317,-1.7711853684997068,0.14820323096612145,0.4001196685752006,0.3129858590811716,-0.16175688223262497,398349,27,584
0.4148740628629433,-1.594224653443691,-0.7616728309772991,0.07571852861490876,0.2628251729890994,0.26181295802694465,-0.8325518224663919,398351,25,148
1.2000810916894125,-1.9956081737550655,-1.204584017706233,0.005983991337618372,0.062220748354988045,0.05211768305136524,-0.7910241560488325,398358,29,387
1.7219719936773357,-2.390231803945426,-0.7721143164469041,0.1841538839426089,0.5286539456853133,0.39129408063841975,-1.6181174874985218,398360,26,564
0.4480607717166956,-1.3126801579752145,-0.49140174327917097,0.13005573620088212,0.3948846841352551,0.32745843100845123,-0.8212784146960436,398366,26,183
0.8114418938286786,1.240340069365586,1.7221006419098068,0.071112353358518135,0.2712251757629648,0.2954896144417065,-0.4817605725442209,398381,26,547
-0.4859213398009162,-0.6376475622072193,-1.2714982725376534,0.17950014483286106,0.49822138318508347,0.6803828193915935,0.633850710330434,398384,27,47
-0.31254474054754716,-0.6881876130576746,-0.028923668241197666,0.1663201200375906,0.4868168535818257,0.4660402739417426,-0.659263944816477,398386,29,75
0.5875491870610972,-1.8119231261791,-1.778750031154164,0.19961420962075171,0.6057940503579867,0.603480892670459,-0.03317309502493604,398394,28,134
0.7989911935092144,-0.5896295312196453,-0.00993696319950889,0.020063371025426508,0.20677437977953808,0.08111180448690283,-0.5796925680201365,398397,27,366
0.4056446277436499,0.07148389484887482,-0.07799276155397061,0.0471806364819334,0.20456407790547707,0.19551441930510854,0.14947665640284544,398401,27,295
0.7950458017566181,-2.5210044499501065,-1.1818939055704574,0.044276052593109995,0.2297197156104383,0.14255602619556415,-1.3391105443796492,398407,24,172
1.9720215982727716,-0.23932312535095962,0.4014433232667586,0.17119555175792112,0.5014572488229638,0.5775280827350848,-0.6407664486177183,398429,27,657
0.8090323458438876,2.4081440827148907e-4,-0.7950477825664947,0.05942547031789031,0.19398481057568168,0.16861437717639768,0.7952885969747662,398432,28,362
1.7248291755814185,-1.2213199851378975,-0.5388629571676623,0.18540645902487535,0.5022456014570835,0.41431782167719405,-0.6824570279702352,398435,28,607
0.08964231207009529,-0.3252960918904703,0.5423520033878902,0.16679686487564882,0.49642643711643913,0.4291124426396494,-0.8676480952783605,398444,22,169
-1.4883924824433081,-0.9721293499956355,-0.47403650433664973,0.3484426424459713,0.812377963207707,0.8680703228899528,-0.49809284565898576,398449,21,10
0.011495518033258285,-1.4608870581539422,-0.47393931521504207,0.07429604814103156,0.29701738897523017,0.2929398017672207,-0.9869477429389001,398450,26,77
0.7998260345868445,0.3101191799623854,-0.3911821939606092,0.008377557121904557,0.17161010094361723,0.062268621779834714,0.7013013739229946,398461,24,394
0.03386061287939779,-1.6652569884550252,-0.7278269054786277,0.1150041337950482,0.38152575682930767,0.40225900781187063,-0.9374300829763975,398462,20,85
0.39996444518188357,0.47681847717719045,0.3933767526753559,0.00382515537374489,0.15818623323112566,0.053784377142982995,0.08344172450183457,398469,27,331
0.008082607019813967,-0.05778663817244254,-0.49412119249280556,0.05657640303449653,0.19997769891484438,0.2704896835389572,0.436334554320363,398480,19,124
0.8000338954744598,-0.6939952526513702,-0.8775501754162288,0.006364549819451067,0.1774870139142138,0.15905314803839102,0.18355492276485863,398485,30,314
0.39374512259717365,-1.2595804595522517,-0.8756320793031845,0.049794833174037094,0.20520456346310564,0.21188777056136704,-0.3839483802490672,398488,25,138
-0.3988117439799666,-1.0215363439355063,-1.0315537315584373,0.14981699378676544,0.4538156989922231,0.5978753845775024,0.010017387622931029,398490,26,40
-0.5906020029177764,-1.0074010405070473,-0.22951573823639101,0.20952036947258368,0.5860867634015884,0.5887929838132484,-0.7778853022706562,398499,18,34
-1.060115608569255,0.5601404030020105,-0.10543526337748242,0.22411925128822585,0.5645673378362279,0.6862696302157022,0.665575666379493,398504,24,41
1.6006101460999353,-0.862201310915372,-0.6451165166311063,0.03186315620393506,0.19756668852972226,0.20842831738939036,-0.21708479428426575,398518,29,528
-4.847536659465178e-4,0.09025059005127677,0.2931503153969237,0.014322615363689471,0.1712563262212034,0.18080519022681546,-0.20289972534564693,398520,23,154
1.0048617820218373,-0.9488716916057153,-0.8003067788146517,0.19994090378040716,0.5688266380342356,0.42501890575149126,-0.14856491279106354,398533,24,379
0.802528001091582,-0.6675612626506289,-0.4027503131080449,0.031698813987802145,0.20635614637915364,0.07882243202976603,-0.264810949542584,398561,27,366
0.7978112480702982,-2.0175873309802412,-0.8005218883029666,0.029510692749354712,0.1310049201176906,0.0826367260665728,-1.2170654426772747,398575,25,238
0.8005878206867739,-1.9604651204107597,-1.869846597284065,0.018610738487802165,0.13469283597047704,0.20513320471059276,-0.09061852312669472,398602,25,203
0.7986899398449459,-0.3754513559589767,-1.1667252304652778,0.022891218282066684,0.11455574213163938,0.12756383440218166,0.791273874506301,398603,20,309
1.6760000165164564,-2.2626497262843923,-0.8629150322285021,0.15692267956636313,0.4563822846796364,0.33641240621884677,-1.3997346940558901,398606,30,508
0.41362889648896795,0.7008611859845566,-0.20302492746127182,0.07256612090389777,0.252614167242743,0.2702629497728116,0.9038861134458285,398615,28,298
1.4172365643974456,0.28946318190669124,1.1122985793079825,0.20019832831771206,0.5747275538801916,0.5991050320205014,-0.8228353974012912,398622,29,615
-0.001980105771103904,-0.9063985052955644,-0.7194828776702841,0.05284873621700133,0.22917749212880875,0.29978677054605996,-0.18691562762528036,398624,22,93
-1.1024498496773059,0.34468869235612504,-0.45771975616991545,0.23838726137702412,0.6020664964676794,0.7668079333231422,0.8024084485260405,398629,18,26
-1.3224859315328603,-0.44484221657855,0.04788786571984451,0.28732646448339483,0.7194031862764947,0.7479939551309465,-0.4927300822983945,398637,22,20
1.2723319285340535,0.6160051407798094,0.5328325902516651,0.15496746054892183,0.4658328504850723,0.4365168676077482,0.08317255052814432,398645,30,584
0.9581808555336463,-0.4912601634188128,-1.136466329921459,0.19557909272489266,0.5766294715435639,0.4646030796217274,0.6452061665026463,398650,30,364
0.03737060441426096,-0.8275193981914868,0.21305995726356144,0.11641653274130766,0.3589692757491714,0.34087361109952286,-1.0405793554550482,398659,18,124
1.537206199277981,-1.7732386147484263,-1.8671325201784388,0.1455189555426841,0.4310208055521727,0.3461217948336801,0.09389390543001253,398672,22,443
0.39947755080394215,-0.6849040321699001,-0.4125553662168511,0.014521814492093566,0.18481245528186427,0.09207508865726707,-0.272348665953049,398684,21,218
2.901178257556854,0.6925450421639681,0.43123290553306304,0.37336557678402466,0.8562739284287847,0.8807047740707455,0.261312136630905,398685,29,674
0.802591749169758,0.5940128035398415,-0.4089335930154415,0.032094711663964055,0.21888514118781072,0.0912623442264903,1.002946396555283,398693,25,397
2.642089855283026,-0.9826347408479075,-0.06391863247651162,0.26048732863416907,0.6308040161234896,0.741203430736806,-0.9187161083713958,398698,28,648
2.4567247117257613,-0.48854826069016344,0.5131446353454193,0.24649759282433445,0.6346090529044733,0.7762101692923378,-1.0016928960355829,398728,30,663
0.8003889894980276,0.45723008015978045,-0.19719283538431018,0.012594224920243442,0.15078809583706285,0.20232660627274326,0.6544229155440906,398734,26,398
0.40041602502130946,-0.7389968464545726,-0.7864879528322867,0.01365972266944379,0.15007435645958864,0.14224702873361814,0.04749110637771403,398737,23,198
-0.29347160735400485,0.42791738229820836,-0.08880825263805374,0.17686617596622464,0.5151859262751489,0.4901660158321947,0.5167256349362621,398744,21,104
0.39989913143875583,0.943485257316093,0.41260052006653486,0.006433672287213788,0.19299072958415764,0.07218635330400598,0.5308847372495582,398746,26,344
0.9229491264422068,0.5693557807012595,0.04524689210561663,0.18456220062198248,0.5363835086125792,0.503058345470016,0.5241088885956429,398762,24,480
0.7977208914378233,0.8716932680640731,0.005179576779728781,0.030111557450574936,0.18446317492049297,0.08038886869817667,0.8665136912843443,398764,30,456
0.4044599919650079,0.7758813223348658,-0.031084350424180906,0.04200148567297666,0.1468049863248749,0.14480528998141645,0.8069656727590467,398770,26,304
1.2152161272378916,-0.02862244178739601,0.33889686410763553,0.07713746640067644,0.25431586999860356,0.2491388284801723,-0.36751930589503157,398773,21,537
1.625712735852868,-0.6871929349640081,-0.3213060549102661,0.10002557678151329,0.3196135812123027,0.2867217316318328,-0.36588688005374204,398774,29,590
0.799585639090767,-0.0864253661227299,-0.39943764187512376,0.012869983552353597,0.1700521121768884,0.04068541192272117,0.3130122757523939,398779,26,370
-0.4196600835847448,-1.1931277245081089,-0.048634091661805004,0.1298421080923594,0.4151009886089787,0.4022081683880992,-1.1444936328463038,398785,17,48
-0.00390675502903066,-0.8199963847821263,-0.4964014314487931,0.04696228733825494,0.17878745058367454,0.2542622501664533,-0.3235949533333332,398798,18,103
0.8211849697108837,0.4315836484912346,0.3423229273130901,0.08958403503827987,0.2913516490264083,0.22617279867984266,0.08926072117814449,398801,29,463
0.39678683485700245,-1.1089172488933419,-0.7895288008337995,0.03583040178107269,0.19061523647507542,0.1607545170746237,-0.31938844805954236,398803,22,189
1.9672020995669328,0.5760816100223831,0.20370486482781164,0.18882446648700943,0.5931211618084392,0.568977763215728,0.3723767451945715,398804,30,630
1.9252854181780947,-0.8458908405134359,-1.9151276133225137,0.15631064475001297,0.44741202640488553,0.36783814890337735,1.0692367728090777,398807,28,568
0.40024452587598813,-1.0110026577042233,-0.018321921387415573,0.009952738844958306,0.20177357550167951,0.08760641455923067,-0.9926807363168076,398813,30,208
2.3675027177473584,-1.8097622737070285,-1.928944451660074,0.12180646566235408,0.361219412489947,0.2577636039635016,0.11918217795304553,398819,30,602
1.006562057154911,-1.793706900616826,-0.9514128631736541,0.19989234138642073,0.5890929819765204,0.5482314295636342,-0.8422940374431719,398821,26,324
1.1999615778484594,-1.692909362428383,-1.567185744776143,0.008266901901987447,0.17066403170263547,0.11320342779791226,-0.12572361765224005,398823,26,366
-1.349469046637149,-0.6077199774138644,-0.1596646078048252,0.30149319856915757,0.7461802692417071,0.7938788979271206,-0.44805536960903924,398838,19,18
0.7966055306786582,-1.9901088261067343,-1.7285129928133618,0.03694207038115461,0.12586610143438445,0.21608142874240818,-0.26159583329337255,398842,19,204
-1.7835458948888072,-0.2019994398990377,-0.30786989704347995,0.3766525821179644,0.824953166316279,0.894850284967978,0.10587045714444224,398848,19,3
0.029271823896227008,-1.2138605918027452,-0.5331280071977749,0.10510079824730893,0.34372715886160027,0.3567836907424923,-0.6807325846049703,398850,20,111
-0.321485845693408,-0.7056560129517555,-0.5907030834463487,0.16362100875339167,0.48293173740834794,0.5444328014543607,-0.11495292950540681,398857,20,66
-0.3849119686159978,-0.0667856444389387,0.6468216427945224,0.07703359450098374,0.2528397018868927,0.2513185443195778,-0.7136072872334611,398860,21,98
1.2003132999810442,-0.30540612817513585,-0.4065851063573655,0.01212413852073073,0.17819618110921134,0.06761961117560139,0.10117897818222965,398863,28,490
1.2508251620763844,1.8443445944455514,-0.49527931649048906,0.13325620760976406,0.48919545050434815,0.27944711880354733,2.3396239109360404,398870,28,551
1.9791108988974446,0.3268414407451311,0.9054006791582229,0.19600420329323825,0.5845033413593678,0.6747792721402383,-0.5785592384130918,398876,27,662
0.30396173367461365,-0.4797164090746512,0.1801090977767505,0.17085654399310152,0.5077529709285463,0.3593908426639871,-0.6598255068514016,398880,27,218
-0.16786187379334838,1.702723342122688,0.606137236045593,0.19740098565815098,0.5882588876179026,0.4450692765907295,1.096586106077095,398881,27,225
0.40157464434744555,1.1795621288879632,0.7989951501747786,0.025053495104827773,0.12174515960395149,0.0710969979174941,0.38056697871318457,398884,27,391
0.40994754538616784,-1.3757901007240596,-0.6116924584694078,0.06232199395154513,0.26523001847273026,0.2597557880750407,-0.7640976422546518,398885,26,172
0.8013523532958434,0.7675314022105845,0.41130301337767333,0.023490751369918742,0.153193970612972,0.09359346713580406,0.35622838883291114,398891,25,491
0.7952412010121939,-0.07395149901847778,-0.7008346542452621,0.04337032692990267,0.2041019733494473,0.20210576487422033,0.6268831552267844,398895,25,373
0.8126143642998878,-0.4618585028198928,-0.87749143647157,0.06990487059220409,0.22724528656020215,0.2355386982581407,0.4156329336516772,398896,25,311
0.40110893911685486,-1.1885686827925144,-1.3416013614772937,0.024653475394578295,0.11183748283718743,0.23242988533441358,0.15303267868477932,398899,21,147
0.4972710019369774,-0.15956994147781312,-0.2045900065156285,0.1716005632051321,0.4726408352072335,0.3775172610770834,0.04502006503781539,398905,24,285
-0.27703361389679865,0.5474493716185365,0.5073124302688573,0.18457049577975873,0.4618489366152667,0.40916938545918735,0.040136941349679156,398915,24,129
0.8370343583010733,0.7031608809282978,-0.0252151182671825,0.11594110177988173,0.35576804831091047,0.2795729929124216,0.7283759991954802,398919,20,450
0.4009854055431161,0.6866301826075105,0.3182036668059545,0.019831582495808655,0.18747487914761748,0.168240265754896,0.368426515801556,398928,24,314
0.031883620491749226,0.6957273827441108,0.10909041144396496,0.10833707617985532,0.3275193488790447,0.32916515020445647,0.5866369713001459,398942,23,224
-1.4804358649541682,0.5235673504467271,0.0022641234029562433,0.28871674506133926,0.6905660016385833,0.7901118721011655,0.5213032270437709,398945,23,28
-0.1516250009515757,-0.28382007212510824,0.3045547707904693,0.19406330736587224,0.5510837915955125,0.41620937839465244,-0.5883748429155775,398949,25,121
-1.211282954259114,0.12128739289907417,-0.6765292846582247,0.26458163352474035,0.6603355872010446,0.828392122481686,0.7978166775572989,398954,16,27
-0.8029000160229247,-0.4560482230858448,-1.133965036159824,0.21485072379118003,0.5799738949756766,0.7773963650879996,0.6779168130739791,398964,18,34
8.627977734556098e-6,0.8203143685080496,0.979588568319351,0.004850220685757404,0.09083427449971135,0.1993661284144072,-0.15927419981130142,398967,18,252
-0.9179005833385778,-0.38572619014558296,-0.25768244620556296,0.22404254388353517,0.5954451050020851,0.6762028004362124,-0.12804374394002,398968,18,31
-0.005034290426495881,-0.8011355737987079,-1.0375508429173408,0.057202624812464326,0.19512204166684932,0.3482039316529706,0.23641526911863286,398970,18,89
4.7697617372244154e-4,-0.4080353925081392,-0.6131701444282499,0.02979517581201366,0.11923517536696172,0.2638716344833719,0.20513475192011071,398971,16,115
-0.4184610129521193,-0.008207332694713687,-0.35533221035840074,0.0985675243466327,0.28502576564393806,0.4208467240663655,0.34712487766368705,398972,18,72
-0.43102116160518733,-0.3530385303526465,-0.7375766132333201,0.1284123795558464,0.3675269099701704,0.5296586104749292,0.38453808288067365,398975,18,57
0.005048737285424798,-1.0952334742530914,-0.4664439123427097,0.054399076080111304,0.24367620715198757,0.26179820057625,-0.6287895619103816,398979,17,87
2.481338011659127,0.8880338082067744,0.7747847023017733,0.2900266455717192,0.7893236262164622,0.8281136353009634,0.11324910590500104,398996,28,663
0.0424561683662494,0.6713012049015508,-0.14300520984883128,0.1232072096180434,0.36835779275168923,0.34693874169524525,0.814306414750382,399001,18,199
0.7999878056946967,-1.15887742547936,-1.1856954624951623,0.005774292827455951,0.12308647582549011,0.08968226334293443,0.02681803701580243,399003,19,283
1.9675190761437673,-0.5288949511692234,-0.5318950091162411,0.1349630620147487,0.42145598499488074,0.3830855506767893,0.0030000579470177424,399004,27,587
2.1650547459178164,-0.9841292875043351,-0.274039667501989,0.20489579691611198,0.5255709879733622,0.5452937390278754,-0.7100896200023461,399016,25,652
1.201122476090046,-0.3582918118935125,-0.4657986034437066,0.021303218823274992,0.15160935001965964,0.15496170561920863,0.1075067915501941,399017,24,474
-0.17422920013631307,0.42592933002492583,-0.11194601354695961,0.19833593025439625,0.5239339921731668,0.4873823655001619,0.5378753435718855,399030,18,131
-1.113300907312166,-0.20942500367781647,0.314795390832653,0.24188485512160438,0.6295859217165439,0.6191584013410055,-0.5242203945104695,399037,17,40
1.9510926315072232,1.343578574011051,0.707298190561584,0.21463769981253233,0.6948308811788327,0.6641740450943883,0.636280383449467,399049,24,668
0.7999644172647843,-0.4079441385887986,-0.38318145774992823,0.003851464249337774,0.07013704686260963,0.08106108050359005,-0.024762680838870343,399051,23,391
1.197311846292001,0.1050994064335429,-0.051450457741121294,0.03374325532442684,0.20844809569588277,0.1669489018394557,0.1565498641746642,399053,23,531
0.8010459684406365,-1.2225756511240087,-0.8134511919433198,0.020431730199071768,0.10669747625592538,0.08951832389964062,-0.40912445918068885,399063,23,316
-0.18918179185169134,-0.22549157301815098,-0.4068329445026464,0.19974805606682944,0.5756807121170321,0.5488136833012739,0.18134137148449542,399068,20,99
-0.2687311390184171,0.8775209389068033,0.1501238524429491,0.1878205496504123,0.49804303118139903,0.4569579453150808,0.7273970864638541,399069,20,139
0.23974467083451484,0.08238024610475003,-2.0626621761676494,0.1960117719379371,0.5836108863033524,0.6431772827238578,2.1450424222723994,399107,21,164
1.19959592833044,-1.1758365897551775,-0.8001362949676915,0.012724703958326325,0.1063360928375961,0.04727038178175961,-0.375700294787486,399118,29,460
0.02544813060867212,-0.4677449258466917,-0.27303243969073393,0.09766458407198522,0.294199257784013,0.33185723134664136,-0.19471248615595776,399120,18,127
-0.4899964143678874,-0.5434250438601044,-0.2838711890172208,0.17382529397459756,0.48576975553550356,0.5174002254231446,-0.25955385484288357,399127,18,50
-0.010371173656920933,-0.6612255855052991,-0.9327778646359138,0.06806032929005193,0.25788852162609444,0.34480886542152883,0.27155227913061475,399130,16,107
0.03319775477004511,0.9510708508337463,0.08665528287489584,0.11034983890935308,0.3509872987302294,0.32953991163489765,0.8644155679588504,399135,20,219
1.2001488952712083,-1.187789060759584,-1.1940991443834135,0.007858338162927895,0.08634221137542548,0.058042952850794687,0.006310083623829454,399144,27,406
0.40010466926326504,-0.38973703647474667,-0.42860682032411,0.006856823756184422,0.07100519376970482,0.10987839019040767,0.03886978384936335,399149,27,227
0.7921145695034053,-0.37601531593107534,-0.742034220431169,0.055605808756304796,0.1750368777198763,0.19241918467950522,0.3660189045000936,399165,28,325
-0.6287597152632228,-0.8288689236136524,-1.092534011253795,0.2176332214396955,0.5984969533601219,0.7351906211414003,0.2636650876401425,399172,18,32
-0.44999962586959574,0.01577337802180977,-0.11805188554204624,0.13597097872487254,0.36910476954906485,0.42169128369211345,0.13382526356385602,399175,17,89
-1.8210317816811288,-0.29919839726377934,-0.2927393278838117,0.38901248314249276,0.8363554391147211,0.8988738387817462,-0.006459069379967652,399189,16,11
-2.0199672230699854,-0.26002476069396935,-0.2197188718397238,0.43259860857633603,0.8642408104151579,0.9170376448055507,-0.04030588885424555,399192,16,8
-0.37822537326504635,1.6484081341287984,0.7481583922812551,0.09075835623945583,0.27874191453470676,0.22519002154314308,0.90024974184754325,399200,17,193
0.0014147223645576172,1.5817803793395997,0.7102993651347187,0.023750961957254443,0.10805808645176522,0.17521414706187163,0.871481014204881,399204,19,260
-7.675787446552302e-5,0.2305166794386139,0.8208240472694311,0.006836681254124528,0.19848694190203348,0.09235039488829978,-0.5903073678308173,399206,19,191
-0.002472999867531983,-0.9262666348377013,-0.17720253655326196,0.03854554538742475,0.21495319858568532,0.22751483404865064,-0.7490640982844394,399207,19,96
0.4001476378606331,1.2225548377853,0.7868773945711973,0.007827586060885261,0.10793570706987268,0.07501410127028378,0.4356774432141026,399208,19,382
-0.0783433159364903,0.27767974995686534,0.33153853675375117,0.15874420626433058,0.47001121129863416,0.3821796930849664,-0.05385878679688583,399211,20,156
-1.004170916805889,0.03616611865764724,0.35026573237450787,0.22378963408935543,0.5812584276037708,0.567015510332921,-0.3140996137168606,399212,16,31
-0.41188683325152003,-0.5632279500691584,-0.6057614730676872,0.12300222376489708,0.378088492123942,0.49753092305731317,0.04253352299852886,399213,17,62
-0.04702018022960814,-0.2111869167493552,0.09377807980644416,0.12883386207988773,0.3889607219853741,0.2941592880010993,-0.30496499655579934,399215,18,129
-0.8501855732786567,0.32520399764186536,-1.0644211726065296,0.1906094929496059,0.500544263198749,0.7670743826887046,1.389625170248395,399216,18,37
-1.3365838052683456,-0.7973325783713029,-0.5797585403481139,0.31391828008000444,0.7692015240055061,0.8503925259141137,-0.21757403802318898,399218,18,10
-0.012735471890314674,0.009063855226037745,-0.6139123192569464,0.07043039402086586,0.2012312174691355,0.3035613346305809,0.6229761744829841,399220,20,123
-0.27872786417710144,0.12064018376047041,0.35467818947956314,0.18386074541328973,0.48541460738916165,0.44629079319756226,-0.23403800571909272,399224,24,108
0.4502917963333618,-0.5538253966445197,-0.33713231952192574,0.13261771099959435,0.39781768002984313,0.3805964827239743,-0.21669307712259395,399230,21,232
1.202369602095407,-0.07297550087434207,-1.1647012283867269,0.030780881405457133,0.18993163175525396,0.13847486270798254,1.0917257275123848,399234,21,430
1.233354555009897,0.9740500284252875,1.1758783034101943,0.12198940128384252,0.4087314799383785,0.4183589469197452,-0.20182827498490674,399235,21,599
0.39910551070668326,-1.1328102503044597,-0.47347526477929375,0.01918159581136524,0.1579252155274118,0.16314057203589877,-0.659334985525166,399237,23,189
-1.0281119441990425,-0.06379753335312983,-0.48628161264505626,0.24112234680974315,0.6198733623487602,0.7538430390231383,0.42248407929192644,399254,18,21
-0.375200476921239,0.6812789127112608,0.3699779170204713,0.09664454152782069,0.3040357134524399,0.29143574954409573,0.31130099569078956,399258,19,106
-0.5023741931790602,0.32466197410546066,-0.34674540950056176,0.17554683424129813,0.48716327909072527,0.5341987508744692,0.6714073836060224,399259,19,77
0.39657916199376575,-0.3801866361972727,-0.8868715253682427,0.03686331485867094,0.1275078216454329,0.19945648332762445,0.5066848891709699,399264,21,203
1.5410622270924759,-0.7923913291862251,-1.3981857042521957,0.1417859932451903,0.4109599285661433,0.36987829187951266,0.6057943750659706,399266,22,476
0.8189530182506519,-0.06793554744988936,0.6611483752125735,0.08498536663206889,0.26271546436002813,0.28176792100236275,-0.7290839226624629,399269,23,448
0.8000468308625346,-0.45280871585251353,-0.4278778521501077,0.004523120789791058,0.1367905913453296,0.10256824023060601,-0.024930863702405825,399270,22,330
-1.778553267759305,0.20978711560144103,-0.30640114394834844,0.35857546919428757,0.8007573873837057,0.893001541152259,0.5161882595497895,399280,25,7
0.799902265831623,0.3937514811074998,0.28413921475389575,0.00809615339810675,0.10344962527624668,0.18272007943423663,0.10961226635360405,399289,24,449
1.9736104775130705,0.06260312397288491,-0.32579327715348755,0.15649313482950417,0.4990342779776748,0.4447803541166801,0.38839640112637247,399294,29,650
1.1996678792845141,-0.3989248639486807,-0.3711159324324504,0.012592453488546512,0.12234254885212574,0.10901778827021243,-0.027808931516230317,399295,29,502
0.39981227949671827,0.23029411933577673,-0.8068740472260574,0.010066706316221334,0.19960148807803535,0.13791727949396448,1.0371681665618342,399302,21,237
0.40947165002745817,-1.9326494508209104,-1.0287588482630434,0.061773521672520204,0.2561612115196633,0.2713643226183577,-0.903890602557867,399307,24,131
0.014156972325639106,-0.3839907429867992,0.200445302262842,0.07391723878509412,0.24256605215886393,0.26935055864813034,-0.5844360452496412,399308,23,163
0.7998365225845863,-1.1981760829826693,-0.8016591028115471,0.008109379522494884,0.054892701945422034,0.04889585389561631,-0.39651698017112225,399310,23,290
1.9770601241264447,0.11908974753874313,-1.589876725550366,0.09818089990486092,0.42306840750562813,0.23205387006639142,1.7089664730891092,399327,27,547
0.7999663856319845,-0.41039660679318396,-0.7705826346433101,0.0040228363497088315,0.07463640290519039,0.10547516163440504,0.36018602785012616,399329,28,340
5.684745563048354e-5,1.8485117283791974,0.8520991639318873,0.005850111495416352,0.1950704216916884,0.13589245958147514,0.9964125644473101,399330,28,302
-0.011918603940346108,0.35057674155759744,0.42160467066729285,0.0680111201228595,0.22416899539791882,0.1575789267204185,-0.07102792910969541,399337,23,178
0.39832879577183833,0.6456957556968166,0.48177931911530114,0.025804376844476694,0.2086132758670037,0.1732295194667734,0.16391643658151545,399349,23,334
0.9646686267206896,1.154190262713782,0.43366994389080077,0.19686459238886173,0.5975596876166797,0.48664441428579813,0.7205203188229812,399350,24,502
-0.007384357166632841,-0.5935329272008728,-0.13350790760598077,0.054550415877626025,0.24374948273312594,0.23325789726029997,-0.46002501959489206,399356,22,102
-1.5448443688008653,-0.36053716899844895,-0.43310366884549534,0.3368329803208506,0.7872841480684222,0.8705432183342727,0.07256649984704638,399358,21,6
1.1999730367659258,-0.8496238572644952,-0.8223154741772996,0.005471653814272771,0.13782436022042419,0.09331568855997222,-0.02730838308719563,399361,21,432
0.8436701931623711,0.719869768641249,-0.4713915717604804,0.12474376471283401,0.3798286344961292,0.27220191026660195,1.1912613404017294,399374,26,446
-0.3594770119839863,-0.47129987549362823,-0.5203823567289664,0.13064602022089739,0.387000037907457,0.4908698072622432,0.04908248123533815,399382,22,71
1.3920202037735814,0.5426953723015437,0.6061579573850367,0.20046042354973997,0.5814260351758227,0.5575966072076596,-0.063462585083493,399384,26,605
2.0110361461632325,-1.6552261459395528,-0.16892313440287948,0.10687321601610487,0.31032599568711977,0.4129504678565134,-1.4863030115366733,399390,24,622
1.5781025975814926,-1.6921666864802873,-0.24870189201002083,0.09129682466677283,0.29529481862520696,0.2952066729631361,-1.4434647944702665,399393,30,536
1.6019301638907508,-0.5026728524750701,-1.1941061060863924,0.02994328923036241,0.22404926605173428,0.09816324005478705,0.6914332536113224,399394,29,529
1.2134392494075785,0.16001431184541604,0.10983993048500056,0.07276869332027514,0.2792812629543959,0.251485267018444,0.05017438136041548,399395,28,543
1.2018729076537193,0.27968725389992705,-0.7984266166938333,0.027381200791773853,0.2153815355116625,0.07661897747249737,1.0781138705937603,399408,25,494
-0.155027437533313,-0.634003718871313,-0.1187836234312613,0.19492378388087758,0.5440514720226651,0.47549695820279403,-0.5152200954400518,399417,22,81
-1.2933134346226591,-0.827842067304315,0.14667234380712305,0.2895944097905953,0.7357823633647399,0.7241381820244748,-0.974514411111438,399423,18,15
1.1452497464425557,-0.6444510463958899,-0.7928882493142753,0.1374865384253929,0.4039218338079374,0.3577093604803752,0.14843720291838536,399431,29,442
0.006815374030162325,-0.09171532086544032,-0.3645874873859303,0.05212547954046287,0.21355512771077403,0.25342234021136534,0.27287216652048996,399432,30,150
0.7998796196639317,0.3194999648550407,-0.07187019788518603,0.007240181071834435,0.16518583383167906,0.15463890186949597,0.39137016274022673,399433,28,426
0.8047334421189544,0.3801028959665131,-0.004907014187606986,0.04325535832403799,0.16038505126846309,0.10059332717055379,0.38500991015412006,399443,23,442
0.3997145017522602,-0.3938832524930525,0.35050800999399506,0.010687941531718452,0.06348799948972865,0.1343943687744359,-0.7443912624870476,399446,24,262
-0.0020390387128631617,-0.3189452002973571,-0.367082674546989,0.03165492468779867,0.18054101284297622,0.22468416992293858,0.048137474249631884,399448,25,137
3.1829603522161163e-4,0.48906656578713625,-0.0442148325006535,0.012766661716051179,0.170155961737849,0.15449789445074358,0.5332813982877898,399453,24,193
-0.8219565122099123,-1.1898714640713741,0.12130952160839377,0.21041609641093253,0.6046306046614279,0.5675364290662258,-1.3111809856797678,399460,25,42
-0.7289977518933166,0.11285942510702195,0.2424016508837128,0.170022415805339,0.47160391057102125,0.4869536774491917,-0.12954222577669083,399461,24,57
-1.1153190716895427,0.027690500673696408,-0.7684409927214415,0.25448640987343873,0.6441456368946802,0.8176607508083045,0.7961314933951379,399469,17,21
-1.0187500742127715,-0.21609350215519152,-0.2001130580732711,0.23953472416504007,0.6224693529858153,0.701906015670601,-0.015980444081920425,399470,19,25
0.30848090166516845,1.7943232766837527,0.737365545767255,0.16802354320174545,0.5401666993229065,0.4888783476322266,1.0569577309164977,399500,25,383
-0.8404791022099958,0.5353857746356622,-0.22354712889190037,0.1641811896474392,0.4336372981634368,0.6026490086557705,0.7589329035275625,399508,19,50
0.8017545147294691,0.096356116622159,-0.3551243169908895,0.026436114786376443,0.18706195311964194,0.14212316877526013,0.45148043361304846,399516,28,424
0.8006026695619862,0.8444858742748801,0.5953441350938389,0.020503386639433095,0.15972585140254772,0.20668655190358598,0.2491417391810412,399527,29,483
0.3485142667252629,-1.020193005575988,-1.1780815672804268,0.13396480318787793,0.4047192384454125,0.4078906142713831,0.15788856170443877,399538,20,145
0.008267308783468237,-0.41550571379644013,-0.24116802337714327,0.057114770693175554,0.18507788273864018,0.2617076172311394,-0.17433769041929686,399544,24,132
3.505797734027803e-4,1.1397070692534086,0.803663765785207,0.011858766170682749,0.14657076083457912,0.061816990998071183,0.33604330346820155,399545,24,254
1.2754339912003212,-0.6487454918917194,-0.014966394891326402,0.1564783467985829,0.4545021175811941,0.39763435837695676,-0.6337790970003929,399546,24,543
0.5167141595036034,-0.7123990018405387,-0.2830922138117996,0.1818336317951124,0.5256720282270857,0.4519552808103193,-0.4293067880287391,399551,24,262
-0.2782233061002208,-0.7640197465173785,-0.3849695706023595,0.1851176410136061,0.5328086702263108,0.5427640570414772,-0.379050175915019,399561,16,67
-4.9367294636801146e-5,0.8025537210043108,0.7923385235755162,0.004646486512052698,0.053223310498601684,0.06449993232348525,0.01021519742879462,399571,20,221
-0.017016784386025278,0.46134210281855864,-0.2781309225660934,0.08073778267797486,0.24700129749606925,0.27651067931951917,0.739473025384652,399572,20,169
0.0018160679504637537,0.7716196076566529,0.3352989588926267,0.026899132528490674,0.12332046976201434,0.15987651924561272,0.43632064876402626,399575,21,188
-1.0108320215218909,-1.0144264757053292,0.3608089714225939,0.24224179168003065,0.6607821795598662,0.5829505510328126,-1.3752354471279231,399585,17,26
0.5963843418820223,-0.31565447618482617,-0.6393092004166888,0.19996732006066187,0.5530492125096385,0.5596751297783077,0.32365472423186264,399590,16,294
-0.7692746529712049,-0.48841853019143616,-0.8489887207515824,0.20763646750252168,0.5669659274330767,0.7299608749873859,0.3605701905601462,399593,17,35
-0.6640406166701789,0.4253904430490492,-0.7595939934278886,0.1944321830150088,0.5151964353437092,0.6841675800749824,1.1849844364769377,399596,16,49
-0.5830569468099215,-0.6756600413002467,-0.6529507546632988,0.2083920244535832,0.5724573069113836,0.6552995377927748,-0.022709286636947934,399606,17,45
-1.1605705727076938,0.04459922711947771,-0.7241181873924399,0.2599119081650539,0.6542267393754759,0.8230347549711973,0.7687174145119177,399625,16,17
-1.3598411262118244,-0.9173141787872001,0.5443912801529355,0.29320840337827186,0.7456248528387301,0.6538546628331735,-1.4617054589401355,399626,16,14
-1.7814331639323464,0.030773281451599452,-0.30665484761247025,0.36629147607746576,0.8118264498191996,0.8938618856374356,0.3374281290640697,399628,17,7
-2.20717926901261,-0.6879018354483133,-0.1732295892206518,0.5116340664250182,0.9019463477620138,0.9324033117737732,-0.5146722462276615,399633,16,4
-1.1424488467309482,-0.5702327995927906,-0.7466462728727671,0.2762870737187251,0.7051605838807545,0.8266302983992042,0.17641347327997647,399642,16,18
-0.8859044998144913,-0.18254324618508783,-0.6614185142566776,0.21603646819432978,0.5711118061858131,0.7316985415312071,0.4788752680715898,399643,16,33
-1.2242806306788747,0.2007843175123004,-0.6642147581542953,0.2637484202381306,0.6558621426467226,0.8292016454663721,0.8649990756665957,399649,16,14
-2.20717926901261,-0.6879018354483133,-0.1732295892206518,0.5116340664250182,0.9019463477620138,0.9324033117737732,-0.5146722462276615,399652,16,1
-0.5464383766802337,0.6926847876376122,-0.42507240259095663,0.19311203825834522,0.464995892810763,0.5869819282586419,1.1177571902285688,399658,16,82
-0.277367915453758,-0.0761083020268036,-0.2260946699160888,0.18462491325841196,0.5232586718300182,0.5201814114773398,0.14998636788928518,399660,16,101
-0.05866729693202193,-1.083191350693076,-1.353127506955907,0.14357198065809557,0.41687628180046715,0.5267145729856482,0.2699361562628311,399661,16,73
-1.452144090333357,-0.5649093411018712,-0.4940546522015394,0.3269626443469243,0.7799692275906562,0.8615482561615314,-0.07085468890033181,399664,16,18
0.33370026898517474,-0.5497574443342957,-2.5142159673801383,0.14874915545571613,0.4460853193893687,0.5593970619213797,1.9644585230458427,399668,17,145
-0.7980263885751453,2.048670979399802,0.7810541141836834,0.0505180530698516,0.18318626015997436,0.2699121905234526,1.2676168652161186,399670,16,117
-0.731786719642724,-0.643587951927035,-0.18748994377238534,0.1990719088159554,0.5560322810407022,0.6055265350053003,-0.4560980081546496,399671,16,36
0.0069026239510809875,2.726272250149363,0.8180445022061975,0.05209464383514501,0.21863483541091933,0.15430626769696182,1.9082277479431653,399683,17,336
-0.3723244536540184,-1.2367655595054048,-0.30740065304050085,0.13895914047182845,0.44099922942134506,0.4657043804035352,-0.9293649064649039,399695,16,52
0.4015598712273334,-0.13559249041682253,-0.48026574656984894,0.024955019372700175,0.19975495842181507,0.17283068533739096,0.3446732561530264,399696,17,243
-0.5419412639304265,0.19860034808409652,-0.16800164954118765,0.19254223169834248,0.49579682551093623,0.5374170591743429,0.36660199762528417,399699,18,65
-1.379191689615729,0.06915283957205999,-0.540260763735081,0.2940616246259737,0.714494631248321,0.8491076037047638,0.609413603307141,399700,17,11
-0.9950332242889232,0.4655748992031656,-0.0842000386393515,0.21942953766284756,0.5577863762621257,0.6592417933937297,0.5497749378425171,399706,18,46
-1.5443323581417603,-0.33058528171483015,0.32012447107429354,0.31914499847855654,0.7628907682419288,0.7541786312557753,-0.6507097527891237,399710,18,24
-0.9726785741990085,-0.2826220122876368,-0.15792891759200112,0.23237170837251928,0.609417897448728,0.6770595110910997,-0.12469309469563566,399714,18,25
-0.47072837040471577,-1.0802860319235816,0.006038427500189444,0.16417803697130284,0.48181163388547504,0.44339661717309375,-1.086324459423771,399732,17,48
-1.9042379790346082,0.15180847792355934,-0.2554267908798104,0.3851614521855354,0.8274451877804672,0.9056284648321542,0.40723526880336974,399743,17,5
-0.008810310518310953,-0.4745825644359731,-0.18388526535528152,0.059181438913871835,0.22332216160465465,0.24845641493512802,-0.29069729908069153,399752,18,127
-1.0891861823820543,-0.140856851144877,0.010866021192456004,0.2436859469593086,0.6295813516904519,0.6813424034898898,-0.151722872337333,399763,18,19
0.010739898238376816,1.1302752366257294,-0.2049629965650828,0.06466682078945654,0.22204952500014566,0.2690737940625253,1.3352382331908121,399772,19,210
0.3821979344559878,1.3133463598435635,0.862312955146482,0.08248625584773979,0.29068476551575634,0.25048824939294306,0.45103340469708153,399780,19,375
-0.5278851074050377,-0.4766840564620573,-0.08015518783246887,0.19010926147002807,0.5215563753402837,0.5124905680456298,-0.3965288686295884,399785,18,52
-2.0199672230699854,-0.26002476069396935,-0.2197188718397238,0.43259860857633603,0.8642408104151579,0.9170376448055507,-0.04030588885424555,399787,18,4
-1.8195761576932863,-0.03078300753591781,-0.2907332894495534,0.3763792454905823,0.8222507966043738,0.8978789116044326,0.25995028191363556,399806,18,8
2.7484164855816752e-5,-0.022275174184741117,-0.6308940194142839,0.02331199787418197,0.11427984420033183,0.2627254978796877,0.6086188452295428,399816,19,130
-1.303911832357867,-0.692551000272273,0.7727188233158673,0.26945291666766363,0.7015831824708209,0.5691460763683519,-1.4652698235881403,399827,18,17
7.688084992761321e-4,-0.8860076196570288,-0.2803151727150402,0.035374384087543884,0.19362836170589426,0.23352643456999667,-0.6056924469419886,399840,19,109
0.01749389178790206,1.151246153179921,0.32291844012767656,0.081801851487638,0.24797672594942766,0.23235456252419195,0.8283277130522444,399860,20,245
0.39708670529658135,0.4098880585255847,-0.09992593955883346,0.03401299578732584,0.11491102030636102,0.1919722177303832,0.5098139980844182,399868,20,261
-1.1907389547975844,-0.4433593358754787,-0.7000768197966948,0.27967908380868695,0.7068582754867838,0.8311181309851485,0.25671748392121607,399872,19,22
-1.2495287289819181,-0.5421829882619417,0.05252012177567587,0.27679042195525205,0.7054608034858955,0.7271663436043101,-0.5947031100376176,399873,19,21
-0.9474110683925403,0.6730204323853224,-0.9457167160038772,0.210386711418999,0.5219047024698987,0.7838824695745886,1.6187371483891995,399879,19,42
0.3953687258225264,-0.9883830395402536,-0.8062567092065146,0.04286781168972918,0.22849110540738546,0.17157983823666395,-0.18212633033373904,399881,19,160
4.014578198062764e-4,0.1877697502026432,-0.023024823049283237,0.014959594047840287,0.20339145846031167,0.14438833667246664,0.21079457325192644,399884,19,151
-1.0623024398317202,-0.6679149470698759,-0.8282565087929796,0.26734705287841326,0.6922818825093183,0.8177790633521703,0.16034156172310376,399885,19,16
-0.5182659844783493,-0.3065858318032853,-1.1955990136248384,0.1894198673570813,0.5117554246646311,0.6892267844966405,0.8890131818215532,399891,19,53
-0.7718329556824384,0.8224415853725159,0.5024876618442571,0.12127998317894526,0.33835326734698795,0.38444252681521063,0.3199539235282588,399897,19,72
1.5952706343462408,-0.782236706744011,-0.6681014418722484,0.04569725364126303,0.20731276197394422,0.2139500508440949,-0.11413526487176262,399903,20,538
-0.5763279694568977,-1.4262508010055943,-0.3217925719722276,0.21266055879233717,0.6086478004446088,0.6052656306827351,-1.1044582290333667,399909,21,38
-0.7482314947917886,1.559437693684785,-0.8279531001673476,0.1393052246337599,0.35192565954976246,0.6843198641836685,2.3873907938521324,399921,20,78
0.04318957418689519,0.24709886141392504,-0.794505979914857,0.12415153431449409,0.376650219507234,0.42716150521341534,1.0416048413287822,399928,21,153
0.11576427659736183,-0.6535353212967411,-0.3632652607173543,0.18139705543536616,0.5082734159459784,0.500202087566476,-0.29027006057938676,399938,21,142
0.3994411344500131,2.0713709263000517,0.8426608238581448,0.017031961944575957,0.17666739622659658,0.1306164555119167,1.228710102441907,399947,23,415
-1.3323993632649145,-0.08597503398288905,0.008090452612927063,0.2801268828073007,0.6953964101047247,0.7545105799737892,-0.09406548659581612,399960,23,23
0.008915834837322934,-0.559970037781673,-0.4965964260050113,0.060603418925032064,0.2529866328194164,0.2763460809022814,-0.06337361177666168,399966,24,124
0.4003630836663514,0.4300432337333664,0.629902112949803,0.012075619987366983,0.11358306608469673,0.19995249770910611,-0.19985887921643664,399973,25,337
1.046781691265149,0.7727614222270858,0.4607724993637865,0.194464993315156,0.582412013559203,0.5437593463571324,0.31198892286329927,399977,24,500
0.9572971123651499,-0.33392592515825725,-0.05414170014408298,0.19538799169921872,0.5311132632905573,0.5363058249961067,-0.27978422501417427,399982,24,420
1.2000177629096112,-0.9254320345225019,-0.8024124129985711,0.004616646775975299,0.1869222117915009,0.042970674182191186,-0.12301962152393076,399986,24,421
-0.3997801278166494,0.7902804174258266,1.1757363078516343,0.013336460522631073,0.08755174305317595,0.11405047103219942,-0.38545589042580775,399989,25,136
-0.3934185629097708,0.12977695371993542,0.3620067186077239,0.058524460153983056,0.24506520226589942,0.23996767515950765,-0.23222976488778846,399990,24,82
0.4062294051843905,0.618135886834008,-0.023554779347048936,0.0495274119113907,0.23752161461097712,0.14318395251523655,0.641690666181057,399992,24,307
0.40038665604377016,-1.1132507144067958,-0.6556447177938048,0.014175604855761519,0.17093001506855451,0.19947008127617824,-0.45760599661299095,400002,25,178
-0.6759901679462693,1.299498745164613,0.033897072038718896,0.18534174601684106,0.46888907526683454,0.5370826202310163,1.2656016731258941,400006,25,91
0.40005639684403954,1.5999865018333848,0.7937312031026239,0.005846498429255695,0.11138739478565557,0.055908106944371073,0.8062552987307608,400010,24,451
0.0017538827782512026,-0.31215108807603326,-0.4745824911205139,0.031795452981546665,0.18915340252167326,0.23853737813500528,0.16243140304448067,400015,24,119
0.06260664275356781,-0.20486814625171615,-0.03922787859240426,0.14533825445530346,0.4362037357082544,0.38264090009901625,-0.1656402676593119,400019,24,168
0.42357842135771,0.2936443044583241,-1.2741983274529065,0.09421395285293975,0.29791771653214794,0.33178496709619165,1.5678426319112306,400041,24,234
0.4000856019057178,-0.2301956202025688,0.7972516298642622,0.005941392142683572,0.19838196831942978,0.046066909680253336,-1.027447250066831,400043,25,285
-0.7615875499864772,-0.10488538159770398,0.02810333775139585,0.17337350907824156,0.4793806652735312,0.5417866320504912,-0.13298871934909984,400046,24,47
-0.8040753020449385,1.6209801946145381,1.9235748240986597,0.043308878369257425,0.140132862612179,0.19703916830751042,-0.3025946294841215,400050,24,115
-0.8391154923344252,-0.46867176406843813,-0.07695810536931207,0.20115519792388364,0.5516689268222905,0.6032822414476795,-0.39171365869912605,400053,25,39
1.1748798226316761,0.7941331822765729,-1.1539968489029404,0.09706213209069549,0.35586768192647145,0.21164086031540033,1.9481300311795133,400057,25,464
-2.20717926901261,-0.6879018354483133,-0.1732295892206518,0.5116340664250182,0.9019463477620138,0.9324033117737732,-0.5146722462276615,400063,25,4
0.8028787135428814,-1.5830258322387634,-0.428628028708425,0.03381148033964174,0.1387332999467861,0.13120423288869765,-1.1543978035303384,400064,25,310
0.854819343455745,0.8105513311506932,0.7568904231594222,0.13759057233023247,0.42270757194498093,0.3561052403962523,0.05366090799127099,400074,25,484
-0.47204225542298495,-0.5285515029991306,-0.9885331618459254,0.16798157603988334,0.47423108121813207,0.625316514466535,0.45998165884679487,400076,26,66
0.37421135417354023,-0.13916150252228132,0.5842713747626719,0.09823652740888285,0.3231639788642577,0.31870939536295145,-0.7234328772849532,400082,27,290
1.4727159527479003,1.3769011269103213,1.6814330646381495,0.1976659976468979,0.6301835336680496,0.6452827084339483,-0.30453193772782816,400084,26,643
1.9333605716098994,2.0926811824070284,-0.6883874341721046,0.17317988844119084,0.7217991424958184,0.4098929881151349,2.781068616579133,400085,27,641
0.798914537072825,0.10830238769309448,-0.395407530320602,0.02080982644577248,0.18663283455848254,0.060549839544640036,0.5037099180136965,400086,27,377
2.0434598032663365,0.2599186603951361,0.3530532694509926,0.19472802778431625,0.5789745882247134,0.6098025547158243,-0.09313460905585647,400089,27,644
1.196756474658748,-0.7509213520643997,-0.3420377505036025,0.03590138132712204,0.16355751476238437,0.16373667856450058,-0.40888360156079717,400091,27,482
0.4000147700237725,0.3548125685073445,-0.03897609689122808,0.003219839205458602,0.12768479224982895,0.11916066801816484,0.3937886653985726,400099,28,295
1.196638532410532,0.2105481104094316,0.07280118155285432,0.0396334176784202,0.23636553160228257,0.18585798944211002,0.1377469288565773,400104,27,538
-0.004205148100836921,1.1590307182221742,0.8096213989216917,0.040797215666380324,0.17262909423033165,0.10539750044935564,0.34940931930048247,400108,29,227
0.8426273491174359,1.6142124539403346,1.1337672774310548,0.12425554450127331,0.41683144597896316,0.36358713025999556,0.48044517650927987,400110,28,536
1.2699545650428552,0.8004045820833938,0.7664367567433562,0.15421330062168367,0.47187661555896226,0.449073658857465,0.033967825340037616,400115,28,599
-0.8546554561466497,-0.2259510856256143,0.021623775865576834,0.1952597731707065,0.5295402233631334,0.5789045452471785,-0.24757486149119115,400121,29,26
1.5597009150013823,0.010407837423318026,-0.22286452289347336,0.12225709029239035,0.39913613687173527,0.3482946650504678,0.23327236031679138,400130,30,574
2.16112660488668,0.7700922539065075,-0.12834036291388543,0.22403598976492306,0.6785798040963978,0.5944804286517386,0.8984326168203929,400145,30,646
0.796582097530256,0.6552783919268478,0.009820106790617365,0.03681842284808824,0.22497924160960073,0.1004628324603834,0.6454582851362304,400192,24,409
1.2018623726692241,-0.3788762266781748,-0.5912891107500042,0.02730041953024165,0.1460242868689208,0.2096703775829354,0.21241288407182946,400196,24,485
0.3935501259603594,0.805594648907087,1.1941175899916243,0.05038517487856764,0.1701644749253227,0.1664561536248962,-0.38852294108453733,400200,30,394
0.30068195885839555,-0.44698041955871815,-0.551129435461371,0.17280971660069194,0.50928923359816,0.4455881673320945,0.10414901590265291,400219,25,182
2.230456817149432,1.5997114067879423,-0.7523895915519087,0.22511810397189438,0.7680135272774925,0.49850603412742356,2.352100998339851,400220,30,636
-0.08970343357159964,-0.9294918364519691,-0.27194082039082895,0.1669922440203084,0.4852701890294971,0.4253330430198095,-0.6575510160611402,400224,18,84
0.4096482611971688,-0.43349319630243294,-1.6214833944805886,0.06140140917689042,0.19035316897546606,0.30333142626212944,1.1879901981781558,400244,20,191
1.60080467865656,-2.484881115209926,-2.7867892978188475,0.027283752861361,0.1782543530976459,0.1179675072075072,0.3019081826089214,400247,20,384
-0.47809364351181327,-0.21958199828896294,0.1082108365705288,0.16059912869671392,0.4377047414888964,0.4178544550577099,-0.32779283485949173,400249,20,62
-0.7971552090549207,1.1994192734801068,5.994235673514891,0.033612853326949355,0.13949673805531854,0.06487825972805768,-4.794816400034784,400253,30,329
0.40014329381460856,0.39653635473799903,0.3839889600937088,0.0075762155447469046,0.06088125352780387,0.08065936249017233,0.012547394644290222,400263,19,313
1.1993706459108955,-0.7302525935122645,-0.10092985095262276,0.01700828926683243,0.16058456557366366,0.18160530741029385,-0.6293227425596417,400282,30,503
1.7394767344123028,1.0105913831814668,-0.5746394898444112,0.19191329806517468,0.60033403706369,0.4245436111817525,1.585230873025878,400302,26,598
1.2565338789605385,1.2147287857942557,0.4742267020627531,0.14262902538306,0.46684163077215884,0.4011893682271882,0.7405020837315026,400308,22,575
1.1995715313182747,-0.9998053510027317,-0.3066473991625547,0.013871859664959336,0.20359726840217968,0.17270188976258993,-0.693157951840177,400318,25,477
-1.119328830024569,-0.5215917368572627,0.14106027872883364,0.2539955853226602,0.6641807207009596,0.6677099043846383,-0.6626520155860963,400323,18,21
-0.16306995559671664,-0.715515468614569,-1.137590608381248,0.1969308362491499,0.5653412309815444,0.6258586932369834,0.4220751397666789,400329,18,70
0.3999498521439266,-0.036465569175402314,-0.00499283359980414,0.0045248504130946865,0.11659896577700497,0.0514251078242977,-0.031472735575598175,400332,19,257
1.6222636734011289,-0.05959600968556389,0.2049939700114666,0.11213899664705727,0.36567096679092065,0.3736207619739987,-0.26458997969703046,400356,30,598
1.2000148828223196,0.29622500770848237,0.6131775173267229,0.05187480886378573,0.24545420192990205,0.25944492157389637,-0.3169525096182405,400359,25,563
-0.1697570798688065,-0.35511244772742623,-0.352019181128713,0.19775005877243493,0.5537990480579814,0.5311533335639786,-0.003093266598713229,400365,23,101
1.245511717325823,-0.14624747757690412,0.7591345462047413,0.1274399523277221,0.3771088229288696,0.3901560216192846,-0.9053820237816455,400383,25,528
1.961573319045269,-0.16993227962468685,-0.04828911126121023,0.1638508245816834,0.4935400624597941,0.4979247026049878,-0.12164316836347662,400389,24,632
-0.20868076234303348,-0.17962139773221877,0.40794192804042434,0.1998137432244837,0.5762608993049403,0.4281512084066618,-0.5875633257726431,400391,26,110
3.1317646476745913,0.6204440421051193,0.3077542978100664,0.431043905537891,0.8861246606063079,0.9050272203971259,0.31268974429505286,400398,29,668
-0.2833414797657186,-0.26567032361148024,-0.12204996041272456,0.18198097056131401,0.4959879282721939,0.5019786753723527,-0.14362036319875568,400399,18,87
0.3809430791222281,0.3389277629018526,-0.7121020454258109,0.08520443426765018,0.2870721866812596,0.261321034094935,1.0510298083276635,400400,23,235
1.3730121005866431,-0.36774441979234695,0.27089959051469836,0.1982133289991307,0.5370126147268699,0.5236972902341098,-0.6386440103070453,400415,30,533
0.26405372486984136,1.2026296044873661,0.6557427952109754,0.18946535611442372,0.5684556884358507,0.4078875836645154,0.5468868092763907,400417,25,298
-1.5337338981441968,-0.4559755565240869,0.008764928493030979,0.32832969439946624,0.778049935197233,0.8092794758977961,-0.46474048501711784,400437,19,19
2.166218821615461,-0.7015115703018018,-1.0493753838068227,0.2002012856750553,0.5302410229077815,0.4081892207203534,0.34786381350502094,400459,30,643
2.021705372435844,-0.44901045269211376,1.12833803323374,0.17881475561084587,0.50125434738321,0.7003768277345359,-1.5773484859258537,400479,27,646
1.583667885676473,0.09215498088575934,0.8437723918066075,0.12113090631982189,0.3963529775757791,0.46842804843097346,-0.7516174109208481,400481,25,607
2.009391333721552,-2.0626169595992074,-1.7488438810673967,0.061865336855916206,0.21860471350562014,0.22446568153126437,-0.3137730785318107,400483,25,517
0.39999724598006386,-0.09441659265707429,0.004672711765935759,0.0020528128583171723,0.17007293308817287,0.04949437242838493,-0.09908930442301005,400486,24,269
1.200152048784921,-0.018563834427479612,-0.785003748747646,0.009211265031815309,0.1536459549671325,0.08020082167699738,0.7664399143201663,400497,25,508
-0.4883362800778449,-0.033346313171854866,0.36885422706093024,0.16660430633679554,0.4629624799777451,0.3844222053178508,-0.4022005402327851,400499,19,69
-0.01288858724057026,-0.5125435284739361,-0.1721487378005441,0.07096026314495983,0.25892622998384107,0.2615608170484901,-0.34039479067339207,400514,18,127
1.0168847611364724,-0.29418710746907784,-0.3931988546860467,0.1992859945939953,0.5746048180899516,0.454160806292258,0.09901174721696887,400525,25,426
1.2114304035388426,0.43653815952605557,0.5824183917984286,0.07364702342752373,0.2751171232553244,0.28383653984117774,-0.145880232272373,400526,30,552
0.7999964354915545,-0.7983834947771771,-0.40079642081323213,0.0015999221829944047,0.05245972815621215,0.030222584413107084,-0.39758707396394494,400527,25,323
0.4008934070867612,3.407425387541125e-4,-0.4506965258345005,0.018900721835138138,0.07518074973631517,0.14307581332335634,0.4510372683732546,400528,19,244
-1.769649821006455e-4,-0.38368290439214103,-0.07990824077069264,0.017059421152104248,0.10564419343684586,0.17758724014300084,-0.3037746636214484,400531,18,128
0.7896934000146151,0.03163574547387116,0.09069701872572214,0.06337563637256498,0.20225260396725944,0.22909462381927778,-0.05906127325185098,400534,25,407
1.816303001632045,-1.5198693128722633,-0.6343670081681559,0.1994099082743128,0.5205418364339403,0.45000759131556195,-0.8855023047041074,400536,24,592
1.6339538561288782,-0.7409405502350566,0.6427809889582655,0.1192146257709158,0.3511398425012729,0.44407264282456005,-1.383721539193322,400539,30,566
-0.08041622764223791,-1.2089197664108764,-0.49499324496560265,0.16105683639958296,0.47070727543264423,0.45241746854439663,-0.7139265214452737,400546,18,76
1.5859537707550289,-0.6375927351924356,-0.19737735175729298,0.07843879387056124,0.28880020379513544,0.28887661837455403,-0.44021538343514266,400549,24,577
-1.055147787017638,-0.01754201209853459,1.1539214097863117,0.21243915656452136,0.5639017909028476,0.3977777115868216,-1.1714634218848463,400551,19,41
0.7999533356550056,-0.40832018265260267,0.43693015971740057,0.006169327211578075,0.07223756614351097,0.11807637882446996,-0.8452503423700033,400552,25,412
0.4050471477080841,0.04447216178656455,0.19495921520452397,0.04464750794055454,0.18353110232564995,0.22797397174177095,-0.15048705341795943,400559,19,286
0.8000638896118291,0.406088583826241,4.51890185930201e-4,0.005279053228246428,0.10170174444032125,0.035133774831162604,0.4056366936403108,400563,25,448
1.5963123537259933,-1.1302040691354485,-0.28910678319089267,0.04650195763493569,0.20262837316649895,0.22684978424140723,-0.8410972859445558,400574,24,549
0.8036551970081672,0.2038976208372653,-0.04597383498523707,0.03806308421748789,0.22349164985895104,0.15520754215893046,0.24987145582250236,400582,25,392
1.9176172512071858,0.9229074109226337,0.9543385905258085,0.21144266475166648,0.6529303289918843,0.6828963170806411,-0.031431179603174764,400588,24,630
0.4001997918713167,1.2338925775276524,1.1843173839777767,0.010274504978058182,0.12318107649718445,0.08685852306651207,0.04957519354987561,400589,25,410
0.5607401036881077,0.507860899639785,-0.33477142657170306,0.19610880243855636,0.5625980619985682,0.42576113169833313,0.8426323262114881,400597,19,336
0.39626308534982146,2.85011351565566,1.144335435809109,0.040522026299535926,0.24573096659531507,0.17996265088781546,1.705778079846551,400601,26,462
0.4053386055741218,2.5306940104559934,0.8045442713790284,0.046036062915746884,0.25118855273561463,0.12474929632126222,1.726149739076965,400613,25,450
0.7778555282693966,0.4836457452529633,0.38332462768761993,0.09147421517762343,0.2922348322578145,0.255721998860675,0.10032111756534334,400616,25,448
0.39948783476939403,1.253681790782336,0.7989616227752353,0.014327246233501612,0.14521773906627136,0.058214820346224244,0.4547201680071008,400619,30,401
0.027540723084454176,0.7326998532376529,1.676477669147884,0.10128329072014952,0.29721265431453875,0.30491426291076795,-0.9437778159102311,400624,25,292
-0.5476680043179836,-0.26197951540734565,0.2522067963711475,0.19437034471936684,0.525130145645035,0.4590511090412528,-0.5141863117784932,400626,18,66
1.59313628032603,0.44812813539288576,-0.00229727055229204,0.10053097403765292,0.38239735919221046,0.33372075192503736,0.4504254059451778,400633,30,609
1.8416966332827787,-1.2074679049830146,-0.6054996418893661,0.1958440521556385,0.5086623269234762,0.45005589307460137,-0.6019682630936485,400640,24,573
2.1707734546184545,-0.028238467097839445,0.6100770082908848,0.2247984186708291,0.615451934334834,0.706838742260436,-0.6383154753887242,400641,30,667
9.711613395464646e-4,0.35678200085811856,0.4132398090234699,0.019711015428969227,0.13399856116405973,0.09799472396800878,-0.05645780816535134,400650,24,188
9.573263259897059e-4,-1.3112538942152894,-0.6362646687377677,0.06250284480159495,0.2555092948083624,0.30065323402728406,-0.6749892254775217,400698,19,97
0.20980913142864202,-1.2842601679955055,-0.8073386143531566,0.1997683724478285,0.5747590748799607,0.5592378138657889,-0.4769215536423489,400706,22,130
0.470490483346893,2.034538651284147,0.9964440361446165,0.15240816271999497,0.5023910920518759,0.4355946591324142,1.0380946151395305,400724,25,470
-0.12730044313435473,-1.0468704753498885,-0.6455156860556518,0.18681607047406198,0.52644635777099,0.5361363541900508,-0.40135478929423674,400730,20,75
-0.23052749803321237,-0.015109282740436755,0.2336534521681801,0.1976616431440389,0.5288760052340118,0.47412098965299754,-0.24876273490861683,400744,22,125
0.936526170775366,-1.0688341987944334,-0.9273887951878597,0.1896604245681709,0.5050239750610156,0.5137996367846935,-0.14144540360657376,400746,24,328
-0.02646579302570206,0.031151344813325915,-2.508994161062434,0.09978588566810888,0.2681383381146111,0.6129408503624396,2.54014550587576,400750,19,105
1.135045759618274,0.5650973410189095,0.5367850928789725,0.14767051632604591,0.4593884496446501,0.42261527066356075,0.028312248139937046,400752,30,570
-1.1437730535851263,0.13693067410293788,-0.7394399287416833,0.25449664785333503,0.6403388627941194,0.8200821515723016,0.8763706028446212,400758,25,30
0.4018959531731084,-1.2323254999085036,-0.012414416730145397,0.027475781650801036,0.1323622670869202,0.09293618054034643,-1.2199110831783582,400776,24,204
0.7983813397301066,-1.9893274006746429,-1.2108295144268282,0.025467915501224483,0.1005699160028796,0.1087351979120253,-0.7784978862478147,400778,20,208
0.7978790149307393,-0.4055469994353613,0.1464414047002684,0.029053251918458492,0.11323859695947926,0.20559776578759026,-0.5519884041356298,400779,25,390
0.3571363863931063,0.12692959393559308,-0.8907564469749407,0.12372679396031251,0.36877249313934474,0.3652913690045378,1.0176860409105337,400788,18,226
-0.6898650951438142,0.20812110349156415,-0.7064634528431982,0.19147545672181943,0.503087518823846,0.6806335809980837,0.9145845563347623,400791,20,58
-1.135509932920911,-0.12158645558406447,-0.7497397607191227,0.2619403224322581,0.663914799588174,0.821613023890699,0.6281533051350583,400793,20,23
0.18200969711933554,-0.1472678581364594,0.17011712511103602,0.19918923230126534,0.5921003176537384,0.5131020983957184,-0.3173849832474954,400801,25,204
1.120632589092569,0.2606234449663291,-0.20430558350260392,0.15952421719650708,0.481863010646334,0.39291609477542516,0.464929028468933,400806,20,485
1.5507686034115262,0.13345010548522043,0.8185367303651965,0.14332689248091723,0.4461067609400269,0.49517856767159735,-0.6850866248799761,400807,25,621
-0.09457298681968268,-0.2721230647727671,-1.0468870653578835,0.17008491429675598,0.4445354342833499,0.5460222684966731,0.7747640005851164,400815,19,104
1.2012830124316063,-0.38079970714526845,-0.49707826422121715,0.022728303615353874,0.13869283494148785,0.17851865666380387,0.1162785570759487,400819,25,501
-0.9887260677852664,0.3561955305418739,-0.45528235301600417,0.22390627489387835,0.5672765470181186,0.7295682627314226,0.8114778835578781,400820,18,34
1.2000514500684343,-0.8188360327995885,-0.4199581741986981,0.006210674055272974,0.1046345133114922,0.09111411126603208,-0.3988778586008904,400841,25,495
0.09799290555366558,-0.3238308666410739,-0.5905728122133049,0.1720337791138552,0.5126053394709496,0.4964176191418884,0.266741945572231,400842,19,135
0.40118505820500117,-1.6055867884803525,-1.8577189416168218,0.03505190745722478,0.13852768839271545,0.29695300850308626,0.2521321531364693,400846,20,119
-0.5383890124501328,-0.8867091115616225,-0.24638924451951583,0.1979532664477046,0.5530869270545249,0.559612630681897,-0.6403198670421066,400849,24,49
-0.7997219879067883,1.4909343661270411,5.9992648713410635,0.01054170512401221,0.1811429983527505,0.020436473336227605,-4.508330505214023,400870,25,355
1.6014673945931386,-1.184551656336903,0.2881426380089828,0.056843841128549025,0.20020915050144922,0.31729286993315586,-1.4726942943458858,400884,28,536
-3.7974577177992514e-4,1.4898216247010907,0.7423121186532181,0.012351210647531995,0.18270440078702024,0.14410821346331917,0.7475095060478726,400895,23,244
0.017483958126665332,-0.9190194716159347,-0.3174116136215267,0.08231307195755586,0.28455229324249076,0.3038330268454283,-0.601607857994408,400897,20,104
-1.7647958311052765,-0.3991650366911207,-0.31819928617835724,0.3816728250084991,0.831943013507886,0.8936951219877122,-0.08096575051276345,400902,18,11
0.3121660847994115,-0.29332032189796997,-0.8848080122153346,0.16558699611586983,0.4462487310063522,0.4722535428148721,0.5914876903173646,400911,21,192
7.681197932410478e-5,0.6258526030352902,1.0979224104728635,0.0070181615613342,0.1991732414851267,0.1753436273380799,-0.4720698074375733,400917,25,234
1.1998415463789234,-0.8271583108965544,-0.19882060737242924,0.01066243121510413,0.11695913936573185,0.20225242662599044,-0.6283377035241252,400921,30,500
1.589000351152828,-1.5089896202689532,-0.8308625337503178,0.0654849126464248,0.2352570796219992,0.19823863397202424,-0.6781270865186354,400923,19,490
2.001888082234543,-0.6772766168635278,0.9305020927437897,0.16358413381316741,0.46107795193317114,0.6560510235545723,-1.6077787096073175,400931,26,619
-0.8345011373690714,-0.1455296236332006,-0.23436164021055458,0.1924494204095941,0.5207945521964886,0.6270086347016367,0.08883201657735398,400941,18,27
-0.4279641190975649,-0.4217582429868213,-0.599621710170483,0.12728452633120987,0.36997937169843276,0.5027866117357916,0.17786346718366175,400966,24,55
1.8581224870147708,-0.658094663521052,-0.06381477087965257,0.19400773275173308,0.5265851567993428,0.5254975502835247,-0.5942798926413994,400970,30,634
-0.32495587851535507,-0.598280807856292,-1.073762806313284,0.1622376366533202,0.46764244473433497,0.6081542983801914,0.475481998456992,400989,19,53
-1.091237337158242,-0.5097991648064365,-0.05107458409323914,0.25403605665935575,0.6630676764860574,0.70030434330061,-0.4587245807131974,400995,19,10
-0.40202744468652535,-1.1107704106024034,-0.2218757115354229,0.12808095491480712,0.4107117905868723,0.43337045432902,-0.8888946990669806,400996,26,37
1.607115176117637,-0.6418871862075276,0.26031012368876705,0.0817558686757446,0.29217822622908707,0.33994106666371543,-0.9021973098962947,400998,24,555
-0.30196582074999007,-0.987924895301387,-0.8050612600932501,0.17793648595515207,0.5180256582298595,0.591793978786478,-0.18286363520813698,401000,22,58
-3.199199212988084e-4,0.9913461129730056,0.8510747680799384,0.0114015217448076,0.20202939572954484,0.1365706381337281,0.14027134489306714,401002,29,242
-0.0063340725747163575,-1.3539017274295122,-0.46384888206103553,0.0643418390827385,0.26728903731527226,0.2688197169053744,-0.8900528453684766,401009,18,85
-1.5583041605527006,-0.6075444197097333,-0.42733211285837186,0.3483656155442406,0.8050589092564266,0.8733175061858869,-0.18021230685136141,401030,24,11
0.024534126413802416,-0.1201245838885274,0.3283811350714116,0.09597843765476899,0.3063694923572914,0.24062958604343382,-0.44850571895993896,401031,26,157
-0.8044089200864544,0.12105474412288605,-0.27809059189893653,0.1743966048102506,0.47542081399797875,0.6151139362741188,0.39914533602182256,401065,20,41
-0.7468920632732867,0.0398912936693062,-0.32401168644137995,0.17908343963649628,0.4921934235201418,0.617198946520514,0.36390298011068617,401079,19,46
-0.006419244826811735,-0.43600885211186435,-0.5945510110411187,0.052582967381122676,0.18920084550916924,0.2791032913596578,0.15854215892925438,401083,24,104
0.7993132251531624,-2.952322724332131,-2.2854036298456757,0.034362553187382544,0.22340633472220298,0.2366486496107028,-0.6669190944864551,401105,27,132
-0.3457021713803167,0.18612125450375058,0.4403554659192147,0.13709709473601042,0.4102253782387794,0.3630288854127204,-0.2542342114154641,401117,24,98
1.1788108605357404,-1.2192567987108298,-1.196821597493285,0.08959298598626206,0.2745134431658839,0.22419389982405036,-0.02243520121754483,401124,29,405
-0.21121976327430816,-1.7867374767851383,-0.7289534847535496,0.20268986243231144,0.6007562263303274,0.6028232193140861,-1.0577839920315886,401126,18,44
-0.20091690239606702,-0.2128916255114165,-0.2666351603032423,0.20003349249871646,0.57633752130254845,0.5329233436167917,0.05374353479182581,401131,25,90
0.26803389463564187,0.393407073640001,0.39479944937461436,0.1880728302486676,0.5598620629201031,0.5214205458694402,-0.0013923757346133714,401137,22,266
-0.751192414274197,-1.3940700833659185,0.22608006884090537,0.20169233770837927,0.597948225637197,0.5262807176781279,-1.6201501522068238,401150,19,27
-0.7024200443674924,-0.4672134392291521,-0.6872772505333942,0.20524743500215456,0.5631340085221797,0.6907396881593058,0.22006381130424207,401163,25,33
-3.2063762961602433e-4,0.7730719751481865,0.5046041618764778,0.011382065239376562,0.1068780140323038,0.17790826314042696,0.26846781327170866,401164,24,205
-1.2701066800685823,-0.06082704381889704,-0.28165052656141276,0.2738762537872594,0.6835757658095806,0.7882990466034417,0.22082348274251573,401168,23,34
-0.505543148544742,-1.247851252081108,-1.5917149507109298,0.2040692012490595,0.5799033399820462,0.7447280065674119,0.3438636986298218,401173,24,33
-0.8393052340560566,-0.3614603241906957,-1.0851045364487673,0.21713442259890403,0.58045556611209,0.7799803580678569,0.7236442122580715,401174,29,26
0.0448034392641094,0.22817728611835328,1.0609567838552212,0.1261508777678031,0.3845443975111687,0.3447878135459647,-0.8327794977368679,401177,30,220
0.8350332963384409,0.37455705135256223,1.5349555935274408,0.11315179974801653,0.34122632610428477,0.36625818321275216,-1.1603985421748786,401180,25,497
-0.3851951037421798,-1.5661782640554673,-0.869588963818657,0.1676262708814975,0.5166281446865755,0.594218574182819,-0.6965893002368103,401189,21,32
-0.007623263764949854,-0.23191373356075115,-0.7068343144602384,0.05636345693096821,0.24294125364727504,0.3002579945620357,0.4749205808994872,401203,24,124
-0.4261679897833889,-0.06930852298735336,0.7033666285502933,0.09958773608150208,0.30512177882968405,0.2576937644960337,-0.7726751515376467,401205,24,72
1.158188462567241,-1.1348311860691451,-0.7074053984281804,0.12237815735677361,0.34388651134180653,0.27236838446713985,-0.4274257876409647,401209,27,452
0.002020005896782147,-1.6084880067012501,-0.05810516040660821,0.04247654354483794,0.22187003333838848,0.18787046846919528,-1.5503828462946418,401210,24,86
-0.15567599090768888,-0.4474754408498638,0.2457540443968358,0.19503220963537676,0.5273976459759436,0.4354606325181467,-0.6932294852466996,401231,21,107
-0.20639518504341545,0.7918692500054823,0.8312823757714525,0.19989778457143187,0.4941991402325319,0.42365108158311787,-0.039413125765970225,401234,17,173
-1.0610627288751147,0.6449090188592284,-0.13022837502887796,0.22226434699398678,0.5614421036389159,0.6906034813464751,0.7751373938881063,401236,17,47
-0.8274262349221163,-0.1405081725186772,-0.22372965288293126,0.18999737303130376,0.5154495384836074,0.6213766915811906,0.08322148036425406,401239,18,44
-2.2820721084109344e-4,1.1814887740849531,1.1017460663433274,0.009684280046343493,0.09246147889770955,0.17402408609496622,0.07974270774162573,401243,18,249
1.2156683603050065,0.539442934001558,0.7692272379032665,0.08597496594987906,0.3138368401471729,0.3133897042858603,-0.22978430390170856,401255,27,549
0.6653386104422585,1.745635618656676,-0.8704140735833258,0.18902897886763106,0.6159423764029492,0.49135980038246496,2.6160496922400016,401260,25,386
0.0072413068421562825,2.2404631424614205,1.9395122340598923,0.053413448984495786,0.2477291945336163,0.1955025753305737,0.30095090840152827,401261,24,358
0.4002667238993445,-0.03093609426784175,0.7367231064790833,0.010349207233751382,0.11070550563320532,0.14820267479385596,-0.7676592007469251,401262,25,309
0.3931141286629097,0.8235674114059085,0.8281813693604221,0.05202866736100824,0.16954934380237643,0.16349728697646462,-0.004613957954513581,401280,28,368
0.627505288217272,0.8653969654727748,1.7563617625694734,0.19810178325382333,0.592887985119963,0.5868372395285063,-0.8909647970966986,401281,25,497
-0.7452698913853489,-0.02386117655284461,-0.7802296315157067,0.18859346115189696,0.5116254015281065,0.7027680652000068,0.7563684549628621,401283,20,41
-0.3787326271544438,0.6541470243839979,0.4729823596311232,0.08998789013601782,0.29798653712748524,0.2854961752905023,0.18116466475287468,401290,25,119
0.3843012553825133,1.7249454306633956,0.9578312731776152,0.07768455195751334,0.29467451536896333,0.27792502675521863,0.7671141574857804,401294,29,402
0.020911112716038488,2.4244244150772705,2.3253274118405356,0.08909069644654499,0.3196326843522069,0.275310717273798,0.09909700323673487,401304,25,395
0.983012464827653,1.4544956903037782,1.052772739631387,0.1994585401555496,0.6184698986146867,0.570179863297936,0.40172295067239117,401311,30,557
0.42557605691489653,1.3195354329210507,0.4181986416403037,0.09785874962944226,0.3404213252230434,0.2615538623593807,0.9013367912807471,401322,24,378
-1.617257928587629,-0.09913054335633367,1.1371022609366983,0.30461941630588935,0.7371593693691675,0.5709286644167991,-1.236232804293032,401328,19,23
-0.7605980826176794,0.9727097899368413,0.209881357461347,0.13411094443511018,0.3892354467433474,0.46525434129882265,0.7628284324754944,401331,16,69
0.019205898874571647,0.6227525343795968,0.3561353668509948,0.08551921652199246,0.2958247956972152,0.2019242200669533,0.266617167528602,401355,26,197
1.529124723010778,1.2060705819202804,0.7511163815945341,0.1713500527693581,0.5703067952889871,0.5328460471354317,0.4549542003257463,401363,30,643
0.2634701208330141,0.4106058408565994,0.731829650696868,0.18966166161750297,0.5655581614462821,0.47539760584543644,-0.3212238098402686,401373,30,290
1.0755724853334925,0.6070992279742229,0.5768272263825532,0.18520215199958026,0.5565016307565256,0.5113750948804521,0.03027200159166965,401382,26,507
-0.5245240822795796,-0.4007483863763958,-1.0646767730543825,0.19243941665694733,0.5281252093907718,0.6772555497978685,0.6639283866779866,401410,21,54
0.7932654085869689,0.914382190056728,0.3997427393928008,0.05147487543654215,0.23540496703106903,0.15056816538015982,0.5146394506639272,401414,28,475
1.2098200328482918,0.6105676101521055,0.735119137528852,0.0765495210873874,0.3017423874894221,0.29738730398816027,-0.12455152737674657,401415,27,548
-0.42224538293795605,0.5498161221296172,-0.7254953000680653,0.09681879880493395,0.30757093955783354,0.4930931039345053,1.2753114221976825,401423,18,91
6.329488582593255e-4,2.6667871876571128,1.6384605342387621,0.01892196689302364,0.19972154851632618,0.1286907827894326,1.0283266534183506,401425,29,369
0.40004146686588293,-0.7863865202660903,-0.8773684255133787,0.010835773253576469,0.08358605401391456,0.17348837559006622,0.09098190524728833,401439,20,196
0.8069018092580549,1.664069968826272,1.1559392101032058,0.06051873889238959,0.27209326026705083,0.22695425412561995,0.5081307587230661,401442,24,539
1.2104549407368528,1.4043144513250119,1.10723150336914,0.109974987850916,0.41185357663506256,0.3899179172196025,0.29708294795587187,401443,27,607
-0.004704492654466093,-1.3915664808961281,0.089348777577933,0.04524678154707717,0.24064569996730545,0.19466860071748635,-1.480915258474061,401458,23,91
-0.9929322867737438,1.0738007696524972,-0.24914945051421383,0.20934941718656946,0.5182168779998045,0.6857114733371169,1.322950220166711,401460,24,47
-0.0034173187369183657,0.4092261148084819,0.3868683549847905,0.03681586693902116,0.11680709064422212,0.12146534741347227,0.022357759823691425,401476,20,184
0.8800257599937122,-0.2560852020755088,0.5305287156280761,0.16001957422008356,0.4763798551489018,0.4540179074911883,-0.7866139177035849,401480,30,441
0.771958503461597,1.5823918237903771,2.378146189898664,0.10511179586777451,0.38421721346708987,0.40174994625068056,-0.7957543661082869,401515,30,572
0.39942665058372395,-0.03311894495262609,-0.38920802535835264,0.015143183859005005,0.12023199266403291,0.08816007196829931,0.35608908040572657,401532,27,233
1.4912331841565059,1.0479803353861301,1.191118938795317,0.1876016314885701,0.5904496987746517,0.5932579380287505,-0.14313860340918683,401534,28,652
-0.3259422211360108,0.46087095842680886,0.1103954814371441,0.1554663919563103,0.4513071907397484,0.4237688844529192,0.35047547698966475,401556,23,115
-0.2775693311628608,-0.636268884380196,-0.5142065391981399,0.1854294051407744,0.518585185302234,0.5612956830914604,-0.12206234518205616,401557,17,58
-0.3990400908518842,0.8611698694131045,0.8158799518842335,0.021770728239197377,0.15642451079394593,0.13778051984198816,0.045289917528871015,401574,20,137
-1.6155640098029398e-4,1.2320288567474884,0.5122554204089532,0.008165211048893494,0.11181621178105829,0.1810328334920812,0.7197734363385352,401575,19,227
3.954564501076705e-4,-0.15029784083592285,-0.5667548135490862,0.029305470827613835,0.20782384050127,0.25474710783290777,0.41645697271316334,401589,21,137
-1.0538974795842173,0.6193749095595553,0.2355587903804633,0.21855899917646335,0.5543016422017881,0.6058570635161417,0.38381611917909203,401590,20,39
-1.491682143033913e-4,1.17733821442089,1.1015651346303983,0.007976039386654366,0.09806061430875146,0.17358807747082677,0.07577307979049164,401596,18,249
0.42134809922852223,-1.2971476202101866,-0.22704298673762605,0.08990880932624715,0.2903615842400412,0.3018086385393134,-1.0701046334725606,401618,27,185
0.3996185318216923,-0.34577924622038453,-0.5369372039542346,0.012596841780220516,0.1407688198245034,0.19317908731949804,0.19115795773385008,401624,22,225
0.3999405557294618,0.5724945303786656,0.8179187142198475,0.005705708495951389,0.19881481617385088,0.08491230990586644,-0.24542418384118192,401648,24,341
0.79995439072955,-0.3214906541421088,0.3166559631194904,0.005476819998093092,0.15996957026547096,0.163350333631682,-0.6381466172615993,401654,24,399
-1.348482869850623,0.9918155280124417,0.8351352812245468,0.23533022833605283,0.570760502940711,0.5385424470649631,0.15668024678789483,401656,16,35
0.4562085008978246,0.9134686423177464,1.0371350007629645,0.13901100869519262,0.4287503240786808,0.39734895273775195,-0.12366635844521812,401658,25,395
-1.26555652536625,0.39245318865464374,0.04365791982195592,0.25235875786926926,0.6268945397310259,0.7211681179117724,0.3487952688326878,401706,21,34
-1.7390802556519753,0.8977408245782141,-0.3190877644712999,0.32606289478289835,0.7419057682040865,0.8866689794918767,1.216828589049514,401708,16,19
-2.20717926901261,-0.6879018354483133,-0.1732295892206518,0.5116340664250182,0.9019463477620138,0.9324033117737732,-0.5146722462276615,401712,17,8
0.2957989612885412,-0.4880697219388826,-0.16764317802025872,0.17556355417171468,0.5217516092761827,0.3977216391050977,-0.3204265439186239,401732,26,206
-0.40015719050828724,1.6354207435526515,1.20094313320391,0.009889447349935132,0.11772066339623409,0.09629154690597734,0.43447761034874155,401735,27,187
-1.1622985461399336,-0.2832692296623327,0.3013762060108595,0.2501882601619014,0.6487192221738041,0.6397116225613083,-0.5846454356731923,401751,16,13
-1.2567157498645152,1.2112350300078845,-0.19785399774748705,0.22080213092151826,0.5335250345115166,0.7535544322283769,1.4090890277553716,401758,20,36
-1.216614755697233,-0.20358337839455906,0.1571981525282694,0.2598045016572369,0.6634350300244862,0.6900392800859763,-0.3607815309228285,401772,20,21
0.39965721265212867,0.7979764781927832,1.192692729874818,0.011935331345954694,0.07700821496980818,0.07629979502431346,-0.39471625168203484,401775,24,395
0.3997048122091877,0.8102636135939246,1.2012496017101724,0.011185298063642055,0.08290170829774991,0.06704102333420496,-0.39098598811624774,401782,25,381
0.3931618036776166,1.266823407147702,1.2078111197446122,0.05185916000259702,0.20600700861475543,0.16316970207815165,0.059012287403089836,401785,19,406
0.3892721423402312,0.2032727131328359,0.8267587822469089,0.06462246714696432,0.26320314550646073,0.1814605629844949,-0.623486069114073,401793,21,326
-1.2247750323803752,-0.7473218349774218,0.3129745921154055,0.27086685021971246,0.7036173818850222,0.6642943670261164,-1.0602964270928272,401796,20,23
-1.24730263621284,0.11250350254638211,-0.6449610534007303,0.2705287811969095,0.6716807378474688,0.8328253033681476,0.7574645559471124,401800,24,29
-0.7359260876963984,0.3958978929513566,-0.41007583420187527,0.1713016193241017,0.4654596771823045,0.6254343030996764,0.8059737271532319,401804,20,62
-0.27947110050657165,0.3535267828580848,0.18050988435167967,0.18355180833666615,0.5233300942685163,0.448038898558795,0.17301689850640514,401818,17,118
-1.1583596069350408,0.187774394049295,-0.3484593280435447,0.24891938291597226,0.6277653176906572,0.7663712810408918,0.5362337220928397,401819,20,29
-1.242331650564977,0.21045029000991547,-0.6483452773077938,0.2662681069940906,0.660258945606255,0.8313115367595122,0.8587955673177092,401843,19,20
-1.1503894409212532,-0.48090684553560575,0.0828825066406846,0.25871173732892006,0.6714512851580762,0.6899486087348321,-0.5637893521762903,401844,16,24
-0.08273194989666616,-1.045449852699425,-1.27831951177573,0.16326633898039195,0.46446065225130456,0.5581183896874239,0.23286965907630508,401846,16,78
-0.1261587836428227,-0.0016043463659535873,-0.3480307568395059,0.1858802710415035,0.5424990311912914,0.49099999644423165,0.3464264104735523,401853,18,124
-0.4369264438217053,-0.8879709884715996,-0.28111360283742587,0.1430221845037241,0.428238085337369,0.46454022010937485,-0.6068573856341737,401862,24,54
-0.3967634779274701,1.3718813805105041,1.1821576215748413,0.0359482893552982,0.21781023622664128,0.12264287866900632,0.18972375893566285,401864,25,155
-0.027074294487126532,0.7281538620387555,0.05258200094925144,0.10048396682319917,0.30916872347314617,0.24442686736156566,0.6755718610895041,401865,19,173
0.7768318766008022,1.297776162012573,0.41797672122634477,0.09344210048844165,0.3290644068132354,0.24409519644010255,0.8797994407862282,401877,23,472
0.8158121008364423,1.5316355063601679,0.7581339728015896,0.07834643385165752,0.29816340586289236,0.22367539914123663,0.7735015335585783,401891,24,534
1.1978394559258272,0.8303943894365376,0.08906378591520822,0.043774567531549,0.25428105882297686,0.2005735315997257,0.7413306035213294,401897,25,542
-0.9466329911419541,0.4855277018043773,0.002974558011907833,0.20846654260468006,0.5344797079699672,0.617191133917055,0.4825531437924695,401899,23,45
-0.6476373420350329,-0.5145722405944431,-0.373452562824573,0.20696001897895458,0.5673206420445559,0.6283081140199519,-0.14111967776987006,401902,19,41
0.0028369578849354806,0.40373766546637185,-0.16471005252172996,0.03364096081586264,0.11878289410052308,0.22332819931295392,0.5684477179881018,401903,19,177
-2.20717926901261,-0.6879018354483133,-0.1732295892206518,0.5116340664250182,0.9019463477620138,0.9324033117737732,-0.5146722462276615,401912,16,5
1.7952070150078532,0.512604775502069,0.7642336128844404,0.20890983241808733,0.6059505564375203,0.6323869067649127,-0.2516288373823714,401926,29,625
1.131413780870014,0.9032077631687884,-0.221470578490346,0.15077027531832057,0.48575289861445603,0.3831550765735619,1.1246783416591344,401929,24,532
-0.8794042262578083,0.8639102879198531,0.573716626086494,0.16765461440449891,0.42467522922460116,0.42050641755758156,0.29019366183335915,401930,20,59
1.196247266025178,1.3919420934543163,0.20530985613621774,0.0626057242819796,0.3271733828460418,0.257433273627976,1.1866322373180986,401935,29,571
-1.1988317489121083,-0.15645990054096326,-0.690261665185823,0.27203747470469836,0.6837674414205533,0.8295006660549306,0.5338017646448597,401953,26,16
-0.8695540482679787,-0.4164782503944798,-0.4099146458115647,0.21508405515320522,0.5779289870886763,0.6861641150064269,-0.00656360458291505,401966,17,26
0.002668020978598682,-0.7710471585138795,-0.5181055033940445,0.04188156606526319,0.17709525098022674,0.25633633511195675,-0.252941655119835,401969,23,94
-6.921109587573265e-4,-0.006062924053880555,-0.14135968524737913,0.01825802830853341,0.08525691725609592,0.20486332212735714,0.13529676119349857,401998,22,141
0.8001246266155689,-0.4999150912760157,0.40848187862762014,0.0074268109701018555,0.1744462631219599,0.07023103283028774,-0.9083969699036358,402002,29,420
-1.1377487464072609,0.306796186932907,-0.7437770020280394,0.24774322626755413,0.6216487680993302,0.8176335269099201,1.0505731889609464,402009,30,25
-0.49697142710093406,0.1520243577537877,0.9434576207339671,0.1714613437311994,0.437533107777492,0.34122268645932724,-0.7914332629801795,402014,30,85
5.50749641623484e-5,0.40469247548603493,0.3462838609353469,0.005781800497858399,0.059343627861711476,0.13903295918953767,0.05840861455068802,402025,30,191
-0.33978759371360284,-1.3769628771956135,-0.640162863041124,0.1650894789170836,0.5043445870613718,0.5544177667239538,-0.7368000141544895,402031,30,43
0.41422860964152985,-0.2850757206605478,0.37252162423337937,0.07408773078940917,0.27216873227970884,0.16016918614755968,-0.6575973448939272,402042,30,296
0.8001460195331249,-1.2627748910946135,-1.2426109259113085,0.009119227646151981,0.1476696694320638,0.12866505192381827,-0.020163965183304988,402045,30,267
1.1998644970468118,-0.8416275162440727,-0.8872229423828288,0.008361556871852194,0.13114035554555775,0.16648735616058888,0.04559542613875611,402049,29,459
-0.7129636797949355,-0.6493328515623374,-0.3910317545411033,0.20465946217549008,0.5674404727218617,0.6444339546170064,-0.25830109702123416,402059,30,42
-0.01860575092208753,0.05559615987531911,0.6476707695250998,0.08423886514862079,0.24804857680121595,0.27562800738603066,-0.5920746096497808,402061,30,169
-0.008907221977965545,1.2300592549197595,0.8409009336323485,0.059021771907542105,0.183880837420371,0.17522346247290915,0.389158321287411,402064,30,241
0.8191237549067396,-1.6497903228901651,0.13312241306320277,0.08534520512496116,0.2595361190261165,0.28383749349156456,-1.7829127359533679,402092,30,340
-1.7139610738364653e-4,0.2080673354349566,0.41711561300117744,0.008970230406796276,0.2011788358025038,0.0929778121825896,-0.20904827756622085,402105,30,191
-0.3934640250861022,0.3234033179768853,0.5805934189965082,0.05274695260401893,0.20695030290464703,0.23895116234082764,-0.25719010101962286,402106,30,97
0.39996998147290896,-0.8048783265434659,-0.40564437402506126,0.005119635769653823,0.060665212867340335,0.0780167007330055,-0.39923395251840466,402109,30,201
1.1428163796076185,-0.11766068678012512,0.25605126115575133,0.14003099854418266,0.431887671159437,0.4149831541365028,-0.3737119479358765,402115,29,545
0.4008501376913131,-0.8001317592651669,-0.2166517601980586,0.01843766894263128,0.0774798427532585,0.20465743507963974,-0.5834799990671082,402373,30,244
2.8598090354257753e-5,0.006347098374448402,0.09439969502286248,0.00894709902327069,0.07177649485636475,0.1793873916030452,-0.08805259664841408,402480,26,141
1.307648815271861,-2.2111948369780845,-1.2529664474678752,0.17740144207725786,0.47255171040084737,0.4823593229298239,-0.9582283895102093,402488,26,381
2.0139023595623313,-0.5024634120993188,0.9676791435324447,0.17312248187517118,0.48820554221060847,0.6718092355009787,-1.4701425556317633,402506,28,663
-2.0199672230699854,-0.26002476069396935,-0.2197188718397238,0.43259860857633603,0.8642408104151579,0.9170376448055507,-0.04030588885424555,402644,18,10
-2.20717926901261,-0.6879018354483133,-0.1732295892206518,0.5116340664250182,0.9019463477620138,0.9324033117737732,-0.5146722462276615,402653,19,1
3.1317646476745913,0.6204440421051193,0.3077542978100664,0.431043905537891,0.8861246606063079,0.9050272203971259,0.31268974429505286,402660,17,641
-1.6237039895299923,-0.03213455993656115,-0.3850295718451517,0.33949657751987633,0.7834384800078775,0.8775442085258593,0.3528950119085905,402665,17,6
-2.20717926901261,-0.6879018354483133,-0.1732295892206518,0.5116340664250182,0.9019463477620138,0.9324033117737732,-0.5146722462276615,402666,18,2
-1.6752885712378336,-0.3036389597589356,-0.3602027426760742,0.35931861793409337,0.8105221284250219,0.8841897778444894,0.056563782917138594,402668,18,11
-2.20717926901261,-0.6879018354483133,-0.1732295892206518,0.5116340664250182,0.9019463477620138,0.9324033117737732,-0.5146722462276615,402682,23,2
-9.57612155945661e-4,3.252790758275978,1.3358998080083233,0.0231506694179496,0.18036757890011948,0.19804477611419882,1.9168909502676548,402683,18,454
-1.8458320117232108,-1.0105205046993222,0.1976940989568776,0.4184744193514234,0.864642164987524,0.8486107809805914,-1.2082146036561998,402687,17,5
-0.9316800323441652,0.31877001656370024,-0.4983099425403608,0.21220496187735885,0.544955828137602,0.7139032546059866,0.8170799591040611,402690,17,41
-0.45235431777420054,0.9647739546879482,-0.03047648191278449,0.13503689552913847,0.38593629097070953,0.40275389739009837,0.9952504366007328,402696,18,106
1.6366347568740993e-4,0.002929884902137765,0.9194116606983251,0.008857297265633507,0.06804531552311638,0.18442851180213324,-0.9164817757961874,402697,18,209
-0.9973705500154113,-0.33917006455137527,-0.896119262155437,0.24846577624832142,0.6442730640175668,0.8052850477324958,0.5569491976040617,402704,18,29
-1.1463029724227198,-0.44168212196385437,-0.741895612357175,0.27314589337463324,0.6953866585238078,0.8259132806083843,0.3002134903933207,402714,17,16
-1.5882290805656147,0.15988291527302137,-0.40328388993738973,0.3266244309595089,0.7621449329451587,0.8727974872819403,0.5631668052104111,402727,17,17
-0.40020968477061736,1.8163077188177892,1.0424982759881782,0.012430879606041018,0.20191744128924025,0.19817083222310733,0.773809442829611,402732,18,169
-0.37300845178726716,-0.4389741952030323,0.35533323066692424,0.10266105431230846,0.32314388661028537,0.3009217825829866,-0.7943074258699565,402737,18,76
-0.8846344312108388,1.2025400758025357,-0.6542487517134764,0.17490912167238115,0.45642026087307946,0.7049509010846963,1.856788827516012,402744,17,71
-1.1645155568797756,0.1479944456180946,0.7878530795966102,0.2247964375044952,0.5837487334033464,0.5000714702284195,-0.6398586339785156,402746,18,31
1.60365482465869,-2.339681213016495,-5.906127643011889,0.03806138841269514,0.17637650052213372,0.17907714008574768,3.566446429995394,402771,23,385
-1.6020488993183937,-0.14325483740103528,-0.397956283471804,0.3395553840402342,0.7858822928983769,0.8756942353451609,0.2547014460707687,402776,24,14
-1.3537532300032018,0.44310878223052586,-0.5560413518603263,0.2770277217682334,0.6720493314201462,0.8432166319767084,0.9991501340908522,402779,24,13
0.2683650161819801,-3.0592342739622427,-0.6838887930043085,0.1883000922303229,0.6031568288127928,0.5030576573382926,-2.375345480957934,402792,24,71
-1.1973111359650388,0.13143210145063572,-0.6890797159389818,0.26212938221867493,0.6553313176571391,0.8266098785660619,0.8205118173896175,402794,24,25
-1.8101191698436876,0.06719349270659182,-0.2938538405127323,0.3703100432455178,0.8151669869099818,0.8966398307167688,0.3610473332193241,402796,24,11
-0.764901179098728,1.0457339988245267,1.3358286716029648,0.11456349860600373,0.3373374607492592,0.2812932207067349,-0.29009467277843815,402802,27,86
-1.7069968812694858,-0.193694201767055,-0.34335970502195,0.36106791155158124,0.8103698417397321,0.8870335885335245,0.149665503254895,402803,23,5
0.3988145945499235,0.6545744782547324,0.3526331685265326,0.021744346887922678,0.20273356162853107,0.1400043358851701,0.30194130972819977,402805,23,321
-9.257140338076708e-4,1.5940141888774202,1.1986884355606153,0.019230343280307642,0.09244741780422588,0.07379020853052025,0.39532575331680486,402807,23,272
-0.5173273760181333,0.28237083062743373,0.9263166266377325,0.18214903313576436,0.47581942450204545,0.35731072210950615,-0.6439457960102988,402811,24,87
0.001983712484567257,0.4735453918033054,-0.21351421311118648,0.028376946729180855,0.17407653445050064,0.227152679294994,0.6870596049144919,402816,23,177
0.8004598781128455,-0.7640947559467852,-1.1961366503850988e-4,0.013556313721322405,0.12226830256654656,0.044351315022214635,-0.7639751422817467,402820,23,381
1.7615453027353796,1.2514738305769357,0.4829046426351994,0.20809350804506938,0.6522146230962234,0.5931303820391653,0.7685691879417363,402833,23,654
-0.4524264609055508,-0.8688151574207248,-0.12499815198793984,0.15057867498508487,0.4433160718412882,0.44602836929583783,-0.743817005432785,402841,23,58
1.1994776449256719,-0.30608823647565575,-1.1990353909965374,0.014786911449308682,0.1789208459497277,0.05333614471965566,0.8929471545208817,402847,24,460
2.1775438861678986,0.47169335773829046,1.1334391610948709,0.23954927895058487,0.6763015919065765,0.7800409117900873,-0.6617458033565804,402850,23,661
1.201488144574035,-0.7251438731178644,-0.06661312035589484,0.0247440174454206,0.1720240478789428,0.16201354501351267,-0.6585307527619696,402854,23,472
0.40073090721748056,-0.51636099984183,-0.3728269854353088,0.017099334796289833,0.18693946693648353,0.11614131440969234,-0.14353401440652125,402874,24,228
-1.3777712855630413,0.07306732519006294,-0.541275434230776,0.2936936620400976,0.7137543225139853,0.8489105022407356,0.6143427594208389,402898,18,8
0.7999620932841913,0.37706704356472476,0.028144393651611532,0.005653213678296677,0.11433024175394071,0.10343045240849746,0.3489226499131132,402902,20,426
-0.6831565386158834,-0.6653243326825198,-0.15282012283805504,0.2034739391713718,0.565322644413874,0.5935692719524039,-0.5125042098444648,402903,23,25
1.174358889665086,-2.8227571751376255,-2.0623018440031755,0.0979892145188934,0.33089940181279126,0.3106066225751496,-0.76045533113445,402911,28,260
-0.8350237214063638,0.3542754664542213,1.1166545452825123,0.1267620808001568,0.36137772920813593,0.2791929697595103,-0.7623790788282909,402917,19,53
-0.05323073352966374,-0.4362847538797603,-0.286723048239368,0.13594105880870233,0.38905400343554464,0.3628894059422814,-0.14956170564039228,402945,25,108
0.09506437807930256,0.8518971307124349,0.1468831308087258,0.17026015290345525,0.502591498296554,0.4265512735438771,0.705013999903709,402953,26,231
1.5129020107585283,0.6571985872230786,1.5577344290824606,0.1766145478870071,0.5448585431183509,0.6126040206603861,-0.9005358418593821,402959,27,624
-1.7622451929353395,-1.1011529567768787,0.1601146216981677,0.40216640977905993,0.8563821677462148,0.8390093321325895,-1.2612675784750464,402964,18,6
-0.657160773101261,-0.5129532986891856,-0.5540203243723832,0.20802661684083742,0.569959303275138,0.6616210609917572,0.041067025683197644,402971,17,41
0.005585678077431295,-0.012033652029033882,0.40473521483364316,0.04693901451228188,0.14991713811014354,0.1338229598031702,-0.41676886686267706,402981,17,163
-1.1744276960450353,-1.8900641620906387,0.8449004040978175,0.26557838397326516,0.7542151655276351,0.5226598873802882,-2.7349645661884563,402985,19,17
-0.6162269251098427,0.0893510839062524,-1.1186427268171812,0.20477010021113004,0.5378854701572463,0.7252888981061065,1.2079938107234336,402994,23,51
-0.8718969674538529,-0.42271774725969563,-0.6744901518748077,0.22047331775079557,0.5893690394747296,0.7335907777430916,0.251772404615112,403000,17,33
-1.5661015183329676,1.1055157279316579,-0.4083282316073975,0.2886791947863027,0.6719627452358721,0.8657763605767664,1.5138439595390554,403010,19,28
-1.4505992763837154,0.2908041868707353,-0.06358153787914086,0.29184138884681093,0.7034079197941382,0.7956548528517486,0.3543857247498762,403020,18,16
-0.4172070292066472,-0.18710121769356272,-0.0692327357015696,0.09822336510589313,0.319817657419844,0.3631387751653729,-0.11786848199199312,403027,18,82
0.003744384178073087,-1.4523566765325246,-0.5748036849247634,0.06633582159861362,0.2788214752944894,0.2962925862201292,-0.8775529916077612,403028,17,78
-0.46686961853859954,-0.9018821981624054,-0.36197241117874884,0.16611367837845734,0.48043895482588067,0.5168322894682433,-0.5399097869836567,403050,19,48
-0.23725055589448504,-0.13983248264273584,-0.9425952376541754,0.19675206186741417,0.5634978019982404,0.6249513305443757,0.8027627550114396,403053,20,80
-0.7583664881397306,-0.8464385124678367,-0.29129673976703807,0.20731084921772522,0.5816772944464258,0.6375144421549176,-0.5551417727007987,403056,27,32
-0.7292020188067988,0.8546783838869234,0.2266918963667954,0.15900673361241577,0.44553068805277346,0.4800014492133423,0.627986487520128,403061,28,65
-1.0894422567035449,0.11153067014317286,-0.42883551556364563,0.2437598795529268,0.6199503236772953,0.7611483806812299,0.5403661857068185,403071,16,31
-1.7577555177537778,-0.00838641704941153,-0.31766980895229524,0.3633523639267942,0.8095378115472439,0.8915796589859829,0.30928339190288373,403081,16,12
-2.20717926901261,-0.6879018354483133,-0.1732295892206518,0.5116340664250182,0.9019463477620138,0.9324033117737732,-0.5146722462276615,403083,16,9
-1.668739279259692,-0.14361533267302098,-0.36210470576406917,0.3518231973578888,0.7998888565791027,0.8828319133476886,0.21848937309104818,403084,16,11
-1.3023590756410706,-0.023966932434055573,-0.6003035787677606,0.2841292183898514,0.7005744062846713,0.8406191276451122,0.5763366463337051,403093,16,9
-0.4939100350737338,-1.0222660118304672,-0.5379024448961767,0.18521250086248528,0.5275141372855608,0.5814543778412011,-0.4843635669342905,403095,17,33
-0.09465786062179546,-0.6073517786050057,-1.805520660541772,0.17044283683171618,0.4641603340722148,0.6290651985715725,1.1981688819367662,403102,17,79
-1.2472318391727515,-0.37960178016645385,-0.6492902538628712,0.2864207084354815,0.7161060044796075,0.8370788696445459,0.26968847369641735,403103,16,8
-1.7234735479076901,0.3172210796051558,-0.331022446257617,0.34460136979743466,0.7822747576179666,0.8868991640491262,0.6482435258627728,403112,17,10
-1.1417007338818583,0.3531830978103082,0.31550863663197,0.22938060753310893,0.5843788987153291,0.6181261729520544,0.037674461178338225,403114,16,29
-1.0908949553435874,-0.06137410315678799,-0.4091584852406871,0.24868498048161636,0.6360101579598662,0.7604180663787722,0.3477843820838991,403119,16,18
-0.41823205230242755,-0.7301933756199399,-0.09658329356349926,0.11566561713577504,0.3624481002625054,0.3909862223406973,-0.6336100820564406,403121,18,50
-1.0121146018797453,-0.596583081210925,-0.5198364296891529,0.25227207696486387,0.6612988136284078,0.7607721911487808,-0.07674665152177207,403132,18,22
0.7225551676768183,0.24115124952146227,-0.4302734285445196,0.15805137428866484,0.4754698550474693,0.44095996722148645,0.6714246780659818,403137,26,341
0.4003785837862302,-1.1936915092675369,-0.6748048389885981,0.014101492239373223,0.08469329867109009,0.19429773859254978,-0.5188866702789388,403138,21,165
-1.083287838143587,0.30233925041603416,-0.4156453606161534,0.23713307785770887,0.6008613220523711,0.7548840176904139,0.7179846110321876,403141,24,31
0.8000914510156211,-0.28689572972054533,0.02778814187450186,0.006289537380781578,0.18118958645948932,0.10308798109866174,-0.3146838715950472,403142,28,412
-0.9320877861424893,0.028609851892437914,-0.2600090322047291,0.21733525005917942,0.5661310616579323,0.674730172599573,0.288618884097167,403150,16,27
-1.546734664055235,0.0041497634307573,-0.42889501859122714,0.3247302086412897,0.7633787658104276,0.8688991409797187,0.43304478202198443,403152,18,11
-1.5673302101316042,1.0113029632688775,1.087045017136087,0.26780370868058095,0.6365722901322567,0.5498335641501493,-0.07574205386720956,403162,17,20
-2.8177768531121095e-5,0.6887291914426799,0.16855042688553096,0.007737415701140442,0.1804470571323347,0.2008015510026861,0.520178764557149,403166,27,201
0.7998933815282453,0.807351450182599,0.2705748684526243,0.010470080276291344,0.1327358598509255,0.18904383286250262,0.5367765817299748,403175,23,438
3.850030691845957e-4,-0.4241700986353886,-0.2344725364689172,0.022631361200818937,0.12119069343939272,0.2238338273326726,-0.18969756216647143,403179,17,114
-0.5996511094820965,-0.7872065671571966,-1.1499550944414592,0.21483573670170417,0.5901680547396185,0.7315431156442639,0.36274852728426255,403180,22,34
-0.18263847898525426,-1.437727031612469,-0.49991416291431473,0.20016325888939784,0.5819615275345155,0.559876041518166,-0.9378128686981544,403181,16,57
0.8075770980706656,0.34082553422423023,2.3481018005124716,0.05547410448978006,0.20401406834960928,0.3233062177493279,-2.0072762662882413,403182,28,512
-1.5063510499447883,0.14274345890030066,-0.4527073233390897,0.31323799263411045,0.7430654933843187,0.8636042696444853,0.5954507822393904,403185,16,14
-1.165049021090735,0.002394916154270678,-0.29819523089429617,0.25505630466413887,0.6466012704609674,0.76201009374537,0.30059014704856685,403189,17,18
0.7978603675818073,1.1655883850658106,1.6042161875039935,0.04607644057035369,0.21738382516535262,0.23894143499681292,-0.4386278024381829,403193,30,554
-0.2630951199091308,1.5552538724352896,1.5695450530884683,0.18978709739794217,0.5572271082253616,0.5313156921540503,-0.014291180653178692,403194,24,217
-0.44870302269796203,-0.4088386474411454,-0.7768307765119287,0.1472245252453015,0.4146301817682245,0.5617016953927404,0.36799212907078327,403207,21,60
-2.20717926901261,-0.6879018354483133,-0.1732295892206518,0.5116340664250182,0.9019463477620138,0.9324033117737732,-0.5146722462276615,403211,19,4
0.01417785066929103,-0.045204328123705013,-0.7448863079891808,0.07409050701835707,0.22644160609251285,0.33468302236110237,0.6996819798654758,403216,30,135
-0.0126480665671315,1.2489513921120272,-0.31635315055046936,0.0700049317876846,0.21978010857185498,0.2616712295034122,1.5653045426624965,403231,22,203
-0.9999678920762656,-0.27334455688085096,-0.541857017177881,0.24257702147448337,0.6301793177899053,0.7561640869458746,0.2685124602970301,403251,22,24
0.3472224342005824,0.053125301178786104,-0.6573227800767272,0.13537214144909618,0.3790279057357653,0.360971290272072,0.7104480812555133,403257,25,219
-0.9822366735350068,-0.7420588005642446,-0.5676076241061938,0.2511919882818634,0.6642237169243672,0.7606272366735453,-0.17445117645805075,403265,18,19
-1.9845733837296782,-0.139038563868533,-0.2298722644651034,0.4171904625843993,0.854078110542899,0.9136952410899158,0.0908337005965704,403266,26,5
-0.7825048157357147,0.5675578592099974,1.4856444633828543,0.09028260142120738,0.3057521117985949,0.2382287028104287,-0.9180866041728569,403271,27,59
-0.33219317514006463,-1.0518593361863593,-0.10773634737327217,0.1549381137988147,0.4701621102788668,0.4607133715429429,-0.9441229888130871,403278,17,56
-0.632537687915303,-0.6601624054947518,-0.2518295956567117,0.2082634206035545,0.5742321295429074,0.6039995141888487,-0.4083328098380401,403287,22,43
-1.1008980150736334,0.30232928437577955,-0.3799965769368972,0.23857404099162277,0.6039075449060693,0.754037770567103,0.6823258613126768,403292,21,25
0.48325978270111736,0.27477570872264684,2.431237311986317,0.16239520234328292,0.45911344828818074,0.4994076948590744,-2.1564616032636703,403302,30,440
-0.3006879424825697,-1.1958030676543392,0.30512034948783956,0.17333349441521853,0.5190801962458791,0.42799623377080825,-1.5009234171421788,403316,18,51
-1.0714067093316455,-0.05132293346169608,-0.4427534202123293,0.24630615105200232,0.6306181640531454,0.7600437883883702,0.3914304867506332,403324,24,21
-0.3911382970122732,0.801221384908518,0.1516369364640255,0.05980017177216283,0.17994013218078525,0.29113848187977087,0.6495844484444925,403327,21,118
-1.642783018874379,0.22791950091188568,-0.3726018196670854,0.33369024076235587,0.7701538429437232,0.8785314692753924,0.600521320578971,403334,18,16
-1.2241918380910504,-0.25249892354416775,1.525396397502241,0.2057814678737992,0.5739819974758582,0.3506849388919884,-1.7778953210464088,403335,26,23
1.8054182498538551,-0.16944701956674346,1.3504624470286215,0.2061006676184114,0.5643408390938977,0.6927152603478516,-1.519909466595365,403344,27,602
-0.39037579390779437,1.5707522625490782,1.16430949126997,0.06129883014884655,0.18645870990532581,0.16116497557447054,0.4064427712791081,403347,20,221
-1.5619203325088968,-0.45421236096132805,0.030404192991499265,0.3333153548121393,0.7839895701078851,0.8121954612682979,-0.4846165539528273,403350,19,16
0.7998626867815183,-1.5982184879852153,-0.35234619096418707,0.007431571721147885,0.05689958601228687,0.13084426472051086,-1.245872297021028,403353,26,311
-0.6547821628349787,-1.2563106211570694,-0.09863404789485784,0.21278605844232312,0.6073520194446087,0.5865709344014227,-1.1576765732622116,403366,28,17
1.9962507752734013,-1.016742806828593,1.3822612266704806,0.15373715803657934,0.4297129030102233,0.7141902291555239,-2.3990040334990734,403369,29,649
-0.08397266956824408,-1.7212091225072033,-0.5399250735709648,0.16504755902126603,0.49749628022743037,0.46830973770389217,-1.1812840489362384,403377,19,52
0.7999103337651086,-2.0152204255557375,-0.3033967165036528,0.006147790332079799,0.08538625571721499,0.17186267979729256,-1.7118237090520847,403380,24,306
1.1445950109429979,0.23919635184608742,1.4628288877911866,0.1389224884250835,0.4327921433164484,0.4696344920821627,-1.2236325359450992,403391,30,546
-1.2836061932921414,0.6127402546903873,-0.6097114895864262,0.2580766221045985,0.6305967613918118,0.8326733000410049,1.2224517442768135,403399,24,24
-0.01653242349321574,-1.7895877359002776,-0.08028314965906422,0.08243249416976073,0.31434837974712476,0.2574030037251892,-1.7093045862412135,403400,23,79
0.795147807628795,-1.5136730004999375,-1.1989061590306052,0.04379419521638403,0.19800926836054494,0.137752546176354,-0.3147668414693323,403416,19,288
-0.24005658825433168,0.2884035284744467,0.46414222744228345,0.19594896390847405,0.5676696019881481,0.42177403884742964,-0.17573869896783673,403432,23,160
-0.03028013315814054,0.13340170142311553,0.47689247274338264,0.10580741984291207,0.3282830252349919,0.2388694982906176,-0.3434907713202671,403434,28,144
0.761955760854987,-1.4740811531826814,-1.1399659692351514,0.11734740722928187,0.35553179283518793,0.29725762413803236,-0.33411518394753004,403435,23,286
0.20788034633090713,-1.4413869677566729,-0.5130597753357682,0.1998504254410798,0.5951659483372373,0.5168721935375035,-0.9283271924209047,403439,28,118
1.2000841206295618,0.37193935924272253,2.1641543217410053,0.0754553762104967,0.2790920336334578,0.45719074761626116,-1.7922149624982828,403444,23,616
-0.401185998843061,0.7911175614699226,0.7094391648619073,0.024094972422425164,0.10179636099328614,0.18218046370318822,0.08167839660801535,403447,24,116
-0.09413458441380819,-1.5135295647277678,-0.12469312827525746,0.1700263122481004,0.5003493803888454,0.4235423274047701,-1.3888364364525103,403457,25,68
0.8008103582234019,0.014054078833075903,0.4635396725471762,0.018202073504394845,0.10500721389565683,0.15345250744829067,-0.4494855937141003,403465,25,457
0.40088718316636124,0.4009203342717645,1.1801036970033774,0.018845845681330544,0.07971596298453827,0.10163002698329762,-0.7791833627316129,403474,28,416
0.4002019171979043,-1.2042430179049612,-0.32228924937568504,0.009409268467087988,0.07496319785811931,0.1611272847657096,-0.8819537685292762,403476,22,207
0.0010754236176051825,-1.3508749886743399,0.3366933819487984,0.02475862929264743,0.21329158570506762,0.15729365704388537,-1.6875683706231381,403477,23,128
-0.3551278607717557,-0.3288769300879376,-0.008605883559155574,0.12908945158815746,0.39456835741134716,0.4075257429187076,-0.320271046528782,403486,29,86
-1.3820837717559773,-0.5938622558831332,0.9967271359299129,0.2752032870132407,0.7086072052469082,0.5331450063650697,-1.590589391813046,403489,27,33
2.011996814628906,0.27665982823780305,-0.2149261781510171,0.17040340867593431,0.5400533446441489,0.48227684019429995,0.49158600638882016,403499,24,650
0.33630164427877657,0.5954712049265711,1.112235056694403,0.14636215896045723,0.43943930974310574,0.43312282169671856,-0.5167638517678319,403506,19,334
2.042567121675649,0.03853297753721351,-0.2972366130385186,0.17191129539642022,0.5227846630643814,0.4719580701648819,0.33576959057573214,403508,30,639
-0.09196365806068539,0.2299882323005075,0.27299825896712043,0.1683099386510696,0.45441190361535094,0.3855021813369684,-0.04301002666661294,403514,28,144
1.1739216816596902,0.5911222259733105,0.140878629354634,0.0990576694117685,0.35122706978267343,0.3103999484361799,0.4502435966186765,403520,24,514
4.8587019332008754e-4,1.9637971716489133,0.8485449022005658,0.013998210708521516,0.12484491099517145,0.13560793847569524,1.1152522694483475,403528,19,298
1.22508181969284e-4,0.8944492191747995,1.2252593141329324,0.007965801675377122,0.17142385437846666,0.10078474319632666,-0.33081009495813296,403534,20,257
-0.7959064348411851,1.5924471098225723,1.5353757072771856,0.044498713435916666,0.139298302930254,0.1826350092401727,0.057071402545386674,403537,25,98
-0.7422535809476201,-0.11561703537684644,0.07116505702278053,0.17588576331877773,0.48566707422118194,0.5319869945027453,-0.18678209239962695,403547,17,55
1.195261898040703,-0.3469332366740633,-0.37265909215013227,0.04329721746910776,0.1853187795009386,0.13727213087257817,0.02572585547606898,403551,25,480
1.2001268663876332,-1.1994686179408593,-0.8085733097764625,0.007229058908936289,0.07476541801498929,0.062253818513697136,-0.3908953081643969,403552,21,445
-0.0010358498898869828,0.7105929527805577,-1.9781353231958312,0.02796741079190448,0.18217258368911288,0.47962222016688044,2.6887282759763886,403564,22,162
-0.14336302439818546,0.4714804590364236,0.23720424175635452,0.19181334333340322,0.5564750903497875,0.423668097113885,0.2342762172800691,403565,22,153
-1.532320557822907,1.7174329243977544,1.329026863726252,0.23387708298065632,0.5489061178608861,0.45483428069189136,0.3884060606715025,403577,26,34
0.5003509966056956,0.8941776491172259,1.0165956602470851,0.17340754584136342,0.5202948373183726,0.41589232727433817,-0.12241801112985928,403579,28,416
0.0048521209814105515,1.1698667914305434,-0.5270598692178151,0.04388144901191406,0.15318779907754387,0.2610507924036471,1.6969266606483586,403585,29,202
0.4000407857734082,-0.3837167223644856,-0.322564004848227,0.004545128081823429,0.08249615016624244,0.15953976319592258,-0.061152717516258615,403588,29,240
-0.33805459818169425,-0.6945535925573859,-0.006243159196288959,0.14728048399766724,0.44583135415491304,0.4344059201181208,-0.688310433361097,403589,16,79
0.396203942572514,0.40252618742431107,0.40082275820088525,0.038781639388867827,0.1315426479910913,0.0992583016108765,0.001703429223425812,403592,24,313
0.40010030596735324,-0.6326489481601719,-0.6421321715843069,0.009396631845143832,0.19898604274719506,0.20007904342588934,0.00948322342413499,403600,25,186
-1.2832920147563603e-4,1.2819435424102852,1.0001578396833626,0.0076134700546830626,0.16290006514505695,0.20091899255402987,0.2817857027269226,403601,27,275
0.3975082342064386,0.8064550136968702,0.4059530433434119,0.0314722819288106,0.11542662802660025,0.08318682212231489,0.4005019703534583,403606,24,317
1.017316960543875,1.6783475890719812,1.5524180079771102,0.1999654225867746,0.6361324277556879,0.5938241816038646,0.12592958109487107,403609,28,608
-0.3746852024085562,1.3117978754384574,0.6045462852215253,0.09741926503845394,0.31002580940242047,0.28732957211418075,0.7072515902169321,403611,27,174
0.7989441727511291,0.2986493716264852,0.16360152911815065,0.020601088482894946,0.18703971743722375,0.20314922485554118,0.13504784250833454,403613,30,441
0.014024749742539136,0.7605861682735569,0.3618479064721521,0.0735746212310501,0.22188284495024305,0.18265455717893259,0.39873826180140476,403627,21,208
-8.150260587162597e-4,-1.284273672833565,-0.22489977115028703,0.04309058825870433,0.21480628465468915,0.23862478937820156,-1.0593739016832782,403633,19,91
-0.3977410741544267,2.684880212467282,1.2095838701768273,0.03004261425216648,0.19776295093610147,0.11818031266307709,1.4752963422904548,403634,22,234
1.0959905455881054,-1.6691986370406362,-0.5801141291571048,0.17545887148221295,0.5227012084478432,0.37774906035358147,-1.0890845078835314,403640,29,406
-0.3250236693645986,0.2453189204333206,1.098146490870812,0.15610886607929977,0.4127168843241972,0.3540518531232654,-0.8528275704374915,403642,24,121
2.4547636719544217,-0.1484450122183535,0.258546236221454,0.25023958967715476,0.6655849070701564,0.742767477248088,-0.4069912484398075,403658,25,675
5.985909439515069e-4,0.7983718413916941,0.6811864141292963,0.015473751959888067,0.06747887589543637,0.18631970264081443,0.11718542726239789,403672,24,232
2.0563455845010406e-4,1.065953934670316,0.3745547174517797,0.009266647046522756,0.19036180601915995,0.10559241905949197,0.6913992172185363,403678,25,224
-1.3117025828379947,0.18261067401559586,-0.5910104959409476,0.2788177952848491,0.6842800267117093,0.8400688746228938,0.7736211699565434,403691,20,24
0.79982206879072,-2.62699066366014,-1.1094422671339697,0.012621548990999895,0.20240266843780982,0.17126145069985566,-1.5175483965261702,403700,18,209
0.8002322601290793,-0.027742499686332467,0.4197496482863025,0.010097449596764273,0.11096422464887443,0.09345654193698379,-0.447492147972635,403715,27,425
0.0044962576992223805,-1.0316339425064986,-1.0027172365966053,0.06534530284227927,0.26999376362397987,0.3531944728155442,-0.02891670590989337,403716,24,92
1.1457487047594903,0.35573644152942047,0.9441377972722563,0.13753769357810694,0.43666863540151246,0.4338291822238662,-0.5884013557428358,403717,24,519
-0.7934620601262607,1.2376737964440376,1.6330215490259496,0.05551917714704975,0.19384494519295647,0.18870220994327833,-0.395347752581912,403725,18,91
1.5940917765529525,-0.30361175905190174,-0.8405014165876507,0.0501552644214725,0.2517746134418019,0.17680899878464015,0.5368896575357489,403732,24,545
-0.21732612211591884,-3.7698298803648513,1.6594296987797283,0.20054883284831368,0.6887008956301143,0.46877817186389203,-5.4292595791445795,403747,28,77
-3.673235076928079e-4,1.270068060665359,1.316606024055051,0.012651451584170963,0.15579430989308127,0.18457323342059656,-0.04653796338969207,403754,24,267
-0.5688493801477178,0.4485788469357763,0.25878101992101243,0.19791853435539403,0.5311415813710443,0.4693901784554047,0.1897978270147639,403756,18,83
0.3999289862165239,-0.39965772077473977,-0.0243065960889117,0.00539616185479477,0.049779727892815234,0.09707786521611789,-0.37535112468582804,403767,17,241
0.8147532930582535,1.5222448734225011,1.6531696033185406,0.08121045617853306,0.3057118988002957,0.30588176494669284,-0.13092472989603943,403776,30,578
-0.3729145726538015,0.753201580348783,0.9197405664847536,0.10050833621247453,0.2708969778694488,0.28724491416379666,-0.1665389861359705,403777,18,129
1.6597842714449291,1.454764652236784,0.7840708104871484,0.18144812096846857,0.6096288474512259,0.5632137685405417,0.6706938417496356,403782,27,649
-0.48119454217505037,0.5244652673420462,1.3266884886581964,0.1608955289985117,0.39560808396880337,0.3374291874004373,-0.8022232213161502,403785,17,107
1.205578356424226,0.5982368076850965,0.31540047874446037,0.05558720728323768,0.26642231924579607,0.227841491684092,0.2828363289406361,403786,27,548
0.4000422158071024,0.38825355257880306,1.1220462409345697,0.006238812669513476,0.07547397652658039,0.1596336949579082,-0.7337926883557666,403798,23,353
1.9934542703115816,-3.087859525233113,-2.3388071809794435,0.05230829910369951,0.22180806394541122,0.18557774042815975,-0.7490523442536694,403799,19,451
0.39928837877991263,1.0447572625164834,1.5719405156632276,0.018061667390127687,0.20291595767702567,0.12493667527502718,-0.5271832531467442,403804,26,416
1.1450347432324086,1.122067478900773,0.3532883526604101,0.13816283985553515,0.4667184089700722,0.40976410175682004,0.7687791262403629,403814,29,583
0.3997706705561935,-1.6357366923418042,-0.0010971883711782383,0.00971354414124808,0.12643964187698184,0.046207502432558355,-1.6346395039706259,403818,24,163
0.8753735907836944,-2.408687566959094,-0.16226677148272814,0.1564233319785663,0.514617988417737,0.3434019977933836,-2.2464207954763658,403846,28,297
-1.1034260436557186,1.3380066142106382,1.8514316735264025,0.17561868776584963,0.4399010057609761,0.3259161065158108,-0.5134250593157643,403858,23,68
0.29720849068426236,-1.5346008068577919,-1.2614062205919914,0.17483062216030776,0.5147557095764518,0.5233268030301873,-0.2731945862658005,403868,21,131
0.3951345004463336,1.1294382239935499,-0.09966127163564364,0.04384847027598767,0.2101794853946423,0.20339586883923266,1.2290994956291934,403869,22,320
-0.40825207427042887,-0.6173234639052853,-0.3330727553393426,0.11508497594506932,0.3649057472936694,0.4366611556048909,-0.28425070856594264,403891,23,51
-0.5450044843088175,-0.38109144209018037,1.1508157539597619,0.19236708330199104,0.5277849964375451,0.3944524197933286,-1.5319071960499422,403892,24,80
0.39992362779998575,-0.78343431437682165,-0.027691982635157396,0.005688846813406351,0.08438867068353464,0.10298272621019731,-0.7557423317416643,403893,23,225
-0.986627562772678,0.2785766022333699,-0.3043038747361247,0.22401227773063914,0.5701845971305295,0.7026720438733907,0.5828804769694946,403895,17,37
0.4032630391756439,1.2834092126283962,2.182252177277798,0.03683029598318633,0.2000626732043836,0.22745703688937613,-0.8988429646494016,403897,28,447
-0.8652968477860684,-0.722504875942924,-0.05902378667048279,0.21494752745036616,0.591159894295555,0.61770481425165,-0.6634810892724412,403909,19,28
-2.20717926901261,-0.6879018354483133,-0.1732295892206518,0.5116340664250182,0.9019463477620138,0.9324033117737732,-0.5146722462276615,403913,26,95
0.40075811218037816,0.006118725945079404,0.8163553740689912,0.017406430054271584,0.08059991394253302,0.09137303025174212,-0.8102366481239117,403914,26,340
0.4068198741839266,0.7392208487960036,1.3369569642519747,0.05180418160126212,0.1944131739939025,0.23038995696192915,-0.5977361154559712,403916,29,388
0.3999775273793481,-0.4754810234679081,0.39957580664192116,0.0031223263540619828,0.1569288073562132,0.0333727926264115,-0.8750568301098293,403923,24,248
0.4000080272495898,0.7786462066862474,0.39955680100133734,0.002218469601936281,0.09579099231533557,0.032858784608678165,0.37908940568491006,403924,23,334
0.1600756278508621,1.9231945475070833,1.663405840834395,0.1959753940022896,0.5963428763139507,0.5162275740529995,0.2597887066726883,403940,28,384
0.40007840824413604,0.3393295765725565,0.7988637671193468,0.005681185769694735,0.14465104981684293,0.04300759946618884,-0.4595341905467903,403951,27,331
0.037274247109297366,-0.07857023175751454,-0.2883829752982276,0.1162817031305021,0.33278771775034893,0.36915381621370835,0.20981274354071305,403954,26,154
1.1917528694135189,-1.1839162656894984,-0.7838190806198728,0.05684058592393493,0.17849462760546925,0.12581674634747994,-0.40009718506962555,403956,24,417
0.40609173865859705,1.2255766322242714,2.3037704439732853,0.049298208929878656,0.19306610193265006,0.2302012086987281,-1.078193811749014,403960,27,507
-0.7816946376156626,-0.3332400121564963,-0.5734849316347831,0.1977099244750083,0.5410038917122371,0.6834609365784311,0.2402449194782868,403972,17,42
0.8001466278531627,0.4302138903081587,-0.2800701338496629,0.008032898490493594,0.12274973920739034,0.1843340576606035,0.7102840241578217,403981,24,409
-0.1887364202391003,1.5403531652410474,0.38537616717530676,0.1996826499682749,0.540103532585012,0.4268297067123241,1.1549769980657407,403989,23,194
-0.7453922665492613,0.8046346720973171,0.6558230413564741,0.14271461670608687,0.3922480187623187,0.37063793840197207,0.14881163074084303,404005,18,83
1.2671586297330983,0.6103198939158346,-0.5796331527135204,0.1495130508369982,0.45264203744502285,0.3576161061811722,1.189953046629355,404021,28,478
-0.7963953685625155,1.9435351851810099,1.3408062843465427,0.0448285501377318,0.17771102459659824,0.21726240207016517,0.6027289008344672,404032,20,108
1.4571967547900369,-0.9471591256108735,-0.5029146009865988,0.19164874927052497,0.503760116264248,0.4153979852810777,-0.44424452462427466,404037,28,512
6.13717621740782e-5,1.1889021216017657,0.4013351388872163,0.005386674137138985,0.0734241981265082,0.07488140973207168,0.7875669827145494,404040,19,221
-0.3939700936705661,0.893541833031077,0.8924920327344767,0.04890509322828032,0.21204908874561826,0.20692585506724426,0.0010498002966002895,404047,19,137
2.373159242571053,-1.5999646295149652,0.1728444604981236,0.1942917514959687,0.4905608838428738,0.6757284338321364,-1.7728090900130888,404048,29,648
0.4064440236206184,0.04245355702749228,0.38836515915477676,0.05035956501415328,0.19454611219868975,0.1122335124019927,-0.3459116021272845,404058,19,296
0.7674191609771364,0.07666898111345449,0.3948340793528288,0.10941137164224153,0.3314322074697712,0.29542602511179694,-0.31816509823937433,404068,21,402
-0.0748574720490615,-1.7715192195657739,-0.04876149204987556,0.15649025150908177,0.47718034658645314,0.3956521833942058,-1.7227577275158983,404072,16,65
-0.41811758654172065,-0.3377907564757158,-0.1697742308373474,0.1037698409978124,0.31649402596396226,0.3895258742029031,-0.1680165256383684,404075,16,54
-0.5418956934793866,0.058359482341139836,0.4264124016446066,0.19180506845589515,0.5241672249325564,0.424580233428743,-0.36805291930346673,404088,20,67
-0.8203681062430844,0.3259849826209702,0.9385442333912278,0.12114562951788381,0.353311348788047,0.3033967924159482,-0.6125592507702576,404091,18,52
1.199211632308928,0.09641278855874616,1.469333954883405,0.060951519318387215,0.24649274320471756,0.35101094360926544,-1.3729211663246588,404094,30,541
-0.3840115695248269,-0.657813918279444,-0.035367498902253214,0.10405658402463262,0.34832682918531677,0.372704879261427,-0.6224464193771908,404098,17,64
0.7987330454311075,-0.78661206079738,0.39980675818768197,0.022478635360004186,0.0948884454962946,0.08421000650104281,-1.186418818985062,404100,27,381
0.7906606333794334,-0.7530025506732547,0.028766050749876967,0.060403020605022034,0.1987216259508909,0.1694875877588983,-0.7817686014231316,404104,27,358
-1.1566928694665506e-4,1.1172217600584273,1.0146098647467678,0.007413664237827617,0.16365095310160652,0.20034672529366004,0.10261189531165948,404105,23,245
1.2248856461923578,0.43025763850373727,1.5769376016477477,0.10440148833760134,0.339743327940757,0.42535935131780195,-1.1466799631440103,404107,30,615
1.5748069518628798,-0.19699493907572083,1.748923084830266,0.12438695681611461,0.39228936124748487,0.5925535163651674,-1.9459180239059868,404122,29,627
0.4440431854935979,1.4032847175204763,1.1034725386175914,0.12521123674455734,0.3955836455129131,0.3218078496568754,0.2998121789028849,404124,29,417
-0.3999609558068194,2.3575275258427824,1.533103832965646,0.00925635019985956,0.1278547596058786,0.15345671262266658,0.8244236928771365,404135,24,207
0.35197813436036735,0.9571443995684085,0.6161693535937041,0.13001019981951745,0.3968152800409578,0.3924948063368428,0.3409750459747044,404141,25,326
1.06355450783367e-4,0.8021227271165915,0.011021912823327564,0.007866337599035647,0.05640897168079891,0.13698468758229002,0.791100814293264,404143,23,195
0.5283602788604462,1.5519803862544501,1.2044448152744351,0.18673218127344973,0.5752778377370278,0.5484343061578805,0.347535570980015,404149,30,459
-0.8049666481130647,0.03586924605748061,1.0401272618321797,0.11433783734618093,0.35560657119957245,0.283844117159722,-1.0042580157746992,404154,17,44
-0.008054017023388682,-1.0698127455132584,-0.03973322693409912,0.057274576362452034,0.24253349660874535,0.19802808903238742,-1.0300795185791594,404155,17,101
-0.4000412609905444,1.0574479192673185,0.3287279632205117,0.031154638156785226,0.2067175235210177,0.2226790766670955,0.7287199560468068,404158,23,123
0.8005952051956304,0.43880032973616384,0.6758814752845811,0.017497052779981655,0.13922537447157893,0.1913994679120086,-0.23708114554841725,404163,29,481
1.2759226321079828,0.9536228043412538,2.0274350368952554,0.1626520757242485,0.5008616853915524,0.5727994218369443,-1.0738122325540016,404179,29,610
0.396149459767042,1.4913074065216194,0.9849533352443475,0.03913004061326333,0.221256533014357,0.2229360325420878,0.5063540712772719,404183,22,391
1.6386332047758276,-0.5864773933916938,0.8979879051960724,0.12767938283942845,0.37822321820554305,0.49168677474257116,-1.4844652985877662,404184,25,600
0.012849941156934254,2.372698674294274,1.0757043395098058,0.070534278126669,0.23551158599492394,0.2510640483169556,1.2969943347844681,404187,22,328
0.40018181839959216,0.3476594373769618,-0.011156804545645197,0.008537852929227353,0.13715155998601355,0.07048743088682742,0.358816241922607,404190,24,257
-0.6026907559987921,1.7175353490658505,1.2885408239990328,0.19998591937245663,0.5339038450273772,0.40871936315989726,0.4289945250668177,404194,21,140
0.7994495946786859,0.955497621516288,0.6350560765054857,0.021815154180450474,0.20905757750906892,0.20552645531610236,0.32044154501080235,404196,27,461
-0.40024613547430743,1.1869589457863892,1.2055265457657145,0.011853187907878612,0.08481962242001487,0.0982043701766895,-0.018567599979325333,404200,23,148
-0.40834143390846883,1.177684781358599,1.16202713694232,0.057184666332974345,0.17783166119725832,0.1791179550745959,0.015657644416279037,404204,25,139
1.5884717799059875,-0.9806988307337875,0.47763684464245454,0.08133194276455628,0.2919128905946626,0.37090328335091655,-1.458335675376242,404226,26,582
0.39999605859510096,0.38426274516108233,0.4039755456495904,0.001953795594088303,0.08197445842876386,0.043617911957114903,-0.019712800488508042,404229,23,309
-0.39760233706522047,0.2796420723550522,0.6395383643540444,0.038823789777583675,0.2089913878563501,0.21739795196150533,-0.35989629199899226,404232,21,106
0.37506671121855245,0.46759897949055845,-0.24801582136926328,0.09670394746011518,0.29085367778138016,0.29575935305619455,0.7156148008598218,404236,24,254
0.7837746463398471,0.8080774768064175,0.9931686384817894,0.07907936322405519,0.2755388967575172,0.2921371893812356,-0.18509116167537187,404241,22,482
0.8018392311165754,0.7799571887647087,0.33715705139550195,0.027144009681429552,0.1525169620569526,0.1589607167887855,0.4428001373692067,404257,24,471
1.230699337153571,0.8217610779083037,0.43983043387312826,0.10948425373172344,0.36993924074875467,0.32009169702865736,0.3819306440351754,404260,24,570
-0.400128019032756,2.0006646139569315,1.7170754932077543,0.012340330760988501,0.06990640719927314,0.18546460668343215,0.2835891207491772,404261,24,204
0.4012988548493272,1.536543582349332,2.17394990332136,0.02762954066114694,0.1710957387744364,0.2165353474407338,-0.6374063209720278,404268,30,465
-0.39001229653596997,2.1242159054456544,1.4240829630825562,0.06242154129230855,0.2505428308816481,0.24184338598707752,0.7001329423630982,404276,23,245
0.399423341148068,0.08099083887093846,-0.028865464522829825,0.015180882526715086,0.16535602468387306,0.11043161004446819,0.10985630339376828,404284,24,239
0.7945643818046969,0.9024163133109365,0.40988549931701773,0.0463277917868821,0.22222506973230208,0.13648290035130609,0.4925308139939188,404289,30,474
0.7125790225792182,-0.12090791938482,-0.6746838152486825,0.1653056993716534,0.49580922624572976,0.38212561478420587,0.5537758958638624,404301,27,300
0.40975369284649044,1.2699877431578945,0.4398298233680567,0.061696270745495045,0.24652481378945496,0.19447938091063113,0.8301579197898379,404306,27,397
1.2829682930872024,0.6813658037534457,0.748643102120855,0.16364309493604773,0.48873214315973157,0.46931414198728844,-0.06727729836740937,404309,30,591
0.43650672866796586,2.3996312655576486,1.1101816707323162,0.11522010077859639,0.40436466530816567,0.30951202645131975,1.2894495948253324,404321,24,446
0.8133186390002783,1.6175787558678822,0.8954617847158305,0.0740576750803572,0.2937461567405591,0.25637814534596454,0.7221169711520518,404334,25,507
0.8058490519543048,0.66237345594099,0.6140881120061733,0.048190727910814045,0.23001488488926072,0.23203691890963823,0.04828534393481665,404337,30,485
0.7952903095740307,-0.3055897228084201,-0.03468973741933409,0.04314760132478339,0.202600470313817,0.15555984562279812,-0.27089998538908605,404339,24,380
0.4019122832492398,1.263927512580034,-0.2407160997421706,0.02760536253925299,0.17310580880506293,0.2078000977320306,1.5046436123222047,404350,30,327
0.8194127084078856,0.18334411115433075,1.0334418736093263,0.08600106349322689,0.3011397413031324,0.2947458520900659,-0.8500977624549955,404357,29,469
0.3973835467794156,1.7063424163732965,1.6456076367172636,0.033477201806197864,0.20551006315291068,0.1571665035025991,0.06073477965603291,404362,30,457
0.3675340815370767,-0.7236024165670342,-0.590326294308545,0.10923604262254358,0.3170203195857961,0.3331066446150723,-0.13327612225848917,404363,25,198
1.5949240495126622,1.2860503655056008,0.9466990241492153,0.1620507559020812,0.5591594730935198,0.5415587636074138,0.33935134135638556,404376,30,647
1.19956062320073,-0.8490263579708335,-0.002974506730508848,0.01478230310960377,0.1429903296237708,0.11268502330042499,-0.8460518512403247,404395,24,439
-0.469974822808972,0.010199198468862079,-0.3637690221271504,0.1558296525061085,0.42347946290916344,0.5016584283525026,0.3739682205960125,404410,19,76
1.1897681403976923,-0.7814608027137081,-0.4753174263152205,0.06315235217032426,0.20163910332249443,0.2215845543672796,-0.3061433763984876,404412,30,445
0.01732133120536482,0.666795914457001,-0.14679338314275164,0.08142139542052299,0.2795894598246545,0.2818765426463764,0.8135892975997527,404416,24,174
-0.5467358650426505,1.2055598887155086,0.5380968211718162,0.19279868930396316,0.5329710970453259,0.4119527693440869,0.6674630675436923,404421,24,105
0.7707992254933422,0.4778338269887407,1.8329787639759856,0.10413793360980794,0.32397116789099867,0.3682245155032803,-1.3551449369872448,404422,24,479
-0.42207577972563665,0.19873932538361758,-0.8975905058611907,0.10598239820579135,0.33171251890278897,0.534085921533606,1.0963298312448082,404437,28,73
1.366683378835839,0.15347040507331267,0.9013839232373201,0.19759705015275358,0.5547291342505368,0.570975154570528,-0.7479135181640074,404438,26,612
0.727298348363209,0.4023451344475193,0.23140213296480816,0.15425672705516077,0.47771968979388013,0.4528819113834912,0.17094300148271113,404442,30,413
-0.3021291747209411,-1.2098715953782089,-0.6493022519008501,0.1789600249160091,0.5319663473163401,0.5728879046765557,-0.5605693434773588,404448,17,47
0.6914110581717052,2.039799064469783,-0.147282298238994,0.1778877787545448,0.5954728248199487,0.42370185170148006,2.1870813627087773,404456,23,431
2.0849892058786508,0.7594325014968938,1.2619855048066277,0.22803027704931858,0.6746985246803,0.7651247846792367,-0.502553003309734,404460,30,649
0.8061541954670971,0.7733501487725423,0.8038074104202932,0.04949616042590691,0.1921523243566899,0.16231979869572627,-0.030457261647750977,404467,30,506
0.7744485606340092,0.20979760258724053,0.060957239649819604,0.09781463634112257,0.3366703559060418,0.24135145307147607,0.14884036293742092,404468,25,407
0.4004693829359318,-0.07154188439075165,0.7939207961002579,0.013699192540461591,0.15724990826152566,0.06140408821914507,-0.8654626804910095,404479,24,322
0.7393911829378523,-0.3436845819953507,-0.24884027256243416,0.1434227956514892,0.4139651909958428,0.36027897974310263,-0.09484430943291652,404481,30,361
0.7956285621147222,0.43591225074347323,0.7716315399922496,0.04168492847787012,0.16752525847341584,0.17101700188237146,-0.3357192892487764,404484,22,459
0.7954041388728111,0.019641665854235074,0.4247278148831515,0.0426327621631444,0.1489043830203667,0.14313656390175172,-0.4050861490289164,404489,24,436
0.8000431904642639,0.41758937834650467,-0.002691683286174094,0.004499120958219377,0.10898075607624776,0.03996195592744509,0.42028106163267875,404492,24,435
0.014665653900067185,2.0590112120742075,0.7597303846987209,0.07517448872290836,0.28307036825069326,0.1781566146897158,1.2992808273754866,404495,23,306
0.39895125238631274,0.773647939362094,0.6135995607170214,0.020465709210157196,0.12337718679221538,0.20587307614237152,0.1600483786450726,404498,29,344
-0.38743756260822565,0.548609501981638,0.05972354171102007,0.0734473984973557,0.2705791948940777,0.3221723949377985,0.488885960270618,404509,22,105
0.3995251572867152,1.205544365398751,0.40641012863589443,0.013780802650613159,0.09608333629694968,0.060843912206352956,0.7991342367628566,404510,23,342
0.30783784707271583,-0.9368947727280728,-0.6435792226916608,0.16843792546692649,0.4965231513441176,0.4199064901089751,-0.29331555003641196,404518,24,144
1.1753566211619957,0.5108950068190862,0.5733792580912557,0.09779194985513641,0.33765597968511213,0.33076287688067707,-0.0624842512721695,404524,22,550
-3.4135487647882826e-5,-0.11086214689432111,0.53185991750431,0.00816917341190816,0.18053127631417037,0.18929245431370703,-0.6427220643986311,404531,30,173
1.9942490470405663,-2.760143899319571,-1.3453768275037814,0.04952822662656143,0.17669845875463194,0.21934495404675275,-1.4147670718157896,404538,26,522
0.8025627156259437,0.4974376847158749,1.2163744523916706,0.03408136243794978,0.19950962864396707,0.18094150498526768,-0.7189367676757957,404541,28,489
0.4050880959747596,1.5813345375500818,0.7911607968138891,0.04482887158077666,0.172650612472669,0.10969882813557658,0.7901737407361927,404542,24,377
0.06799517833866277,0.8665779314539398,0.6560064877163545,0.15024889095827945,0.4431232858843342,0.3220731178352145,0.2105714437375853,404550,24,262
0.7847247557259962,1.1934902986952087,1.7199730683241279,0.07862691801422012,0.2933860372975099,0.30561510368334677,-0.5264827696289192,404561,30,541
-0.46458660656994816,-0.6308662572991949,-0.5489022713229875,0.16129496875919808,0.4581152560309492,0.5431967415626954,-0.08196398597620735,404565,19,57
0.7999370001976235,-2.0568961207259706,-0.24306052590194752,0.0053937620745833385,0.14160746005631628,0.1957594346172808,-1.813835594824023,404568,23,249
0.7965674212609405,0.32755414626657503,0.03202788753438708,0.036898155669668385,0.1956461407711695,0.14026479926770266,0.29552625873218796,404577,23,407
1.286792297881825,1.171181280525699,1.5005283341005438,0.17050088549511655,0.5312190723103525,0.5451046267912538,-0.32934705357484484,404579,29,624
1.4554182198838599,-0.15376767668189714,1.009075453062362,0.1929228188155748,0.5410712426646648,0.5844647431343802,-1.1628431297442592,404580,30,618
0.8397041029442663,0.5589983360429133,0.8787730433839618,0.11964174026580798,0.37783589576086557,0.35116390706299283,-0.3197747073410485,404585,27,499
1.3994290151808628,0.5007032018655714,2.2636384221917694,0.2017961929115305,0.5832449946391609,0.6825490002846079,-1.7629352203261979,404592,29,629
0.08182226600221884,0.6002441465369543,0.28545654507882817,0.16135062951856807,0.4547852325853415,0.37246265377956794,0.3147876014581262,404596,22,213
1.1998893432577828,-0.8551671629790217,-0.3563762983975499,0.008646221085393061,0.14434007950078692,0.12721936827066835,-0.4987908645814718,404610,29,479
-0.016711922225627132,0.04102662373038277,-0.4773422299478048,0.08009440200275426,0.22931871815029228,0.29165682110395136,0.5183688536781875,404612,22,153
4.016359491088046e-6,1.2504161904171365,0.3854003600237341,0.004291056115085217,0.13396269739602298,0.0883103302756568,0.8650158303934024,404613,30,242
0.7996494117020446,0.013435788041028131,0.3962452592169435,0.011910901214256777,0.09324598049536047,0.06850943163691535,-0.38280947117591535,404619,21,393
-0.01831757948437185,0.4502486734003307,0.48560813739202413,0.08361530713348607,0.2427114228235441,0.22611808780228532,-0.03535946399169343,404621,21,182
0.3998770629724965,2.554910027892467,1.3595798227665459,0.03479910100344839,0.23716152762114495,0.21523772896906343,1.1953302051259211,404625,29,487
-0.3863796120037048,1.568600871638016,0.0877113179128002,0.07265009542088931,0.21300532919026144,0.31695155213169285,1.4808895537252158,404630,22,156
-0.7440152156328153,0.34982091787450276,-0.8985554187294916,0.17474726928501774,0.46566813360130843,0.712417410902301,1.2483763366039944,404631,24,52
0.802051555147555,0.30825793524411155,-0.03912466133120114,0.028575616876546167,0.18518957629886795,0.1359649736983064,0.3473825965753127,404634,21,411
0.3999959698324217,0.7959091385353644,0.7998582678410793,0.0032023284203747788,0.06983287581068688,0.04111327040175364,-0.0039491293057148935,404642,26,362
0.8016557320672787,1.113250727596472,-0.3841926031388269,0.025702999929672718,0.19705715228753265,0.10101975243924208,1.497443330735299,404647,23,412
-0.17013945107383505,-0.30462525158076387,0.20404562577819482,0.19776334500788545,0.5689483131584276,0.4617552384900006,-0.5086708773589587,404652,25,104
1.2665410236732673,-0.12471763820111635,0.7426183769068476,0.14925644861124177,0.41987083939057934,0.43574042844397626,-0.867336015107964,404653,29,600
-0.5971612691323757,-0.32283470952210575,0.25221208228650505,0.20223950576581903,0.5489283789115899,0.48638333610764484,-0.5750467918086108,404667,23,58
0.5095810770637805,1.0902742171083462,1.3119138528121694,0.17839512437061172,0.5399284978023013,0.5079244643098225,-0.22163963570382328,404684,26,444
0.002941307389606694,0.38677090163448785,0.7852352667996082,0.034174991798062535,0.11554378911926252,0.09957407708930513,-0.39846436516512035,404688,20,219
0.4001230590662031,1.2047406968655925,0.4044527400791744,0.007066643014764769,0.08962299654361448,0.048371586637175105,0.8002879567864181,404698,27,338
0.7343730948151647,1.9041622805982785,-0.29702359108069315,0.14813562082376294,0.5092388899619741,0.3265269507105877,2.201185871678972,404707,24,454
0.16579577419914865,-0.21350656727754133,-0.21552180498464474,0.1970535492242819,0.5472017727013782,0.511652340063305,0.0020152377071034067,404714,21,162
1.6327018237850415,-0.41704328691758347,0.9405470883120107,0.12452097969293413,0.36903345311886404,0.4923035732710974,-1.3575903752295941,404720,28,579
-0.4676693231940544,0.28056168619405375,0.9606132029166895,0.14999231400056492,0.4290823228622916,0.31500683065570934,-0.6800515167226358,404725,25,98
-1.8327585219268756,-0.5493936336511228,-0.2905994286382986,0.40425494551279506,0.8502963042157702,0.900856083979346,-0.25879420501282424,404729,22,7
0.40189315234007084,0.3562793576308075,0.39365548454905186,0.027453266449950452,0.14289943188030435,0.0733221343238886,-0.03737612691824438,404733,28,288
-0.40051734087183355,1.200343709271407,1.2179146589149796,0.014913776584790631,0.07231878776387982,0.10833200744065231,-0.01757094964357253,404734,23,145
0.6104157494395043,0.13889233599733472,0.49715847449600203,0.19972860695684125,0.5874272127105262,0.5387917182371069,-0.3582661384986673,404738,26,405
-0.9269507208731916,-0.04423481527510641,-0.24332343296998085,0.21756274198640094,0.5694312184223661,0.6704056542878468,0.19908861769487446,404741,18,45
1.200571071426748,-0.7619668099557987,-0.8050122550010455,0.015137292611804095,0.13205936043540656,0.05809999229534367,0.043045445045246766,404744,23,456
1.2483252353816037,-0.024946032581445104,0.33599403246657816,0.13055795811694837,0.37886761989900114,0.3439833134211703,-0.3609400650480233,404746,29,522
0.03331247736858042,1.1073225551788928,1.1941922893860315,0.11052300086291506,0.33067001648465016,0.28007726058783433,-0.08686973420713873,404751,20,265
1.2290997030996373,0.16082642127362393,0.2718622002961682,0.1042896658918198,0.3406723963025806,0.302707876954609,-0.11103577902254427,404756,24,529
-0.010568234930769884,0.437270794424763,0.3714404914197259,0.06415353059110719,0.1966745141943666,0.18690357649437833,0.06583030300503712,404758,23,179
1.2874766058523627e-4,0.8031433165472424,0.7661852174853235,0.007241872990800634,0.05724529238967411,0.11326655898454457,0.036958099061918825,404759,25,237
0.3992338975431992,0.008880126560592538,-0.40056292436085766,0.01749518162500407,0.07829161930498788,0.08382174512626445,0.4094430509214502,404774,30,236
0.8848219589851096,0.4993886796677173,1.0828292881646182,0.16352636632954126,0.4879951143201938,0.45708343650310335,-0.5834406084969009,404778,30,479
1.1994096578165228,-0.31114351767669646,-0.4295047294376895,0.015764460032087802,0.17672990194003252,0.11317362701042835,0.11836121176099307,404788,26,481
0.001749414664323665,0.3316514420077126,-0.03576985793013484,0.026596593641243362,0.16467059152364338,0.15919513800026366,0.36742129993784745,404790,26,162
0.7941257402684647,0.24190997126059563,0.619359492624682,0.04817095115999617,0.24074921691519555,0.23584566868726992,-0.3774495213640864,404797,24,424
0.0010667833989437179,0.39014557395635946,-0.35337835473507934,0.02137047371130792,0.08755205369102384,0.2210013495241159,0.7435239286914388,404804,18,161
-0.18585784552848197,-0.08314886618991636,-0.8089817406308453,0.19955950848979212,0.5172744739643939,0.6000020126249331,0.7258328744409289,404807,18,94
1.524208101365724,0.9789979071176438,1.0518617845895786,0.17351791330465433,0.5587617803460191,0.5625741244456437,-0.07286387747193479,404812,30,600
1.047485511755142,0.5260323237268958,1.5973015522831058,0.19439062289998157,0.5799756306778906,0.5853257231477743,-1.07126922855621,404815,22,518
0.3942745823217246,0.9274787839766655,0.7801401890109178,0.0475124646366133,0.22761220372891322,0.1539659294056807,0.14733859496574775,404816,29,354
-0.6559195786041169,0.2355655428638468,-0.17202971157429525,0.19671825052930209,0.527880973576905,0.5838728871238452,0.40759525443814204,404826,26,55
-0.7101340783440984,0.4859557790441971,-0.3114157897174004,0.17713347360888282,0.48411661626460883,0.6058766748152067,0.7973715687615975,404827,23,65
0.3885746984940525,0.25186400509494794,0.4365610411475251,0.06663021337668758,0.2651928798104923,0.1901167622444646,-0.18469703605257715,404828,26,301
-0.787236327954606,0.5897485258039632,-0.6616863491889913,0.15598355120177027,0.4301449252499206,0.6726367385359538,1.2514348749929545,404835,27,52
1.2021102177606733,-1.2093916568847694,-0.3623984044705636,0.028988525327734795,0.1099647178308925,0.1372266338481664,-0.8469932524142058,404838,27,478
1.6003614013879064,-1.332056181232759,-0.12028000483169918,0.044505437524308945,0.22254616909623895,0.2552135761152573,-1.2117761764010597,404847,29,524
0.0033335836030322277,-1.6132867087139111,-0.015148504123248006,0.04324312112290993,0.22367421428523984,0.17033596339875198,-1.5981382045906631,404853,27,97
0.44263303842456436,-0.49396504066495894,-0.535327272519757,0.12343276928874447,0.35917474783377984,0.3581351570139847,0.04136223185479804,404855,18,233
0.4000766327720522,-0.03736130623256464,-0.16254604093324607,0.005768857585774315,0.117909814226075,0.19706251821848333,0.12518473470068142,404862,27,265
1.217965723588968,0.25292249874468686,0.7893011506879692,0.08693107126257185,0.30465208355941614,0.3158936151301494,-0.5363786519432824,404873,30,559
0.37811361396173265,0.6026463287394719,0.7902659064081129,0.09097005159481623,0.31940240430949235,0.2477401770644056,-0.187619577668641,404876,22,329
-1.3823655925337432,0.3102904491480055,-0.5358934833277538,0.2866248353475398,0.693958951330436,0.8477926852327962,0.8461839324757593,404877,19,27
0.8102248283392139,1.233092809775952,2.7741545498042353,0.07133048997754245,0.2698770069113448,0.3892804108265858,-1.5410617400282833,404879,24,508
0.9976012207968166,0.8927499638328767,1.1791265560754909,0.2000564274029475,0.5972926992252366,0.5764745987586789,-0.28637659224261414,404883,26,555
2.4202802453890686,0.04670707965576778,0.8339255728725111,0.2597921111249252,0.6906637834416804,0.8119814562691567,-0.7872184932167433,404889,28,675
-0.04395834102398311,0.5173739441191658,0.6526145308432459,0.12510399827766258,0.35325723025347994,0.34623902448185845,-0.13524058672408013,404912,23,170
-0.5720714021766206,-0.7301510080522402,-0.43010406823324226,0.20588711469400228,0.5681748542290803,0.6133706951879897,-0.30004693981899794,404914,19,35
0.40090961831181054,2.1806366891491265,0.46745583188664214,0.019386399226849423,0.21350461479534222,0.1571895044700181,1.7131808572624843,404917,29,401
1.3647221843900303,0.24846661206911758,1.206255485550078,0.19746361197834145,0.5618828251736981,0.5908006848198716,-0.9577888734809604,404927,29,610
1.585041461704429,0.37165667128208796,1.3281024988118126,0.13749557329623768,0.44621308993996517,0.5508220440152931,-0.9564458275297247,404930,30,638
1.821889530144845,-0.10115050728234996,0.5236818374285472,0.20424269464850395,0.5653815477163715,0.605986465343786,-0.6248323447108972,404936,28,629
0.9312570097941031,1.099021619139607,1.561564793754334,0.18797299904862977,0.5673674610682391,0.5561344595586705,-0.46254317461472705,404939,29,581
0.7978201399236683,-0.10459010152920295,-0.0011670028847815042,0.029448509554521503,0.19645905392280683,0.08133888374386393,-0.10342309864442145,404946,28,391
0.3998656394167337,0.8025080980801785,0.39964690663506636,0.0073385468653914985,0.07122014314052916,0.037125712965165286,0.4028611914451122,404951,30,323
1.3408181703741309,1.2782190872246653,1.9578214539820256,0.19553650483452226,0.6018320145180142,0.6340973920810286,-0.6796023667573603,404955,30,634
1.1696486096727698,-0.35787296774548816,-0.14947774083021026,0.1059254349798683,0.32169863803946186,0.33168185568333225,-0.2083952269152779,404956,30,492
0.3999970057783558,-0.4021003068143803,0.11798609688742154,0.0026542453667864393,0.04933846006679127,0.18256199892846348,-0.5200864037018018,404962,25,244
1.0463237691041931,0.49194065732187015,0.46101173854096156,0.19456773611227304,0.5789608587829488,0.5437753288340565,0.030928918780908587,404972,24,502
-0.0011106794999883372,-0.34711732861943373,-0.3716521309852384,0.026846877640810125,0.15472585816852763,0.22200721739338275,0.024534802365804687,404975,23,122
0.4090205251968882,-0.08270817515147202,-0.021797741264990282,0.05938722173926922,0.2202532512724013,0.14709779378107204,-0.06091043388648174,404976,30,269
-9.668342807648039e-5,0.9836002115313257,0.7899524755700731,0.006395837487568709,0.20006469545272768,0.07059763313382521,0.19364773596125262,404980,24,213
0.4833097164521357,0.9981390918226971,1.2845993108180362,0.16243084201922675,0.48984158586401283,0.4756284236896919,-0.28646021899533913,404994,29,419
-0.44755244073620576,0.7326140888838956,-0.19317199106030924,0.13052342554613278,0.37260215121607987,0.4286915462552978,0.9257860799442048,404997,29,100
0.8525275299306759,1.051024055765762,1.325171388575972,0.13535235055890515,0.41906139641260076,0.4126523542321718,-0.27414733281021,404998,27,505
-0.39883656065170386,-0.8737849470523288,-0.11686850171830733,0.11141528065647653,0.3614687361356893,0.3923556358988742,-0.7569164453340215,405004,28,62
0.8122022137523093,-0.7847530426274208,0.3362949199300932,0.06878959378066402,0.22052838866580496,0.21259814808783645,-1.121047962557514,405025,29,422
0.1971800213848573,-0.19036740792139625,-0.6514242322162727,0.19998029949595308,0.5943547772059713,0.5589984702146008,0.4610568242948764,405029,22,170
0.3996314603420906,0.21001306297190633,-0.4240734178329259,0.012224347688419323,0.20244773398000107,0.10643544448460208,0.6340864808048322,405031,23,238
-0.9624513585657276,-0.613710338694089,-0.16963172785183508,0.23772957925812058,0.6330807813649537,0.6809264274955109,-0.44407861084225386,405032,16,24
-1.1662625244843663,0.6748301778157816,-0.7126219936941044,0.2365075090296771,0.5846057629969241,0.8171458282260944,1.387452171509886,405036,16,22
-0.7235860691348456,-0.8452090464909561,-0.22579108977003873,0.20552688643317354,0.577932672525649,0.6174395269818798,-0.6194179567209174,405041,16,35
-0.39144524696948374,-0.6829505175224513,-1.782391248927013,0.1431174438334331,0.42858985558599055,0.6942596806312303,1.0994407314045618,405042,17,51
-1.1610007140555827,0.685837365560868,-0.00858634613666371,0.22541508668998475,0.5621047204751616,0.6944068432235201,0.6944237116975318,405044,16,31
-0.35627044549873316,-0.42503939373865407,-0.20465671367161284,0.13000851025205826,0.38746369436553507,0.4381407597527544,-0.22038268006704123,405051,16,75
0.39742245972712364,-0.48508886538468715,-0.4123566125265699,0.03201164419930809,0.18586954830464744,0.11459291640664347,-0.07273225285811724,405058,16,220
-2.0199672230699854,-0.26002476069396935,-0.2197188718397238,0.43259860857633603,0.8642408104151579,0.9170376448055507,-0.04030588885424555,405076,16,4
-1.6938741591768187,-0.3807632125474793,-0.35159214489359286,0.36616660837134846,0.8183374470703928,0.8864423538021999,-0.02917106765388644,405080,16,8
-1.3253984300532922,-0.331946134817198,0.19404158957974196,0.2814759012122836,0.706145088161594,0.717493136565774,-0.52598772439694,405081,16,17
0.2609809240393514,0.08979189373457026,0.3052760230236465,0.19047657905675716,0.5502218772258258,0.4272304436047414,-0.21548412928907623,405089,16,242
-1.0590451646344423,0.4255243366986405,-0.43020402382823425,0.2310893293678584,0.581743521156678,0.7485080425863194,0.8557283605268747,405092,16,37
-0.6757494735881324,-0.88745934620614,0.1514122600571151,0.20183532959137346,0.5712594554522539,0.5296917905573626,-1.038871606263255,405098,16,41
-0.6049394042016094,0.14528544838908627,-0.6030816602445936,0.20314992002577778,0.5472563190447846,0.6491325035186463,0.74836710863368,405101,16,52
-0.021301424201620376,-0.22151229767885144,-0.3355652867253223,0.08993290471639112,0.3024602302132474,0.28828999436232033,0.11405298904647088,405105,16,117
-1.8689000213485263,-0.3559464535422426,-0.2739815312818149,0.40243268706424246,0.8467633027232139,0.9036416441137785,-0.08196492226042768,405110,16,4
-0.11272575195775247,0.3619350725578712,0.14978825652711972,0.1799537810551161,0.5294488396105178,0.4100357619035332,0.2121468160307515,405113,16,145
-0.7829230210107501,0.14421930854581802,0.5380088978094847,0.14133630402907485,0.41018662471961825,0.39509551612899535,-0.3937895892636667,405114,16,60
-1.1566657167746597,-0.8298476449729455,-0.32338151733064335,0.2773274587139244,0.7156967926618278,0.7734003910222544,-0.5064661276423021,405119,16,7
-0.6899085398595914,0.7914983307864439,0.06238354828823898,0.1814899454387092,0.5025735481756414,0.5304063792834297,0.7291147824982049,405123,16,77
-0.5892261579775753,-0.5573799983796496,0.019701342338039354,0.2039835250406004,0.556818198215654,0.533401627469451,-0.5770813407176889,405124,16,50
-1.5333736013649797,0.4783156690768907,-0.43318362321576537,0.30651449361856875,0.7227854129087804,0.8650051920313934,0.9114992922926561,405126,16,17
-1.2295268997448092,1.1430697510088077,-0.26219952923788137,0.21887375374251775,0.5333523313701928,0.7580683908026483,1.405269280246689,405127,16,46
-0.9135652668626225,-0.0439368936549551,-0.3911405397866928,0.21586967406772437,0.5657433693605697,0.6932337062943019,0.34720364613173765,405131,16,36
-0.021945428640595788,-1.4245044113695418,-0.5333595588862982,0.09636389336133172,0.3289501143665301,0.3293075932369561,-0.8911448524832436,405135,16,86
-2.0199672230699854,-0.26002476069396935,-0.2197188718397238,0.43259860857633603,0.8642408104151579,0.9170376448055507,-0.04030588885424555,405146,16,5
-1.407249440776606,-0.5128349692796061,-0.06843069783868969,0.30755847040709267,0.7521004190106286,0.7922700927637811,-0.44440427144091643,405149,16,12
-0.7122828654551434,0.6095621552705764,0.1457181578231983,0.17053437385878353,0.4383701699976824,0.5062884179708506,0.46384399744737814,405174,16,64
-1.0491315321849712,1.4202529326839772,-0.43725119726914496,0.20660453351102537,0.51869764415971,0.7376177205066655,1.857504129953122,405176,16,60
-1.0335183546497109,1.0735209803441688,-0.06274474462127132,0.21119797011871985,0.5352918743263535,0.6624590937527346,1.13626572496544,405177,16,44
-0.7873945312077666,1.0274163926028463,-0.15835612154522857,0.12478712720121496,0.3620727289592017,0.5492309463893758,1.1857725141480748,405184,16,54
-0.9440340605363334,-0.8015059213590465,-0.20505919319984062,0.23865667949686947,0.6421381386818283,0.6841454082178967,-0.5964467281592059,405187,16,17
-1.2990496789812505,2.145751248756605,0.3162682527934218,0.1913169936772758,0.44017055239218306,0.6399947665790713,1.829482995963183,405191,16,54
-0.6897569127560852,-0.6570664069662164,-0.7172455570766846,0.21093347520897843,0.5803446948202224,0.6966791211258926,0.06017915011046815,405195,17,36
-1.1431469147573279,0.18035373995462026,-0.33130534150623414,0.24684413984888293,0.6239495538188177,0.7593155910575604,0.5116590814608544,405196,16,24
-0.5392301941398226,-0.1174193131613967,-0.7665368017566544,0.1940524198883567,0.5105292792736836,0.6414467784876595,0.6491174885952578,405207,16,49
-0.4590486902852055,-0.8083786836034171,-0.6294973819902481,0.16300741101643745,0.4674937396352103,0.5589089019304786,-0.17888130161316906,405208,16,45
-1.403695553264214,-0.21577409620844704,-0.5248095729390363,0.30727196282837166,0.7440149091042588,0.8538902792561542,0.3090354767305893,405213,16,18
0.3700548401230546,-1.0907562297560915,-0.25765178203425737,0.10526820419405154,0.3227598569927819,0.30517610301575654,-0.8331044477218341,405215,16,174
-0.975174041833337,0.16198738809385763,0.48991247196043436,0.2147007382196751,0.5562836206389805,0.5159141350121915,-0.3279250838665767,405230,16,41
-0.9232461542770964,0.17696290967677492,-0.6305762733247922,0.214872845226504,0.5528848423142309,0.7349327545824528,0.807539183001567,405231,16,30
-1.1002143861221823,0.09697469470697269,-0.0885417763950095,0.24033273133494895,0.6139672318046739,0.7022178932620393,0.1855164711019822,405235,16,34
-0.9446615611904726,-0.5103220859910269,0.038757301355733804,0.22788386193666832,0.6090581185213948,0.62614921591393,-0.5490793873467608,405239,16,30
-0.4043273965429456,0.7906185292533381,-0.6711020002716844,0.05407123768044891,0.16214793738246558,0.4476395461021931,1.4617205295250226,405241,16,100
0.4310911356304125,0.38172866041980197,0.06689495578264215,0.10709714310092652,0.3224324721983469,0.3110596303245459,0.3148337046371598,405247,16,311
-0.6597471562150243,0.05481543011082704,0.47844642515579056,0.19318846007738072,0.5132073971861499,0.4484942596929157,-0.4236309950449635,405250,16,58
-0.9201812152356219,-0.16507689233245662,-0.3330724631999808,0.2200802544789849,0.5786229480822973,0.6875223937606345,0.16799557086752417,405253,16,39
-1.5559002246155684,0.7319252239704779,-0.41752227416836313,0.3012975177984248,0.7062928447181908,0.8663994424194594,1.149447498138841,405259,16,19
-2.20717926901261,-0.6879018354483133,-0.1732295892206518,0.5116340664250182,0.9019463477620138,0.9324033117737732,-0.5146722462276615,405264,16,1
-1.2648444898809867,-0.5107741647970064,-0.6353703526291824,0.29318922347315246,0.7311445950465232,0.8401622526706104,0.12459618783217596,405276,16,8
-0.5354488613095332,-0.7323819408044042,-0.38503612022007394,0.1966947486494933,0.5446336056776202,0.5818866826140152,-0.3473458205843303,405280,16,41
-0.7286530176212147,-0.14388166353617826,0.3668235714382536,0.17259280491886847,0.4802386589175448,0.4617776830829847,-0.5107052349744319,405283,16,34
-0.3996478032701599,0.6382814402441489,-0.852654683475748,0.06908534849205468,0.26089587950025533,0.49292937700565664,1.490936123719897,405288,16,81
-0.39935305065698573,0.6359852731639639,1.2178666702098322,0.020501187479301797,0.20367168071693434,0.1140293710956418,-0.5818813970458683,405291,16,151
-1.0873158174223252,-0.49809455243903306,-0.435714364688352,0.26034736598739644,0.6739033119120479,0.7687384192257606,-0.06238018775068105,405294,16,12
-0.005907879831811035,-1.4383019718772683,-1.0995164196952163,0.08485377969325966,0.3105656341021593,0.39196680276158025,-0.338785552182052,405300,16,73
-1.501720751655235,0.031237710782653184,-0.45654696883813384,0.31610600559631047,0.7503859764804911,0.86366985520316375,0.48778467962078703,405311,16,8
-1.3514351389271673,1.1509328063444713,-0.5512529973965179,0.24935911930595225,0.594910919857242,0.8370312389521333,1.7021858037409892,405313,16,30
-1.5911603364529499,-0.031068854344794516,0.044542786094955406,0.32488766284608234,0.763318278618271,0.8136183267764948,-0.07561164043974992,405318,16,18
-2.20717926901261,-0.6879018354483133,-0.1732295892206518,0.5116340664250182,0.9019463477620138,0.9324033117737732,-0.5146722462276615,405325,16,3
-0.43027834090078354,-0.2653637334681562,-0.8392051307266626,0.12633208031477947,0.37141107070840296,0.5453278186152342,0.5738413972585064,405329,16,56
-1.2527135443890831,0.5712301355487464,-0.6359402447464453,0.2542437937592698,0.6248154883154273,0.8290819057016001,1.2071703802951916,405342,16,28
-0.033731647563510145,-0.7598367412917564,-1.1149808277405775,0.11258535693309031,0.3244612201474398,0.4382826373050179,0.3551440864488211,405345,16,94
-0.38773665922859696,0.18630788393096187,-0.5423380502687121,0.0889959257805675,0.3032061062721079,0.44835938140869136,0.7286459341996739,405360,16,90
-1.049719424667238,0.37409175757729757,-0.15426302281260504,0.22857588877747262,0.5787922353142856,0.6953113744071032,0.5283547803899026,405365,16,32
-2.0199672230699854,-0.26002476069396935,-0.2197188718397238,0.43259860857633603,0.8642408104151579,0.9170376448055507,-0.04030588885424555,405390,16,5
-2.20717926901261,-0.6879018354483133,-0.1732295892206518,0.5116340664250182,0.9019463477620138,0.9324033117737732,-0.5146722462276615,405394,16,1
-0.30282418914885606,-1.1590626489716134,-0.3299154238325836,0.17545213787201538,0.5218191715134707,0.5225253858539834,-0.8291472251390297,405395,16,62
-1.3391785003931647,-0.6159363457518066,-0.5761884379846584,0.3087156025901557,0.7572532027456512,0.8493410959475362,-0.039747907767148205,405399,16,22
-1.0834340634407649,-0.4984228310869088,-0.1143391711087394,0.2539296762981407,0.6622427695215295,0.7104595325961502,-0.3840836599781694,405401,16,20
-1.7293696842148665,-0.18615962351407786,-0.3325117997923355,0.36512424604724775,0.8142012410701364,0.8893099821303779,0.14635217627825767,405404,16,6
-0.4246815061716254,-0.7534623764040997,-0.5818775568049084,0.13680978752036094,0.40781611491728204,0.5112674556844183,-0.17158481959919136,405411,16,46
-0.4043245689629852,-0.2509729090798064,-0.10161496867875516,0.08729610127887477,0.29990316589287197,0.35923676982460095,-0.14935794040105124,405418,16,71
-1.407192813331362,-0.5433288654310781,-0.06871105642273377,0.30843743361951803,0.7541996586841829,0.7925712144394034,-0.47461780900834427,405429,16,9
-0.3172147532735191,0.5978910316072313,0.4294399921398983,0.16205568598806228,0.43317453517997667,0.406036133436423,0.16845103946733303,405441,16,132
-0.5620733117718226,-0.383575382183016,-1.4968626584128462,0.2045221573011099,0.5548265724369756,0.7501516677758403,1.1132872762298303,405446,16,35
-0.3945823893228648,-0.026954976843556917,0.4739676077427977,0.05297094004498138,0.19536684009513533,0.23454922291684652,-0.5009225845863546,405448,16,86
-1.4288964500741217,0.11427198236438069,-0.0447135561591025,0.29291863385258327,0.7107558932039665,0.7883454152775454,0.15898553852348318,405450,16,12
-0.38862175372599606,-0.28730837974042694,0.5015110051705116,0.0715380496298027,0.2741656643755167,0.259556984365214,-0.7888193849109386,405454,16,76
-1.2499559498712045,-1.0024384347811162,-0.2499873546966121,0.29626263475078524,0.7506434103995371,0.787494530912511,-0.7524510800845041,405466,16,11
-0.5811293489976173,-0.2707795422260532,-0.37047830161641465,0.20325563368457822,0.552353035639775,0.6027149701324507,0.09969875939036144,405471,16,58
-1.2928033505443646,-0.08696112926888298,-0.20001184510831407,0.2771412948802941,0.69023372156246,0.7810647842914888,0.11305071583943109,405490,16,25
-0.7505190509119124,-0.011358791727172387,0.29817693727220684,0.16438417042997444,0.46105197951395005,0.47137062054827006,-0.30953572899937926,405496,16,56
-1.4457340766661626,-0.12372624520916589,-0.49468333096717104,0.3115397383015555,0.7478270936920641,0.858142083697074,0.3709570857580051,405500,16,13
-1.9095654764519636,0.21051661599454916,-0.25291382131278684,0.38355537002294326,0.8252854673817347,0.9060008314386879,0.463430437307336,405504,16,11
-0.28534001995114816,0.1610034198392647,0.3950477613624226,0.18088682015411187,0.4690065972480357,0.4376698941534595,-0.2340443415231579,405513,16,120
0.19395389211551683,-1.5639136464245222,-1.1063583938200618,0.1999616340740991,0.592533757145156,0.5945161013361868,-0.4575552526044604,405520,16,96
-1.3109068480238237,0.3818651938220357,0.08731761836030964,0.26055424981645325,0.6431033643030205,0.7265128077279379,0.29454757546172605,405525,16,26
-1.5533240367002228,-0.9525620643707389,0.008564005950790661,0.3496563268348014,0.8125109185308447,0.8176229889873463,-0.9611260703215295,405534,16,14
-0.47947327852337457,-0.22080834550226647,-1.383225875570979,0.16781936594371474,0.45503493197340394,0.681861182803498,1.1624175300687125,405541,16,56
-1.1386187793908593,0.07007538654815876,-0.3374167545618569,0.24989435591677517,0.6339641132034634,0.7604651977608209,0.40749214111001564,405543,16,24
-1.659963659825998,0.2645059971637261,-0.36324516237872007,0.335384114368307,0.7715573339525814,0.8802614646106842,0.6277511595424461,405544,16,9
-0.2993975538020353,0.12305712102560369,-0.9051531589340128,0.17385221321086966,0.48795380013684786,0.5985342743352989,1.0282102799596164,405547,16,87
-0.481592009814565,0.048761032401376116,-0.30476451700199253,0.16396604034745285,0.43750466610802946,0.504409581677563,0.35352554940336867,405549,16,66
-0.40025613158741,0.1200107531711406,0.45801377480572425,0.043921622934305786,0.2185571798177886,0.22050675146066648,-0.3380030216345836,405551,16,100
-0.45190339837236204,0.03827146515002108,-0.8846827630287286,0.14135518544693346,0.37725746091767276,0.5736374485645295,0.9229542281787497,405554,16,64
-1.0664192483744155,-0.07101761008537104,-0.4245544987244165,0.24592076009202707,0.6305232883078975,0.7558177864998332,0.3535368886390454,405555,16,22
-2.20717926901261,-0.6879018354483133,-0.1732295892206518,0.5116340664250182,0.9019463477620138,0.9324033117737732,-0.5146722462276615,405562,16,7
-2.20717926901261,-0.6879018354483133,-0.1732295892206518,0.5116340664250182,0.9019463477620138,0.9324033117737732,-0.5146722462276615,405568,16,3
-1.601797091620171,0.07510595485640585,-0.39628020932751395,0.3318775352849571,0.7713284988609489,0.8746806944274699,0.4713861641839198,405569,16,8
-0.693974379558725,-0.7091482965900558,-0.40022419978757445,0.2074146630946846,0.5751778013109322,0.6445138464444873,-0.3089240968024814,405588,16,30
-0.2918728096328375,0.5141044257975083,-0.1970695613399698,0.17766915530180763,0.4895445523836787,0.5069162785802612,0.711173987137478,405593,16,127
0.7383467461306438,1.7514468919760133,0.551129077394425,0.14443341687418423,0.48816176122885235,0.38152248888006074,1.2003178145815885,405595,16,485
-0.40928375981187043,0.2565571422847894,-0.2849231498363343,0.08102364047589133,0.2797553651885745,0.3883412496563298,0.5414802921211237,405596,16,82
-0.6226152452502658,-0.8926389986794669,-0.5864491839548598,0.21410832162933174,0.5932812129257091,0.6630717000197299,-0.30618981472460716,405598,16,26
-1.5110866789846686,0.8587003578604958,-0.44382799540521223,0.28909658299000884,0.680493638913586,0.8603046888579101,1.302528353265708,405601,16,16
-0.7226838396157446,0.9144450135828841,-0.9028666609789685,0.1669829910767822,0.4646598146296484,0.7040085292902073,1.8173116745618527,405604,16,71
-0.922973251903603,-0.24267733249451584,-0.6109654681980663,0.22670800824255494,0.5951701535108824,0.7391662793073461,0.36828813570355046,405609,16,21
-1.9845733837296782,-0.139038563868533,-0.2298722644651034,0.4171904625843993,0.854078110542899,0.9136952410899158,0.0908337005965704,405614,16,7
-0.03648679649548781,-0.9322656403558448,-0.4631770366272579,0.11595367874506815,0.36192087839846093,0.350683950855606,-0.4690886037285869,405626,16,88
-1.6837955013123784,-0.3846196600743904,-0.35666630906494956,0.36430211108921107,0.8166743160617914,0.8854196212931407,-0.027953351009440852,405631,16,4
-1.2601818435794,-0.4624533945462793,-0.19901504107341497,0.28216965201880984,0.7115274125674959,0.7761679939632502,-0.2634383534728644,405635,16,20
-0.5874001059440138,-0.9431268522764713,-0.3810133757234733,0.20991965776768018,0.583970341389978,0.6149500638547853,-0.562113476552998,405636,16,34
-1.0356209580005669,0.07688943983273207,-0.46184431091403727,0.23825066470405742,0.6096054797643338,0.7505550681335441,0.5387337507467693,405642,16,27
-1.040379198486314,1.0811302847636253,0.7030933525544779,0.20563917592042755,0.5242737053448138,0.47511890282822983,0.37803693220914736,405647,16,56
0.8040178998964144,-0.7900497598157243,-0.4468882698891683,0.03988773254173037,0.14246162494863426,0.16105729517240622,-0.34316148992655604,405649,16,342
-4.2833224387358557e-4,-0.7995153783007227,-0.83606182418407,0.046512804083750275,0.1720502330647892,0.3087213774653446,0.03654644588334732,405657,16,103
-0.5575142897683046,-0.4055998610198797,-0.7178412823869517,0.20126853137006476,0.5470936519500555,0.6486558769316234,0.31224142136707195,405671,16,47
-0.3897412564548175,0.07735619725102767,0.18158745841348012,0.07078721251530452,0.25401462753791576,0.29544477446919226,-0.10423126116245245,405677,16,89
0.4000668527971768,-0.34788031453757867,-0.4115509290026246,0.005723489973339411,0.13606128261326594,0.08508504275053692,0.0636706144650459,405678,16,235
-0.9299670324699699,-0.6722801036607642,-0.976000633662837,0.24555280345701627,0.650182433058075,0.7992273900540456,0.3037205300020728,405680,16,21
0.3736367503934087,-0.33298533191990043,0.06544198421698931,0.09924857397191264,0.29018784137041587,0.23715603469319746,-0.39842731613688975,405682,16,241
-0.40498025194792786,-1.6633105290368144,0.09073121809810968,0.12595208054640517,0.436370099049892,0.37642978807397287,-1.7540417471349241,405686,22,55
-0.1933160575854408,-1.1861411310147956,-0.974226963091692,0.20119192761166993,0.5750375063800112,0.6243350944435918,-0.21191416792310358,405687,22,62
-1.1583411995902138,-0.9614383174249191,0.018335197197354068,0.27288617633268525,0.7136657902281371,0.7126211830695869,-0.9797735146222732,405691,22,25
-0.3986797544862576,0.44722362326895415,0.7618645833396236,0.02712797359314395,0.15478694046951116,0.1511811153448772,-0.31464096007066944,405706,22,116
0.3638741405163738,-1.4453851337314805,-0.9055458723959567,0.11468946732684947,0.35669741363228524,0.34734654510264373,-0.5398392613355237,405718,22,129
-1.7033510260936007,0.07061079888210951,-0.3428311239974497,0.35012475166112494,0.7939131689749328,0.8856461872239745,0.4134419228795592,405723,22,18
-0.8182484546431639,0.8147964123799749,0.6217335510824964,0.11348584825513956,0.3048175007762142,0.34852491258992535,0.19306286129747852,405724,22,58
-0.8011312709125606,1.1979271688209827,1.5523369480953484,0.0454898105379441,0.15571237193706328,0.1773529699644713,-0.3544097792743657,405728,22,80
-0.3230163066592932,-1.2082451066901205,-0.8873774453724972,0.17245521988439802,0.5166243116138495,0.5969374958837642,-0.32086766131762334,405735,22,54
0.3510103542690266,0.17349788900273863,0.47055470292809026,0.13113303652014283,0.39816696962195175,0.2947437395382438,-0.29705681392535166,405743,22,283
-1.4828178837662847,0.9803591135272223,-0.4608196228022846,0.2797071024055475,0.6595206235341161,0.8560619940273215,1.441178736329507,405748,22,26
1.0047971266978235,0.6575230145658405,1.362481373923847,0.1999984206173781,0.594736080953904,0.584596319958845,-0.7049583593580065,405749,25,538
-9.141219697298322e-5,0.8813779818889905,0.35118180008390615,0.006689562880110854,0.16209915951218895,0.13424949144207612,0.5301961818050844,405750,25,235
0.8003411967897787,-1.8753816166591855,-1.5683182670269369,0.014530468571452532,0.19040463067041735,0.13851814911198593,-0.30706334963224857,405751,25,232
-0.810618086548634,0.2919689903297644,1.1068372359861243,0.10420008238800756,0.32552440627404905,0.25836560912259215,-0.8148682456563598,405753,25,70
-0.38426395167302096,0.364979597555585,0.38943675214245066,0.07826172252570779,0.23154682137221222,0.26365884965076575,-0.024457154586865648,405758,25,104
-2.86582348458711e-4,0.9403432490702177,1.1836462155770586,0.010776381871943283,0.19291278516081897,0.08722105194713624,-0.2433029665068409,405762,25,226
1.992819979625905,-0.7648476245726252,1.389055197893153,0.164370466285748,0.4587556171561993,0.7197689368102417,-2.153902822465778,405791,25,658
0.3984903869952509,0.4598543784593481,-0.9394016625140712,0.024707374194094862,0.1562744603063917,0.20766504858605533,1.3992560409734194,405793,25,251
0.4004771013095354,-1.446836332112488,-0.7882655332767222,0.017794198925671828,0.2019835089685203,0.1450124905516077,-0.6585707988357657,405801,25,132
1.176724630005845,0.2804490883610456,1.1157616689949008,0.09703468035319789,0.3415326707491194,0.3693287448764217,-0.8353125806338553,405813,30,582
-7.976909103170872e-4,0.18145876142645284,0.8112465353434269,0.017885818998527436,0.20415098797435832,0.08033850163462153,-0.6297877739169742,405818,30,198
0.4001202075809559,-0.2853243049260873,0.7966632066854146,0.006983199536498971,0.18200476506074753,0.0481837530504247,-1.0819875116115019,405820,30,328
0.3983046357154333,1.233469409853195,0.8051244365109682,0.025990534335054976,0.13697428287773752,0.08374459678671879,0.4283449733422269,405826,30,385
-0.6808305900455893,0.5705198815171201,0.6996925660002954,0.1838406443267338,0.46449244819619817,0.40736802980888775,-0.12917268448317532,405837,30,66
-0.7895663939009504,1.6777272895790898,0.15947370682980333,0.08762607414544092,0.2700095435219733,0.4471715875606709,1.5182535827492865,405840,30,80
-0.005395730141232878,1.215352642717674,0.8216624720587,0.04614328436494882,0.14640133800851052,0.1307817460011082,0.39369017065897394,405841,30,262
0.7998430311690425,-1.2007023846213394,-0.39662505813101634,0.007924463584689151,0.054497714433929735,0.042861558467302954,-0.804077326490323,405842,30,306
0.413549465536348,0.7516731990086115,0.7735359198464206,0.07236167454866717,0.2265991924241688,0.167050431177104,-0.021862720837809047,405843,30,409
-0.04043076173816938,0.9205694576390611,1.319209560290478,0.12057226329570468,0.35701803537572024,0.34545285675978943,-0.398640102651417,405852,30,257
-0.3926534528777386,-0.30240268132378656,-0.221900688872382,0.09298783233531623,0.30994294781749687,0.3906085731501715,-0.08050199245140455,405882,22,71
0.35509069668872795,-0.3906516815268884,-0.8284569662396808,0.1262825888090285,0.35744236097795046,0.3547426219763391,0.4378052847127924,405884,22,201
0.0018206408058058941,1.5981824865026402,1.1429734307362824,0.02693038340435487,0.1037650649006144,0.15338012939049095,0.45520905576635773,405886,22,291
0.7993341182199669,0.3398120560174573,0.33642786714735373,0.0164213117738487,0.1572494485825232,0.152749583965065,0.003384188870103555,405895,22,442
-7.837491159834268e-4,0.41424838164176486,0.791092742797646,0.017694615219573575,0.08932097391163,0.07919463745664325,-0.3768443611558811,405914,22,199
-0.37719714153891876,0.5945529621167838,-0.5568577391242356,0.09686510489694906,0.3182322721366718,0.4587962472098298,1.1514107012410193,405917,22,99
-2.0513914004988292e-4,0.7842469928528916,0.6301962106164223,0.009146380928513942,0.08532144553790487,0.1989505524137293,0.15405078223646929,405919,22,197
0.4001456447785197,0.39708258363332544,-0.026335444068258555,0.007655469563632695,0.06036784246510479,0.10133281965434719,0.423418027701584,405920,22,303
0.2579374110781448,-0.1731139880451604,-0.8806447369743978,0.19142476368639788,0.5074532849478496,0.5382521332716858,0.7075307489292374,405921,22,175
-0.7391961041495099,-0.12354093227935627,0.9330156360795471,0.1525415627543198,0.43887717134288784,0.34584114442065184,-1.0565565683589033,405922,22,58
-0.9199639264472746,0.27897113994623757,0.08763165765885565,0.20334079861908844,0.526294410661631,0.5858986034146136,0.1913394822873819,405926,22,49
-0.39772773022982477,0.8122515476575327,1.090304989000271,0.030285042022065896,0.12028470268469017,0.18832985655485632,-0.27805344134273824,405931,22,146
1.3249366400917093,-0.8648426976195601,-0.3166672556298747,0.1853798543525156,0.521419689242416,0.42892927197135333,-0.5481754419896854,405937,25,499
0.6150887079805345,-0.50449473936509,-0.29742603014027846,0.19943001552155112,0.5496661409391438,0.5453398664067245,-0.20706870922481158,405957,25,306
-0.683157493146643,0.845415162252183,1.2037586226527661,0.18203817679227538,0.49921156617813245,0.3656419338493387,-0.35834346040058307,405959,25,98
1.1574576716575258,-1.0553244593207707,0.002421183812891672,0.12331752322749519,0.371999367742684,0.33262318674871505,-1.0577456431336623,405960,25,442
0.8000137747124519,0.18740099282076347,0.05337500398782174,0.005825493973003664,0.20074085413211856,0.13683838216976535,0.13402598883294173,405962,25,421
0.6423180709015812,-0.1962321779024597,0.8089461522353624,0.19547170955178708,0.5532370960879665,0.5280117065490477,-1.005178330137822,405963,25,395
0.39997223076205524,1.119449429078452,1.2118319446055004,0.008819840585783927,0.16429915829067668,0.07893896435064122,-0.09238251552704835,405964,25,401
0.300554334775847,-0.12050244646872199,0.5808007623579988,0.17288385160631062,0.5027705202120653,0.3739441001457641,-0.7013032088267208,405974,25,265
-0.01262223654602702,-0.08516745990936402,0.2390097570675142,0.06993711212223981,0.24524933193846088,0.246789066358371,-0.32417721697687824,405981,25,155
0.004491632374890042,-0.40196172836747524,-0.5453120007416098,0.04378080445427342,0.1530879613639924,0.26441838883118035,0.14335027237413456,405990,26,123
-0.3939802554703192,0.34340124556254326,0.708943127302669,0.04974792161644887,0.1897710212292963,0.19879835480278263,-0.3655418817401257,405998,20,90
-0.6746018246387768,0.676229685796875,0.9602475050960048,0.1859064557306324,0.4958882287169653,0.37572876500207797,-0.2840178192991297,406001,26,64
0.3999632972290608,-1.2023506529933332,-3.7683928656470275e-4,0.004222442521847314,0.06983694676310608,0.041095083868219785,-1.2019738137067686,406005,24,193
-1.645021123331583,-0.5194776597114912,-0.3779832336310768,0.3620760140278782,0.8168657039356748,0.8820096498276977,-0.1414944260804144,406011,20,14
0.21794960446415754,-0.7745115171371546,8.343303118459983e-4,0.19919292671317185,0.5555701239521493,0.4505888517032181,-0.7753458474490006,406013,24,174
0.3999435453159238,0.4275456912767458,0.01377497519413098,0.004790544592007882,0.10372470915143328,0.07504085630899693,0.41377071608261484,406014,24,271
-0.9351663919926231,-0.1188746298072366,-0.6251534553134385,0.22638545498523624,0.5903448167995506,0.7439664949316025,0.5062788255062018,406015,21,31
-0.40065495842825133,-0.8867029004966122,-0.7839180023044681,0.13763468967889778,0.41824442963310837,0.5449652838894099,-0.10278489819214409,406036,24,43
1.3049945290775984,1.2476025214613369,0.5608056928840295,0.1780542997264787,0.5544934592854032,0.4903569640396043,0.6867968285773074,406040,25,555
-0.7228782363102032,0.5431237935479282,0.8251595231514769,0.16022209543713042,0.4418424684885671,0.36817186424394016,-0.2820357296035487,406050,22,64
-0.39862230362894324,1.1721640325222094,0.7663484648340367,0.024232941534788426,0.12017894659358158,0.1466071218933451,0.4058155676881726,406051,23,131
0.39995441951773164,0.007385955110465742,0.3939214431475055,0.004287999200038432,0.06153430382838736,0.052185115999670066,-0.38653548803703974,406053,24,282
-0.10967500239491616,-1.3447158222132982,-1.4303836427693957,0.18050459100235422,0.5240786604634144,0.6121953847323292,0.08566782055609745,406054,22,59
-1.2063757463927673,-0.344878090848308,0.15096140800797594,0.26209995498845473,0.6728596428036302,0.6903078358379721,-0.495839498856284,406057,19,8
1.3881292830059076e-4,-0.016567265606917573,0.2971422122054023,0.009146000388803612,0.08864829458757963,0.1769872043163772,-0.3137094778123199,406079,27,153
-0.9133404825423731,-0.25625887011934145,-0.21679784973467653,0.2188634849320906,0.5792742385435166,0.6630579502747783,-0.039461020384664924,406084,21,26
-1.0495701996037086,0.9026013255919002,0.7570043550055433,0.20687026757024485,0.5117220474457037,0.4654510814383192,0.1455969705863569,406085,24,50
1.6348237667247207,0.745777304671817,0.6629541884466872,0.15326220409519806,0.49879228344250454,0.4993353769333531,0.08282311622512983,406097,25,628
-0.0027767152473870014,-0.12129942105512206,-0.06785467151038636,0.03377028578779974,0.20337433358275733,0.18331988111194925,-0.0534447495447357,406108,19,134
-1.6670694875450915,0.06850814207613679,-0.3611524367437629,0.34364386223237475,0.7863467838404937,0.8817981319035448,0.4296605788198997,406112,19,8
-1.2075131257174743,0.2594235797456442,-0.13981827643094,0.2501912310123806,0.6276936045129939,0.7421096551460215,0.39924185617658414,406122,20,19
0.852442751319688,2.2797307232778485,0.40763373010840637,0.13527115635396025,0.4770340242266763,0.3587840422981467,1.8720969931694422,406125,24,515
-1.4477751707743247,0.5333163692905774,-0.4878915113314426,0.29018347714741677,0.6930676359572373,0.8543849281321698,1.02120788062202,406147,20,17
-2.0552613388168677,-0.0435381861397735,-0.20647872546225776,0.42816723107589044,0.8598072187778831,0.9196781463237869,0.16294053932248426,406150,19,10
0.39990034675525093,-0.42386377492112626,-0.6915383428256031,0.008103298885796705,0.09894447047451566,0.18554286594259653,0.26767456790447686,406151,25,203
-0.01456953138079697,0.33965692802615494,0.3885931984737759,0.0749381233477036,0.24426451409783628,0.1959248358514447,-0.048936270447620944,406157,23,165
0.8001240352824814,-0.6523079363423744,-0.42027370953977466,0.007085185438271448,0.1940277260882734,0.08957725780277129,-0.23203422680259972,406162,24,317
-0.39021320481256083,0.6712569622774297,0.19078452467232757,0.06451894350632643,0.24696560114798538,0.28715114216929694,0.48047243760510217,406163,24,111
0.40005929557264114,-0.30014280814301564,0.30815129991270335,0.0050047933397479845,0.1738011391081692,0.1686946497613169,-0.6082941080557189,406166,24,266
-0.3234462107126191,-0.3051357857950204,-0.8945636729727247,0.1605278251352982,0.4715081543197356,0.5823821547492208,0.5894278871777043,406195,20,58
-0.3110947330960625,-0.053943055368380254,0.09918973680426808,0.1664938677017832,0.4660645466978401,0.4403445464390409,-0.15313279217264833,406207,19,86
0.7868524905530232,0.4307876610395461,0.7894948702048582,0.07133330323074054,0.2338496635283344,0.23136324822732415,-0.3587072091653121,406216,25,466
-0.5196631668621223,0.471781945148713,-0.3864213864260432,0.18401854298784068,0.4976756659872526,0.5587864732853451,0.8582033315747561,406219,24,78
-0.9610564471446558,-1.064104817771967,-0.05286327266717448,0.24418042642748836,0.6640137909239489,0.6632678914029477,-1.0112415451047925,406220,21,20
-0.9610564471446558,-1.064104817771967,-0.05286327266717448,0.24418042642748836,0.6640137909239489,0.6632678914029477,-1.0112415451047925,406222,21,20
-0.45974401895404515,0.5770469306930912,0.3843938806419605,0.142684428754647,0.39504947675610097,0.34106076567363675,0.1926530500511307,406223,20,92
-0.4211304907635538,0.9672460379125589,-0.48351922001497333,0.09142960867062808,0.30175804724199307,0.4393826943072622,1.4507652579275323,406225,20,104
1.4037506387368601,-0.6827384493803094,0.9105189585757474,0.20004465537057242,0.5507684281818449,0.5831419014330136,-1.5932574079560569,406228,29,580
0.05610851166744277,-1.0096992662693935,-0.011588724341644867,0.13891551092534324,0.42655147239898705,0.3734968894216488,-0.9981105419277487,406229,30,103
-0.48430712005427135,0.015055929789870477,-1.091042014973603,0.16828626692261353,0.4571316477406262,0.6435105612284857,1.1060979447634736,406252,20,71
-1.8407843629824798,-0.5433055246927823,-0.28725948545068986,0.40580701159722454,0.8512346731572837,0.9015955639225378,-0.2560460392420924,406255,20,7
-0.7463423158927468,0.6487928771817998,-0.8343626955535798,0.1590868465541838,0.41975087193959243,0.6946381322685968,1.4831555727353796,406274,21,59
-0.749399969412114,0.417137254070489,-0.7705368610404913,0.17054798188905973,0.4617714598973147,0.6912341976126495,1.1876741151109804,406279,19,50
1.6359466052696048,1.4401412583758768,1.9977274662432243,0.18721053599331208,0.6181605422328471,0.6969520313898813,-0.5575862078673475,406286,29,630
-1.1895580494425206,-0.9287134082683206,-0.705103569215166,0.2934772134771052,0.7442941421147956,0.8351864171817369,-0.22360983905315457,406291,21,16
0.38193303128238176,0.8478595179101711,0.8497794360224462,0.08306851850497582,0.25676794792370605,0.23625182641016995,-0.0019199181122750986,406294,20,335
-0.8880656501544514,-0.4710072547679435,0.21827578755295252,0.2075311849021459,0.5649811899430867,0.5530114765708956,-0.689283042320896,406323,20,38
1.3177780373453893,-1.1084237095167315,-0.6491029711065919,0.1823172088779025,0.5039277859831971,0.3875252384422089,-0.45932073841013965,406324,25,451
1.1993788946394326,-1.907617682674606,-1.1787718053630183,0.01576839492399986,0.1733277065788588,0.0971149796527995,-0.7288458773115878,406328,21,367
0.722795611938246,0.4640684473423444,1.3571226384577195,0.15786950911093323,0.4852017292867659,0.4666510897893982,-0.8930541911153751,406353,30,466
0.04099346726136041,-0.5651968298675534,-0.5689623505410288,0.12139121484424412,0.3749720708905388,0.39288706187928896,0.0037655206734754643,406360,19,125
-0.38837317321465314,2.0253289494115188,0.8054737899563541,0.06720743103314211,0.22458755870649302,0.19300554219536148,1.2198551594551645,406361,19,191
-0.40725312925277346,0.3629501494309552,-0.04652999990764774,0.06554720346457188,0.2106413145834417,0.32591908280394627,0.40948014933860294,406368,20,87
-0.7581497627963579,-0.44317195046879126,0.333085509140527,0.17404874456044248,0.49772434039706487,0.4739977777611109,-0.7762574596093182,406371,20,43
0.4004950393454708,-0.4004280556468392,-0.8809929696515846,0.014533273309943171,0.06412485579620701,0.17726969833544154,0.4805649140047454,406377,20,205
-0.8227661757672601,-0.38330327056452485,-0.6732244683889941,0.20775266189522043,0.562043691944954,0.714820940104072,0.28992119782446923,406383,20,28
-0.6266197066639031,-0.10319583313769616,0.42418315338193774,0.19996501351605425,0.5405180213505739,0.4587332093167868,-0.5273789865196339,406391,20,58
0.8101997341888459,0.7378517195211822,1.038330547644672,0.06350274567559998,0.22939433674373166,0.25571370547041805,-0.3004788281234898,406392,29,524
-2.20717926901261,-0.6879018354483133,-0.1732295892206518,0.5116340664250182,0.9019463477620138,0.9324033117737732,-0.5146722462276615,406407,18,6
-1.6299272712022368,-0.3628540239119067,1.235781726529294,0.3106974033447994,0.7548104862160355,0.5523582777627636,-1.5986357504412008,406408,18,11
-1.6767322590093803,-0.8493378819855024,-0.3651284122509537,0.3834513178198112,0.839915851206928,0.8868692381994745,-0.4842094697345487,406419,18,2
-0.6559654396178787,-0.11698203701768611,0.06688050110520569,0.19793680991256413,0.5399628333191541,0.5380689378936498,-0.1838625381228918,406420,18,52
-0.8574434784711641,-0.7901205154604227,0.15450784420495925,0.2080134413463215,0.5805508875534032,0.5628638997649078,-0.944628359665382,406421,18,40
-0.9728390686575579,1.1096595746117398e-4,-0.6185786104554021,0.23145586663189044,0.5974174868567458,0.7550999786039789,0.6186895764128633,406423,18,37
0.46308106011080274,0.959730135384111,1.0467572444671345,0.1457850336147936,0.4438362605459817,0.3829905612280025,-0.08702710908302347,406433,30,434
-1.5390381226187837,-0.14024997965259228,-0.4347386395882042,0.3282337474677239,0.7715907196197433,0.8687664806563123,0.2944886599356119,406439,20,3
-1.366992432173878,0.02884781354241913,-0.5496512705197385,0.29329276606074245,0.7144709512301384,0.847935316055066,0.5784990840621577,406447,20,14
-0.5536296527737248,-0.48673197461246936,-0.10626382882921163,0.1983061242527403,0.5383323016475706,0.5379627052598868,-0.3804681457832577,406456,24,44
-1.2276616697967644,0.03518467127912497,-0.6627532536182026,0.27008136840157976,0.6735842471189236,0.8311695949929079,0.6979379248973275,406463,20,15
-1.0174705982643188,-0.147678136952408,-0.48626454025303706,0.2416143732276815,0.6237887259333993,0.7514444344869666,0.33858640330062906,406468,20,25
0.8001759780209801,-0.34319909535425036,-0.40297407684755326,0.008395461724693173,0.1425184413735857,0.04239466141431556,0.0597749814933029,406475,23,357
-1.4680769859558467,-0.5012790495699104,-0.054900542339889356,0.3184843320978885,0.7667178165307786,0.8046517421993937,-0.4463785072300211,406476,18,16
-2.20717926901261,-0.6879018354483133,-0.1732295892206518,0.5116340664250182,0.9019463477620138,0.9324033117737732,-0.5146722462276615,406482,17,9
-0.41247574445189616,-0.6758530713819386,-1.341161679529926,0.14074070323221327,0.4197992670142255,0.6367032830605414,0.6653086081479873,406498,24,54
-0.9906635348320321,0.15939542387472186,-0.5423549659403744,0.22998310019710494,0.5890507057546234,0.7473824636607324,0.7017503898150962,406500,19,40
-0.36812332603754516,-0.5494008978695126,1.9317018726831343,0.10909926185268762,0.348906495083784,0.2735937984244756,-2.481102770552647,406511,20,133
1.3893715447307085,1.3298488345487685,0.611599255654558,0.201557238587426,0.6253712186143439,0.5598510023344123,0.7182495788942105,406527,25,573
-0.4471844536223868,0.5789594737418486,-0.7179873266720309,0.13043707941211408,0.37950117313296555,0.5307525447177337,1.2969468004138796,406528,17,85
-0.4359330424887401,-1.1268631842367944,-0.14978841701981238,0.1443127689346979,0.44177618212907016,0.4413563600589826,-0.977074767216982,406543,21,45
-0.44686084794965947,-0.2181399915974402,-0.10623898251657427,0.13436169649723206,0.3893147032185708,0.4170064195819721,-0.11190100908086595,406545,19,62
-0.040794405625622865,-1.0144464487493425,-1.2792969817447553,0.12370394483367447,0.379638296814125,0.48017783399254754,0.2648505329954127,406547,20,68
-1.765551819339522,-0.14825149571137922,-0.31539444629584446,0.3706847386423124,0.8188269841212666,0.8928559995873424,0.16714295058446524,406548,17,8
-1.7010605558151395,0.15019963795245042,-0.34329841421624535,0.3467508070776234,0.7883883461778426,0.885110832488484,0.4934980521686958,406549,20,9
0.397410723897139,-0.015694296101388446,0.40972089259202654,0.03207819306390344,0.12891252145831628,0.09407547564084491,-0.425415188693415,406553,26,280
-9.855063616026288e-5,0.3748855678660068,0.09714199717016934,0.008679526913315135,0.10150570312382085,0.18037073270518333,0.27774357069583744,406564,18,159
-0.3964828802403115,1.9862813033939555,1.8473450017949447,0.03745873816392569,0.12641175780167854,0.21487822268262396,0.13893630159901083,406573,24,232
-0.05974413136109606,-1.538954212120628,-0.7446543243810911,0.1457614314058759,0.4398375416387274,0.4523210064412838,-0.794299887739537,406581,20,72
-0.7757612282373748,0.0916090865472878,0.9830697375668795,0.12193708098657889,0.3749481085232892,0.3043897504612865,-0.8914606510195917,406590,21,43
-1.684136280088612,-0.7009149214201318,0.11491802927156942,0.3661701170299027,0.822397500228679,0.8271724728722605,-0.8158329506917013,406600,17,10
0.41713809626296294,-0.05897869100899457,0.36825746734869214,0.0810032390644403,0.24831949755418475,0.17352398984779757,-0.4272361583576867,406602,20,297
-1.4775946680325671,-0.4168483483295128,-0.47584662673656497,0.3266008065806784,0.7760180937916896,0.8634645649809183,0.058998278407052185,406603,18,13
-0.8513506327132989,-0.20680512342562685,-0.02295781600925406,0.1947280715732725,0.5278414967298364,0.5876463683866956,-0.18384730741637278,406609,18,36
-1.781299922053078,-0.2605875854928581,-0.3094332440104821,0.37881209122795045,0.8276344777237248,0.894830549296858,0.04884565851762401,406619,21,13
-0.33835134468309275,1.413231321184757,1.0054053386653696,0.1444263854001901,0.4271153499099312,0.3324781199680329,0.4078259825193873,406627,19,175
-1.9016429062321367,-0.44064803121024637,-0.2624239804552463,0.41457384591588187,0.8555848263534253,0.9069441489542397,-0.17822405075500009,406628,18,11
-1.5214585067745687,-0.093336486895867,-0.44515107610401394,0.3235970549142781,0.7642347123775894,0.8665630881471733,0.35181458920814696,406637,22,17
-0.021363930987413085,-0.04138676266946073,-0.33921682115803986,0.09002287603088853,0.27001607749587625,0.2885043654186052,0.29783005848857913,406642,23,142
-0.6908084284752942,0.852241958853072,0.8345366222326894,0.1786729677804042,0.49396327701124243,0.38714258895621256,0.01770533662038254,406645,20,81
-0.824257911623979,1.3460919636853936,1.3740266408853232,0.09740434318394095,0.2964452263133067,0.25223124467501423,-0.027934677199929592,406668,25,83
0.39993393907145763,0.7602447933171549,0.7085828657392743,0.005600408144657811,0.12321595571405698,0.1686102618967035,0.05166192757788057,406672,22,351
-0.6705772645183192,0.826496104914965,0.9436803139881849,0.18729889463676724,0.5079030809638202,0.3794466144883063,-0.11718420907321991,406677,24,86
-0.06373437170680607,-0.6344714988081344,-0.06229866104949744,0.1464277295056464,0.41731192926981037,0.37653160168035904,-0.5721728377586369,406684,30,89
0.4000276280964392,0.793753549656727,-0.01667626926668981,0.0037000016401887398,0.07223024372907288,0.08149454892034853,0.8104298189234168,406692,28,308
-0.6006316432154629,-0.8460460148706583,0.6523299586536399,0.2017189798975399,0.5636621539994255,0.42303321798330795,-1.4983759735242983,406709,30,34
