"","filename","category_en","category_ja","project","id","produces","ID","Sex.(f/m)","OpenSciense.(ok:1/no:0)","AgeD.(days)","AgeM.(months)"
"1","HM_H0001_24_Yellow.xlsx","sounds","幼児語","HM","H0001",11,"H0001","f",1,753,24
"2","HM_H0001_24_Yellow.xlsx","animals","動物の名前","HM","H0001",21,"H0001","f",1,753,24
"3","HM_H0001_24_Yellow.xlsx","vehicles","乗り物","HM","H0001",5,"H0001","f",1,753,24
"4","HM_H0001_24_Yellow.xlsx","toys","おもちゃ","HM","H0001",3,"H0001","f",1,753,24
"5","HM_H0001_24_Yellow.xlsx","food_drink","食べ物と飲み物","HM","H0001",29,"H0001","f",1,753,24
"6","HM_H0001_24_Yellow.xlsx","clothing","衣類","HM","H0001",7,"H0001","f",1,753,24
"7","HM_H0001_24_Yellow.xlsx","body_parts","体の部分","HM","H0001",14,"H0001","f",1,753,24
"8","HM_H0001_24_Yellow.xlsx","furniture_rooms","家具と部屋","HM","H0001",2,"H0001","f",1,753,24
"9","HM_H0001_24_Yellow.xlsx","household","小さな家庭用品","HM","H0001",7,"H0001","f",1,753,24
"10","HM_H0001_24_Yellow.xlsx","outside","戸外のもの","HM","H0001",6,"H0001","f",1,753,24
"11","HM_H0001_24_Yellow.xlsx","places","おでかけ","HM","H0001",2,"H0001","f",1,753,24
"12","HM_H0001_24_Yellow.xlsx","people","人々","HM","H0001",7,"H0001","f",1,753,24
"13","HM_H0001_24_Yellow.xlsx","games_routines","日課とあいさつ","HM","H0001",20,"H0001","f",1,753,24
"14","HM_H0001_24_Yellow.xlsx","action_words","動作語","HM","H0001",12,"H0001","f",1,753,24
"15","HM_H0001_24_Yellow.xlsx","time_words","時間についてのことば","HM","H0001",2,"H0001","f",1,753,24
"16","HM_H0001_24_Yellow.xlsx","descriptive_words","ようす・性質","HM","H0001",17,"H0001","f",1,753,24
"17","HM_H0001_24_Yellow.xlsx","pronouns","代名詞","HM","H0001",5,"H0001","f",1,753,24
"18","HM_H0001_24_Yellow.xlsx","question_words","質問のことば","HM","H0001",1,"H0001","f",1,753,24
"19","HM_H0001_24_Yellow.xlsx","locations","位置と場所についてのことば","HM","H0001",1,"H0001","f",1,753,24
"20","HM_H0001_24_Yellow.xlsx","quantifiers","数量をあらわすことば","HM","H0001",5,"H0001","f",1,753,24
"21","HM_H0001_24_Yellow.xlsx","connecting_words","接続語","HM","H0001",0,"H0001","f",1,753,24
"22","HM_H0001_24_Yellow.xlsx","sounds2","幼児語（その２）","HM","H0001",18,"H0001","f",1,753,24
"23","HM_H0001_24_Yellow.xlsx","conversations","会話語","HM","H0001",5,"H0001","f",1,753,24
"24","HM_H0001_24_Yellow.xlsx","others","その他","HM","H0001",5,"H0001","f",1,753,24
"25","HM_H0002_24_Yellow.xlsx","sounds","幼児語","HM","H0002",12,"H0002","f",1,756,24
"26","HM_H0002_24_Yellow.xlsx","animals","動物の名前","HM","H0002",41,"H0002","f",1,756,24
"27","HM_H0002_24_Yellow.xlsx","vehicles","乗り物","HM","H0002",10,"H0002","f",1,756,24
"28","HM_H0002_24_Yellow.xlsx","toys","おもちゃ","HM","H0002",10,"H0002","f",1,756,24
"29","HM_H0002_24_Yellow.xlsx","food_drink","食べ物と飲み物","HM","H0002",48,"H0002","f",1,756,24
"30","HM_H0002_24_Yellow.xlsx","clothing","衣類","HM","H0002",10,"H0002","f",1,756,24
"31","HM_H0002_24_Yellow.xlsx","body_parts","体の部分","HM","H0002",25,"H0002","f",1,756,24
"32","HM_H0002_24_Yellow.xlsx","furniture_rooms","家具と部屋","HM","H0002",11,"H0002","f",1,756,24
"33","HM_H0002_24_Yellow.xlsx","household","小さな家庭用品","HM","H0002",14,"H0002","f",1,756,24
"34","HM_H0002_24_Yellow.xlsx","outside","戸外のもの","HM","H0002",8,"H0002","f",1,756,24
"35","HM_H0002_24_Yellow.xlsx","places","おでかけ","HM","H0002",6,"H0002","f",1,756,24
"36","HM_H0002_24_Yellow.xlsx","people","人々","HM","H0002",15,"H0002","f",1,756,24
"37","HM_H0002_24_Yellow.xlsx","games_routines","日課とあいさつ","HM","H0002",24,"H0002","f",1,756,24
"38","HM_H0002_24_Yellow.xlsx","action_words","動作語","HM","H0002",12,"H0002","f",1,756,24
"39","HM_H0002_24_Yellow.xlsx","time_words","時間についてのことば","HM","H0002",2,"H0002","f",1,756,24
"40","HM_H0002_24_Yellow.xlsx","descriptive_words","ようす・性質","HM","H0002",18,"H0002","f",1,756,24
"41","HM_H0002_24_Yellow.xlsx","pronouns","代名詞","HM","H0002",2,"H0002","f",1,756,24
"42","HM_H0002_24_Yellow.xlsx","question_words","質問のことば","HM","H0002",1,"H0002","f",1,756,24
"43","HM_H0002_24_Yellow.xlsx","locations","位置と場所についてのことば","HM","H0002",4,"H0002","f",1,756,24
"44","HM_H0002_24_Yellow.xlsx","quantifiers","数量をあらわすことば","HM","H0002",10,"H0002","f",1,756,24
"45","HM_H0002_24_Yellow.xlsx","connecting_words","接続語","HM","H0002",0,"H0002","f",1,756,24
"46","HM_H0002_24_Yellow.xlsx","sounds2","幼児語（その２）","HM","H0002",29,"H0002","f",1,756,24
"47","HM_H0002_24_Yellow.xlsx","conversations","会話語","HM","H0002",4,"H0002","f",1,756,24
"48","HM_H0002_24_Yellow.xlsx","others","その他","HM","H0002",5,"H0002","f",1,756,24
"49","HM_H0003_22_Yellow.xlsx","sounds","幼児語","HM","H0003",9,"H0003","f",1,697,22
"50","HM_H0003_22_Yellow.xlsx","animals","動物の名前","HM","H0003",0,"H0003","f",1,697,22
"51","HM_H0003_22_Yellow.xlsx","vehicles","乗り物","HM","H0003",1,"H0003","f",1,697,22
"52","HM_H0003_22_Yellow.xlsx","toys","おもちゃ","HM","H0003",1,"H0003","f",1,697,22
"53","HM_H0003_22_Yellow.xlsx","food_drink","食べ物と飲み物","HM","H0003",12,"H0003","f",1,697,22
"54","HM_H0003_22_Yellow.xlsx","clothing","衣類","HM","H0003",1,"H0003","f",1,697,22
"55","HM_H0003_22_Yellow.xlsx","body_parts","体の部分","HM","H0003",6,"H0003","f",1,697,22
"56","HM_H0003_22_Yellow.xlsx","furniture_rooms","家具と部屋","HM","H0003",2,"H0003","f",1,697,22
"57","HM_H0003_22_Yellow.xlsx","household","小さな家庭用品","HM","H0003",4,"H0003","f",1,697,22
"58","HM_H0003_22_Yellow.xlsx","outside","戸外のもの","HM","H0003",3,"H0003","f",1,697,22
"59","HM_H0003_22_Yellow.xlsx","places","おでかけ","HM","H0003",1,"H0003","f",1,697,22
"60","HM_H0003_22_Yellow.xlsx","people","人々","HM","H0003",6,"H0003","f",1,697,22
"61","HM_H0003_22_Yellow.xlsx","games_routines","日課とあいさつ","HM","H0003",9,"H0003","f",1,697,22
"62","HM_H0003_22_Yellow.xlsx","action_words","動作語","HM","H0003",2,"H0003","f",1,697,22
"63","HM_H0003_22_Yellow.xlsx","time_words","時間についてのことば","HM","H0003",0,"H0003","f",1,697,22
"64","HM_H0003_22_Yellow.xlsx","descriptive_words","ようす・性質","HM","H0003",3,"H0003","f",1,697,22
"65","HM_H0003_22_Yellow.xlsx","pronouns","代名詞","HM","H0003",7,"H0003","f",1,697,22
"66","HM_H0003_22_Yellow.xlsx","question_words","質問のことば","HM","H0003",1,"H0003","f",1,697,22
"67","HM_H0003_22_Yellow.xlsx","locations","位置と場所についてのことば","HM","H0003",1,"H0003","f",1,697,22
"68","HM_H0003_22_Yellow.xlsx","quantifiers","数量をあらわすことば","HM","H0003",1,"H0003","f",1,697,22
"69","HM_H0003_22_Yellow.xlsx","connecting_words","接続語","HM","H0003",0,"H0003","f",1,697,22
"70","HM_H0003_22_Yellow.xlsx","sounds2","幼児語（その２）","HM","H0003",19,"H0003","f",1,697,22
"71","HM_H0003_22_Yellow.xlsx","conversations","会話語","HM","H0003",5,"H0003","f",1,697,22
"72","HM_H0003_22_Yellow.xlsx","others","その他","HM","H0003",5,"H0003","f",1,697,22
"73","HM_H0004_20_Yellow.xlsx","sounds","幼児語","HM","H0004",6,"H0004","m",1,636,20
"74","HM_H0004_20_Yellow.xlsx","animals","動物の名前","HM","H0004",1,"H0004","m",1,636,20
"75","HM_H0004_20_Yellow.xlsx","vehicles","乗り物","HM","H0004",1,"H0004","m",1,636,20
"76","HM_H0004_20_Yellow.xlsx","toys","おもちゃ","HM","H0004",0,"H0004","m",1,636,20
"77","HM_H0004_20_Yellow.xlsx","food_drink","食べ物と飲み物","HM","H0004",3,"H0004","m",1,636,20
"78","HM_H0004_20_Yellow.xlsx","clothing","衣類","HM","H0004",2,"H0004","m",1,636,20
"79","HM_H0004_20_Yellow.xlsx","body_parts","体の部分","HM","H0004",3,"H0004","m",1,636,20
"80","HM_H0004_20_Yellow.xlsx","furniture_rooms","家具と部屋","HM","H0004",0,"H0004","m",1,636,20
"81","HM_H0004_20_Yellow.xlsx","household","小さな家庭用品","HM","H0004",0,"H0004","m",1,636,20
"82","HM_H0004_20_Yellow.xlsx","outside","戸外のもの","HM","H0004",0,"H0004","m",1,636,20
"83","HM_H0004_20_Yellow.xlsx","places","おでかけ","HM","H0004",0,"H0004","m",1,636,20
"84","HM_H0004_20_Yellow.xlsx","people","人々","HM","H0004",4,"H0004","m",1,636,20
"85","HM_H0004_20_Yellow.xlsx","games_routines","日課とあいさつ","HM","H0004",6,"H0004","m",1,636,20
"86","HM_H0004_20_Yellow.xlsx","action_words","動作語","HM","H0004",2,"H0004","m",1,636,20
"87","HM_H0004_20_Yellow.xlsx","time_words","時間についてのことば","HM","H0004",0,"H0004","m",1,636,20
"88","HM_H0004_20_Yellow.xlsx","descriptive_words","ようす・性質","HM","H0004",5,"H0004","m",1,636,20
"89","HM_H0004_20_Yellow.xlsx","pronouns","代名詞","HM","H0004",2,"H0004","m",1,636,20
"90","HM_H0004_20_Yellow.xlsx","question_words","質問のことば","HM","H0004",0,"H0004","m",1,636,20
"91","HM_H0004_20_Yellow.xlsx","locations","位置と場所についてのことば","HM","H0004",0,"H0004","m",1,636,20
"92","HM_H0004_20_Yellow.xlsx","quantifiers","数量をあらわすことば","HM","H0004",0,"H0004","m",1,636,20
"93","HM_H0004_20_Yellow.xlsx","connecting_words","接続語","HM","H0004",0,"H0004","m",1,636,20
"94","HM_H0004_20_Yellow.xlsx","sounds2","幼児語（その２）","HM","H0004",14,"H0004","m",1,636,20
"95","HM_H0004_20_Yellow.xlsx","conversations","会話語","HM","H0004",3,"H0004","m",1,636,20
"96","HM_H0004_20_Yellow.xlsx","others","その他","HM","H0004",1,"H0004","m",1,636,20
"97","HM_H0005_34_Yellow.xlsx","sounds","幼児語","HM","H0005",12,"H0005","m",1,1039,34
"98","HM_H0005_34_Yellow.xlsx","animals","動物の名前","HM","H0005",19,"H0005","m",1,1039,34
"99","HM_H0005_34_Yellow.xlsx","vehicles","乗り物","HM","H0005",9,"H0005","m",1,1039,34
"100","HM_H0005_34_Yellow.xlsx","toys","おもちゃ","HM","H0005",7,"H0005","m",1,1039,34
"101","HM_H0005_34_Yellow.xlsx","food_drink","食べ物と飲み物","HM","H0005",35,"H0005","m",1,1039,34
"102","HM_H0005_34_Yellow.xlsx","clothing","衣類","HM","H0005",7,"H0005","m",1,1039,34
"103","HM_H0005_34_Yellow.xlsx","body_parts","体の部分","HM","H0005",13,"H0005","m",1,1039,34
"104","HM_H0005_34_Yellow.xlsx","furniture_rooms","家具と部屋","HM","H0005",9,"H0005","m",1,1039,34
"105","HM_H0005_34_Yellow.xlsx","household","小さな家庭用品","HM","H0005",14,"H0005","m",1,1039,34
"106","HM_H0005_34_Yellow.xlsx","outside","戸外のもの","HM","H0005",8,"H0005","m",1,1039,34
"107","HM_H0005_34_Yellow.xlsx","places","おでかけ","HM","H0005",6,"H0005","m",1,1039,34
"108","HM_H0005_34_Yellow.xlsx","people","人々","HM","H0005",12,"H0005","m",1,1039,34
"109","HM_H0005_34_Yellow.xlsx","games_routines","日課とあいさつ","HM","H0005",24,"H0005","m",1,1039,34
"110","HM_H0005_34_Yellow.xlsx","action_words","動作語","HM","H0005",43,"H0005","m",1,1039,34
"111","HM_H0005_34_Yellow.xlsx","time_words","時間についてのことば","HM","H0005",2,"H0005","m",1,1039,34
"112","HM_H0005_34_Yellow.xlsx","descriptive_words","ようす・性質","HM","H0005",22,"H0005","m",1,1039,34
"113","HM_H0005_34_Yellow.xlsx","pronouns","代名詞","HM","H0005",6,"H0005","m",1,1039,34
"114","HM_H0005_34_Yellow.xlsx","question_words","質問のことば","HM","H0005",2,"H0005","m",1,1039,34
"115","HM_H0005_34_Yellow.xlsx","locations","位置と場所についてのことば","HM","H0005",3,"H0005","m",1,1039,34
"116","HM_H0005_34_Yellow.xlsx","quantifiers","数量をあらわすことば","HM","H0005",8,"H0005","m",1,1039,34
"117","HM_H0005_34_Yellow.xlsx","connecting_words","接続語","HM","H0005",0,"H0005","m",1,1039,34
"118","HM_H0005_34_Yellow.xlsx","sounds2","幼児語（その２）","HM","H0005",11,"H0005","m",1,1039,34
"119","HM_H0005_34_Yellow.xlsx","conversations","会話語","HM","H0005",2,"H0005","m",1,1039,34
"120","HM_H0005_34_Yellow.xlsx","others","その他","HM","H0005",4,"H0005","m",1,1039,34
"121","HM_H0006_34_Yellow.xlsx","sounds","幼児語","HM","H0006",1,"H0006","m",1,1034,34
"122","HM_H0006_34_Yellow.xlsx","animals","動物の名前","HM","H0006",38,"H0006","m",1,1034,34
"123","HM_H0006_34_Yellow.xlsx","vehicles","乗り物","HM","H0006",6,"H0006","m",1,1034,34
"124","HM_H0006_34_Yellow.xlsx","toys","おもちゃ","HM","H0006",10,"H0006","m",1,1034,34
"125","HM_H0006_34_Yellow.xlsx","food_drink","食べ物と飲み物","HM","H0006",55,"H0006","m",1,1034,34
"126","HM_H0006_34_Yellow.xlsx","clothing","衣類","HM","H0006",10,"H0006","m",1,1034,34
"127","HM_H0006_34_Yellow.xlsx","body_parts","体の部分","HM","H0006",25,"H0006","m",1,1034,34
"128","HM_H0006_34_Yellow.xlsx","furniture_rooms","家具と部屋","HM","H0006",14,"H0006","m",1,1034,34
"129","HM_H0006_34_Yellow.xlsx","household","小さな家庭用品","HM","H0006",26,"H0006","m",1,1034,34
"130","HM_H0006_34_Yellow.xlsx","outside","戸外のもの","HM","H0006",18,"H0006","m",1,1034,34
"131","HM_H0006_34_Yellow.xlsx","places","おでかけ","HM","H0006",5,"H0006","m",1,1034,34
"132","HM_H0006_34_Yellow.xlsx","people","人々","HM","H0006",14,"H0006","m",1,1034,34
"133","HM_H0006_34_Yellow.xlsx","games_routines","日課とあいさつ","HM","H0006",25,"H0006","m",1,1034,34
"134","HM_H0006_34_Yellow.xlsx","action_words","動作語","HM","H0006",90,"H0006","m",1,1034,34
"135","HM_H0006_34_Yellow.xlsx","time_words","時間についてのことば","HM","H0006",1,"H0006","m",1,1034,34
"136","HM_H0006_34_Yellow.xlsx","descriptive_words","ようす・性質","HM","H0006",56,"H0006","m",1,1034,34
"137","HM_H0006_34_Yellow.xlsx","pronouns","代名詞","HM","H0006",18,"H0006","m",1,1034,34
"138","HM_H0006_34_Yellow.xlsx","question_words","質問のことば","HM","H0006",9,"H0006","m",1,1034,34
"139","HM_H0006_34_Yellow.xlsx","locations","位置と場所についてのことば","HM","H0006",6,"H0006","m",1,1034,34
"140","HM_H0006_34_Yellow.xlsx","quantifiers","数量をあらわすことば","HM","H0006",14,"H0006","m",1,1034,34
"141","HM_H0006_34_Yellow.xlsx","connecting_words","接続語","HM","H0006",2,"H0006","m",1,1034,34
"142","HM_H0006_34_Yellow.xlsx","sounds2","幼児語（その２）","HM","H0006",2,"H0006","m",1,1034,34
"143","HM_H0006_34_Yellow.xlsx","conversations","会話語","HM","H0006",12,"H0006","m",1,1034,34
"144","HM_H0006_34_Yellow.xlsx","others","その他","HM","H0006",7,"H0006","m",1,1034,34
"145","HM_H0007_20_Yellow.xlsx","sounds","幼児語","HM","H0007",7,"H0007","m",1,623,20
"146","HM_H0007_20_Yellow.xlsx","animals","動物の名前","HM","H0007",0,"H0007","m",1,623,20
"147","HM_H0007_20_Yellow.xlsx","vehicles","乗り物","HM","H0007",8,"H0007","m",1,623,20
"148","HM_H0007_20_Yellow.xlsx","toys","おもちゃ","HM","H0007",1,"H0007","m",1,623,20
"149","HM_H0007_20_Yellow.xlsx","food_drink","食べ物と飲み物","HM","H0007",4,"H0007","m",1,623,20
"150","HM_H0007_20_Yellow.xlsx","clothing","衣類","HM","H0007",2,"H0007","m",1,623,20
"151","HM_H0007_20_Yellow.xlsx","body_parts","体の部分","HM","H0007",0,"H0007","m",1,623,20
"152","HM_H0007_20_Yellow.xlsx","furniture_rooms","家具と部屋","HM","H0007",0,"H0007","m",1,623,20
"153","HM_H0007_20_Yellow.xlsx","household","小さな家庭用品","HM","H0007",1,"H0007","m",1,623,20
"154","HM_H0007_20_Yellow.xlsx","outside","戸外のもの","HM","H0007",0,"H0007","m",1,623,20
"155","HM_H0007_20_Yellow.xlsx","places","おでかけ","HM","H0007",0,"H0007","m",1,623,20
"156","HM_H0007_20_Yellow.xlsx","people","人々","HM","H0007",3,"H0007","m",1,623,20
"157","HM_H0007_20_Yellow.xlsx","games_routines","日課とあいさつ","HM","H0007",6,"H0007","m",1,623,20
"158","HM_H0007_20_Yellow.xlsx","action_words","動作語","HM","H0007",3,"H0007","m",1,623,20
"159","HM_H0007_20_Yellow.xlsx","time_words","時間についてのことば","HM","H0007",0,"H0007","m",1,623,20
"160","HM_H0007_20_Yellow.xlsx","descriptive_words","ようす・性質","HM","H0007",5,"H0007","m",1,623,20
"161","HM_H0007_20_Yellow.xlsx","pronouns","代名詞","HM","H0007",1,"H0007","m",1,623,20
"162","HM_H0007_20_Yellow.xlsx","question_words","質問のことば","HM","H0007",0,"H0007","m",1,623,20
"163","HM_H0007_20_Yellow.xlsx","locations","位置と場所についてのことば","HM","H0007",0,"H0007","m",1,623,20
"164","HM_H0007_20_Yellow.xlsx","quantifiers","数量をあらわすことば","HM","H0007",1,"H0007","m",1,623,20
"165","HM_H0007_20_Yellow.xlsx","connecting_words","接続語","HM","H0007",0,"H0007","m",1,623,20
"166","HM_H0007_20_Yellow.xlsx","sounds2","幼児語（その２）","HM","H0007",9,"H0007","m",1,623,20
"167","HM_H0007_20_Yellow.xlsx","conversations","会話語","HM","H0007",3,"H0007","m",1,623,20
"168","HM_H0007_20_Yellow.xlsx","others","その他","HM","H0007",2,"H0007","m",1,623,20
"169","HM_H0008_32_Yellow.xlsx","sounds","幼児語","HM","H0008",12,"H0008","m",1,982,32
"170","HM_H0008_32_Yellow.xlsx","animals","動物の名前","HM","H0008",13,"H0008","m",1,982,32
"171","HM_H0008_32_Yellow.xlsx","vehicles","乗り物","HM","H0008",11,"H0008","m",1,982,32
"172","HM_H0008_32_Yellow.xlsx","toys","おもちゃ","HM","H0008",7,"H0008","m",1,982,32
"173","HM_H0008_32_Yellow.xlsx","food_drink","食べ物と飲み物","HM","H0008",38,"H0008","m",1,982,32
"174","HM_H0008_32_Yellow.xlsx","clothing","衣類","HM","H0008",9,"H0008","m",1,982,32
"175","HM_H0008_32_Yellow.xlsx","body_parts","体の部分","HM","H0008",19,"H0008","m",1,982,32
"176","HM_H0008_32_Yellow.xlsx","furniture_rooms","家具と部屋","HM","H0008",12,"H0008","m",1,982,32
"177","HM_H0008_32_Yellow.xlsx","household","小さな家庭用品","HM","H0008",29,"H0008","m",1,982,32
"178","HM_H0008_32_Yellow.xlsx","outside","戸外のもの","HM","H0008",19,"H0008","m",1,982,32
"179","HM_H0008_32_Yellow.xlsx","places","おでかけ","HM","H0008",10,"H0008","m",1,982,32
"180","HM_H0008_32_Yellow.xlsx","people","人々","HM","H0008",16,"H0008","m",1,982,32
"181","HM_H0008_32_Yellow.xlsx","games_routines","日課とあいさつ","HM","H0008",19,"H0008","m",1,982,32
"182","HM_H0008_32_Yellow.xlsx","action_words","動作語","HM","H0008",27,"H0008","m",1,982,32
"183","HM_H0008_32_Yellow.xlsx","time_words","時間についてのことば","HM","H0008",6,"H0008","m",1,982,32
"184","HM_H0008_32_Yellow.xlsx","descriptive_words","ようす・性質","HM","H0008",23,"H0008","m",1,982,32
"185","HM_H0008_32_Yellow.xlsx","pronouns","代名詞","HM","H0008",7,"H0008","m",1,982,32
"186","HM_H0008_32_Yellow.xlsx","question_words","質問のことば","HM","H0008",4,"H0008","m",1,982,32
"187","HM_H0008_32_Yellow.xlsx","locations","位置と場所についてのことば","HM","H0008",5,"H0008","m",1,982,32
"188","HM_H0008_32_Yellow.xlsx","quantifiers","数量をあらわすことば","HM","H0008",8,"H0008","m",1,982,32
"189","HM_H0008_32_Yellow.xlsx","connecting_words","接続語","HM","H0008",0,"H0008","m",1,982,32
"190","HM_H0008_32_Yellow.xlsx","sounds2","幼児語（その２）","HM","H0008",26,"H0008","m",1,982,32
"191","HM_H0008_32_Yellow.xlsx","conversations","会話語","HM","H0008",8,"H0008","m",1,982,32
"192","HM_H0008_32_Yellow.xlsx","others","その他","HM","H0008",6,"H0008","m",1,982,32
"193","HM_H0009_30_Yellow.xlsx","sounds","幼児語","HM","H0009",11,"H0009","f",1,924,30
"194","HM_H0009_30_Yellow.xlsx","animals","動物の名前","HM","H0009",23,"H0009","f",1,924,30
"195","HM_H0009_30_Yellow.xlsx","vehicles","乗り物","HM","H0009",6,"H0009","f",1,924,30
"196","HM_H0009_30_Yellow.xlsx","toys","おもちゃ","HM","H0009",11,"H0009","f",1,924,30
"197","HM_H0009_30_Yellow.xlsx","food_drink","食べ物と飲み物","HM","H0009",34,"H0009","f",1,924,30
"198","HM_H0009_30_Yellow.xlsx","clothing","衣類","HM","H0009",8,"H0009","f",1,924,30
"199","HM_H0009_30_Yellow.xlsx","body_parts","体の部分","HM","H0009",18,"H0009","f",1,924,30
"200","HM_H0009_30_Yellow.xlsx","furniture_rooms","家具と部屋","HM","H0009",9,"H0009","f",1,924,30
"201","HM_H0009_30_Yellow.xlsx","household","小さな家庭用品","HM","H0009",18,"H0009","f",1,924,30
"202","HM_H0009_30_Yellow.xlsx","outside","戸外のもの","HM","H0009",12,"H0009","f",1,924,30
"203","HM_H0009_30_Yellow.xlsx","places","おでかけ","HM","H0009",6,"H0009","f",1,924,30
"204","HM_H0009_30_Yellow.xlsx","people","人々","HM","H0009",12,"H0009","f",1,924,30
"205","HM_H0009_30_Yellow.xlsx","games_routines","日課とあいさつ","HM","H0009",24,"H0009","f",1,924,30
"206","HM_H0009_30_Yellow.xlsx","action_words","動作語","HM","H0009",60,"H0009","f",1,924,30
"207","HM_H0009_30_Yellow.xlsx","time_words","時間についてのことば","HM","H0009",3,"H0009","f",1,924,30
"208","HM_H0009_30_Yellow.xlsx","descriptive_words","ようす・性質","HM","H0009",27,"H0009","f",1,924,30
"209","HM_H0009_30_Yellow.xlsx","pronouns","代名詞","HM","H0009",4,"H0009","f",1,924,30
"210","HM_H0009_30_Yellow.xlsx","question_words","質問のことば","HM","H0009",0,"H0009","f",1,924,30
"211","HM_H0009_30_Yellow.xlsx","locations","位置と場所についてのことば","HM","H0009",2,"H0009","f",1,924,30
"212","HM_H0009_30_Yellow.xlsx","quantifiers","数量をあらわすことば","HM","H0009",8,"H0009","f",1,924,30
"213","HM_H0009_30_Yellow.xlsx","connecting_words","接続語","HM","H0009",0,"H0009","f",1,924,30
"214","HM_H0009_30_Yellow.xlsx","sounds2","幼児語（その２）","HM","H0009",15,"H0009","f",1,924,30
"215","HM_H0009_30_Yellow.xlsx","conversations","会話語","HM","H0009",9,"H0009","f",1,924,30
"216","HM_H0009_30_Yellow.xlsx","others","その他","HM","H0009",7,"H0009","f",1,924,30
"217","HM_H0010_31_Yellow.xlsx","sounds","幼児語","HM","H0010",3,"H0010","m",1,964,31
"218","HM_H0010_31_Yellow.xlsx","animals","動物の名前","HM","H0010",0,"H0010","m",1,964,31
"219","HM_H0010_31_Yellow.xlsx","vehicles","乗り物","HM","H0010",0,"H0010","m",1,964,31
"220","HM_H0010_31_Yellow.xlsx","toys","おもちゃ","HM","H0010",0,"H0010","m",1,964,31
"221","HM_H0010_31_Yellow.xlsx","food_drink","食べ物と飲み物","HM","H0010",0,"H0010","m",1,964,31
"222","HM_H0010_31_Yellow.xlsx","clothing","衣類","HM","H0010",0,"H0010","m",1,964,31
"223","HM_H0010_31_Yellow.xlsx","body_parts","体の部分","HM","H0010",0,"H0010","m",1,964,31
"224","HM_H0010_31_Yellow.xlsx","furniture_rooms","家具と部屋","HM","H0010",0,"H0010","m",1,964,31
"225","HM_H0010_31_Yellow.xlsx","household","小さな家庭用品","HM","H0010",0,"H0010","m",1,964,31
"226","HM_H0010_31_Yellow.xlsx","outside","戸外のもの","HM","H0010",0,"H0010","m",1,964,31
"227","HM_H0010_31_Yellow.xlsx","places","おでかけ","HM","H0010",0,"H0010","m",1,964,31
"228","HM_H0010_31_Yellow.xlsx","people","人々","HM","H0010",1,"H0010","m",1,964,31
"229","HM_H0010_31_Yellow.xlsx","games_routines","日課とあいさつ","HM","H0010",1,"H0010","m",1,964,31
"230","HM_H0010_31_Yellow.xlsx","action_words","動作語","HM","H0010",1,"H0010","m",1,964,31
"231","HM_H0010_31_Yellow.xlsx","time_words","時間についてのことば","HM","H0010",0,"H0010","m",1,964,31
"232","HM_H0010_31_Yellow.xlsx","descriptive_words","ようす・性質","HM","H0010",0,"H0010","m",1,964,31
"233","HM_H0010_31_Yellow.xlsx","pronouns","代名詞","HM","H0010",0,"H0010","m",1,964,31
"234","HM_H0010_31_Yellow.xlsx","question_words","質問のことば","HM","H0010",0,"H0010","m",1,964,31
"235","HM_H0010_31_Yellow.xlsx","locations","位置と場所についてのことば","HM","H0010",0,"H0010","m",1,964,31
"236","HM_H0010_31_Yellow.xlsx","quantifiers","数量をあらわすことば","HM","H0010",0,"H0010","m",1,964,31
"237","HM_H0010_31_Yellow.xlsx","connecting_words","接続語","HM","H0010",0,"H0010","m",1,964,31
"238","HM_H0010_31_Yellow.xlsx","sounds2","幼児語（その２）","HM","H0010",1,"H0010","m",1,964,31
"239","HM_H0010_31_Yellow.xlsx","conversations","会話語","HM","H0010",1,"H0010","m",1,964,31
"240","HM_H0010_31_Yellow.xlsx","others","その他","HM","H0010",1,"H0010","m",1,964,31
"241","HM_H0011_29_Yellow.xlsx","sounds","幼児語","HM","H0011",3,"H0011","m",1,881,29
"242","HM_H0011_29_Yellow.xlsx","animals","動物の名前","HM","H0011",22,"H0011","m",1,881,29
"243","HM_H0011_29_Yellow.xlsx","vehicles","乗り物","HM","H0011",11,"H0011","m",1,881,29
"244","HM_H0011_29_Yellow.xlsx","toys","おもちゃ","HM","H0011",7,"H0011","m",1,881,29
"245","HM_H0011_29_Yellow.xlsx","food_drink","食べ物と飲み物","HM","H0011",34,"H0011","m",1,881,29
"246","HM_H0011_29_Yellow.xlsx","clothing","衣類","HM","H0011",12,"H0011","m",1,881,29
"247","HM_H0011_29_Yellow.xlsx","body_parts","体の部分","HM","H0011",17,"H0011","m",1,881,29
"248","HM_H0011_29_Yellow.xlsx","furniture_rooms","家具と部屋","HM","H0011",12,"H0011","m",1,881,29
"249","HM_H0011_29_Yellow.xlsx","household","小さな家庭用品","HM","H0011",26,"H0011","m",1,881,29
"250","HM_H0011_29_Yellow.xlsx","outside","戸外のもの","HM","H0011",10,"H0011","m",1,881,29
"251","HM_H0011_29_Yellow.xlsx","places","おでかけ","HM","H0011",7,"H0011","m",1,881,29
"252","HM_H0011_29_Yellow.xlsx","people","人々","HM","H0011",11,"H0011","m",1,881,29
"253","HM_H0011_29_Yellow.xlsx","games_routines","日課とあいさつ","HM","H0011",22,"H0011","m",1,881,29
"254","HM_H0011_29_Yellow.xlsx","action_words","動作語","HM","H0011",53,"H0011","m",1,881,29
"255","HM_H0011_29_Yellow.xlsx","time_words","時間についてのことば","HM","H0011",7,"H0011","m",1,881,29
"256","HM_H0011_29_Yellow.xlsx","descriptive_words","ようす・性質","HM","H0011",32,"H0011","m",1,881,29
"257","HM_H0011_29_Yellow.xlsx","pronouns","代名詞","HM","H0011",11,"H0011","m",1,881,29
"258","HM_H0011_29_Yellow.xlsx","question_words","質問のことば","HM","H0011",6,"H0011","m",1,881,29
"259","HM_H0011_29_Yellow.xlsx","locations","位置と場所についてのことば","HM","H0011",9,"H0011","m",1,881,29
"260","HM_H0011_29_Yellow.xlsx","quantifiers","数量をあらわすことば","HM","H0011",10,"H0011","m",1,881,29
"261","HM_H0011_29_Yellow.xlsx","connecting_words","接続語","HM","H0011",0,"H0011","m",1,881,29
"262","HM_H0011_29_Yellow.xlsx","sounds2","幼児語（その２）","HM","H0011",7,"H0011","m",1,881,29
"263","HM_H0011_29_Yellow.xlsx","conversations","会話語","HM","H0011",7,"H0011","m",1,881,29
"264","HM_H0011_29_Yellow.xlsx","others","その他","HM","H0011",7,"H0011","m",1,881,29
"265","HM_H0012_28_Yellow.xlsx","sounds","幼児語","HM","H0012",10,"H0012","m",1,877,28
"266","HM_H0012_28_Yellow.xlsx","animals","動物の名前","HM","H0012",28,"H0012","m",1,877,28
"267","HM_H0012_28_Yellow.xlsx","vehicles","乗り物","HM","H0012",12,"H0012","m",1,877,28
"268","HM_H0012_28_Yellow.xlsx","toys","おもちゃ","HM","H0012",5,"H0012","m",1,877,28
"269","HM_H0012_28_Yellow.xlsx","food_drink","食べ物と飲み物","HM","H0012",36,"H0012","m",1,877,28
"270","HM_H0012_28_Yellow.xlsx","clothing","衣類","HM","H0012",10,"H0012","m",1,877,28
"271","HM_H0012_28_Yellow.xlsx","body_parts","体の部分","HM","H0012",19,"H0012","m",1,877,28
"272","HM_H0012_28_Yellow.xlsx","furniture_rooms","家具と部屋","HM","H0012",5,"H0012","m",1,877,28
"273","HM_H0012_28_Yellow.xlsx","household","小さな家庭用品","HM","H0012",15,"H0012","m",1,877,28
"274","HM_H0012_28_Yellow.xlsx","outside","戸外のもの","HM","H0012",9,"H0012","m",1,877,28
"275","HM_H0012_28_Yellow.xlsx","places","おでかけ","HM","H0012",7,"H0012","m",1,877,28
"276","HM_H0012_28_Yellow.xlsx","people","人々","HM","H0012",11,"H0012","m",1,877,28
"277","HM_H0012_28_Yellow.xlsx","games_routines","日課とあいさつ","HM","H0012",24,"H0012","m",1,877,28
"278","HM_H0012_28_Yellow.xlsx","action_words","動作語","HM","H0012",38,"H0012","m",1,877,28
"279","HM_H0012_28_Yellow.xlsx","time_words","時間についてのことば","HM","H0012",1,"H0012","m",1,877,28
"280","HM_H0012_28_Yellow.xlsx","descriptive_words","ようす・性質","HM","H0012",30,"H0012","m",1,877,28
"281","HM_H0012_28_Yellow.xlsx","pronouns","代名詞","HM","H0012",4,"H0012","m",1,877,28
"282","HM_H0012_28_Yellow.xlsx","question_words","質問のことば","HM","H0012",1,"H0012","m",1,877,28
"283","HM_H0012_28_Yellow.xlsx","locations","位置と場所についてのことば","HM","H0012",2,"H0012","m",1,877,28
"284","HM_H0012_28_Yellow.xlsx","quantifiers","数量をあらわすことば","HM","H0012",14,"H0012","m",1,877,28
"285","HM_H0012_28_Yellow.xlsx","connecting_words","接続語","HM","H0012",0,"H0012","m",1,877,28
"286","HM_H0012_28_Yellow.xlsx","sounds2","幼児語（その２）","HM","H0012",21,"H0012","m",1,877,28
"287","HM_H0012_28_Yellow.xlsx","conversations","会話語","HM","H0012",8,"H0012","m",1,877,28
"288","HM_H0012_28_Yellow.xlsx","others","その他","HM","H0012",6,"H0012","m",1,877,28
"289","HM_H0013_19_Yellow.xlsx","sounds","幼児語","HM","H0013",7,"H0013","m",1,597,19
"290","HM_H0013_19_Yellow.xlsx","animals","動物の名前","HM","H0013",1,"H0013","m",1,597,19
"291","HM_H0013_19_Yellow.xlsx","vehicles","乗り物","HM","H0013",1,"H0013","m",1,597,19
"292","HM_H0013_19_Yellow.xlsx","toys","おもちゃ","HM","H0013",0,"H0013","m",1,597,19
"293","HM_H0013_19_Yellow.xlsx","food_drink","食べ物と飲み物","HM","H0013",2,"H0013","m",1,597,19
"294","HM_H0013_19_Yellow.xlsx","clothing","衣類","HM","H0013",2,"H0013","m",1,597,19
"295","HM_H0013_19_Yellow.xlsx","body_parts","体の部分","HM","H0013",5,"H0013","m",1,597,19
"296","HM_H0013_19_Yellow.xlsx","furniture_rooms","家具と部屋","HM","H0013",0,"H0013","m",1,597,19
"297","HM_H0013_19_Yellow.xlsx","household","小さな家庭用品","HM","H0013",0,"H0013","m",1,597,19
"298","HM_H0013_19_Yellow.xlsx","outside","戸外のもの","HM","H0013",1,"H0013","m",1,597,19
"299","HM_H0013_19_Yellow.xlsx","places","おでかけ","HM","H0013",0,"H0013","m",1,597,19
"300","HM_H0013_19_Yellow.xlsx","people","人々","HM","H0013",8,"H0013","m",1,597,19
"301","HM_H0013_19_Yellow.xlsx","games_routines","日課とあいさつ","HM","H0013",14,"H0013","m",1,597,19
"302","HM_H0013_19_Yellow.xlsx","action_words","動作語","HM","H0013",1,"H0013","m",1,597,19
"303","HM_H0013_19_Yellow.xlsx","time_words","時間についてのことば","HM","H0013",0,"H0013","m",1,597,19
"304","HM_H0013_19_Yellow.xlsx","descriptive_words","ようす・性質","HM","H0013",4,"H0013","m",1,597,19
"305","HM_H0013_19_Yellow.xlsx","pronouns","代名詞","HM","H0013",3,"H0013","m",1,597,19
"306","HM_H0013_19_Yellow.xlsx","question_words","質問のことば","HM","H0013",0,"H0013","m",1,597,19
"307","HM_H0013_19_Yellow.xlsx","locations","位置と場所についてのことば","HM","H0013",0,"H0013","m",1,597,19
"308","HM_H0013_19_Yellow.xlsx","quantifiers","数量をあらわすことば","HM","H0013",0,"H0013","m",1,597,19
"309","HM_H0013_19_Yellow.xlsx","connecting_words","接続語","HM","H0013",0,"H0013","m",1,597,19
"310","HM_H0013_19_Yellow.xlsx","sounds2","幼児語（その２）","HM","H0013",17,"H0013","m",1,597,19
"311","HM_H0013_19_Yellow.xlsx","conversations","会話語","HM","H0013",4,"H0013","m",1,597,19
"312","HM_H0013_19_Yellow.xlsx","others","その他","HM","H0013",4,"H0013","m",1,597,19
"313","HM_H0014_23_Yellow.xlsx","sounds","幼児語","HM","H0014",6,"H0014","f",1,707,23
"314","HM_H0014_23_Yellow.xlsx","animals","動物の名前","HM","H0014",0,"H0014","f",1,707,23
"315","HM_H0014_23_Yellow.xlsx","vehicles","乗り物","HM","H0014",0,"H0014","f",1,707,23
"316","HM_H0014_23_Yellow.xlsx","toys","おもちゃ","HM","H0014",0,"H0014","f",1,707,23
"317","HM_H0014_23_Yellow.xlsx","food_drink","食べ物と飲み物","HM","H0014",0,"H0014","f",1,707,23
"318","HM_H0014_23_Yellow.xlsx","clothing","衣類","HM","H0014",0,"H0014","f",1,707,23
"319","HM_H0014_23_Yellow.xlsx","body_parts","体の部分","HM","H0014",1,"H0014","f",1,707,23
"320","HM_H0014_23_Yellow.xlsx","furniture_rooms","家具と部屋","HM","H0014",0,"H0014","f",1,707,23
"321","HM_H0014_23_Yellow.xlsx","household","小さな家庭用品","HM","H0014",0,"H0014","f",1,707,23
"322","HM_H0014_23_Yellow.xlsx","outside","戸外のもの","HM","H0014",0,"H0014","f",1,707,23
"323","HM_H0014_23_Yellow.xlsx","places","おでかけ","HM","H0014",0,"H0014","f",1,707,23
"324","HM_H0014_23_Yellow.xlsx","people","人々","HM","H0014",5,"H0014","f",1,707,23
"325","HM_H0014_23_Yellow.xlsx","games_routines","日課とあいさつ","HM","H0014",9,"H0014","f",1,707,23
"326","HM_H0014_23_Yellow.xlsx","action_words","動作語","HM","H0014",1,"H0014","f",1,707,23
"327","HM_H0014_23_Yellow.xlsx","time_words","時間についてのことば","HM","H0014",0,"H0014","f",1,707,23
"328","HM_H0014_23_Yellow.xlsx","descriptive_words","ようす・性質","HM","H0014",1,"H0014","f",1,707,23
"329","HM_H0014_23_Yellow.xlsx","pronouns","代名詞","HM","H0014",0,"H0014","f",1,707,23
"330","HM_H0014_23_Yellow.xlsx","question_words","質問のことば","HM","H0014",0,"H0014","f",1,707,23
"331","HM_H0014_23_Yellow.xlsx","locations","位置と場所についてのことば","HM","H0014",0,"H0014","f",1,707,23
"332","HM_H0014_23_Yellow.xlsx","quantifiers","数量をあらわすことば","HM","H0014",0,"H0014","f",1,707,23
"333","HM_H0014_23_Yellow.xlsx","connecting_words","接続語","HM","H0014",0,"H0014","f",1,707,23
"334","HM_H0014_23_Yellow.xlsx","sounds2","幼児語（その２）","HM","H0014",3,"H0014","f",1,707,23
"335","HM_H0014_23_Yellow.xlsx","conversations","会話語","HM","H0014",0,"H0014","f",1,707,23
"336","HM_H0014_23_Yellow.xlsx","others","その他","HM","H0014",0,"H0014","f",1,707,23
"337","HM_H0015_27_Yellow.xlsx","sounds","幼児語","HM","H0015",0,"H0015","f",1,835,27
"338","HM_H0015_27_Yellow.xlsx","animals","動物の名前","HM","H0015",0,"H0015","f",1,835,27
"339","HM_H0015_27_Yellow.xlsx","vehicles","乗り物","HM","H0015",0,"H0015","f",1,835,27
"340","HM_H0015_27_Yellow.xlsx","toys","おもちゃ","HM","H0015",6,"H0015","f",1,835,27
"341","HM_H0015_27_Yellow.xlsx","food_drink","食べ物と飲み物","HM","H0015",21,"H0015","f",1,835,27
"342","HM_H0015_27_Yellow.xlsx","clothing","衣類","HM","H0015",5,"H0015","f",1,835,27
"343","HM_H0015_27_Yellow.xlsx","body_parts","体の部分","HM","H0015",14,"H0015","f",1,835,27
"344","HM_H0015_27_Yellow.xlsx","furniture_rooms","家具と部屋","HM","H0015",1,"H0015","f",1,835,27
"345","HM_H0015_27_Yellow.xlsx","household","小さな家庭用品","HM","H0015",9,"H0015","f",1,835,27
"346","HM_H0015_27_Yellow.xlsx","outside","戸外のもの","HM","H0015",3,"H0015","f",1,835,27
"347","HM_H0015_27_Yellow.xlsx","places","おでかけ","HM","H0015",1,"H0015","f",1,835,27
"348","HM_H0015_27_Yellow.xlsx","people","人々","HM","H0015",9,"H0015","f",1,835,27
"349","HM_H0015_27_Yellow.xlsx","games_routines","日課とあいさつ","HM","H0015",16,"H0015","f",1,835,27
"350","HM_H0015_27_Yellow.xlsx","action_words","動作語","HM","H0015",4,"H0015","f",1,835,27
"351","HM_H0015_27_Yellow.xlsx","time_words","時間についてのことば","HM","H0015",2,"H0015","f",1,835,27
"352","HM_H0015_27_Yellow.xlsx","descriptive_words","ようす・性質","HM","H0015",6,"H0015","f",1,835,27
"353","HM_H0015_27_Yellow.xlsx","pronouns","代名詞","HM","H0015",2,"H0015","f",1,835,27
"354","HM_H0015_27_Yellow.xlsx","question_words","質問のことば","HM","H0015",1,"H0015","f",1,835,27
"355","HM_H0015_27_Yellow.xlsx","locations","位置と場所についてのことば","HM","H0015",1,"H0015","f",1,835,27
"356","HM_H0015_27_Yellow.xlsx","quantifiers","数量をあらわすことば","HM","H0015",2,"H0015","f",1,835,27
"357","HM_H0015_27_Yellow.xlsx","connecting_words","接続語","HM","H0015",0,"H0015","f",1,835,27
"358","HM_H0015_27_Yellow.xlsx","sounds2","幼児語（その２）","HM","H0015",7,"H0015","f",1,835,27
"359","HM_H0015_27_Yellow.xlsx","conversations","会話語","HM","H0015",3,"H0015","f",1,835,27
"360","HM_H0015_27_Yellow.xlsx","others","その他","HM","H0015",3,"H0015","f",1,835,27
"361","HM_H0016_28_Yellow.xlsx","sounds","幼児語","HM","H0016",6,"H0016","m",1,861,28
"362","HM_H0016_28_Yellow.xlsx","animals","動物の名前","HM","H0016",9,"H0016","m",1,861,28
"363","HM_H0016_28_Yellow.xlsx","vehicles","乗り物","HM","H0016",9,"H0016","m",1,861,28
"364","HM_H0016_28_Yellow.xlsx","toys","おもちゃ","HM","H0016",6,"H0016","m",1,861,28
"365","HM_H0016_28_Yellow.xlsx","food_drink","食べ物と飲み物","HM","H0016",47,"H0016","m",1,861,28
"366","HM_H0016_28_Yellow.xlsx","clothing","衣類","HM","H0016",11,"H0016","m",1,861,28
"367","HM_H0016_28_Yellow.xlsx","body_parts","体の部分","HM","H0016",20,"H0016","m",1,861,28
"368","HM_H0016_28_Yellow.xlsx","furniture_rooms","家具と部屋","HM","H0016",7,"H0016","m",1,861,28
"369","HM_H0016_28_Yellow.xlsx","household","小さな家庭用品","HM","H0016",24,"H0016","m",1,861,28
"370","HM_H0016_28_Yellow.xlsx","outside","戸外のもの","HM","H0016",11,"H0016","m",1,861,28
"371","HM_H0016_28_Yellow.xlsx","places","おでかけ","HM","H0016",8,"H0016","m",1,861,28
"372","HM_H0016_28_Yellow.xlsx","people","人々","HM","H0016",13,"H0016","m",1,861,28
"373","HM_H0016_28_Yellow.xlsx","games_routines","日課とあいさつ","HM","H0016",21,"H0016","m",1,861,28
"374","HM_H0016_28_Yellow.xlsx","action_words","動作語","HM","H0016",43,"H0016","m",1,861,28
"375","HM_H0016_28_Yellow.xlsx","time_words","時間についてのことば","HM","H0016",5,"H0016","m",1,861,28
"376","HM_H0016_28_Yellow.xlsx","descriptive_words","ようす・性質","HM","H0016",23,"H0016","m",1,861,28
"377","HM_H0016_28_Yellow.xlsx","pronouns","代名詞","HM","H0016",5,"H0016","m",1,861,28
"378","HM_H0016_28_Yellow.xlsx","question_words","質問のことば","HM","H0016",5,"H0016","m",1,861,28
"379","HM_H0016_28_Yellow.xlsx","locations","位置と場所についてのことば","HM","H0016",3,"H0016","m",1,861,28
"380","HM_H0016_28_Yellow.xlsx","quantifiers","数量をあらわすことば","HM","H0016",11,"H0016","m",1,861,28
"381","HM_H0016_28_Yellow.xlsx","connecting_words","接続語","HM","H0016",1,"H0016","m",1,861,28
"382","HM_H0016_28_Yellow.xlsx","sounds2","幼児語（その２）","HM","H0016",12,"H0016","m",1,861,28
"383","HM_H0016_28_Yellow.xlsx","conversations","会話語","HM","H0016",4,"H0016","m",1,861,28
"384","HM_H0016_28_Yellow.xlsx","others","その他","HM","H0016",4,"H0016","m",1,861,28
"385","HM_H0017_26_Yellow.xlsx","sounds","幼児語","HM","H0017",8,"H0017","f",1,804,26
"386","HM_H0017_26_Yellow.xlsx","animals","動物の名前","HM","H0017",17,"H0017","f",1,804,26
"387","HM_H0017_26_Yellow.xlsx","vehicles","乗り物","HM","H0017",5,"H0017","f",1,804,26
"388","HM_H0017_26_Yellow.xlsx","toys","おもちゃ","HM","H0017",7,"H0017","f",1,804,26
"389","HM_H0017_26_Yellow.xlsx","food_drink","食べ物と飲み物","HM","H0017",21,"H0017","f",1,804,26
"390","HM_H0017_26_Yellow.xlsx","clothing","衣類","HM","H0017",6,"H0017","f",1,804,26
"391","HM_H0017_26_Yellow.xlsx","body_parts","体の部分","HM","H0017",9,"H0017","f",1,804,26
"392","HM_H0017_26_Yellow.xlsx","furniture_rooms","家具と部屋","HM","H0017",3,"H0017","f",1,804,26
"393","HM_H0017_26_Yellow.xlsx","household","小さな家庭用品","HM","H0017",5,"H0017","f",1,804,26
"394","HM_H0017_26_Yellow.xlsx","outside","戸外のもの","HM","H0017",9,"H0017","f",1,804,26
"395","HM_H0017_26_Yellow.xlsx","places","おでかけ","HM","H0017",6,"H0017","f",1,804,26
"396","HM_H0017_26_Yellow.xlsx","people","人々","HM","H0017",10,"H0017","f",1,804,26
"397","HM_H0017_26_Yellow.xlsx","games_routines","日課とあいさつ","HM","H0017",17,"H0017","f",1,804,26
"398","HM_H0017_26_Yellow.xlsx","action_words","動作語","HM","H0017",33,"H0017","f",1,804,26
"399","HM_H0017_26_Yellow.xlsx","time_words","時間についてのことば","HM","H0017",0,"H0017","f",1,804,26
"400","HM_H0017_26_Yellow.xlsx","descriptive_words","ようす・性質","HM","H0017",25,"H0017","f",1,804,26
"401","HM_H0017_26_Yellow.xlsx","pronouns","代名詞","HM","H0017",7,"H0017","f",1,804,26
"402","HM_H0017_26_Yellow.xlsx","question_words","質問のことば","HM","H0017",0,"H0017","f",1,804,26
"403","HM_H0017_26_Yellow.xlsx","locations","位置と場所についてのことば","HM","H0017",6,"H0017","f",1,804,26
"404","HM_H0017_26_Yellow.xlsx","quantifiers","数量をあらわすことば","HM","H0017",6,"H0017","f",1,804,26
"405","HM_H0017_26_Yellow.xlsx","connecting_words","接続語","HM","H0017",0,"H0017","f",1,804,26
"406","HM_H0017_26_Yellow.xlsx","sounds2","幼児語（その２）","HM","H0017",16,"H0017","f",1,804,26
"407","HM_H0017_26_Yellow.xlsx","conversations","会話語","HM","H0017",8,"H0017","f",1,804,26
"408","HM_H0017_26_Yellow.xlsx","others","その他","HM","H0017",5,"H0017","f",1,804,26
"409","HM_H0018_21_Yellow.xlsx","sounds","幼児語","HM","H0018",6,"H0018","m",1,646,21
"410","HM_H0018_21_Yellow.xlsx","animals","動物の名前","HM","H0018",9,"H0018","m",1,646,21
"411","HM_H0018_21_Yellow.xlsx","vehicles","乗り物","HM","H0018",8,"H0018","m",1,646,21
"412","HM_H0018_21_Yellow.xlsx","toys","おもちゃ","HM","H0018",6,"H0018","m",1,646,21
"413","HM_H0018_21_Yellow.xlsx","food_drink","食べ物と飲み物","HM","H0018",22,"H0018","m",1,646,21
"414","HM_H0018_21_Yellow.xlsx","clothing","衣類","HM","H0018",5,"H0018","m",1,646,21
"415","HM_H0018_21_Yellow.xlsx","body_parts","体の部分","HM","H0018",13,"H0018","m",1,646,21
"416","HM_H0018_21_Yellow.xlsx","furniture_rooms","家具と部屋","HM","H0018",4,"H0018","m",1,646,21
"417","HM_H0018_21_Yellow.xlsx","household","小さな家庭用品","HM","H0018",7,"H0018","m",1,646,21
"418","HM_H0018_21_Yellow.xlsx","outside","戸外のもの","HM","H0018",7,"H0018","m",1,646,21
"419","HM_H0018_21_Yellow.xlsx","places","おでかけ","HM","H0018",2,"H0018","m",1,646,21
"420","HM_H0018_21_Yellow.xlsx","people","人々","HM","H0018",12,"H0018","m",1,646,21
"421","HM_H0018_21_Yellow.xlsx","games_routines","日課とあいさつ","HM","H0018",21,"H0018","m",1,646,21
"422","HM_H0018_21_Yellow.xlsx","action_words","動作語","HM","H0018",27,"H0018","m",1,646,21
"423","HM_H0018_21_Yellow.xlsx","time_words","時間についてのことば","HM","H0018",2,"H0018","m",1,646,21
"424","HM_H0018_21_Yellow.xlsx","descriptive_words","ようす・性質","HM","H0018",14,"H0018","m",1,646,21
"425","HM_H0018_21_Yellow.xlsx","pronouns","代名詞","HM","H0018",3,"H0018","m",1,646,21
"426","HM_H0018_21_Yellow.xlsx","question_words","質問のことば","HM","H0018",1,"H0018","m",1,646,21
"427","HM_H0018_21_Yellow.xlsx","locations","位置と場所についてのことば","HM","H0018",1,"H0018","m",1,646,21
"428","HM_H0018_21_Yellow.xlsx","quantifiers","数量をあらわすことば","HM","H0018",7,"H0018","m",1,646,21
"429","HM_H0018_21_Yellow.xlsx","connecting_words","接続語","HM","H0018",0,"H0018","m",1,646,21
"430","HM_H0018_21_Yellow.xlsx","sounds2","幼児語（その２）","HM","H0018",21,"H0018","m",1,646,21
"431","HM_H0018_21_Yellow.xlsx","conversations","会話語","HM","H0018",4,"H0018","m",1,646,21
"432","HM_H0018_21_Yellow.xlsx","others","その他","HM","H0018",6,"H0018","m",1,646,21
"433","HM_H0019_24_Yellow.xlsx","sounds","幼児語","HM","H0019",12,"H0019","f",1,760,24
"434","HM_H0019_24_Yellow.xlsx","animals","動物の名前","HM","H0019",41,"H0019","f",1,760,24
"435","HM_H0019_24_Yellow.xlsx","vehicles","乗り物","HM","H0019",13,"H0019","f",1,760,24
"436","HM_H0019_24_Yellow.xlsx","toys","おもちゃ","HM","H0019",16,"H0019","f",1,760,24
"437","HM_H0019_24_Yellow.xlsx","food_drink","食べ物と飲み物","HM","H0019",57,"H0019","f",1,760,24
"438","HM_H0019_24_Yellow.xlsx","clothing","衣類","HM","H0019",11,"H0019","f",1,760,24
"439","HM_H0019_24_Yellow.xlsx","body_parts","体の部分","HM","H0019",27,"H0019","f",1,760,24
"440","HM_H0019_24_Yellow.xlsx","furniture_rooms","家具と部屋","HM","H0019",32,"H0019","f",1,760,24
"441","HM_H0019_24_Yellow.xlsx","household","小さな家庭用品","HM","H0019",50,"H0019","f",1,760,24
"442","HM_H0019_24_Yellow.xlsx","outside","戸外のもの","HM","H0019",29,"H0019","f",1,760,24
"443","HM_H0019_24_Yellow.xlsx","places","おでかけ","HM","H0019",18,"H0019","f",1,760,24
"444","HM_H0019_24_Yellow.xlsx","people","人々","HM","H0019",20,"H0019","f",1,760,24
"445","HM_H0019_24_Yellow.xlsx","games_routines","日課とあいさつ","HM","H0019",23,"H0019","f",1,760,24
"446","HM_H0019_24_Yellow.xlsx","action_words","動作語","HM","H0019",96,"H0019","f",1,760,24
"447","HM_H0019_24_Yellow.xlsx","time_words","時間についてのことば","HM","H0019",12,"H0019","f",1,760,24
"448","HM_H0019_24_Yellow.xlsx","descriptive_words","ようす・性質","HM","H0019",58,"H0019","f",1,760,24
"449","HM_H0019_24_Yellow.xlsx","pronouns","代名詞","HM","H0019",22,"H0019","f",1,760,24
"450","HM_H0019_24_Yellow.xlsx","question_words","質問のことば","HM","H0019",10,"H0019","f",1,760,24
"451","HM_H0019_24_Yellow.xlsx","locations","位置と場所についてのことば","HM","H0019",26,"H0019","f",1,760,24
"452","HM_H0019_24_Yellow.xlsx","quantifiers","数量をあらわすことば","HM","H0019",14,"H0019","f",1,760,24
"453","HM_H0019_24_Yellow.xlsx","connecting_words","接続語","HM","H0019",4,"H0019","f",1,760,24
"454","HM_H0019_24_Yellow.xlsx","sounds2","幼児語（その２）","HM","H0019",14,"H0019","f",1,760,24
"455","HM_H0019_24_Yellow.xlsx","conversations","会話語","HM","H0019",13,"H0019","f",1,760,24
"456","HM_H0019_24_Yellow.xlsx","others","その他","HM","H0019",9,"H0019","f",1,760,24
"457","HM_H0020_24_Yellow.xlsx","sounds","幼児語","HM","H0020",12,"H0020","m",1,737,24
"458","HM_H0020_24_Yellow.xlsx","animals","動物の名前","HM","H0020",21,"H0020","m",1,737,24
"459","HM_H0020_24_Yellow.xlsx","vehicles","乗り物","HM","H0020",2,"H0020","m",1,737,24
"460","HM_H0020_24_Yellow.xlsx","toys","おもちゃ","HM","H0020",5,"H0020","m",1,737,24
"461","HM_H0020_24_Yellow.xlsx","food_drink","食べ物と飲み物","HM","H0020",19,"H0020","m",1,737,24
"462","HM_H0020_24_Yellow.xlsx","clothing","衣類","HM","H0020",5,"H0020","m",1,737,24
"463","HM_H0020_24_Yellow.xlsx","body_parts","体の部分","HM","H0020",12,"H0020","m",1,737,24
"464","HM_H0020_24_Yellow.xlsx","furniture_rooms","家具と部屋","HM","H0020",4,"H0020","m",1,737,24
"465","HM_H0020_24_Yellow.xlsx","household","小さな家庭用品","HM","H0020",7,"H0020","m",1,737,24
"466","HM_H0020_24_Yellow.xlsx","outside","戸外のもの","HM","H0020",12,"H0020","m",1,737,24
"467","HM_H0020_24_Yellow.xlsx","places","おでかけ","HM","H0020",5,"H0020","m",1,737,24
"468","HM_H0020_24_Yellow.xlsx","people","人々","HM","H0020",7,"H0020","m",1,737,24
"469","HM_H0020_24_Yellow.xlsx","games_routines","日課とあいさつ","HM","H0020",20,"H0020","m",1,737,24
"470","HM_H0020_24_Yellow.xlsx","action_words","動作語","HM","H0020",40,"H0020","m",1,737,24
"471","HM_H0020_24_Yellow.xlsx","time_words","時間についてのことば","HM","H0020",4,"H0020","m",1,737,24
"472","HM_H0020_24_Yellow.xlsx","descriptive_words","ようす・性質","HM","H0020",33,"H0020","m",1,737,24
"473","HM_H0020_24_Yellow.xlsx","pronouns","代名詞","HM","H0020",6,"H0020","m",1,737,24
"474","HM_H0020_24_Yellow.xlsx","question_words","質問のことば","HM","H0020",3,"H0020","m",1,737,24
"475","HM_H0020_24_Yellow.xlsx","locations","位置と場所についてのことば","HM","H0020",5,"H0020","m",1,737,24
"476","HM_H0020_24_Yellow.xlsx","quantifiers","数量をあらわすことば","HM","H0020",8,"H0020","m",1,737,24
"477","HM_H0020_24_Yellow.xlsx","connecting_words","接続語","HM","H0020",0,"H0020","m",1,737,24
"478","HM_H0020_24_Yellow.xlsx","sounds2","幼児語（その２）","HM","H0020",27,"H0020","m",1,737,24
"479","HM_H0020_24_Yellow.xlsx","conversations","会話語","HM","H0020",10,"H0020","m",1,737,24
"480","HM_H0020_24_Yellow.xlsx","others","その他","HM","H0020",8,"H0020","m",1,737,24
"481","HM_H0021_34_Yellow.xlsx","sounds","幼児語","HM","H0021",0,"H0021","m",1,1041,34
"482","HM_H0021_34_Yellow.xlsx","animals","動物の名前","HM","H0021",2,"H0021","m",1,1041,34
"483","HM_H0021_34_Yellow.xlsx","vehicles","乗り物","HM","H0021",0,"H0021","m",1,1041,34
"484","HM_H0021_34_Yellow.xlsx","toys","おもちゃ","HM","H0021",0,"H0021","m",1,1041,34
"485","HM_H0021_34_Yellow.xlsx","food_drink","食べ物と飲み物","HM","H0021",0,"H0021","m",1,1041,34
"486","HM_H0021_34_Yellow.xlsx","clothing","衣類","HM","H0021",0,"H0021","m",1,1041,34
"487","HM_H0021_34_Yellow.xlsx","body_parts","体の部分","HM","H0021",0,"H0021","m",1,1041,34
"488","HM_H0021_34_Yellow.xlsx","furniture_rooms","家具と部屋","HM","H0021",0,"H0021","m",1,1041,34
"489","HM_H0021_34_Yellow.xlsx","household","小さな家庭用品","HM","H0021",0,"H0021","m",1,1041,34
"490","HM_H0021_34_Yellow.xlsx","outside","戸外のもの","HM","H0021",0,"H0021","m",1,1041,34
"491","HM_H0021_34_Yellow.xlsx","places","おでかけ","HM","H0021",0,"H0021","m",1,1041,34
"492","HM_H0021_34_Yellow.xlsx","people","人々","HM","H0021",0,"H0021","m",1,1041,34
"493","HM_H0021_34_Yellow.xlsx","games_routines","日課とあいさつ","HM","H0021",0,"H0021","m",1,1041,34
"494","HM_H0021_34_Yellow.xlsx","action_words","動作語","HM","H0021",103,"H0021","m",1,1041,34
"495","HM_H0021_34_Yellow.xlsx","time_words","時間についてのことば","HM","H0021",12,"H0021","m",1,1041,34
"496","HM_H0021_34_Yellow.xlsx","descriptive_words","ようす・性質","HM","H0021",63,"H0021","m",1,1041,34
"497","HM_H0021_34_Yellow.xlsx","pronouns","代名詞","HM","H0021",22,"H0021","m",1,1041,34
"498","HM_H0021_34_Yellow.xlsx","question_words","質問のことば","HM","H0021",10,"H0021","m",1,1041,34
"499","HM_H0021_34_Yellow.xlsx","locations","位置と場所についてのことば","HM","H0021",26,"H0021","m",1,1041,34
"500","HM_H0021_34_Yellow.xlsx","quantifiers","数量をあらわすことば","HM","H0021",17,"H0021","m",1,1041,34
"501","HM_H0021_34_Yellow.xlsx","connecting_words","接続語","HM","H0021",6,"H0021","m",1,1041,34
"502","HM_H0021_34_Yellow.xlsx","sounds2","幼児語（その２）","HM","H0021",6,"H0021","m",1,1041,34
"503","HM_H0021_34_Yellow.xlsx","conversations","会話語","HM","H0021",14,"H0021","m",1,1041,34
"504","HM_H0021_34_Yellow.xlsx","others","その他","HM","H0021",8,"H0021","m",1,1041,34
"505","HM_H0022_30_Yellow.xlsx","sounds","幼児語","HM","H0022",6,"H0022","f",1,924,30
"506","HM_H0022_30_Yellow.xlsx","animals","動物の名前","HM","H0022",2,"H0022","f",1,924,30
"507","HM_H0022_30_Yellow.xlsx","vehicles","乗り物","HM","H0022",1,"H0022","f",1,924,30
"508","HM_H0022_30_Yellow.xlsx","toys","おもちゃ","HM","H0022",4,"H0022","f",1,924,30
"509","HM_H0022_30_Yellow.xlsx","food_drink","食べ物と飲み物","HM","H0022",15,"H0022","f",1,924,30
"510","HM_H0022_30_Yellow.xlsx","clothing","衣類","HM","H0022",6,"H0022","f",1,924,30
"511","HM_H0022_30_Yellow.xlsx","body_parts","体の部分","HM","H0022",11,"H0022","f",1,924,30
"512","HM_H0022_30_Yellow.xlsx","furniture_rooms","家具と部屋","HM","H0022",5,"H0022","f",1,924,30
"513","HM_H0022_30_Yellow.xlsx","household","小さな家庭用品","HM","H0022",8,"H0022","f",1,924,30
"514","HM_H0022_30_Yellow.xlsx","outside","戸外のもの","HM","H0022",3,"H0022","f",1,924,30
"515","HM_H0022_30_Yellow.xlsx","places","おでかけ","HM","H0022",3,"H0022","f",1,924,30
"516","HM_H0022_30_Yellow.xlsx","people","人々","HM","H0022",12,"H0022","f",1,924,30
"517","HM_H0022_30_Yellow.xlsx","games_routines","日課とあいさつ","HM","H0022",13,"H0022","f",1,924,30
"518","HM_H0022_30_Yellow.xlsx","action_words","動作語","HM","H0022",7,"H0022","f",1,924,30
"519","HM_H0022_30_Yellow.xlsx","time_words","時間についてのことば","HM","H0022",2,"H0022","f",1,924,30
"520","HM_H0022_30_Yellow.xlsx","descriptive_words","ようす・性質","HM","H0022",15,"H0022","f",1,924,30
"521","HM_H0022_30_Yellow.xlsx","pronouns","代名詞","HM","H0022",7,"H0022","f",1,924,30
"522","HM_H0022_30_Yellow.xlsx","question_words","質問のことば","HM","H0022",5,"H0022","f",1,924,30
"523","HM_H0022_30_Yellow.xlsx","locations","位置と場所についてのことば","HM","H0022",1,"H0022","f",1,924,30
"524","HM_H0022_30_Yellow.xlsx","quantifiers","数量をあらわすことば","HM","H0022",1,"H0022","f",1,924,30
"525","HM_H0022_30_Yellow.xlsx","connecting_words","接続語","HM","H0022",0,"H0022","f",1,924,30
"526","HM_H0022_30_Yellow.xlsx","sounds2","幼児語（その２）","HM","H0022",12,"H0022","f",1,924,30
"527","HM_H0022_30_Yellow.xlsx","conversations","会話語","HM","H0022",8,"H0022","f",1,924,30
"528","HM_H0022_30_Yellow.xlsx","others","その他","HM","H0022",3,"H0022","f",1,924,30
"529","HM_H0023_30_Yellow.xlsx","sounds","幼児語","HM","H0023",9,"H0023","f",1,930,30
"530","HM_H0023_30_Yellow.xlsx","animals","動物の名前","HM","H0023",37,"H0023","f",1,930,30
"531","HM_H0023_30_Yellow.xlsx","vehicles","乗り物","HM","H0023",6,"H0023","f",1,930,30
"532","HM_H0023_30_Yellow.xlsx","toys","おもちゃ","HM","H0023",9,"H0023","f",1,930,30
"533","HM_H0023_30_Yellow.xlsx","food_drink","食べ物と飲み物","HM","H0023",45,"H0023","f",1,930,30
"534","HM_H0023_30_Yellow.xlsx","clothing","衣類","HM","H0023",14,"H0023","f",1,930,30
"535","HM_H0023_30_Yellow.xlsx","body_parts","体の部分","HM","H0023",24,"H0023","f",1,930,30
"536","HM_H0023_30_Yellow.xlsx","furniture_rooms","家具と部屋","HM","H0023",10,"H0023","f",1,930,30
"537","HM_H0023_30_Yellow.xlsx","household","小さな家庭用品","HM","H0023",18,"H0023","f",1,930,30
"538","HM_H0023_30_Yellow.xlsx","outside","戸外のもの","HM","H0023",16,"H0023","f",1,930,30
"539","HM_H0023_30_Yellow.xlsx","places","おでかけ","HM","H0023",6,"H0023","f",1,930,30
"540","HM_H0023_30_Yellow.xlsx","people","人々","HM","H0023",15,"H0023","f",1,930,30
"541","HM_H0023_30_Yellow.xlsx","games_routines","日課とあいさつ","HM","H0023",20,"H0023","f",1,930,30
"542","HM_H0023_30_Yellow.xlsx","action_words","動作語","HM","H0023",26,"H0023","f",1,930,30
"543","HM_H0023_30_Yellow.xlsx","time_words","時間についてのことば","HM","H0023",1,"H0023","f",1,930,30
"544","HM_H0023_30_Yellow.xlsx","descriptive_words","ようす・性質","HM","H0023",13,"H0023","f",1,930,30
"545","HM_H0023_30_Yellow.xlsx","pronouns","代名詞","HM","H0023",6,"H0023","f",1,930,30
"546","HM_H0023_30_Yellow.xlsx","question_words","質問のことば","HM","H0023",2,"H0023","f",1,930,30
"547","HM_H0023_30_Yellow.xlsx","locations","位置と場所についてのことば","HM","H0023",3,"H0023","f",1,930,30
"548","HM_H0023_30_Yellow.xlsx","quantifiers","数量をあらわすことば","HM","H0023",5,"H0023","f",1,930,30
"549","HM_H0023_30_Yellow.xlsx","connecting_words","接続語","HM","H0023",0,"H0023","f",1,930,30
"550","HM_H0023_30_Yellow.xlsx","sounds2","幼児語（その２）","HM","H0023",11,"H0023","f",1,930,30
"551","HM_H0023_30_Yellow.xlsx","conversations","会話語","HM","H0023",5,"H0023","f",1,930,30
"552","HM_H0023_30_Yellow.xlsx","others","その他","HM","H0023",2,"H0023","f",1,930,30
"553","HM_H0024_26_Yellow.xlsx","sounds","幼児語","HM","H0024",9,"H0024","m",1,814,26
"554","HM_H0024_26_Yellow.xlsx","animals","動物の名前","HM","H0024",31,"H0024","m",1,814,26
"555","HM_H0024_26_Yellow.xlsx","vehicles","乗り物","HM","H0024",12,"H0024","m",1,814,26
"556","HM_H0024_26_Yellow.xlsx","toys","おもちゃ","HM","H0024",11,"H0024","m",1,814,26
"557","HM_H0024_26_Yellow.xlsx","food_drink","食べ物と飲み物","HM","H0024",35,"H0024","m",1,814,26
"558","HM_H0024_26_Yellow.xlsx","clothing","衣類","HM","H0024",15,"H0024","m",1,814,26
"559","HM_H0024_26_Yellow.xlsx","body_parts","体の部分","HM","H0024",21,"H0024","m",1,814,26
"560","HM_H0024_26_Yellow.xlsx","furniture_rooms","家具と部屋","HM","H0024",18,"H0024","m",1,814,26
"561","HM_H0024_26_Yellow.xlsx","household","小さな家庭用品","HM","H0024",33,"H0024","m",1,814,26
"562","HM_H0024_26_Yellow.xlsx","outside","戸外のもの","HM","H0024",19,"H0024","m",1,814,26
"563","HM_H0024_26_Yellow.xlsx","places","おでかけ","HM","H0024",11,"H0024","m",1,814,26
"564","HM_H0024_26_Yellow.xlsx","people","人々","HM","H0024",12,"H0024","m",1,814,26
"565","HM_H0024_26_Yellow.xlsx","games_routines","日課とあいさつ","HM","H0024",24,"H0024","m",1,814,26
"566","HM_H0024_26_Yellow.xlsx","action_words","動作語","HM","H0024",80,"H0024","m",1,814,26
"567","HM_H0024_26_Yellow.xlsx","time_words","時間についてのことば","HM","H0024",10,"H0024","m",1,814,26
"568","HM_H0024_26_Yellow.xlsx","descriptive_words","ようす・性質","HM","H0024",50,"H0024","m",1,814,26
"569","HM_H0024_26_Yellow.xlsx","pronouns","代名詞","HM","H0024",3,"H0024","m",1,814,26
"570","HM_H0024_26_Yellow.xlsx","question_words","質問のことば","HM","H0024",0,"H0024","m",1,814,26
"571","HM_H0024_26_Yellow.xlsx","locations","位置と場所についてのことば","HM","H0024",5,"H0024","m",1,814,26
"572","HM_H0024_26_Yellow.xlsx","quantifiers","数量をあらわすことば","HM","H0024",11,"H0024","m",1,814,26
"573","HM_H0024_26_Yellow.xlsx","connecting_words","接続語","HM","H0024",0,"H0024","m",1,814,26
"574","HM_H0024_26_Yellow.xlsx","sounds2","幼児語（その２）","HM","H0024",26,"H0024","m",1,814,26
"575","HM_H0024_26_Yellow.xlsx","conversations","会話語","HM","H0024",5,"H0024","m",1,814,26
"576","HM_H0024_26_Yellow.xlsx","others","その他","HM","H0024",7,"H0024","m",1,814,26
"577","HM_H0025_36_Yellow.xlsx","sounds","幼児語","HM","H0025",12,"H0025","m",1,1113,36
"578","HM_H0025_36_Yellow.xlsx","animals","動物の名前","HM","H0025",41,"H0025","m",1,1113,36
"579","HM_H0025_36_Yellow.xlsx","vehicles","乗り物","HM","H0025",12,"H0025","m",1,1113,36
"580","HM_H0025_36_Yellow.xlsx","toys","おもちゃ","HM","H0025",18,"H0025","m",1,1113,36
"581","HM_H0025_36_Yellow.xlsx","food_drink","食べ物と飲み物","HM","H0025",53,"H0025","m",1,1113,36
"582","HM_H0025_36_Yellow.xlsx","clothing","衣類","HM","H0025",12,"H0025","m",1,1113,36
"583","HM_H0025_36_Yellow.xlsx","body_parts","体の部分","HM","H0025",25,"H0025","m",1,1113,36
"584","HM_H0025_36_Yellow.xlsx","furniture_rooms","家具と部屋","HM","H0025",9,"H0025","m",1,1113,36
"585","HM_H0025_36_Yellow.xlsx","household","小さな家庭用品","HM","H0025",9,"H0025","m",1,1113,36
"586","HM_H0025_36_Yellow.xlsx","outside","戸外のもの","HM","H0025",10,"H0025","m",1,1113,36
"587","HM_H0025_36_Yellow.xlsx","places","おでかけ","HM","H0025",5,"H0025","m",1,1113,36
"588","HM_H0025_36_Yellow.xlsx","people","人々","HM","H0025",14,"H0025","m",1,1113,36
"589","HM_H0025_36_Yellow.xlsx","games_routines","日課とあいさつ","HM","H0025",25,"H0025","m",1,1113,36
"590","HM_H0025_36_Yellow.xlsx","action_words","動作語","HM","H0025",13,"H0025","m",1,1113,36
"591","HM_H0025_36_Yellow.xlsx","time_words","時間についてのことば","HM","H0025",7,"H0025","m",1,1113,36
"592","HM_H0025_36_Yellow.xlsx","descriptive_words","ようす・性質","HM","H0025",27,"H0025","m",1,1113,36
"593","HM_H0025_36_Yellow.xlsx","pronouns","代名詞","HM","H0025",7,"H0025","m",1,1113,36
"594","HM_H0025_36_Yellow.xlsx","question_words","質問のことば","HM","H0025",3,"H0025","m",1,1113,36
"595","HM_H0025_36_Yellow.xlsx","locations","位置と場所についてのことば","HM","H0025",8,"H0025","m",1,1113,36
"596","HM_H0025_36_Yellow.xlsx","quantifiers","数量をあらわすことば","HM","H0025",12,"H0025","m",1,1113,36
"597","HM_H0025_36_Yellow.xlsx","connecting_words","接続語","HM","H0025",1,"H0025","m",1,1113,36
"598","HM_H0025_36_Yellow.xlsx","sounds2","幼児語（その２）","HM","H0025",4,"H0025","m",1,1113,36
"599","HM_H0025_36_Yellow.xlsx","conversations","会話語","HM","H0025",5,"H0025","m",1,1113,36
"600","HM_H0025_36_Yellow.xlsx","others","その他","HM","H0025",5,"H0025","m",1,1113,36
"601","HM_H0026_18_Yellow.xlsx","sounds","幼児語","HM","H0026",6,"H0026","f",1,549,18
"602","HM_H0026_18_Yellow.xlsx","animals","動物の名前","HM","H0026",2,"H0026","f",1,549,18
"603","HM_H0026_18_Yellow.xlsx","vehicles","乗り物","HM","H0026",0,"H0026","f",1,549,18
"604","HM_H0026_18_Yellow.xlsx","toys","おもちゃ","HM","H0026",0,"H0026","f",1,549,18
"605","HM_H0026_18_Yellow.xlsx","food_drink","食べ物と飲み物","HM","H0026",1,"H0026","f",1,549,18
"606","HM_H0026_18_Yellow.xlsx","clothing","衣類","HM","H0026",2,"H0026","f",1,549,18
"607","HM_H0026_18_Yellow.xlsx","body_parts","体の部分","HM","H0026",0,"H0026","f",1,549,18
"608","HM_H0026_18_Yellow.xlsx","furniture_rooms","家具と部屋","HM","H0026",0,"H0026","f",1,549,18
"609","HM_H0026_18_Yellow.xlsx","household","小さな家庭用品","HM","H0026",0,"H0026","f",1,549,18
"610","HM_H0026_18_Yellow.xlsx","outside","戸外のもの","HM","H0026",0,"H0026","f",1,549,18
"611","HM_H0026_18_Yellow.xlsx","places","おでかけ","HM","H0026",0,"H0026","f",1,549,18
"612","HM_H0026_18_Yellow.xlsx","people","人々","HM","H0026",6,"H0026","f",1,549,18
"613","HM_H0026_18_Yellow.xlsx","games_routines","日課とあいさつ","HM","H0026",9,"H0026","f",1,549,18
"614","HM_H0026_18_Yellow.xlsx","action_words","動作語","HM","H0026",2,"H0026","f",1,549,18
"615","HM_H0026_18_Yellow.xlsx","time_words","時間についてのことば","HM","H0026",0,"H0026","f",1,549,18
"616","HM_H0026_18_Yellow.xlsx","descriptive_words","ようす・性質","HM","H0026",4,"H0026","f",1,549,18
"617","HM_H0026_18_Yellow.xlsx","pronouns","代名詞","HM","H0026",5,"H0026","f",1,549,18
"618","HM_H0026_18_Yellow.xlsx","question_words","質問のことば","HM","H0026",0,"H0026","f",1,549,18
"619","HM_H0026_18_Yellow.xlsx","locations","位置と場所についてのことば","HM","H0026",1,"H0026","f",1,549,18
"620","HM_H0026_18_Yellow.xlsx","quantifiers","数量をあらわすことば","HM","H0026",1,"H0026","f",1,549,18
"621","HM_H0026_18_Yellow.xlsx","connecting_words","接続語","HM","H0026",0,"H0026","f",1,549,18
"622","HM_H0026_18_Yellow.xlsx","sounds2","幼児語（その２）","HM","H0026",9,"H0026","f",1,549,18
"623","HM_H0026_18_Yellow.xlsx","conversations","会話語","HM","H0026",3,"H0026","f",1,549,18
"624","HM_H0026_18_Yellow.xlsx","others","その他","HM","H0026",0,"H0026","f",1,549,18
"625","HM_H0027_34_Yellow.xlsx","sounds","幼児語","HM","H0027",2,"H0027","f",1,1061,34
"626","HM_H0027_34_Yellow.xlsx","animals","動物の名前","HM","H0027",20,"H0027","f",1,1061,34
"627","HM_H0027_34_Yellow.xlsx","vehicles","乗り物","HM","H0027",8,"H0027","f",1,1061,34
"628","HM_H0027_34_Yellow.xlsx","toys","おもちゃ","HM","H0027",9,"H0027","f",1,1061,34
"629","HM_H0027_34_Yellow.xlsx","food_drink","食べ物と飲み物","HM","H0027",34,"H0027","f",1,1061,34
"630","HM_H0027_34_Yellow.xlsx","clothing","衣類","HM","H0027",8,"H0027","f",1,1061,34
"631","HM_H0027_34_Yellow.xlsx","body_parts","体の部分","HM","H0027",19,"H0027","f",1,1061,34
"632","HM_H0027_34_Yellow.xlsx","furniture_rooms","家具と部屋","HM","H0027",11,"H0027","f",1,1061,34
"633","HM_H0027_34_Yellow.xlsx","household","小さな家庭用品","HM","H0027",27,"H0027","f",1,1061,34
"634","HM_H0027_34_Yellow.xlsx","outside","戸外のもの","HM","H0027",23,"H0027","f",1,1061,34
"635","HM_H0027_34_Yellow.xlsx","places","おでかけ","HM","H0027",11,"H0027","f",1,1061,34
"636","HM_H0027_34_Yellow.xlsx","people","人々","HM","H0027",20,"H0027","f",1,1061,34
"637","HM_H0027_34_Yellow.xlsx","games_routines","日課とあいさつ","HM","H0027",22,"H0027","f",1,1061,34
"638","HM_H0027_34_Yellow.xlsx","action_words","動作語","HM","H0027",56,"H0027","f",1,1061,34
"639","HM_H0027_34_Yellow.xlsx","time_words","時間についてのことば","HM","H0027",4,"H0027","f",1,1061,34
"640","HM_H0027_34_Yellow.xlsx","descriptive_words","ようす・性質","HM","H0027",48,"H0027","f",1,1061,34
"641","HM_H0027_34_Yellow.xlsx","pronouns","代名詞","HM","H0027",13,"H0027","f",1,1061,34
"642","HM_H0027_34_Yellow.xlsx","question_words","質問のことば","HM","H0027",8,"H0027","f",1,1061,34
"643","HM_H0027_34_Yellow.xlsx","locations","位置と場所についてのことば","HM","H0027",10,"H0027","f",1,1061,34
"644","HM_H0027_34_Yellow.xlsx","quantifiers","数量をあらわすことば","HM","H0027",7,"H0027","f",1,1061,34
"645","HM_H0027_34_Yellow.xlsx","connecting_words","接続語","HM","H0027",0,"H0027","f",1,1061,34
"646","HM_H0027_34_Yellow.xlsx","sounds2","幼児語（その２）","HM","H0027",9,"H0027","f",1,1061,34
"647","HM_H0027_34_Yellow.xlsx","conversations","会話語","HM","H0027",10,"H0027","f",1,1061,34
"648","HM_H0027_34_Yellow.xlsx","others","その他","HM","H0027",7,"H0027","f",1,1061,34
"649","HM_H0028_27_Yellow.xlsx","sounds","幼児語","HM","H0028",10,"H0028","m",1,822,27
"650","HM_H0028_27_Yellow.xlsx","animals","動物の名前","HM","H0028",9,"H0028","m",1,822,27
"651","HM_H0028_27_Yellow.xlsx","vehicles","乗り物","HM","H0028",6,"H0028","m",1,822,27
"652","HM_H0028_27_Yellow.xlsx","toys","おもちゃ","HM","H0028",6,"H0028","m",1,822,27
"653","HM_H0028_27_Yellow.xlsx","food_drink","食べ物と飲み物","HM","H0028",20,"H0028","m",1,822,27
"654","HM_H0028_27_Yellow.xlsx","clothing","衣類","HM","H0028",5,"H0028","m",1,822,27
"655","HM_H0028_27_Yellow.xlsx","body_parts","体の部分","HM","H0028",7,"H0028","m",1,822,27
"656","HM_H0028_27_Yellow.xlsx","furniture_rooms","家具と部屋","HM","H0028",4,"H0028","m",1,822,27
"657","HM_H0028_27_Yellow.xlsx","household","小さな家庭用品","HM","H0028",8,"H0028","m",1,822,27
"658","HM_H0028_27_Yellow.xlsx","outside","戸外のもの","HM","H0028",5,"H0028","m",1,822,27
"659","HM_H0028_27_Yellow.xlsx","places","おでかけ","HM","H0028",2,"H0028","m",1,822,27
"660","HM_H0028_27_Yellow.xlsx","people","人々","HM","H0028",10,"H0028","m",1,822,27
"661","HM_H0028_27_Yellow.xlsx","games_routines","日課とあいさつ","HM","H0028",14,"H0028","m",1,822,27
"662","HM_H0028_27_Yellow.xlsx","action_words","動作語","HM","H0028",11,"H0028","m",1,822,27
"663","HM_H0028_27_Yellow.xlsx","time_words","時間についてのことば","HM","H0028",1,"H0028","m",1,822,27
"664","HM_H0028_27_Yellow.xlsx","descriptive_words","ようす・性質","HM","H0028",14,"H0028","m",1,822,27
"665","HM_H0028_27_Yellow.xlsx","pronouns","代名詞","HM","H0028",3,"H0028","m",1,822,27
"666","HM_H0028_27_Yellow.xlsx","question_words","質問のことば","HM","H0028",1,"H0028","m",1,822,27
"667","HM_H0028_27_Yellow.xlsx","locations","位置と場所についてのことば","HM","H0028",1,"H0028","m",1,822,27
"668","HM_H0028_27_Yellow.xlsx","quantifiers","数量をあらわすことば","HM","H0028",5,"H0028","m",1,822,27
"669","HM_H0028_27_Yellow.xlsx","connecting_words","接続語","HM","H0028",0,"H0028","m",1,822,27
"670","HM_H0028_27_Yellow.xlsx","sounds2","幼児語（その２）","HM","H0028",9,"H0028","m",1,822,27
"671","HM_H0028_27_Yellow.xlsx","conversations","会話語","HM","H0028",2,"H0028","m",1,822,27
"672","HM_H0028_27_Yellow.xlsx","others","その他","HM","H0028",3,"H0028","m",1,822,27
"673","HM_H0029_34_Yellow.xlsx","sounds","幼児語","HM","H0029",11,"H0029","f",1,1034.16666666667,34
"674","HM_H0029_34_Yellow.xlsx","animals","動物の名前","HM","H0029",42,"H0029","f",1,1034.16666666667,34
"675","HM_H0029_34_Yellow.xlsx","vehicles","乗り物","HM","H0029",11,"H0029","f",1,1034.16666666667,34
"676","HM_H0029_34_Yellow.xlsx","toys","おもちゃ","HM","H0029",17,"H0029","f",1,1034.16666666667,34
"677","HM_H0029_34_Yellow.xlsx","food_drink","食べ物と飲み物","HM","H0029",68,"H0029","f",1,1034.16666666667,34
"678","HM_H0029_34_Yellow.xlsx","clothing","衣類","HM","H0029",23,"H0029","f",1,1034.16666666667,34
"679","HM_H0029_34_Yellow.xlsx","body_parts","体の部分","HM","H0029",27,"H0029","f",1,1034.16666666667,34
"680","HM_H0029_34_Yellow.xlsx","furniture_rooms","家具と部屋","HM","H0029",27,"H0029","f",1,1034.16666666667,34
"681","HM_H0029_34_Yellow.xlsx","household","小さな家庭用品","HM","H0029",48,"H0029","f",1,1034.16666666667,34
"682","HM_H0029_34_Yellow.xlsx","outside","戸外のもの","HM","H0029",24,"H0029","f",1,1034.16666666667,34
"683","HM_H0029_34_Yellow.xlsx","places","おでかけ","HM","H0029",16,"H0029","f",1,1034.16666666667,34
"684","HM_H0029_34_Yellow.xlsx","people","人々","HM","H0029",27,"H0029","f",1,1034.16666666667,34
"685","HM_H0029_34_Yellow.xlsx","games_routines","日課とあいさつ","HM","H0029",25,"H0029","f",1,1034.16666666667,34
"686","HM_H0029_34_Yellow.xlsx","action_words","動作語","HM","H0029",102,"H0029","f",1,1034.16666666667,34
"687","HM_H0029_34_Yellow.xlsx","time_words","時間についてのことば","HM","H0029",12,"H0029","f",1,1034.16666666667,34
"688","HM_H0029_34_Yellow.xlsx","descriptive_words","ようす・性質","HM","H0029",63,"H0029","f",1,1034.16666666667,34
"689","HM_H0029_34_Yellow.xlsx","pronouns","代名詞","HM","H0029",18,"H0029","f",1,1034.16666666667,34
"690","HM_H0029_34_Yellow.xlsx","question_words","質問のことば","HM","H0029",10,"H0029","f",1,1034.16666666667,34
"691","HM_H0029_34_Yellow.xlsx","locations","位置と場所についてのことば","HM","H0029",23,"H0029","f",1,1034.16666666667,34
"692","HM_H0029_34_Yellow.xlsx","quantifiers","数量をあらわすことば","HM","H0029",17,"H0029","f",1,1034.16666666667,34
"693","HM_H0029_34_Yellow.xlsx","connecting_words","接続語","HM","H0029",4,"H0029","f",1,1034.16666666667,34
"694","HM_H0029_34_Yellow.xlsx","sounds2","幼児語（その２）","HM","H0029",26,"H0029","f",1,1034.16666666667,34
"695","HM_H0029_34_Yellow.xlsx","conversations","会話語","HM","H0029",14,"H0029","f",1,1034.16666666667,34
"696","HM_H0029_34_Yellow.xlsx","others","その他","HM","H0029",9,"H0029","f",1,1034.16666666667,34
"697","HM_H0030_22_Yellow.xlsx","sounds","幼児語","HM","H0030",4,"H0030","m",1,687,22
"698","HM_H0030_22_Yellow.xlsx","animals","動物の名前","HM","H0030",0,"H0030","m",1,687,22
"699","HM_H0030_22_Yellow.xlsx","vehicles","乗り物","HM","H0030",0,"H0030","m",1,687,22
"700","HM_H0030_22_Yellow.xlsx","toys","おもちゃ","HM","H0030",0,"H0030","m",1,687,22
"701","HM_H0030_22_Yellow.xlsx","food_drink","食べ物と飲み物","HM","H0030",0,"H0030","m",1,687,22
"702","HM_H0030_22_Yellow.xlsx","clothing","衣類","HM","H0030",1,"H0030","m",1,687,22
"703","HM_H0030_22_Yellow.xlsx","body_parts","体の部分","HM","H0030",1,"H0030","m",1,687,22
"704","HM_H0030_22_Yellow.xlsx","furniture_rooms","家具と部屋","HM","H0030",0,"H0030","m",1,687,22
"705","HM_H0030_22_Yellow.xlsx","household","小さな家庭用品","HM","H0030",0,"H0030","m",1,687,22
"706","HM_H0030_22_Yellow.xlsx","outside","戸外のもの","HM","H0030",0,"H0030","m",1,687,22
"707","HM_H0030_22_Yellow.xlsx","places","おでかけ","HM","H0030",0,"H0030","m",1,687,22
"708","HM_H0030_22_Yellow.xlsx","people","人々","HM","H0030",0,"H0030","m",1,687,22
"709","HM_H0030_22_Yellow.xlsx","games_routines","日課とあいさつ","HM","H0030",6,"H0030","m",1,687,22
"710","HM_H0030_22_Yellow.xlsx","action_words","動作語","HM","H0030",0,"H0030","m",1,687,22
"711","HM_H0030_22_Yellow.xlsx","time_words","時間についてのことば","HM","H0030",0,"H0030","m",1,687,22
"712","HM_H0030_22_Yellow.xlsx","descriptive_words","ようす・性質","HM","H0030",0,"H0030","m",1,687,22
"713","HM_H0030_22_Yellow.xlsx","pronouns","代名詞","HM","H0030",1,"H0030","m",1,687,22
"714","HM_H0030_22_Yellow.xlsx","question_words","質問のことば","HM","H0030",0,"H0030","m",1,687,22
"715","HM_H0030_22_Yellow.xlsx","locations","位置と場所についてのことば","HM","H0030",0,"H0030","m",1,687,22
"716","HM_H0030_22_Yellow.xlsx","quantifiers","数量をあらわすことば","HM","H0030",0,"H0030","m",1,687,22
"717","HM_H0030_22_Yellow.xlsx","connecting_words","接続語","HM","H0030",0,"H0030","m",1,687,22
"718","HM_H0030_22_Yellow.xlsx","sounds2","幼児語（その２）","HM","H0030",4,"H0030","m",1,687,22
"719","HM_H0030_22_Yellow.xlsx","conversations","会話語","HM","H0030",2,"H0030","m",1,687,22
"720","HM_H0030_22_Yellow.xlsx","others","その他","HM","H0030",1,"H0030","m",1,687,22
"721","HM_H0031_26_Yellow.xlsx","sounds","幼児語","HM","H0031",10,"H0031","f",1,803,26
"722","HM_H0031_26_Yellow.xlsx","animals","動物の名前","HM","H0031",20,"H0031","f",1,803,26
"723","HM_H0031_26_Yellow.xlsx","vehicles","乗り物","HM","H0031",11,"H0031","f",1,803,26
"724","HM_H0031_26_Yellow.xlsx","toys","おもちゃ","HM","H0031",5,"H0031","f",1,803,26
"725","HM_H0031_26_Yellow.xlsx","food_drink","食べ物と飲み物","HM","H0031",47,"H0031","f",1,803,26
"726","HM_H0031_26_Yellow.xlsx","clothing","衣類","HM","H0031",12,"H0031","f",1,803,26
"727","HM_H0031_26_Yellow.xlsx","body_parts","体の部分","HM","H0031",19,"H0031","f",1,803,26
"728","HM_H0031_26_Yellow.xlsx","furniture_rooms","家具と部屋","HM","H0031",12,"H0031","f",1,803,26
"729","HM_H0031_26_Yellow.xlsx","household","小さな家庭用品","HM","H0031",15,"H0031","f",1,803,26
"730","HM_H0031_26_Yellow.xlsx","outside","戸外のもの","HM","H0031",17,"H0031","f",1,803,26
"731","HM_H0031_26_Yellow.xlsx","places","おでかけ","HM","H0031",8,"H0031","f",1,803,26
"732","HM_H0031_26_Yellow.xlsx","people","人々","HM","H0031",13,"H0031","f",1,803,26
"733","HM_H0031_26_Yellow.xlsx","games_routines","日課とあいさつ","HM","H0031",24,"H0031","f",1,803,26
"734","HM_H0031_26_Yellow.xlsx","action_words","動作語","HM","H0031",84,"H0031","f",1,803,26
"735","HM_H0031_26_Yellow.xlsx","time_words","時間についてのことば","HM","H0031",8,"H0031","f",1,803,26
"736","HM_H0031_26_Yellow.xlsx","descriptive_words","ようす・性質","HM","H0031",27,"H0031","f",1,803,26
"737","HM_H0031_26_Yellow.xlsx","pronouns","代名詞","HM","H0031",6,"H0031","f",1,803,26
"738","HM_H0031_26_Yellow.xlsx","question_words","質問のことば","HM","H0031",6,"H0031","f",1,803,26
"739","HM_H0031_26_Yellow.xlsx","locations","位置と場所についてのことば","HM","H0031",4,"H0031","f",1,803,26
"740","HM_H0031_26_Yellow.xlsx","quantifiers","数量をあらわすことば","HM","H0031",6,"H0031","f",1,803,26
"741","HM_H0031_26_Yellow.xlsx","connecting_words","接続語","HM","H0031",1,"H0031","f",1,803,26
"742","HM_H0031_26_Yellow.xlsx","sounds2","幼児語（その２）","HM","H0031",22,"H0031","f",1,803,26
"743","HM_H0031_26_Yellow.xlsx","conversations","会話語","HM","H0031",8,"H0031","f",1,803,26
"744","HM_H0031_26_Yellow.xlsx","others","その他","HM","H0031",7,"H0031","f",1,803,26
"745","HM_H0032_20_Yellow.xlsx","sounds","幼児語","HM","H0032",6,"H0032","m",1,629,20
"746","HM_H0032_20_Yellow.xlsx","animals","動物の名前","HM","H0032",3,"H0032","m",1,629,20
"747","HM_H0032_20_Yellow.xlsx","vehicles","乗り物","HM","H0032",0,"H0032","m",1,629,20
"748","HM_H0032_20_Yellow.xlsx","toys","おもちゃ","HM","H0032",0,"H0032","m",1,629,20
"749","HM_H0032_20_Yellow.xlsx","food_drink","食べ物と飲み物","HM","H0032",7,"H0032","m",1,629,20
"750","HM_H0032_20_Yellow.xlsx","clothing","衣類","HM","H0032",3,"H0032","m",1,629,20
"751","HM_H0032_20_Yellow.xlsx","body_parts","体の部分","HM","H0032",6,"H0032","m",1,629,20
"752","HM_H0032_20_Yellow.xlsx","furniture_rooms","家具と部屋","HM","H0032",1,"H0032","m",1,629,20
"753","HM_H0032_20_Yellow.xlsx","household","小さな家庭用品","HM","H0032",0,"H0032","m",1,629,20
"754","HM_H0032_20_Yellow.xlsx","outside","戸外のもの","HM","H0032",0,"H0032","m",1,629,20
"755","HM_H0032_20_Yellow.xlsx","places","おでかけ","HM","H0032",0,"H0032","m",1,629,20
"756","HM_H0032_20_Yellow.xlsx","people","人々","HM","H0032",5,"H0032","m",1,629,20
"757","HM_H0032_20_Yellow.xlsx","games_routines","日課とあいさつ","HM","H0032",10,"H0032","m",1,629,20
"758","HM_H0032_20_Yellow.xlsx","action_words","動作語","HM","H0032",2,"H0032","m",1,629,20
"759","HM_H0032_20_Yellow.xlsx","time_words","時間についてのことば","HM","H0032",0,"H0032","m",1,629,20
"760","HM_H0032_20_Yellow.xlsx","descriptive_words","ようす・性質","HM","H0032",5,"H0032","m",1,629,20
"761","HM_H0032_20_Yellow.xlsx","pronouns","代名詞","HM","H0032",1,"H0032","m",1,629,20
"762","HM_H0032_20_Yellow.xlsx","question_words","質問のことば","HM","H0032",0,"H0032","m",1,629,20
"763","HM_H0032_20_Yellow.xlsx","locations","位置と場所についてのことば","HM","H0032",0,"H0032","m",1,629,20
"764","HM_H0032_20_Yellow.xlsx","quantifiers","数量をあらわすことば","HM","H0032",1,"H0032","m",1,629,20
"765","HM_H0032_20_Yellow.xlsx","connecting_words","接続語","HM","H0032",0,"H0032","m",1,629,20
"766","HM_H0032_20_Yellow.xlsx","sounds2","幼児語（その２）","HM","H0032",11,"H0032","m",1,629,20
"767","HM_H0032_20_Yellow.xlsx","conversations","会話語","HM","H0032",2,"H0032","m",1,629,20
"768","HM_H0032_20_Yellow.xlsx","others","その他","HM","H0032",2,"H0032","m",1,629,20
"769","HM_H0033_23_Yellow.xlsx","sounds","幼児語","HM","H0033",10,"H0033","f",1,704,23
"770","HM_H0033_23_Yellow.xlsx","animals","動物の名前","HM","H0033",10,"H0033","f",1,704,23
"771","HM_H0033_23_Yellow.xlsx","vehicles","乗り物","HM","H0033",1,"H0033","f",1,704,23
"772","HM_H0033_23_Yellow.xlsx","toys","おもちゃ","HM","H0033",0,"H0033","f",1,704,23
"773","HM_H0033_23_Yellow.xlsx","food_drink","食べ物と飲み物","HM","H0033",17,"H0033","f",1,704,23
"774","HM_H0033_23_Yellow.xlsx","clothing","衣類","HM","H0033",5,"H0033","f",1,704,23
"775","HM_H0033_23_Yellow.xlsx","body_parts","体の部分","HM","H0033",10,"H0033","f",1,704,23
"776","HM_H0033_23_Yellow.xlsx","furniture_rooms","家具と部屋","HM","H0033",2,"H0033","f",1,704,23
"777","HM_H0033_23_Yellow.xlsx","household","小さな家庭用品","HM","H0033",7,"H0033","f",1,704,23
"778","HM_H0033_23_Yellow.xlsx","outside","戸外のもの","HM","H0033",0,"H0033","f",1,704,23
"779","HM_H0033_23_Yellow.xlsx","places","おでかけ","HM","H0033",0,"H0033","f",1,704,23
"780","HM_H0033_23_Yellow.xlsx","people","人々","HM","H0033",7,"H0033","f",1,704,23
"781","HM_H0033_23_Yellow.xlsx","games_routines","日課とあいさつ","HM","H0033",15,"H0033","f",1,704,23
"782","HM_H0033_23_Yellow.xlsx","action_words","動作語","HM","H0033",1,"H0033","f",1,704,23
"783","HM_H0033_23_Yellow.xlsx","time_words","時間についてのことば","HM","H0033",0,"H0033","f",1,704,23
"784","HM_H0033_23_Yellow.xlsx","descriptive_words","ようす・性質","HM","H0033",5,"H0033","f",1,704,23
"785","HM_H0033_23_Yellow.xlsx","pronouns","代名詞","HM","H0033",2,"H0033","f",1,704,23
"786","HM_H0033_23_Yellow.xlsx","question_words","質問のことば","HM","H0033",1,"H0033","f",1,704,23
"787","HM_H0033_23_Yellow.xlsx","locations","位置と場所についてのことば","HM","H0033",0,"H0033","f",1,704,23
"788","HM_H0033_23_Yellow.xlsx","quantifiers","数量をあらわすことば","HM","H0033",2,"H0033","f",1,704,23
"789","HM_H0033_23_Yellow.xlsx","connecting_words","接続語","HM","H0033",0,"H0033","f",1,704,23
"790","HM_H0033_23_Yellow.xlsx","sounds2","幼児語（その２）","HM","H0033",15,"H0033","f",1,704,23
"791","HM_H0033_23_Yellow.xlsx","conversations","会話語","HM","H0033",6,"H0033","f",1,704,23
"792","HM_H0033_23_Yellow.xlsx","others","その他","HM","H0033",3,"H0033","f",1,704,23
"793","HM_H0034_22_Yellow.xlsx","sounds","幼児語","HM","H0034",11,"H0034","m",1,682,22
"794","HM_H0034_22_Yellow.xlsx","animals","動物の名前","HM","H0034",21,"H0034","m",1,682,22
"795","HM_H0034_22_Yellow.xlsx","vehicles","乗り物","HM","H0034",3,"H0034","m",1,682,22
"796","HM_H0034_22_Yellow.xlsx","toys","おもちゃ","HM","H0034",8,"H0034","m",1,682,22
"797","HM_H0034_22_Yellow.xlsx","food_drink","食べ物と飲み物","HM","H0034",19,"H0034","m",1,682,22
"798","HM_H0034_22_Yellow.xlsx","clothing","衣類","HM","H0034",6,"H0034","m",1,682,22
"799","HM_H0034_22_Yellow.xlsx","body_parts","体の部分","HM","H0034",13,"H0034","m",1,682,22
"800","HM_H0034_22_Yellow.xlsx","furniture_rooms","家具と部屋","HM","H0034",4,"H0034","m",1,682,22
"801","HM_H0034_22_Yellow.xlsx","household","小さな家庭用品","HM","H0034",5,"H0034","m",1,682,22
"802","HM_H0034_22_Yellow.xlsx","outside","戸外のもの","HM","H0034",6,"H0034","m",1,682,22
"803","HM_H0034_22_Yellow.xlsx","places","おでかけ","HM","H0034",4,"H0034","m",1,682,22
"804","HM_H0034_22_Yellow.xlsx","people","人々","HM","H0034",12,"H0034","m",1,682,22
"805","HM_H0034_22_Yellow.xlsx","games_routines","日課とあいさつ","HM","H0034",22,"H0034","m",1,682,22
"806","HM_H0034_22_Yellow.xlsx","action_words","動作語","HM","H0034",46,"H0034","m",1,682,22
"807","HM_H0034_22_Yellow.xlsx","time_words","時間についてのことば","HM","H0034",1,"H0034","m",1,682,22
"808","HM_H0034_22_Yellow.xlsx","descriptive_words","ようす・性質","HM","H0034",15,"H0034","m",1,682,22
"809","HM_H0034_22_Yellow.xlsx","pronouns","代名詞","HM","H0034",2,"H0034","m",1,682,22
"810","HM_H0034_22_Yellow.xlsx","question_words","質問のことば","HM","H0034",1,"H0034","m",1,682,22
"811","HM_H0034_22_Yellow.xlsx","locations","位置と場所についてのことば","HM","H0034",1,"H0034","m",1,682,22
"812","HM_H0034_22_Yellow.xlsx","quantifiers","数量をあらわすことば","HM","H0034",4,"H0034","m",1,682,22
"813","HM_H0034_22_Yellow.xlsx","connecting_words","接続語","HM","H0034",0,"H0034","m",1,682,22
"814","HM_H0034_22_Yellow.xlsx","sounds2","幼児語（その２）","HM","H0034",18,"H0034","m",1,682,22
"815","HM_H0034_22_Yellow.xlsx","conversations","会話語","HM","H0034",8,"H0034","m",1,682,22
"816","HM_H0034_22_Yellow.xlsx","others","その他","HM","H0034",4,"H0034","m",1,682,22
"817","HM_H0035_22_Yellow.xlsx","sounds","幼児語","HM","H0035",9,"H0035","f",1,669.166666666667,22
"818","HM_H0035_22_Yellow.xlsx","animals","動物の名前","HM","H0035",8,"H0035","f",1,669.166666666667,22
"819","HM_H0035_22_Yellow.xlsx","vehicles","乗り物","HM","H0035",1,"H0035","f",1,669.166666666667,22
"820","HM_H0035_22_Yellow.xlsx","toys","おもちゃ","HM","H0035",4,"H0035","f",1,669.166666666667,22
"821","HM_H0035_22_Yellow.xlsx","food_drink","食べ物と飲み物","HM","H0035",13,"H0035","f",1,669.166666666667,22
"822","HM_H0035_22_Yellow.xlsx","clothing","衣類","HM","H0035",5,"H0035","f",1,669.166666666667,22
"823","HM_H0035_22_Yellow.xlsx","body_parts","体の部分","HM","H0035",15,"H0035","f",1,669.166666666667,22
"824","HM_H0035_22_Yellow.xlsx","furniture_rooms","家具と部屋","HM","H0035",1,"H0035","f",1,669.166666666667,22
"825","HM_H0035_22_Yellow.xlsx","household","小さな家庭用品","HM","H0035",4,"H0035","f",1,669.166666666667,22
"826","HM_H0035_22_Yellow.xlsx","outside","戸外のもの","HM","H0035",4,"H0035","f",1,669.166666666667,22
"827","HM_H0035_22_Yellow.xlsx","places","おでかけ","HM","H0035",2,"H0035","f",1,669.166666666667,22
"828","HM_H0035_22_Yellow.xlsx","people","人々","HM","H0035",11,"H0035","f",1,669.166666666667,22
"829","HM_H0035_22_Yellow.xlsx","games_routines","日課とあいさつ","HM","H0035",13,"H0035","f",1,669.166666666667,22
"830","HM_H0035_22_Yellow.xlsx","action_words","動作語","HM","H0035",7,"H0035","f",1,669.166666666667,22
"831","HM_H0035_22_Yellow.xlsx","time_words","時間についてのことば","HM","H0035",0,"H0035","f",1,669.166666666667,22
"832","HM_H0035_22_Yellow.xlsx","descriptive_words","ようす・性質","HM","H0035",8,"H0035","f",1,669.166666666667,22
"833","HM_H0035_22_Yellow.xlsx","pronouns","代名詞","HM","H0035",1,"H0035","f",1,669.166666666667,22
"834","HM_H0035_22_Yellow.xlsx","question_words","質問のことば","HM","H0035",0,"H0035","f",1,669.166666666667,22
"835","HM_H0035_22_Yellow.xlsx","locations","位置と場所についてのことば","HM","H0035",1,"H0035","f",1,669.166666666667,22
"836","HM_H0035_22_Yellow.xlsx","quantifiers","数量をあらわすことば","HM","H0035",5,"H0035","f",1,669.166666666667,22
"837","HM_H0035_22_Yellow.xlsx","connecting_words","接続語","HM","H0035",0,"H0035","f",1,669.166666666667,22
"838","HM_H0035_22_Yellow.xlsx","sounds2","幼児語（その２）","HM","H0035",17,"H0035","f",1,669.166666666667,22
"839","HM_H0035_22_Yellow.xlsx","conversations","会話語","HM","H0035",2,"H0035","f",1,669.166666666667,22
"840","HM_H0035_22_Yellow.xlsx","others","その他","HM","H0035",5,"H0035","f",1,669.166666666667,22
"841","HM_H0036_23_Yellow.xlsx","sounds","幼児語","HM","H0036",9,"H0036","m",1,710,23
"842","HM_H0036_23_Yellow.xlsx","animals","動物の名前","HM","H0036",9,"H0036","m",1,710,23
"843","HM_H0036_23_Yellow.xlsx","vehicles","乗り物","HM","H0036",4,"H0036","m",1,710,23
"844","HM_H0036_23_Yellow.xlsx","toys","おもちゃ","HM","H0036",1,"H0036","m",1,710,23
"845","HM_H0036_23_Yellow.xlsx","food_drink","食べ物と飲み物","HM","H0036",14,"H0036","m",1,710,23
"846","HM_H0036_23_Yellow.xlsx","clothing","衣類","HM","H0036",2,"H0036","m",1,710,23
"847","HM_H0036_23_Yellow.xlsx","body_parts","体の部分","HM","H0036",11,"H0036","m",1,710,23
"848","HM_H0036_23_Yellow.xlsx","furniture_rooms","家具と部屋","HM","H0036",2,"H0036","m",1,710,23
"849","HM_H0036_23_Yellow.xlsx","household","小さな家庭用品","HM","H0036",3,"H0036","m",1,710,23
"850","HM_H0036_23_Yellow.xlsx","outside","戸外のもの","HM","H0036",1,"H0036","m",1,710,23
"851","HM_H0036_23_Yellow.xlsx","places","おでかけ","HM","H0036",0,"H0036","m",1,710,23
"852","HM_H0036_23_Yellow.xlsx","people","人々","HM","H0036",11,"H0036","m",1,710,23
"853","HM_H0036_23_Yellow.xlsx","games_routines","日課とあいさつ","HM","H0036",13,"H0036","m",1,710,23
"854","HM_H0036_23_Yellow.xlsx","action_words","動作語","HM","H0036",6,"H0036","m",1,710,23
"855","HM_H0036_23_Yellow.xlsx","time_words","時間についてのことば","HM","H0036",0,"H0036","m",1,710,23
"856","HM_H0036_23_Yellow.xlsx","descriptive_words","ようす・性質","HM","H0036",19,"H0036","m",1,710,23
"857","HM_H0036_23_Yellow.xlsx","pronouns","代名詞","HM","H0036",2,"H0036","m",1,710,23
"858","HM_H0036_23_Yellow.xlsx","question_words","質問のことば","HM","H0036",0,"H0036","m",1,710,23
"859","HM_H0036_23_Yellow.xlsx","locations","位置と場所についてのことば","HM","H0036",3,"H0036","m",1,710,23
"860","HM_H0036_23_Yellow.xlsx","quantifiers","数量をあらわすことば","HM","H0036",2,"H0036","m",1,710,23
"861","HM_H0036_23_Yellow.xlsx","connecting_words","接続語","HM","H0036",0,"H0036","m",1,710,23
"862","HM_H0036_23_Yellow.xlsx","sounds2","幼児語（その２）","HM","H0036",24,"H0036","m",1,710,23
"863","HM_H0036_23_Yellow.xlsx","conversations","会話語","HM","H0036",6,"H0036","m",1,710,23
"864","HM_H0036_23_Yellow.xlsx","others","その他","HM","H0036",7,"H0036","m",1,710,23
"865","HM_H0037_19_Yellow.xlsx","sounds","幼児語","HM","H0037",11,"H0037","f",1,588,19
"866","HM_H0037_19_Yellow.xlsx","animals","動物の名前","HM","H0037",19,"H0037","f",1,588,19
"867","HM_H0037_19_Yellow.xlsx","vehicles","乗り物","HM","H0037",3,"H0037","f",1,588,19
"868","HM_H0037_19_Yellow.xlsx","toys","おもちゃ","HM","H0037",7,"H0037","f",1,588,19
"869","HM_H0037_19_Yellow.xlsx","food_drink","食べ物と飲み物","HM","H0037",37,"H0037","f",1,588,19
"870","HM_H0037_19_Yellow.xlsx","clothing","衣類","HM","H0037",7,"H0037","f",1,588,19
"871","HM_H0037_19_Yellow.xlsx","body_parts","体の部分","HM","H0037",14,"H0037","f",1,588,19
"872","HM_H0037_19_Yellow.xlsx","furniture_rooms","家具と部屋","HM","H0037",4,"H0037","f",1,588,19
"873","HM_H0037_19_Yellow.xlsx","household","小さな家庭用品","HM","H0037",7,"H0037","f",1,588,19
"874","HM_H0037_19_Yellow.xlsx","outside","戸外のもの","HM","H0037",3,"H0037","f",1,588,19
"875","HM_H0037_19_Yellow.xlsx","places","おでかけ","HM","H0037",2,"H0037","f",1,588,19
"876","HM_H0037_19_Yellow.xlsx","people","人々","HM","H0037",10,"H0037","f",1,588,19
"877","HM_H0037_19_Yellow.xlsx","games_routines","日課とあいさつ","HM","H0037",10,"H0037","f",1,588,19
"878","HM_H0037_19_Yellow.xlsx","action_words","動作語","HM","H0037",9,"H0037","f",1,588,19
"879","HM_H0037_19_Yellow.xlsx","time_words","時間についてのことば","HM","H0037",1,"H0037","f",1,588,19
"880","HM_H0037_19_Yellow.xlsx","descriptive_words","ようす・性質","HM","H0037",18,"H0037","f",1,588,19
"881","HM_H0037_19_Yellow.xlsx","pronouns","代名詞","HM","H0037",4,"H0037","f",1,588,19
"882","HM_H0037_19_Yellow.xlsx","question_words","質問のことば","HM","H0037",0,"H0037","f",1,588,19
"883","HM_H0037_19_Yellow.xlsx","locations","位置と場所についてのことば","HM","H0037",1,"H0037","f",1,588,19
"884","HM_H0037_19_Yellow.xlsx","quantifiers","数量をあらわすことば","HM","H0037",3,"H0037","f",1,588,19
"885","HM_H0037_19_Yellow.xlsx","connecting_words","接続語","HM","H0037",0,"H0037","f",1,588,19
"886","HM_H0037_19_Yellow.xlsx","sounds2","幼児語（その２）","HM","H0037",22,"H0037","f",1,588,19
"887","HM_H0037_19_Yellow.xlsx","conversations","会話語","HM","H0037",9,"H0037","f",1,588,19
"888","HM_H0037_19_Yellow.xlsx","others","その他","HM","H0037",4,"H0037","f",1,588,19
"889","HM_H0038_18_Yellow.xlsx","sounds","幼児語","HM","H0038",7,"H0038","f",1,557,18
"890","HM_H0038_18_Yellow.xlsx","animals","動物の名前","HM","H0038",7,"H0038","f",1,557,18
"891","HM_H0038_18_Yellow.xlsx","vehicles","乗り物","HM","H0038",3,"H0038","f",1,557,18
"892","HM_H0038_18_Yellow.xlsx","toys","おもちゃ","HM","H0038",1,"H0038","f",1,557,18
"893","HM_H0038_18_Yellow.xlsx","food_drink","食べ物と飲み物","HM","H0038",18,"H0038","f",1,557,18
"894","HM_H0038_18_Yellow.xlsx","clothing","衣類","HM","H0038",4,"H0038","f",1,557,18
"895","HM_H0038_18_Yellow.xlsx","body_parts","体の部分","HM","H0038",13,"H0038","f",1,557,18
"896","HM_H0038_18_Yellow.xlsx","furniture_rooms","家具と部屋","HM","H0038",8,"H0038","f",1,557,18
"897","HM_H0038_18_Yellow.xlsx","household","小さな家庭用品","HM","H0038",3,"H0038","f",1,557,18
"898","HM_H0038_18_Yellow.xlsx","outside","戸外のもの","HM","H0038",4,"H0038","f",1,557,18
"899","HM_H0038_18_Yellow.xlsx","places","おでかけ","HM","H0038",5,"H0038","f",1,557,18
"900","HM_H0038_18_Yellow.xlsx","people","人々","HM","H0038",9,"H0038","f",1,557,18
"901","HM_H0038_18_Yellow.xlsx","games_routines","日課とあいさつ","HM","H0038",20,"H0038","f",1,557,18
"902","HM_H0038_18_Yellow.xlsx","action_words","動作語","HM","H0038",16,"H0038","f",1,557,18
"903","HM_H0038_18_Yellow.xlsx","time_words","時間についてのことば","HM","H0038",0,"H0038","f",1,557,18
"904","HM_H0038_18_Yellow.xlsx","descriptive_words","ようす・性質","HM","H0038",13,"H0038","f",1,557,18
"905","HM_H0038_18_Yellow.xlsx","pronouns","代名詞","HM","H0038",2,"H0038","f",1,557,18
"906","HM_H0038_18_Yellow.xlsx","question_words","質問のことば","HM","H0038",0,"H0038","f",1,557,18
"907","HM_H0038_18_Yellow.xlsx","locations","位置と場所についてのことば","HM","H0038",3,"H0038","f",1,557,18
"908","HM_H0038_18_Yellow.xlsx","quantifiers","数量をあらわすことば","HM","H0038",3,"H0038","f",1,557,18
"909","HM_H0038_18_Yellow.xlsx","connecting_words","接続語","HM","H0038",0,"H0038","f",1,557,18
"910","HM_H0038_18_Yellow.xlsx","sounds2","幼児語（その２）","HM","H0038",14,"H0038","f",1,557,18
"911","HM_H0038_18_Yellow.xlsx","conversations","会話語","HM","H0038",5,"H0038","f",1,557,18
"912","HM_H0038_18_Yellow.xlsx","others","その他","HM","H0038",5,"H0038","f",1,557,18
"913","HM_H0039_23_Yellow.xlsx","sounds","幼児語","HM","H0039",7,"H0039","f",1,718,23
"914","HM_H0039_23_Yellow.xlsx","animals","動物の名前","HM","H0039",2,"H0039","f",1,718,23
"915","HM_H0039_23_Yellow.xlsx","vehicles","乗り物","HM","H0039",0,"H0039","f",1,718,23
"916","HM_H0039_23_Yellow.xlsx","toys","おもちゃ","HM","H0039",0,"H0039","f",1,718,23
"917","HM_H0039_23_Yellow.xlsx","food_drink","食べ物と飲み物","HM","H0039",2,"H0039","f",1,718,23
"918","HM_H0039_23_Yellow.xlsx","clothing","衣類","HM","H0039",0,"H0039","f",1,718,23
"919","HM_H0039_23_Yellow.xlsx","body_parts","体の部分","HM","H0039",1,"H0039","f",1,718,23
"920","HM_H0039_23_Yellow.xlsx","furniture_rooms","家具と部屋","HM","H0039",0,"H0039","f",1,718,23
"921","HM_H0039_23_Yellow.xlsx","household","小さな家庭用品","HM","H0039",0,"H0039","f",1,718,23
"922","HM_H0039_23_Yellow.xlsx","outside","戸外のもの","HM","H0039",0,"H0039","f",1,718,23
"923","HM_H0039_23_Yellow.xlsx","places","おでかけ","HM","H0039",0,"H0039","f",1,718,23
"924","HM_H0039_23_Yellow.xlsx","people","人々","HM","H0039",7,"H0039","f",1,718,23
"925","HM_H0039_23_Yellow.xlsx","games_routines","日課とあいさつ","HM","H0039",7,"H0039","f",1,718,23
"926","HM_H0039_23_Yellow.xlsx","action_words","動作語","HM","H0039",0,"H0039","f",1,718,23
"927","HM_H0039_23_Yellow.xlsx","time_words","時間についてのことば","HM","H0039",0,"H0039","f",1,718,23
"928","HM_H0039_23_Yellow.xlsx","descriptive_words","ようす・性質","HM","H0039",2,"H0039","f",1,718,23
"929","HM_H0039_23_Yellow.xlsx","pronouns","代名詞","HM","H0039",1,"H0039","f",1,718,23
"930","HM_H0039_23_Yellow.xlsx","question_words","質問のことば","HM","H0039",0,"H0039","f",1,718,23
"931","HM_H0039_23_Yellow.xlsx","locations","位置と場所についてのことば","HM","H0039",0,"H0039","f",1,718,23
"932","HM_H0039_23_Yellow.xlsx","quantifiers","数量をあらわすことば","HM","H0039",0,"H0039","f",1,718,23
"933","HM_H0039_23_Yellow.xlsx","connecting_words","接続語","HM","H0039",0,"H0039","f",1,718,23
"934","HM_H0039_23_Yellow.xlsx","sounds2","幼児語（その２）","HM","H0039",3,"H0039","f",1,718,23
"935","HM_H0039_23_Yellow.xlsx","conversations","会話語","HM","H0039",0,"H0039","f",1,718,23
"936","HM_H0039_23_Yellow.xlsx","others","その他","HM","H0039",0,"H0039","f",1,718,23
"937","HM_H0040_19_Yellow.xlsx","sounds","幼児語","HM","H0040",2,"H0040","m",1,593,19
"938","HM_H0040_19_Yellow.xlsx","animals","動物の名前","HM","H0040",0,"H0040","m",1,593,19
"939","HM_H0040_19_Yellow.xlsx","vehicles","乗り物","HM","H0040",0,"H0040","m",1,593,19
"940","HM_H0040_19_Yellow.xlsx","toys","おもちゃ","HM","H0040",0,"H0040","m",1,593,19
"941","HM_H0040_19_Yellow.xlsx","food_drink","食べ物と飲み物","HM","H0040",0,"H0040","m",1,593,19
"942","HM_H0040_19_Yellow.xlsx","clothing","衣類","HM","H0040",0,"H0040","m",1,593,19
"943","HM_H0040_19_Yellow.xlsx","body_parts","体の部分","HM","H0040",0,"H0040","m",1,593,19
"944","HM_H0040_19_Yellow.xlsx","furniture_rooms","家具と部屋","HM","H0040",0,"H0040","m",1,593,19
"945","HM_H0040_19_Yellow.xlsx","household","小さな家庭用品","HM","H0040",0,"H0040","m",1,593,19
"946","HM_H0040_19_Yellow.xlsx","outside","戸外のもの","HM","H0040",0,"H0040","m",1,593,19
"947","HM_H0040_19_Yellow.xlsx","places","おでかけ","HM","H0040",0,"H0040","m",1,593,19
"948","HM_H0040_19_Yellow.xlsx","people","人々","HM","H0040",2,"H0040","m",1,593,19
"949","HM_H0040_19_Yellow.xlsx","games_routines","日課とあいさつ","HM","H0040",4,"H0040","m",1,593,19
"950","HM_H0040_19_Yellow.xlsx","action_words","動作語","HM","H0040",0,"H0040","m",1,593,19
"951","HM_H0040_19_Yellow.xlsx","time_words","時間についてのことば","HM","H0040",0,"H0040","m",1,593,19
"952","HM_H0040_19_Yellow.xlsx","descriptive_words","ようす・性質","HM","H0040",0,"H0040","m",1,593,19
"953","HM_H0040_19_Yellow.xlsx","pronouns","代名詞","HM","H0040",0,"H0040","m",1,593,19
"954","HM_H0040_19_Yellow.xlsx","question_words","質問のことば","HM","H0040",0,"H0040","m",1,593,19
"955","HM_H0040_19_Yellow.xlsx","locations","位置と場所についてのことば","HM","H0040",0,"H0040","m",1,593,19
"956","HM_H0040_19_Yellow.xlsx","quantifiers","数量をあらわすことば","HM","H0040",0,"H0040","m",1,593,19
"957","HM_H0040_19_Yellow.xlsx","connecting_words","接続語","HM","H0040",0,"H0040","m",1,593,19
"958","HM_H0040_19_Yellow.xlsx","sounds2","幼児語（その２）","HM","H0040",3,"H0040","m",1,593,19
"959","HM_H0040_19_Yellow.xlsx","conversations","会話語","HM","H0040",0,"H0040","m",1,593,19
"960","HM_H0040_19_Yellow.xlsx","others","その他","HM","H0040",0,"H0040","m",1,593,19
"961","HM_H0041_17_Yellow.xlsx","sounds","幼児語","HM","H0041",3,"H0041","f",1,542,17
"962","HM_H0041_17_Yellow.xlsx","animals","動物の名前","HM","H0041",0,"H0041","f",1,542,17
"963","HM_H0041_17_Yellow.xlsx","vehicles","乗り物","HM","H0041",0,"H0041","f",1,542,17
"964","HM_H0041_17_Yellow.xlsx","toys","おもちゃ","HM","H0041",0,"H0041","f",1,542,17
"965","HM_H0041_17_Yellow.xlsx","food_drink","食べ物と飲み物","HM","H0041",1,"H0041","f",1,542,17
"966","HM_H0041_17_Yellow.xlsx","clothing","衣類","HM","H0041",1,"H0041","f",1,542,17
"967","HM_H0041_17_Yellow.xlsx","body_parts","体の部分","HM","H0041",0,"H0041","f",1,542,17
"968","HM_H0041_17_Yellow.xlsx","furniture_rooms","家具と部屋","HM","H0041",0,"H0041","f",1,542,17
"969","HM_H0041_17_Yellow.xlsx","household","小さな家庭用品","HM","H0041",0,"H0041","f",1,542,17
"970","HM_H0041_17_Yellow.xlsx","outside","戸外のもの","HM","H0041",0,"H0041","f",1,542,17
"971","HM_H0041_17_Yellow.xlsx","places","おでかけ","HM","H0041",0,"H0041","f",1,542,17
"972","HM_H0041_17_Yellow.xlsx","people","人々","HM","H0041",2,"H0041","f",1,542,17
"973","HM_H0041_17_Yellow.xlsx","games_routines","日課とあいさつ","HM","H0041",2,"H0041","f",1,542,17
"974","HM_H0041_17_Yellow.xlsx","action_words","動作語","HM","H0041",0,"H0041","f",1,542,17
"975","HM_H0041_17_Yellow.xlsx","time_words","時間についてのことば","HM","H0041",0,"H0041","f",1,542,17
"976","HM_H0041_17_Yellow.xlsx","descriptive_words","ようす・性質","HM","H0041",0,"H0041","f",1,542,17
"977","HM_H0041_17_Yellow.xlsx","pronouns","代名詞","HM","H0041",0,"H0041","f",1,542,17
"978","HM_H0041_17_Yellow.xlsx","question_words","質問のことば","HM","H0041",0,"H0041","f",1,542,17
"979","HM_H0041_17_Yellow.xlsx","locations","位置と場所についてのことば","HM","H0041",0,"H0041","f",1,542,17
"980","HM_H0041_17_Yellow.xlsx","quantifiers","数量をあらわすことば","HM","H0041",0,"H0041","f",1,542,17
"981","HM_H0041_17_Yellow.xlsx","connecting_words","接続語","HM","H0041",0,"H0041","f",1,542,17
"982","HM_H0041_17_Yellow.xlsx","sounds2","幼児語（その２）","HM","H0041",5,"H0041","f",1,542,17
"983","HM_H0041_17_Yellow.xlsx","conversations","会話語","HM","H0041",0,"H0041","f",1,542,17
"984","HM_H0041_17_Yellow.xlsx","others","その他","HM","H0041",0,"H0041","f",1,542,17
"985","HM_H0042_18_Yellow.xlsx","sounds","幼児語","HM","H0042",4,"H0042","m",1,547.5,18
"986","HM_H0042_18_Yellow.xlsx","animals","動物の名前","HM","H0042",3,"H0042","m",1,547.5,18
"987","HM_H0042_18_Yellow.xlsx","vehicles","乗り物","HM","H0042",0,"H0042","m",1,547.5,18
"988","HM_H0042_18_Yellow.xlsx","toys","おもちゃ","HM","H0042",0,"H0042","m",1,547.5,18
"989","HM_H0042_18_Yellow.xlsx","food_drink","食べ物と飲み物","HM","H0042",0,"H0042","m",1,547.5,18
"990","HM_H0042_18_Yellow.xlsx","clothing","衣類","HM","H0042",0,"H0042","m",1,547.5,18
"991","HM_H0042_18_Yellow.xlsx","body_parts","体の部分","HM","H0042",5,"H0042","m",1,547.5,18
"992","HM_H0042_18_Yellow.xlsx","furniture_rooms","家具と部屋","HM","H0042",0,"H0042","m",1,547.5,18
"993","HM_H0042_18_Yellow.xlsx","household","小さな家庭用品","HM","H0042",0,"H0042","m",1,547.5,18
"994","HM_H0042_18_Yellow.xlsx","outside","戸外のもの","HM","H0042",0,"H0042","m",1,547.5,18
"995","HM_H0042_18_Yellow.xlsx","places","おでかけ","HM","H0042",0,"H0042","m",1,547.5,18
"996","HM_H0042_18_Yellow.xlsx","people","人々","HM","H0042",4,"H0042","m",1,547.5,18
"997","HM_H0042_18_Yellow.xlsx","games_routines","日課とあいさつ","HM","H0042",4,"H0042","m",1,547.5,18
"998","HM_H0042_18_Yellow.xlsx","action_words","動作語","HM","H0042",0,"H0042","m",1,547.5,18
"999","HM_H0042_18_Yellow.xlsx","time_words","時間についてのことば","HM","H0042",0,"H0042","m",1,547.5,18
"1000","HM_H0042_18_Yellow.xlsx","descriptive_words","ようす・性質","HM","H0042",1,"H0042","m",1,547.5,18
"1001","HM_H0042_18_Yellow.xlsx","pronouns","代名詞","HM","H0042",0,"H0042","m",1,547.5,18
"1002","HM_H0042_18_Yellow.xlsx","question_words","質問のことば","HM","H0042",0,"H0042","m",1,547.5,18
"1003","HM_H0042_18_Yellow.xlsx","locations","位置と場所についてのことば","HM","H0042",0,"H0042","m",1,547.5,18
"1004","HM_H0042_18_Yellow.xlsx","quantifiers","数量をあらわすことば","HM","H0042",0,"H0042","m",1,547.5,18
"1005","HM_H0042_18_Yellow.xlsx","connecting_words","接続語","HM","H0042",0,"H0042","m",1,547.5,18
"1006","HM_H0042_18_Yellow.xlsx","sounds2","幼児語（その２）","HM","H0042",3,"H0042","m",1,547.5,18
"1007","HM_H0042_18_Yellow.xlsx","conversations","会話語","HM","H0042",0,"H0042","m",1,547.5,18
"1008","HM_H0042_18_Yellow.xlsx","others","その他","HM","H0042",0,"H0042","m",1,547.5,18
"1009","HM_H0043_21_Yellow.xlsx","sounds","幼児語","HM","H0043",9,"H0043","f",1,648,21
"1010","HM_H0043_21_Yellow.xlsx","animals","動物の名前","HM","H0043",12,"H0043","f",1,648,21
"1011","HM_H0043_21_Yellow.xlsx","vehicles","乗り物","HM","H0043",4,"H0043","f",1,648,21
"1012","HM_H0043_21_Yellow.xlsx","toys","おもちゃ","HM","H0043",8,"H0043","f",1,648,21
"1013","HM_H0043_21_Yellow.xlsx","food_drink","食べ物と飲み物","HM","H0043",15,"H0043","f",1,648,21
"1014","HM_H0043_21_Yellow.xlsx","clothing","衣類","HM","H0043",4,"H0043","f",1,648,21
"1015","HM_H0043_21_Yellow.xlsx","body_parts","体の部分","HM","H0043",12,"H0043","f",1,648,21
"1016","HM_H0043_21_Yellow.xlsx","furniture_rooms","家具と部屋","HM","H0043",5,"H0043","f",1,648,21
"1017","HM_H0043_21_Yellow.xlsx","household","小さな家庭用品","HM","H0043",8,"H0043","f",1,648,21
"1018","HM_H0043_21_Yellow.xlsx","outside","戸外のもの","HM","H0043",5,"H0043","f",1,648,21
"1019","HM_H0043_21_Yellow.xlsx","places","おでかけ","HM","H0043",4,"H0043","f",1,648,21
"1020","HM_H0043_21_Yellow.xlsx","people","人々","HM","H0043",11,"H0043","f",1,648,21
"1021","HM_H0043_21_Yellow.xlsx","games_routines","日課とあいさつ","HM","H0043",16,"H0043","f",1,648,21
"1022","HM_H0043_21_Yellow.xlsx","action_words","動作語","HM","H0043",14,"H0043","f",1,648,21
"1023","HM_H0043_21_Yellow.xlsx","time_words","時間についてのことば","HM","H0043",4,"H0043","f",1,648,21
"1024","HM_H0043_21_Yellow.xlsx","descriptive_words","ようす・性質","HM","H0043",10,"H0043","f",1,648,21
"1025","HM_H0043_21_Yellow.xlsx","pronouns","代名詞","HM","H0043",4,"H0043","f",1,648,21
"1026","HM_H0043_21_Yellow.xlsx","question_words","質問のことば","HM","H0043",1,"H0043","f",1,648,21
"1027","HM_H0043_21_Yellow.xlsx","locations","位置と場所についてのことば","HM","H0043",4,"H0043","f",1,648,21
"1028","HM_H0043_21_Yellow.xlsx","quantifiers","数量をあらわすことば","HM","H0043",6,"H0043","f",1,648,21
"1029","HM_H0043_21_Yellow.xlsx","connecting_words","接続語","HM","H0043",0,"H0043","f",1,648,21
"1030","HM_H0043_21_Yellow.xlsx","sounds2","幼児語（その２）","HM","H0043",6,"H0043","f",1,648,21
"1031","HM_H0043_21_Yellow.xlsx","conversations","会話語","HM","H0043",5,"H0043","f",1,648,21
"1032","HM_H0043_21_Yellow.xlsx","others","その他","HM","H0043",2,"H0043","f",1,648,21
"1033","HM_H0044_18_Yellow.xlsx","sounds","幼児語","HM","H0044",5,"H0044","m",1,555,18
"1034","HM_H0044_18_Yellow.xlsx","animals","動物の名前","HM","H0044",3,"H0044","m",1,555,18
"1035","HM_H0044_18_Yellow.xlsx","vehicles","乗り物","HM","H0044",1,"H0044","m",1,555,18
"1036","HM_H0044_18_Yellow.xlsx","toys","おもちゃ","HM","H0044",1,"H0044","m",1,555,18
"1037","HM_H0044_18_Yellow.xlsx","food_drink","食べ物と飲み物","HM","H0044",2,"H0044","m",1,555,18
"1038","HM_H0044_18_Yellow.xlsx","clothing","衣類","HM","H0044",3,"H0044","m",1,555,18
"1039","HM_H0044_18_Yellow.xlsx","body_parts","体の部分","HM","H0044",5,"H0044","m",1,555,18
"1040","HM_H0044_18_Yellow.xlsx","furniture_rooms","家具と部屋","HM","H0044",0,"H0044","m",1,555,18
"1041","HM_H0044_18_Yellow.xlsx","household","小さな家庭用品","HM","H0044",0,"H0044","m",1,555,18
"1042","HM_H0044_18_Yellow.xlsx","outside","戸外のもの","HM","H0044",2,"H0044","m",1,555,18
"1043","HM_H0044_18_Yellow.xlsx","places","おでかけ","HM","H0044",0,"H0044","m",1,555,18
"1044","HM_H0044_18_Yellow.xlsx","people","人々","HM","H0044",3,"H0044","m",1,555,18
"1045","HM_H0044_18_Yellow.xlsx","games_routines","日課とあいさつ","HM","H0044",3,"H0044","m",1,555,18
"1046","HM_H0044_18_Yellow.xlsx","action_words","動作語","HM","H0044",0,"H0044","m",1,555,18
"1047","HM_H0044_18_Yellow.xlsx","time_words","時間についてのことば","HM","H0044",0,"H0044","m",1,555,18
"1048","HM_H0044_18_Yellow.xlsx","descriptive_words","ようす・性質","HM","H0044",0,"H0044","m",1,555,18
"1049","HM_H0044_18_Yellow.xlsx","pronouns","代名詞","HM","H0044",1,"H0044","m",1,555,18
"1050","HM_H0044_18_Yellow.xlsx","question_words","質問のことば","HM","H0044",0,"H0044","m",1,555,18
"1051","HM_H0044_18_Yellow.xlsx","locations","位置と場所についてのことば","HM","H0044",0,"H0044","m",1,555,18
"1052","HM_H0044_18_Yellow.xlsx","quantifiers","数量をあらわすことば","HM","H0044",0,"H0044","m",1,555,18
"1053","HM_H0044_18_Yellow.xlsx","connecting_words","接続語","HM","H0044",0,"H0044","m",1,555,18
"1054","HM_H0044_18_Yellow.xlsx","sounds2","幼児語（その２）","HM","H0044",8,"H0044","m",1,555,18
"1055","HM_H0044_18_Yellow.xlsx","conversations","会話語","HM","H0044",1,"H0044","m",1,555,18
"1056","HM_H0044_18_Yellow.xlsx","others","その他","HM","H0044",1,"H0044","m",1,555,18
"1057","HM_H0045_22_Yellow.xlsx","sounds","幼児語","HM","H0045",7,"H0045","m",1,677,22
"1058","HM_H0045_22_Yellow.xlsx","animals","動物の名前","HM","H0045",4,"H0045","m",1,677,22
"1059","HM_H0045_22_Yellow.xlsx","vehicles","乗り物","HM","H0045",1,"H0045","m",1,677,22
"1060","HM_H0045_22_Yellow.xlsx","toys","おもちゃ","HM","H0045",0,"H0045","m",1,677,22
"1061","HM_H0045_22_Yellow.xlsx","food_drink","食べ物と飲み物","HM","H0045",9,"H0045","m",1,677,22
"1062","HM_H0045_22_Yellow.xlsx","clothing","衣類","HM","H0045",1,"H0045","m",1,677,22
"1063","HM_H0045_22_Yellow.xlsx","body_parts","体の部分","HM","H0045",5,"H0045","m",1,677,22
"1064","HM_H0045_22_Yellow.xlsx","furniture_rooms","家具と部屋","HM","H0045",0,"H0045","m",1,677,22
"1065","HM_H0045_22_Yellow.xlsx","household","小さな家庭用品","HM","H0045",0,"H0045","m",1,677,22
"1066","HM_H0045_22_Yellow.xlsx","outside","戸外のもの","HM","H0045",1,"H0045","m",1,677,22
"1067","HM_H0045_22_Yellow.xlsx","places","おでかけ","HM","H0045",0,"H0045","m",1,677,22
"1068","HM_H0045_22_Yellow.xlsx","people","人々","HM","H0045",2,"H0045","m",1,677,22
"1069","HM_H0045_22_Yellow.xlsx","games_routines","日課とあいさつ","HM","H0045",4,"H0045","m",1,677,22
"1070","HM_H0045_22_Yellow.xlsx","action_words","動作語","HM","H0045",0,"H0045","m",1,677,22
"1071","HM_H0045_22_Yellow.xlsx","time_words","時間についてのことば","HM","H0045",0,"H0045","m",1,677,22
"1072","HM_H0045_22_Yellow.xlsx","descriptive_words","ようす・性質","HM","H0045",7,"H0045","m",1,677,22
"1073","HM_H0045_22_Yellow.xlsx","pronouns","代名詞","HM","H0045",3,"H0045","m",1,677,22
"1074","HM_H0045_22_Yellow.xlsx","question_words","質問のことば","HM","H0045",0,"H0045","m",1,677,22
"1075","HM_H0045_22_Yellow.xlsx","locations","位置と場所についてのことば","HM","H0045",0,"H0045","m",1,677,22
"1076","HM_H0045_22_Yellow.xlsx","quantifiers","数量をあらわすことば","HM","H0045",2,"H0045","m",1,677,22
"1077","HM_H0045_22_Yellow.xlsx","connecting_words","接続語","HM","H0045",0,"H0045","m",1,677,22
"1078","HM_H0045_22_Yellow.xlsx","sounds2","幼児語（その２）","HM","H0045",11,"H0045","m",1,677,22
"1079","HM_H0045_22_Yellow.xlsx","conversations","会話語","HM","H0045",5,"H0045","m",1,677,22
"1080","HM_H0045_22_Yellow.xlsx","others","その他","HM","H0045",3,"H0045","m",1,677,22
"1081","HM_H0046_22_Yellow.xlsx","sounds","幼児語","HM","H0046",10,"H0046","f",1,680,22
"1082","HM_H0046_22_Yellow.xlsx","animals","動物の名前","HM","H0046",22,"H0046","f",1,680,22
"1083","HM_H0046_22_Yellow.xlsx","vehicles","乗り物","HM","H0046",3,"H0046","f",1,680,22
"1084","HM_H0046_22_Yellow.xlsx","toys","おもちゃ","HM","H0046",7,"H0046","f",1,680,22
"1085","HM_H0046_22_Yellow.xlsx","food_drink","食べ物と飲み物","HM","H0046",30,"H0046","f",1,680,22
"1086","HM_H0046_22_Yellow.xlsx","clothing","衣類","HM","H0046",4,"H0046","f",1,680,22
"1087","HM_H0046_22_Yellow.xlsx","body_parts","体の部分","HM","H0046",15,"H0046","f",1,680,22
"1088","HM_H0046_22_Yellow.xlsx","furniture_rooms","家具と部屋","HM","H0046",4,"H0046","f",1,680,22
"1089","HM_H0046_22_Yellow.xlsx","household","小さな家庭用品","HM","H0046",16,"H0046","f",1,680,22
"1090","HM_H0046_22_Yellow.xlsx","outside","戸外のもの","HM","H0046",8,"H0046","f",1,680,22
"1091","HM_H0046_22_Yellow.xlsx","places","おでかけ","HM","H0046",1,"H0046","f",1,680,22
"1092","HM_H0046_22_Yellow.xlsx","people","人々","HM","H0046",7,"H0046","f",1,680,22
"1093","HM_H0046_22_Yellow.xlsx","games_routines","日課とあいさつ","HM","H0046",12,"H0046","f",1,680,22
"1094","HM_H0046_22_Yellow.xlsx","action_words","動作語","HM","H0046",8,"H0046","f",1,680,22
"1095","HM_H0046_22_Yellow.xlsx","time_words","時間についてのことば","HM","H0046",4,"H0046","f",1,680,22
"1096","HM_H0046_22_Yellow.xlsx","descriptive_words","ようす・性質","HM","H0046",15,"H0046","f",1,680,22
"1097","HM_H0046_22_Yellow.xlsx","pronouns","代名詞","HM","H0046",4,"H0046","f",1,680,22
"1098","HM_H0046_22_Yellow.xlsx","question_words","質問のことば","HM","H0046",2,"H0046","f",1,680,22
"1099","HM_H0046_22_Yellow.xlsx","locations","位置と場所についてのことば","HM","H0046",1,"H0046","f",1,680,22
"1100","HM_H0046_22_Yellow.xlsx","quantifiers","数量をあらわすことば","HM","H0046",7,"H0046","f",1,680,22
"1101","HM_H0046_22_Yellow.xlsx","connecting_words","接続語","HM","H0046",0,"H0046","f",1,680,22
"1102","HM_H0046_22_Yellow.xlsx","sounds2","幼児語（その２）","HM","H0046",18,"H0046","f",1,680,22
"1103","HM_H0046_22_Yellow.xlsx","conversations","会話語","HM","H0046",2,"H0046","f",1,680,22
"1104","HM_H0046_22_Yellow.xlsx","others","その他","HM","H0046",3,"H0046","f",1,680,22
"1105","HM_H0047_23_Yellow.xlsx","sounds","幼児語","HM","H0047",10,"H0047","f",1,730,23
"1106","HM_H0047_23_Yellow.xlsx","animals","動物の名前","HM","H0047",22,"H0047","f",1,730,23
"1107","HM_H0047_23_Yellow.xlsx","vehicles","乗り物","HM","H0047",6,"H0047","f",1,730,23
"1108","HM_H0047_23_Yellow.xlsx","toys","おもちゃ","HM","H0047",2,"H0047","f",1,730,23
"1109","HM_H0047_23_Yellow.xlsx","food_drink","食べ物と飲み物","HM","H0047",25,"H0047","f",1,730,23
"1110","HM_H0047_23_Yellow.xlsx","clothing","衣類","HM","H0047",4,"H0047","f",1,730,23
"1111","HM_H0047_23_Yellow.xlsx","body_parts","体の部分","HM","H0047",10,"H0047","f",1,730,23
"1112","HM_H0047_23_Yellow.xlsx","furniture_rooms","家具と部屋","HM","H0047",3,"H0047","f",1,730,23
"1113","HM_H0047_23_Yellow.xlsx","household","小さな家庭用品","HM","H0047",2,"H0047","f",1,730,23
"1114","HM_H0047_23_Yellow.xlsx","outside","戸外のもの","HM","H0047",4,"H0047","f",1,730,23
"1115","HM_H0047_23_Yellow.xlsx","places","おでかけ","HM","H0047",3,"H0047","f",1,730,23
"1116","HM_H0047_23_Yellow.xlsx","people","人々","HM","H0047",10,"H0047","f",1,730,23
"1117","HM_H0047_23_Yellow.xlsx","games_routines","日課とあいさつ","HM","H0047",14,"H0047","f",1,730,23
"1118","HM_H0047_23_Yellow.xlsx","action_words","動作語","HM","H0047",9,"H0047","f",1,730,23
"1119","HM_H0047_23_Yellow.xlsx","time_words","時間についてのことば","HM","H0047",0,"H0047","f",1,730,23
"1120","HM_H0047_23_Yellow.xlsx","descriptive_words","ようす・性質","HM","H0047",14,"H0047","f",1,730,23
"1121","HM_H0047_23_Yellow.xlsx","pronouns","代名詞","HM","H0047",2,"H0047","f",1,730,23
"1122","HM_H0047_23_Yellow.xlsx","question_words","質問のことば","HM","H0047",1,"H0047","f",1,730,23
"1123","HM_H0047_23_Yellow.xlsx","locations","位置と場所についてのことば","HM","H0047",1,"H0047","f",1,730,23
"1124","HM_H0047_23_Yellow.xlsx","quantifiers","数量をあらわすことば","HM","H0047",4,"H0047","f",1,730,23
"1125","HM_H0047_23_Yellow.xlsx","connecting_words","接続語","HM","H0047",0,"H0047","f",1,730,23
"1126","HM_H0047_23_Yellow.xlsx","sounds2","幼児語（その２）","HM","H0047",14,"H0047","f",1,730,23
"1127","HM_H0047_23_Yellow.xlsx","conversations","会話語","HM","H0047",5,"H0047","f",1,730,23
"1128","HM_H0047_23_Yellow.xlsx","others","その他","HM","H0047",4,"H0047","f",1,730,23
"1129","HM_H0048_23_Yellow.xlsx","sounds","幼児語","HM","H0048",9,"H0048","m",1,726,23
"1130","HM_H0048_23_Yellow.xlsx","animals","動物の名前","HM","H0048",20,"H0048","m",1,726,23
"1131","HM_H0048_23_Yellow.xlsx","vehicles","乗り物","HM","H0048",4,"H0048","m",1,726,23
"1132","HM_H0048_23_Yellow.xlsx","toys","おもちゃ","HM","H0048",3,"H0048","m",1,726,23
"1133","HM_H0048_23_Yellow.xlsx","food_drink","食べ物と飲み物","HM","H0048",26,"H0048","m",1,726,23
"1134","HM_H0048_23_Yellow.xlsx","clothing","衣類","HM","H0048",3,"H0048","m",1,726,23
"1135","HM_H0048_23_Yellow.xlsx","body_parts","体の部分","HM","H0048",17,"H0048","m",1,726,23
"1136","HM_H0048_23_Yellow.xlsx","furniture_rooms","家具と部屋","HM","H0048",4,"H0048","m",1,726,23
"1137","HM_H0048_23_Yellow.xlsx","household","小さな家庭用品","HM","H0048",11,"H0048","m",1,726,23
"1138","HM_H0048_23_Yellow.xlsx","outside","戸外のもの","HM","H0048",5,"H0048","m",1,726,23
"1139","HM_H0048_23_Yellow.xlsx","places","おでかけ","HM","H0048",4,"H0048","m",1,726,23
"1140","HM_H0048_23_Yellow.xlsx","people","人々","HM","H0048",14,"H0048","m",1,726,23
"1141","HM_H0048_23_Yellow.xlsx","games_routines","日課とあいさつ","HM","H0048",24,"H0048","m",1,726,23
"1142","HM_H0048_23_Yellow.xlsx","action_words","動作語","HM","H0048",14,"H0048","m",1,726,23
"1143","HM_H0048_23_Yellow.xlsx","time_words","時間についてのことば","HM","H0048",3,"H0048","m",1,726,23
"1144","HM_H0048_23_Yellow.xlsx","descriptive_words","ようす・性質","HM","H0048",14,"H0048","m",1,726,23
"1145","HM_H0048_23_Yellow.xlsx","pronouns","代名詞","HM","H0048",10,"H0048","m",1,726,23
"1146","HM_H0048_23_Yellow.xlsx","question_words","質問のことば","HM","H0048",2,"H0048","m",1,726,23
"1147","HM_H0048_23_Yellow.xlsx","locations","位置と場所についてのことば","HM","H0048",1,"H0048","m",1,726,23
"1148","HM_H0048_23_Yellow.xlsx","quantifiers","数量をあらわすことば","HM","H0048",2,"H0048","m",1,726,23
"1149","HM_H0048_23_Yellow.xlsx","connecting_words","接続語","HM","H0048",0,"H0048","m",1,726,23
"1150","HM_H0048_23_Yellow.xlsx","sounds2","幼児語（その２）","HM","H0048",17,"H0048","m",1,726,23
"1151","HM_H0048_23_Yellow.xlsx","conversations","会話語","HM","H0048",5,"H0048","m",1,726,23
"1152","HM_H0048_23_Yellow.xlsx","others","その他","HM","H0048",5,"H0048","m",1,726,23
"1153","HM_H0049_24_Yellow.xlsx","sounds","幼児語","HM","H0049",4,"H0049","m",1,730,24
"1154","HM_H0049_24_Yellow.xlsx","animals","動物の名前","HM","H0049",1,"H0049","m",1,730,24
"1155","HM_H0049_24_Yellow.xlsx","vehicles","乗り物","HM","H0049",0,"H0049","m",1,730,24
"1156","HM_H0049_24_Yellow.xlsx","toys","おもちゃ","HM","H0049",2,"H0049","m",1,730,24
"1157","HM_H0049_24_Yellow.xlsx","food_drink","食べ物と飲み物","HM","H0049",2,"H0049","m",1,730,24
"1158","HM_H0049_24_Yellow.xlsx","clothing","衣類","HM","H0049",0,"H0049","m",1,730,24
"1159","HM_H0049_24_Yellow.xlsx","body_parts","体の部分","HM","H0049",3,"H0049","m",1,730,24
"1160","HM_H0049_24_Yellow.xlsx","furniture_rooms","家具と部屋","HM","H0049",0,"H0049","m",1,730,24
"1161","HM_H0049_24_Yellow.xlsx","household","小さな家庭用品","HM","H0049",0,"H0049","m",1,730,24
"1162","HM_H0049_24_Yellow.xlsx","outside","戸外のもの","HM","H0049",1,"H0049","m",1,730,24
"1163","HM_H0049_24_Yellow.xlsx","places","おでかけ","HM","H0049",0,"H0049","m",1,730,24
"1164","HM_H0049_24_Yellow.xlsx","people","人々","HM","H0049",5,"H0049","m",1,730,24
"1165","HM_H0049_24_Yellow.xlsx","games_routines","日課とあいさつ","HM","H0049",5,"H0049","m",1,730,24
"1166","HM_H0049_24_Yellow.xlsx","action_words","動作語","HM","H0049",1,"H0049","m",1,730,24
"1167","HM_H0049_24_Yellow.xlsx","time_words","時間についてのことば","HM","H0049",0,"H0049","m",1,730,24
"1168","HM_H0049_24_Yellow.xlsx","descriptive_words","ようす・性質","HM","H0049",2,"H0049","m",1,730,24
"1169","HM_H0049_24_Yellow.xlsx","pronouns","代名詞","HM","H0049",0,"H0049","m",1,730,24
"1170","HM_H0049_24_Yellow.xlsx","question_words","質問のことば","HM","H0049",1,"H0049","m",1,730,24
"1171","HM_H0049_24_Yellow.xlsx","locations","位置と場所についてのことば","HM","H0049",0,"H0049","m",1,730,24
"1172","HM_H0049_24_Yellow.xlsx","quantifiers","数量をあらわすことば","HM","H0049",0,"H0049","m",1,730,24
"1173","HM_H0049_24_Yellow.xlsx","connecting_words","接続語","HM","H0049",0,"H0049","m",1,730,24
"1174","HM_H0049_24_Yellow.xlsx","sounds2","幼児語（その２）","HM","H0049",3,"H0049","m",1,730,24
"1175","HM_H0049_24_Yellow.xlsx","conversations","会話語","HM","H0049",2,"H0049","m",1,730,24
"1176","HM_H0049_24_Yellow.xlsx","others","その他","HM","H0049",1,"H0049","m",1,730,24
"1177","HM_H0050_19_Yellow.xlsx","sounds","幼児語","HM","H0050",1,"H0050","m",1,590,19
"1178","HM_H0050_19_Yellow.xlsx","animals","動物の名前","HM","H0050",4,"H0050","m",1,590,19
"1179","HM_H0050_19_Yellow.xlsx","vehicles","乗り物","HM","H0050",2,"H0050","m",1,590,19
"1180","HM_H0050_19_Yellow.xlsx","toys","おもちゃ","HM","H0050",5,"H0050","m",1,590,19
"1181","HM_H0050_19_Yellow.xlsx","food_drink","食べ物と飲み物","HM","H0050",11,"H0050","m",1,590,19
"1182","HM_H0050_19_Yellow.xlsx","clothing","衣類","HM","H0050",7,"H0050","m",1,590,19
"1183","HM_H0050_19_Yellow.xlsx","body_parts","体の部分","HM","H0050",15,"H0050","m",1,590,19
"1184","HM_H0050_19_Yellow.xlsx","furniture_rooms","家具と部屋","HM","H0050",7,"H0050","m",1,590,19
"1185","HM_H0050_19_Yellow.xlsx","household","小さな家庭用品","HM","H0050",13,"H0050","m",1,590,19
"1186","HM_H0050_19_Yellow.xlsx","outside","戸外のもの","HM","H0050",8,"H0050","m",1,590,19
"1187","HM_H0050_19_Yellow.xlsx","places","おでかけ","HM","H0050",1,"H0050","m",1,590,19
"1188","HM_H0050_19_Yellow.xlsx","people","人々","HM","H0050",5,"H0050","m",1,590,19
"1189","HM_H0050_19_Yellow.xlsx","games_routines","日課とあいさつ","HM","H0050",21,"H0050","m",1,590,19
"1190","HM_H0050_19_Yellow.xlsx","action_words","動作語","HM","H0050",9,"H0050","m",1,590,19
"1191","HM_H0050_19_Yellow.xlsx","time_words","時間についてのことば","HM","H0050",0,"H0050","m",1,590,19
"1192","HM_H0050_19_Yellow.xlsx","descriptive_words","ようす・性質","HM","H0050",4,"H0050","m",1,590,19
"1193","HM_H0050_19_Yellow.xlsx","pronouns","代名詞","HM","H0050",0,"H0050","m",1,590,19
"1194","HM_H0050_19_Yellow.xlsx","question_words","質問のことば","HM","H0050",0,"H0050","m",1,590,19
"1195","HM_H0050_19_Yellow.xlsx","locations","位置と場所についてのことば","HM","H0050",0,"H0050","m",1,590,19
"1196","HM_H0050_19_Yellow.xlsx","quantifiers","数量をあらわすことば","HM","H0050",2,"H0050","m",1,590,19
"1197","HM_H0050_19_Yellow.xlsx","connecting_words","接続語","HM","H0050",0,"H0050","m",1,590,19
"1198","HM_H0050_19_Yellow.xlsx","sounds2","幼児語（その２）","HM","H0050",5,"H0050","m",1,590,19
"1199","HM_H0050_19_Yellow.xlsx","conversations","会話語","HM","H0050",3,"H0050","m",1,590,19
"1200","HM_H0050_19_Yellow.xlsx","others","その他","HM","H0050",1,"H0050","m",1,590,19
"1201","HM_H0051_19_Yellow.xlsx","sounds","幼児語","HM","H0051",6,"H0051","m",1,585,19
"1202","HM_H0051_19_Yellow.xlsx","animals","動物の名前","HM","H0051",6,"H0051","m",1,585,19
"1203","HM_H0051_19_Yellow.xlsx","vehicles","乗り物","HM","H0051",7,"H0051","m",1,585,19
"1204","HM_H0051_19_Yellow.xlsx","toys","おもちゃ","HM","H0051",2,"H0051","m",1,585,19
"1205","HM_H0051_19_Yellow.xlsx","food_drink","食べ物と飲み物","HM","H0051",18,"H0051","m",1,585,19
"1206","HM_H0051_19_Yellow.xlsx","clothing","衣類","HM","H0051",3,"H0051","m",1,585,19
"1207","HM_H0051_19_Yellow.xlsx","body_parts","体の部分","HM","H0051",12,"H0051","m",1,585,19
"1208","HM_H0051_19_Yellow.xlsx","furniture_rooms","家具と部屋","HM","H0051",3,"H0051","m",1,585,19
"1209","HM_H0051_19_Yellow.xlsx","household","小さな家庭用品","HM","H0051",4,"H0051","m",1,585,19
"1210","HM_H0051_19_Yellow.xlsx","outside","戸外のもの","HM","H0051",3,"H0051","m",1,585,19
"1211","HM_H0051_19_Yellow.xlsx","places","おでかけ","HM","H0051",0,"H0051","m",1,585,19
"1212","HM_H0051_19_Yellow.xlsx","people","人々","HM","H0051",11,"H0051","m",1,585,19
"1213","HM_H0051_19_Yellow.xlsx","games_routines","日課とあいさつ","HM","H0051",15,"H0051","m",1,585,19
"1214","HM_H0051_19_Yellow.xlsx","action_words","動作語","HM","H0051",9,"H0051","m",1,585,19
"1215","HM_H0051_19_Yellow.xlsx","time_words","時間についてのことば","HM","H0051",0,"H0051","m",1,585,19
"1216","HM_H0051_19_Yellow.xlsx","descriptive_words","ようす・性質","HM","H0051",4,"H0051","m",1,585,19
"1217","HM_H0051_19_Yellow.xlsx","pronouns","代名詞","HM","H0051",1,"H0051","m",1,585,19
"1218","HM_H0051_19_Yellow.xlsx","question_words","質問のことば","HM","H0051",1,"H0051","m",1,585,19
"1219","HM_H0051_19_Yellow.xlsx","locations","位置と場所についてのことば","HM","H0051",0,"H0051","m",1,585,19
"1220","HM_H0051_19_Yellow.xlsx","quantifiers","数量をあらわすことば","HM","H0051",1,"H0051","m",1,585,19
"1221","HM_H0051_19_Yellow.xlsx","connecting_words","接続語","HM","H0051",0,"H0051","m",1,585,19
"1222","HM_H0051_19_Yellow.xlsx","sounds2","幼児語（その２）","HM","H0051",14,"H0051","m",1,585,19
"1223","HM_H0051_19_Yellow.xlsx","conversations","会話語","HM","H0051",5,"H0051","m",1,585,19
"1224","HM_H0051_19_Yellow.xlsx","others","その他","HM","H0051",6,"H0051","m",1,585,19
"1225","HM_H0052_22_Yellow.xlsx","sounds","幼児語","HM","H0052",6,"H0052","m",1,669.166666666667,22
"1226","HM_H0052_22_Yellow.xlsx","animals","動物の名前","HM","H0052",2,"H0052","m",1,669.166666666667,22
"1227","HM_H0052_22_Yellow.xlsx","vehicles","乗り物","HM","H0052",2,"H0052","m",1,669.166666666667,22
"1228","HM_H0052_22_Yellow.xlsx","toys","おもちゃ","HM","H0052",0,"H0052","m",1,669.166666666667,22
"1229","HM_H0052_22_Yellow.xlsx","food_drink","食べ物と飲み物","HM","H0052",2,"H0052","m",1,669.166666666667,22
"1230","HM_H0052_22_Yellow.xlsx","clothing","衣類","HM","H0052",2,"H0052","m",1,669.166666666667,22
"1231","HM_H0052_22_Yellow.xlsx","body_parts","体の部分","HM","H0052",4,"H0052","m",1,669.166666666667,22
"1232","HM_H0052_22_Yellow.xlsx","furniture_rooms","家具と部屋","HM","H0052",0,"H0052","m",1,669.166666666667,22
"1233","HM_H0052_22_Yellow.xlsx","household","小さな家庭用品","HM","H0052",0,"H0052","m",1,669.166666666667,22
"1234","HM_H0052_22_Yellow.xlsx","outside","戸外のもの","HM","H0052",0,"H0052","m",1,669.166666666667,22
"1235","HM_H0052_22_Yellow.xlsx","places","おでかけ","HM","H0052",0,"H0052","m",1,669.166666666667,22
"1236","HM_H0052_22_Yellow.xlsx","people","人々","HM","H0052",5,"H0052","m",1,669.166666666667,22
"1237","HM_H0052_22_Yellow.xlsx","games_routines","日課とあいさつ","HM","H0052",8,"H0052","m",1,669.166666666667,22
"1238","HM_H0052_22_Yellow.xlsx","action_words","動作語","HM","H0052",0,"H0052","m",1,669.166666666667,22
"1239","HM_H0052_22_Yellow.xlsx","time_words","時間についてのことば","HM","H0052",0,"H0052","m",1,669.166666666667,22
"1240","HM_H0052_22_Yellow.xlsx","descriptive_words","ようす・性質","HM","H0052",3,"H0052","m",1,669.166666666667,22
"1241","HM_H0052_22_Yellow.xlsx","pronouns","代名詞","HM","H0052",0,"H0052","m",1,669.166666666667,22
"1242","HM_H0052_22_Yellow.xlsx","question_words","質問のことば","HM","H0052",0,"H0052","m",1,669.166666666667,22
"1243","HM_H0052_22_Yellow.xlsx","locations","位置と場所についてのことば","HM","H0052",0,"H0052","m",1,669.166666666667,22
"1244","HM_H0052_22_Yellow.xlsx","quantifiers","数量をあらわすことば","HM","H0052",0,"H0052","m",1,669.166666666667,22
"1245","HM_H0052_22_Yellow.xlsx","connecting_words","接続語","HM","H0052",0,"H0052","m",1,669.166666666667,22
"1246","HM_H0052_22_Yellow.xlsx","sounds2","幼児語（その２）","HM","H0052",11,"H0052","m",1,669.166666666667,22
"1247","HM_H0052_22_Yellow.xlsx","conversations","会話語","HM","H0052",3,"H0052","m",1,669.166666666667,22
"1248","HM_H0052_22_Yellow.xlsx","others","その他","HM","H0052",2,"H0052","m",1,669.166666666667,22
"1249","HM_H0053_20_Yellow.xlsx","sounds","幼児語","HM","H0053",4,"H0053","f",1,615,20
"1250","HM_H0053_20_Yellow.xlsx","animals","動物の名前","HM","H0053",7,"H0053","f",1,615,20
"1251","HM_H0053_20_Yellow.xlsx","vehicles","乗り物","HM","H0053",1,"H0053","f",1,615,20
"1252","HM_H0053_20_Yellow.xlsx","toys","おもちゃ","HM","H0053",2,"H0053","f",1,615,20
"1253","HM_H0053_20_Yellow.xlsx","food_drink","食べ物と飲み物","HM","H0053",1,"H0053","f",1,615,20
"1254","HM_H0053_20_Yellow.xlsx","clothing","衣類","HM","H0053",1,"H0053","f",1,615,20
"1255","HM_H0053_20_Yellow.xlsx","body_parts","体の部分","HM","H0053",2,"H0053","f",1,615,20
"1256","HM_H0053_20_Yellow.xlsx","furniture_rooms","家具と部屋","HM","H0053",0,"H0053","f",1,615,20
"1257","HM_H0053_20_Yellow.xlsx","household","小さな家庭用品","HM","H0053",0,"H0053","f",1,615,20
"1258","HM_H0053_20_Yellow.xlsx","outside","戸外のもの","HM","H0053",0,"H0053","f",1,615,20
"1259","HM_H0053_20_Yellow.xlsx","places","おでかけ","HM","H0053",0,"H0053","f",1,615,20
"1260","HM_H0053_20_Yellow.xlsx","people","人々","HM","H0053",6,"H0053","f",1,615,20
"1261","HM_H0053_20_Yellow.xlsx","games_routines","日課とあいさつ","HM","H0053",11,"H0053","f",1,615,20
"1262","HM_H0053_20_Yellow.xlsx","action_words","動作語","HM","H0053",0,"H0053","f",1,615,20
"1263","HM_H0053_20_Yellow.xlsx","time_words","時間についてのことば","HM","H0053",0,"H0053","f",1,615,20
"1264","HM_H0053_20_Yellow.xlsx","descriptive_words","ようす・性質","HM","H0053",2,"H0053","f",1,615,20
"1265","HM_H0053_20_Yellow.xlsx","pronouns","代名詞","HM","H0053",1,"H0053","f",1,615,20
"1266","HM_H0053_20_Yellow.xlsx","question_words","質問のことば","HM","H0053",0,"H0053","f",1,615,20
"1267","HM_H0053_20_Yellow.xlsx","locations","位置と場所についてのことば","HM","H0053",0,"H0053","f",1,615,20
"1268","HM_H0053_20_Yellow.xlsx","quantifiers","数量をあらわすことば","HM","H0053",0,"H0053","f",1,615,20
"1269","HM_H0053_20_Yellow.xlsx","connecting_words","接続語","HM","H0053",0,"H0053","f",1,615,20
"1270","HM_H0053_20_Yellow.xlsx","sounds2","幼児語（その２）","HM","H0053",3,"H0053","f",1,615,20
"1271","HM_H0053_20_Yellow.xlsx","conversations","会話語","HM","H0053",3,"H0053","f",1,615,20
"1272","HM_H0053_20_Yellow.xlsx","others","その他","HM","H0053",1,"H0053","f",1,615,20
"1273","HM_H0054_27_Yellow.xlsx","sounds","幼児語","HM","H0054",9,"H0054","m",1,824,27
"1274","HM_H0054_27_Yellow.xlsx","animals","動物の名前","HM","H0054",23,"H0054","m",1,824,27
"1275","HM_H0054_27_Yellow.xlsx","vehicles","乗り物","HM","H0054",13,"H0054","m",1,824,27
"1276","HM_H0054_27_Yellow.xlsx","toys","おもちゃ","HM","H0054",8,"H0054","m",1,824,27
"1277","HM_H0054_27_Yellow.xlsx","food_drink","食べ物と飲み物","HM","H0054",37,"H0054","m",1,824,27
"1278","HM_H0054_27_Yellow.xlsx","clothing","衣類","HM","H0054",10,"H0054","m",1,824,27
"1279","HM_H0054_27_Yellow.xlsx","body_parts","体の部分","HM","H0054",24,"H0054","m",1,824,27
"1280","HM_H0054_27_Yellow.xlsx","furniture_rooms","家具と部屋","HM","H0054",12,"H0054","m",1,824,27
"1281","HM_H0054_27_Yellow.xlsx","household","小さな家庭用品","HM","H0054",17,"H0054","m",1,824,27
"1282","HM_H0054_27_Yellow.xlsx","outside","戸外のもの","HM","H0054",11,"H0054","m",1,824,27
"1283","HM_H0054_27_Yellow.xlsx","places","おでかけ","HM","H0054",7,"H0054","m",1,824,27
"1284","HM_H0054_27_Yellow.xlsx","people","人々","HM","H0054",11,"H0054","m",1,824,27
"1285","HM_H0054_27_Yellow.xlsx","games_routines","日課とあいさつ","HM","H0054",21,"H0054","m",1,824,27
"1286","HM_H0054_27_Yellow.xlsx","action_words","動作語","HM","H0054",25,"H0054","m",1,824,27
"1287","HM_H0054_27_Yellow.xlsx","time_words","時間についてのことば","HM","H0054",1,"H0054","m",1,824,27
"1288","HM_H0054_27_Yellow.xlsx","descriptive_words","ようす・性質","HM","H0054",24,"H0054","m",1,824,27
"1289","HM_H0054_27_Yellow.xlsx","pronouns","代名詞","HM","H0054",6,"H0054","m",1,824,27
"1290","HM_H0054_27_Yellow.xlsx","question_words","質問のことば","HM","H0054",1,"H0054","m",1,824,27
"1291","HM_H0054_27_Yellow.xlsx","locations","位置と場所についてのことば","HM","H0054",3,"H0054","m",1,824,27
"1292","HM_H0054_27_Yellow.xlsx","quantifiers","数量をあらわすことば","HM","H0054",10,"H0054","m",1,824,27
"1293","HM_H0054_27_Yellow.xlsx","connecting_words","接続語","HM","H0054",0,"H0054","m",1,824,27
"1294","HM_H0054_27_Yellow.xlsx","sounds2","幼児語（その２）","HM","H0054",24,"H0054","m",1,824,27
"1295","HM_H0054_27_Yellow.xlsx","conversations","会話語","HM","H0054",4,"H0054","m",1,824,27
"1296","HM_H0054_27_Yellow.xlsx","others","その他","HM","H0054",4,"H0054","m",1,824,27
"1297","HM_H0055_25_Yellow.xlsx","sounds","幼児語","HM","H0055",12,"H0055","m",1,764,25
"1298","HM_H0055_25_Yellow.xlsx","animals","動物の名前","HM","H0055",38,"H0055","m",1,764,25
"1299","HM_H0055_25_Yellow.xlsx","vehicles","乗り物","HM","H0055",11,"H0055","m",1,764,25
"1300","HM_H0055_25_Yellow.xlsx","toys","おもちゃ","HM","H0055",10,"H0055","m",1,764,25
"1301","HM_H0055_25_Yellow.xlsx","food_drink","食べ物と飲み物","HM","H0055",47,"H0055","m",1,764,25
"1302","HM_H0055_25_Yellow.xlsx","clothing","衣類","HM","H0055",7,"H0055","m",1,764,25
"1303","HM_H0055_25_Yellow.xlsx","body_parts","体の部分","HM","H0055",19,"H0055","m",1,764,25
"1304","HM_H0055_25_Yellow.xlsx","furniture_rooms","家具と部屋","HM","H0055",15,"H0055","m",1,764,25
"1305","HM_H0055_25_Yellow.xlsx","household","小さな家庭用品","HM","H0055",27,"H0055","m",1,764,25
"1306","HM_H0055_25_Yellow.xlsx","outside","戸外のもの","HM","H0055",14,"H0055","m",1,764,25
"1307","HM_H0055_25_Yellow.xlsx","places","おでかけ","HM","H0055",8,"H0055","m",1,764,25
"1308","HM_H0055_25_Yellow.xlsx","people","人々","HM","H0055",11,"H0055","m",1,764,25
"1309","HM_H0055_25_Yellow.xlsx","games_routines","日課とあいさつ","HM","H0055",21,"H0055","m",1,764,25
"1310","HM_H0055_25_Yellow.xlsx","action_words","動作語","HM","H0055",23,"H0055","m",1,764,25
"1311","HM_H0055_25_Yellow.xlsx","time_words","時間についてのことば","HM","H0055",1,"H0055","m",1,764,25
"1312","HM_H0055_25_Yellow.xlsx","descriptive_words","ようす・性質","HM","H0055",6,"H0055","m",1,764,25
"1313","HM_H0055_25_Yellow.xlsx","pronouns","代名詞","HM","H0055",1,"H0055","m",1,764,25
"1314","HM_H0055_25_Yellow.xlsx","question_words","質問のことば","HM","H0055",0,"H0055","m",1,764,25
"1315","HM_H0055_25_Yellow.xlsx","locations","位置と場所についてのことば","HM","H0055",0,"H0055","m",1,764,25
"1316","HM_H0055_25_Yellow.xlsx","quantifiers","数量をあらわすことば","HM","H0055",6,"H0055","m",1,764,25
"1317","HM_H0055_25_Yellow.xlsx","connecting_words","接続語","HM","H0055",0,"H0055","m",1,764,25
"1318","HM_H0055_25_Yellow.xlsx","sounds2","幼児語（その２）","HM","H0055",5,"H0055","m",1,764,25
"1319","HM_H0055_25_Yellow.xlsx","conversations","会話語","HM","H0055",3,"H0055","m",1,764,25
"1320","HM_H0055_25_Yellow.xlsx","others","その他","HM","H0055",3,"H0055","m",1,764,25
"1321","HM_H0056_28_Yellow.xlsx","sounds","幼児語","HM","H0056",12,"H0056","f",1,875,28
"1322","HM_H0056_28_Yellow.xlsx","animals","動物の名前","HM","H0056",43,"H0056","f",1,875,28
"1323","HM_H0056_28_Yellow.xlsx","vehicles","乗り物","HM","H0056",13,"H0056","f",1,875,28
"1324","HM_H0056_28_Yellow.xlsx","toys","おもちゃ","HM","H0056",9,"H0056","f",1,875,28
"1325","HM_H0056_28_Yellow.xlsx","food_drink","食べ物と飲み物","HM","H0056",54,"H0056","f",1,875,28
"1326","HM_H0056_28_Yellow.xlsx","clothing","衣類","HM","H0056",15,"H0056","f",1,875,28
"1327","HM_H0056_28_Yellow.xlsx","body_parts","体の部分","HM","H0056",25,"H0056","f",1,875,28
"1328","HM_H0056_28_Yellow.xlsx","furniture_rooms","家具と部屋","HM","H0056",16,"H0056","f",1,875,28
"1329","HM_H0056_28_Yellow.xlsx","household","小さな家庭用品","HM","H0056",28,"H0056","f",1,875,28
"1330","HM_H0056_28_Yellow.xlsx","outside","戸外のもの","HM","H0056",18,"H0056","f",1,875,28
"1331","HM_H0056_28_Yellow.xlsx","places","おでかけ","HM","H0056",9,"H0056","f",1,875,28
"1332","HM_H0056_28_Yellow.xlsx","people","人々","HM","H0056",15,"H0056","f",1,875,28
"1333","HM_H0056_28_Yellow.xlsx","games_routines","日課とあいさつ","HM","H0056",25,"H0056","f",1,875,28
"1334","HM_H0056_28_Yellow.xlsx","action_words","動作語","HM","H0056",54,"H0056","f",1,875,28
"1335","HM_H0056_28_Yellow.xlsx","time_words","時間についてのことば","HM","H0056",6,"H0056","f",1,875,28
"1336","HM_H0056_28_Yellow.xlsx","descriptive_words","ようす・性質","HM","H0056",24,"H0056","f",1,875,28
"1337","HM_H0056_28_Yellow.xlsx","pronouns","代名詞","HM","H0056",7,"H0056","f",1,875,28
"1338","HM_H0056_28_Yellow.xlsx","question_words","質問のことば","HM","H0056",2,"H0056","f",1,875,28
"1339","HM_H0056_28_Yellow.xlsx","locations","位置と場所についてのことば","HM","H0056",5,"H0056","f",1,875,28
"1340","HM_H0056_28_Yellow.xlsx","quantifiers","数量をあらわすことば","HM","H0056",11,"H0056","f",1,875,28
"1341","HM_H0056_28_Yellow.xlsx","connecting_words","接続語","HM","H0056",0,"H0056","f",1,875,28
"1342","HM_H0056_28_Yellow.xlsx","sounds2","幼児語（その２）","HM","H0056",28,"H0056","f",1,875,28
"1343","HM_H0056_28_Yellow.xlsx","conversations","会話語","HM","H0056",6,"H0056","f",1,875,28
"1344","HM_H0056_28_Yellow.xlsx","others","その他","HM","H0056",4,"H0056","f",1,875,28
"1345","HM_H0057_25_Yellow.xlsx","sounds","幼児語","HM","H0057",8,"H0057","m",1,791,25
"1346","HM_H0057_25_Yellow.xlsx","animals","動物の名前","HM","H0057",33,"H0057","m",1,791,25
"1347","HM_H0057_25_Yellow.xlsx","vehicles","乗り物","HM","H0057",8,"H0057","m",1,791,25
"1348","HM_H0057_25_Yellow.xlsx","toys","おもちゃ","HM","H0057",7,"H0057","m",1,791,25
"1349","HM_H0057_25_Yellow.xlsx","food_drink","食べ物と飲み物","HM","H0057",42,"H0057","m",1,791,25
"1350","HM_H0057_25_Yellow.xlsx","clothing","衣類","HM","H0057",11,"H0057","m",1,791,25
"1351","HM_H0057_25_Yellow.xlsx","body_parts","体の部分","HM","H0057",20,"H0057","m",1,791,25
"1352","HM_H0057_25_Yellow.xlsx","furniture_rooms","家具と部屋","HM","H0057",13,"H0057","m",1,791,25
"1353","HM_H0057_25_Yellow.xlsx","household","小さな家庭用品","HM","H0057",30,"H0057","m",1,791,25
"1354","HM_H0057_25_Yellow.xlsx","outside","戸外のもの","HM","H0057",11,"H0057","m",1,791,25
"1355","HM_H0057_25_Yellow.xlsx","places","おでかけ","HM","H0057",6,"H0057","m",1,791,25
"1356","HM_H0057_25_Yellow.xlsx","people","人々","HM","H0057",8,"H0057","m",1,791,25
"1357","HM_H0057_25_Yellow.xlsx","games_routines","日課とあいさつ","HM","H0057",25,"H0057","m",1,791,25
"1358","HM_H0057_25_Yellow.xlsx","action_words","動作語","HM","H0057",82,"H0057","m",1,791,25
"1359","HM_H0057_25_Yellow.xlsx","time_words","時間についてのことば","HM","H0057",4,"H0057","m",1,791,25
"1360","HM_H0057_25_Yellow.xlsx","descriptive_words","ようす・性質","HM","H0057",36,"H0057","m",1,791,25
"1361","HM_H0057_25_Yellow.xlsx","pronouns","代名詞","HM","H0057",12,"H0057","m",1,791,25
"1362","HM_H0057_25_Yellow.xlsx","question_words","質問のことば","HM","H0057",4,"H0057","m",1,791,25
"1363","HM_H0057_25_Yellow.xlsx","locations","位置と場所についてのことば","HM","H0057",5,"H0057","m",1,791,25
"1364","HM_H0057_25_Yellow.xlsx","quantifiers","数量をあらわすことば","HM","H0057",14,"H0057","m",1,791,25
"1365","HM_H0057_25_Yellow.xlsx","connecting_words","接続語","HM","H0057",0,"H0057","m",1,791,25
"1366","HM_H0057_25_Yellow.xlsx","sounds2","幼児語（その２）","HM","H0057",16,"H0057","m",1,791,25
"1367","HM_H0057_25_Yellow.xlsx","conversations","会話語","HM","H0057",10,"H0057","m",1,791,25
"1368","HM_H0057_25_Yellow.xlsx","others","その他","HM","H0057",7,"H0057","m",1,791,25
"1369","HM_H0058_24_Yellow.xlsx","sounds","幼児語","HM","H0058",7,"H0058","f",1,730,24
"1370","HM_H0058_24_Yellow.xlsx","animals","動物の名前","HM","H0058",19,"H0058","f",1,730,24
"1371","HM_H0058_24_Yellow.xlsx","vehicles","乗り物","HM","H0058",2,"H0058","f",1,730,24
"1372","HM_H0058_24_Yellow.xlsx","toys","おもちゃ","HM","H0058",9,"H0058","f",1,730,24
"1373","HM_H0058_24_Yellow.xlsx","food_drink","食べ物と飲み物","HM","H0058",33,"H0058","f",1,730,24
"1374","HM_H0058_24_Yellow.xlsx","clothing","衣類","HM","H0058",9,"H0058","f",1,730,24
"1375","HM_H0058_24_Yellow.xlsx","body_parts","体の部分","HM","H0058",20,"H0058","f",1,730,24
"1376","HM_H0058_24_Yellow.xlsx","furniture_rooms","家具と部屋","HM","H0058",10,"H0058","f",1,730,24
"1377","HM_H0058_24_Yellow.xlsx","household","小さな家庭用品","HM","H0058",17,"H0058","f",1,730,24
"1378","HM_H0058_24_Yellow.xlsx","outside","戸外のもの","HM","H0058",10,"H0058","f",1,730,24
"1379","HM_H0058_24_Yellow.xlsx","places","おでかけ","HM","H0058",3,"H0058","f",1,730,24
"1380","HM_H0058_24_Yellow.xlsx","people","人々","HM","H0058",13,"H0058","f",1,730,24
"1381","HM_H0058_24_Yellow.xlsx","games_routines","日課とあいさつ","HM","H0058",19,"H0058","f",1,730,24
"1382","HM_H0058_24_Yellow.xlsx","action_words","動作語","HM","H0058",36,"H0058","f",1,730,24
"1383","HM_H0058_24_Yellow.xlsx","time_words","時間についてのことば","HM","H0058",2,"H0058","f",1,730,24
"1384","HM_H0058_24_Yellow.xlsx","descriptive_words","ようす・性質","HM","H0058",18,"H0058","f",1,730,24
"1385","HM_H0058_24_Yellow.xlsx","pronouns","代名詞","HM","H0058",5,"H0058","f",1,730,24
"1386","HM_H0058_24_Yellow.xlsx","question_words","質問のことば","HM","H0058",2,"H0058","f",1,730,24
"1387","HM_H0058_24_Yellow.xlsx","locations","位置と場所についてのことば","HM","H0058",5,"H0058","f",1,730,24
"1388","HM_H0058_24_Yellow.xlsx","quantifiers","数量をあらわすことば","HM","H0058",5,"H0058","f",1,730,24
"1389","HM_H0058_24_Yellow.xlsx","connecting_words","接続語","HM","H0058",0,"H0058","f",1,730,24
"1390","HM_H0058_24_Yellow.xlsx","sounds2","幼児語（その２）","HM","H0058",13,"H0058","f",1,730,24
"1391","HM_H0058_24_Yellow.xlsx","conversations","会話語","HM","H0058",5,"H0058","f",1,730,24
"1392","HM_H0058_24_Yellow.xlsx","others","その他","HM","H0058",5,"H0058","f",1,730,24
"1393","HM_H0059_25_Yellow.xlsx","sounds","幼児語","HM","H0059",5,"H0059","m",1,762,25
"1394","HM_H0059_25_Yellow.xlsx","animals","動物の名前","HM","H0059",0,"H0059","m",1,762,25
"1395","HM_H0059_25_Yellow.xlsx","vehicles","乗り物","HM","H0059",0,"H0059","m",1,762,25
"1396","HM_H0059_25_Yellow.xlsx","toys","おもちゃ","HM","H0059",0,"H0059","m",1,762,25
"1397","HM_H0059_25_Yellow.xlsx","food_drink","食べ物と飲み物","HM","H0059",0,"H0059","m",1,762,25
"1398","HM_H0059_25_Yellow.xlsx","clothing","衣類","HM","H0059",0,"H0059","m",1,762,25
"1399","HM_H0059_25_Yellow.xlsx","body_parts","体の部分","HM","H0059",0,"H0059","m",1,762,25
"1400","HM_H0059_25_Yellow.xlsx","furniture_rooms","家具と部屋","HM","H0059",0,"H0059","m",1,762,25
"1401","HM_H0059_25_Yellow.xlsx","household","小さな家庭用品","HM","H0059",0,"H0059","m",1,762,25
"1402","HM_H0059_25_Yellow.xlsx","outside","戸外のもの","HM","H0059",0,"H0059","m",1,762,25
"1403","HM_H0059_25_Yellow.xlsx","places","おでかけ","HM","H0059",0,"H0059","m",1,762,25
"1404","HM_H0059_25_Yellow.xlsx","people","人々","HM","H0059",0,"H0059","m",1,762,25
"1405","HM_H0059_25_Yellow.xlsx","games_routines","日課とあいさつ","HM","H0059",0,"H0059","m",1,762,25
"1406","HM_H0059_25_Yellow.xlsx","action_words","動作語","HM","H0059",0,"H0059","m",1,762,25
"1407","HM_H0059_25_Yellow.xlsx","time_words","時間についてのことば","HM","H0059",0,"H0059","m",1,762,25
"1408","HM_H0059_25_Yellow.xlsx","descriptive_words","ようす・性質","HM","H0059",0,"H0059","m",1,762,25
"1409","HM_H0059_25_Yellow.xlsx","pronouns","代名詞","HM","H0059",0,"H0059","m",1,762,25
"1410","HM_H0059_25_Yellow.xlsx","question_words","質問のことば","HM","H0059",0,"H0059","m",1,762,25
"1411","HM_H0059_25_Yellow.xlsx","locations","位置と場所についてのことば","HM","H0059",0,"H0059","m",1,762,25
"1412","HM_H0059_25_Yellow.xlsx","quantifiers","数量をあらわすことば","HM","H0059",0,"H0059","m",1,762,25
"1413","HM_H0059_25_Yellow.xlsx","connecting_words","接続語","HM","H0059",0,"H0059","m",1,762,25
"1414","HM_H0059_25_Yellow.xlsx","sounds2","幼児語（その２）","HM","H0059",0,"H0059","m",1,762,25
"1415","HM_H0059_25_Yellow.xlsx","conversations","会話語","HM","H0059",0,"H0059","m",1,762,25
"1416","HM_H0059_25_Yellow.xlsx","others","その他","HM","H0059",0,"H0059","m",1,762,25
"1417","HM_H0060_27_Yellow.xlsx","sounds","幼児語","HM","H0060",12,"H0060","m",1,850,27
"1418","HM_H0060_27_Yellow.xlsx","animals","動物の名前","HM","H0060",43,"H0060","m",1,850,27
"1419","HM_H0060_27_Yellow.xlsx","vehicles","乗り物","HM","H0060",13,"H0060","m",1,850,27
"1420","HM_H0060_27_Yellow.xlsx","toys","おもちゃ","HM","H0060",16,"H0060","m",1,850,27
"1421","HM_H0060_27_Yellow.xlsx","food_drink","食べ物と飲み物","HM","H0060",57,"H0060","m",1,850,27
"1422","HM_H0060_27_Yellow.xlsx","clothing","衣類","HM","H0060",13,"H0060","m",1,850,27
"1423","HM_H0060_27_Yellow.xlsx","body_parts","体の部分","HM","H0060",27,"H0060","m",1,850,27
"1424","HM_H0060_27_Yellow.xlsx","furniture_rooms","家具と部屋","HM","H0060",21,"H0060","m",1,850,27
"1425","HM_H0060_27_Yellow.xlsx","household","小さな家庭用品","HM","H0060",36,"H0060","m",1,850,27
"1426","HM_H0060_27_Yellow.xlsx","outside","戸外のもの","HM","H0060",24,"H0060","m",1,850,27
"1427","HM_H0060_27_Yellow.xlsx","places","おでかけ","HM","H0060",12,"H0060","m",1,850,27
"1428","HM_H0060_27_Yellow.xlsx","people","人々","HM","H0060",18,"H0060","m",1,850,27
"1429","HM_H0060_27_Yellow.xlsx","games_routines","日課とあいさつ","HM","H0060",25,"H0060","m",1,850,27
"1430","HM_H0060_27_Yellow.xlsx","action_words","動作語","HM","H0060",39,"H0060","m",1,850,27
"1431","HM_H0060_27_Yellow.xlsx","time_words","時間についてのことば","HM","H0060",4,"H0060","m",1,850,27
"1432","HM_H0060_27_Yellow.xlsx","descriptive_words","ようす・性質","HM","H0060",14,"H0060","m",1,850,27
"1433","HM_H0060_27_Yellow.xlsx","pronouns","代名詞","HM","H0060",11,"H0060","m",1,850,27
"1434","HM_H0060_27_Yellow.xlsx","question_words","質問のことば","HM","H0060",0,"H0060","m",1,850,27
"1435","HM_H0060_27_Yellow.xlsx","locations","位置と場所についてのことば","HM","H0060",0,"H0060","m",1,850,27
"1436","HM_H0060_27_Yellow.xlsx","quantifiers","数量をあらわすことば","HM","H0060",16,"H0060","m",1,850,27
"1437","HM_H0060_27_Yellow.xlsx","connecting_words","接続語","HM","H0060",0,"H0060","m",1,850,27
"1438","HM_H0060_27_Yellow.xlsx","sounds2","幼児語（その２）","HM","H0060",14,"H0060","m",1,850,27
"1439","HM_H0060_27_Yellow.xlsx","conversations","会話語","HM","H0060",3,"H0060","m",1,850,27
"1440","HM_H0060_27_Yellow.xlsx","others","その他","HM","H0060",3,"H0060","m",1,850,27
"1441","HM_H0061_24_Yellow.xlsx","sounds","幼児語","HM","H0061",8,"H0061","f",1,741,24
"1442","HM_H0061_24_Yellow.xlsx","animals","動物の名前","HM","H0061",23,"H0061","f",1,741,24
"1443","HM_H0061_24_Yellow.xlsx","vehicles","乗り物","HM","H0061",3,"H0061","f",1,741,24
"1444","HM_H0061_24_Yellow.xlsx","toys","おもちゃ","HM","H0061",1,"H0061","f",1,741,24
"1445","HM_H0061_24_Yellow.xlsx","food_drink","食べ物と飲み物","HM","H0061",13,"H0061","f",1,741,24
"1446","HM_H0061_24_Yellow.xlsx","clothing","衣類","HM","H0061",5,"H0061","f",1,741,24
"1447","HM_H0061_24_Yellow.xlsx","body_parts","体の部分","HM","H0061",11,"H0061","f",1,741,24
"1448","HM_H0061_24_Yellow.xlsx","furniture_rooms","家具と部屋","HM","H0061",2,"H0061","f",1,741,24
"1449","HM_H0061_24_Yellow.xlsx","household","小さな家庭用品","HM","H0061",3,"H0061","f",1,741,24
"1450","HM_H0061_24_Yellow.xlsx","outside","戸外のもの","HM","H0061",3,"H0061","f",1,741,24
"1451","HM_H0061_24_Yellow.xlsx","places","おでかけ","HM","H0061",0,"H0061","f",1,741,24
"1452","HM_H0061_24_Yellow.xlsx","people","人々","HM","H0061",11,"H0061","f",1,741,24
"1453","HM_H0061_24_Yellow.xlsx","games_routines","日課とあいさつ","HM","H0061",16,"H0061","f",1,741,24
"1454","HM_H0061_24_Yellow.xlsx","action_words","動作語","HM","H0061",18,"H0061","f",1,741,24
"1455","HM_H0061_24_Yellow.xlsx","time_words","時間についてのことば","HM","H0061",0,"H0061","f",1,741,24
"1456","HM_H0061_24_Yellow.xlsx","descriptive_words","ようす・性質","HM","H0061",16,"H0061","f",1,741,24
"1457","HM_H0061_24_Yellow.xlsx","pronouns","代名詞","HM","H0061",1,"H0061","f",1,741,24
"1458","HM_H0061_24_Yellow.xlsx","question_words","質問のことば","HM","H0061",0,"H0061","f",1,741,24
"1459","HM_H0061_24_Yellow.xlsx","locations","位置と場所についてのことば","HM","H0061",3,"H0061","f",1,741,24
"1460","HM_H0061_24_Yellow.xlsx","quantifiers","数量をあらわすことば","HM","H0061",3,"H0061","f",1,741,24
"1461","HM_H0061_24_Yellow.xlsx","connecting_words","接続語","HM","H0061",0,"H0061","f",1,741,24
"1462","HM_H0061_24_Yellow.xlsx","sounds2","幼児語（その２）","HM","H0061",12,"H0061","f",1,741,24
"1463","HM_H0061_24_Yellow.xlsx","conversations","会話語","HM","H0061",4,"H0061","f",1,741,24
"1464","HM_H0061_24_Yellow.xlsx","others","その他","HM","H0061",4,"H0061","f",1,741,24
"1465","HM_H0062_29_Yellow.xlsx","sounds","幼児語","HM","H0062",8,"H0062","m",1,889,29
"1466","HM_H0062_29_Yellow.xlsx","animals","動物の名前","HM","H0062",2,"H0062","m",1,889,29
"1467","HM_H0062_29_Yellow.xlsx","vehicles","乗り物","HM","H0062",1,"H0062","m",1,889,29
"1468","HM_H0062_29_Yellow.xlsx","toys","おもちゃ","HM","H0062",0,"H0062","m",1,889,29
"1469","HM_H0062_29_Yellow.xlsx","food_drink","食べ物と飲み物","HM","H0062",2,"H0062","m",1,889,29
"1470","HM_H0062_29_Yellow.xlsx","clothing","衣類","HM","H0062",1,"H0062","m",1,889,29
"1471","HM_H0062_29_Yellow.xlsx","body_parts","体の部分","HM","H0062",7,"H0062","m",1,889,29
"1472","HM_H0062_29_Yellow.xlsx","furniture_rooms","家具と部屋","HM","H0062",0,"H0062","m",1,889,29
"1473","HM_H0062_29_Yellow.xlsx","household","小さな家庭用品","HM","H0062",0,"H0062","m",1,889,29
"1474","HM_H0062_29_Yellow.xlsx","outside","戸外のもの","HM","H0062",0,"H0062","m",1,889,29
"1475","HM_H0062_29_Yellow.xlsx","places","おでかけ","HM","H0062",0,"H0062","m",1,889,29
"1476","HM_H0062_29_Yellow.xlsx","people","人々","HM","H0062",5,"H0062","m",1,889,29
"1477","HM_H0062_29_Yellow.xlsx","games_routines","日課とあいさつ","HM","H0062",5,"H0062","m",1,889,29
"1478","HM_H0062_29_Yellow.xlsx","action_words","動作語","HM","H0062",0,"H0062","m",1,889,29
"1479","HM_H0062_29_Yellow.xlsx","time_words","時間についてのことば","HM","H0062",0,"H0062","m",1,889,29
"1480","HM_H0062_29_Yellow.xlsx","descriptive_words","ようす・性質","HM","H0062",5,"H0062","m",1,889,29
"1481","HM_H0062_29_Yellow.xlsx","pronouns","代名詞","HM","H0062",4,"H0062","m",1,889,29
"1482","HM_H0062_29_Yellow.xlsx","question_words","質問のことば","HM","H0062",0,"H0062","m",1,889,29
"1483","HM_H0062_29_Yellow.xlsx","locations","位置と場所についてのことば","HM","H0062",0,"H0062","m",1,889,29
"1484","HM_H0062_29_Yellow.xlsx","quantifiers","数量をあらわすことば","HM","H0062",0,"H0062","m",1,889,29
"1485","HM_H0062_29_Yellow.xlsx","connecting_words","接続語","HM","H0062",0,"H0062","m",1,889,29
"1486","HM_H0062_29_Yellow.xlsx","sounds2","幼児語（その２）","HM","H0062",7,"H0062","m",1,889,29
"1487","HM_H0062_29_Yellow.xlsx","conversations","会話語","HM","H0062",3,"H0062","m",1,889,29
"1488","HM_H0062_29_Yellow.xlsx","others","その他","HM","H0062",3,"H0062","m",1,889,29
"1489","HM_H0063_26_Yellow.xlsx","sounds","幼児語","HM","H0063",12,"H0063","m",1,790.833333333333,26
"1490","HM_H0063_26_Yellow.xlsx","animals","動物の名前","HM","H0063",13,"H0063","m",1,790.833333333333,26
"1491","HM_H0063_26_Yellow.xlsx","vehicles","乗り物","HM","H0063",5,"H0063","m",1,790.833333333333,26
"1492","HM_H0063_26_Yellow.xlsx","toys","おもちゃ","HM","H0063",5,"H0063","m",1,790.833333333333,26
"1493","HM_H0063_26_Yellow.xlsx","food_drink","食べ物と飲み物","HM","H0063",29,"H0063","m",1,790.833333333333,26
"1494","HM_H0063_26_Yellow.xlsx","clothing","衣類","HM","H0063",4,"H0063","m",1,790.833333333333,26
"1495","HM_H0063_26_Yellow.xlsx","body_parts","体の部分","HM","H0063",11,"H0063","m",1,790.833333333333,26
"1496","HM_H0063_26_Yellow.xlsx","furniture_rooms","家具と部屋","HM","H0063",4,"H0063","m",1,790.833333333333,26
"1497","HM_H0063_26_Yellow.xlsx","household","小さな家庭用品","HM","H0063",4,"H0063","m",1,790.833333333333,26
"1498","HM_H0063_26_Yellow.xlsx","outside","戸外のもの","HM","H0063",6,"H0063","m",1,790.833333333333,26
"1499","HM_H0063_26_Yellow.xlsx","places","おでかけ","HM","H0063",2,"H0063","m",1,790.833333333333,26
"1500","HM_H0063_26_Yellow.xlsx","people","人々","HM","H0063",8,"H0063","m",1,790.833333333333,26
"1501","HM_H0063_26_Yellow.xlsx","games_routines","日課とあいさつ","HM","H0063",17,"H0063","m",1,790.833333333333,26
"1502","HM_H0063_26_Yellow.xlsx","action_words","動作語","HM","H0063",12,"H0063","m",1,790.833333333333,26
"1503","HM_H0063_26_Yellow.xlsx","time_words","時間についてのことば","HM","H0063",1,"H0063","m",1,790.833333333333,26
"1504","HM_H0063_26_Yellow.xlsx","descriptive_words","ようす・性質","HM","H0063",5,"H0063","m",1,790.833333333333,26
"1505","HM_H0063_26_Yellow.xlsx","pronouns","代名詞","HM","H0063",2,"H0063","m",1,790.833333333333,26
"1506","HM_H0063_26_Yellow.xlsx","question_words","質問のことば","HM","H0063",1,"H0063","m",1,790.833333333333,26
"1507","HM_H0063_26_Yellow.xlsx","locations","位置と場所についてのことば","HM","H0063",3,"H0063","m",1,790.833333333333,26
"1508","HM_H0063_26_Yellow.xlsx","quantifiers","数量をあらわすことば","HM","H0063",6,"H0063","m",1,790.833333333333,26
"1509","HM_H0063_26_Yellow.xlsx","connecting_words","接続語","HM","H0063",0,"H0063","m",1,790.833333333333,26
"1510","HM_H0063_26_Yellow.xlsx","sounds2","幼児語（その２）","HM","H0063",14,"H0063","m",1,790.833333333333,26
"1511","HM_H0063_26_Yellow.xlsx","conversations","会話語","HM","H0063",7,"H0063","m",1,790.833333333333,26
"1512","HM_H0063_26_Yellow.xlsx","others","その他","HM","H0063",5,"H0063","m",1,790.833333333333,26
"1513","HM_H0064_26_Yellow.xlsx","sounds","幼児語","HM","H0064",10,"H0064","m",1,806,26
"1514","HM_H0064_26_Yellow.xlsx","animals","動物の名前","HM","H0064",7,"H0064","m",1,806,26
"1515","HM_H0064_26_Yellow.xlsx","vehicles","乗り物","HM","H0064",5,"H0064","m",1,806,26
"1516","HM_H0064_26_Yellow.xlsx","toys","おもちゃ","HM","H0064",2,"H0064","m",1,806,26
"1517","HM_H0064_26_Yellow.xlsx","food_drink","食べ物と飲み物","HM","H0064",9,"H0064","m",1,806,26
"1518","HM_H0064_26_Yellow.xlsx","clothing","衣類","HM","H0064",2,"H0064","m",1,806,26
"1519","HM_H0064_26_Yellow.xlsx","body_parts","体の部分","HM","H0064",5,"H0064","m",1,806,26
"1520","HM_H0064_26_Yellow.xlsx","furniture_rooms","家具と部屋","HM","H0064",3,"H0064","m",1,806,26
"1521","HM_H0064_26_Yellow.xlsx","household","小さな家庭用品","HM","H0064",1,"H0064","m",1,806,26
"1522","HM_H0064_26_Yellow.xlsx","outside","戸外のもの","HM","H0064",3,"H0064","m",1,806,26
"1523","HM_H0064_26_Yellow.xlsx","places","おでかけ","HM","H0064",0,"H0064","m",1,806,26
"1524","HM_H0064_26_Yellow.xlsx","people","人々","HM","H0064",11,"H0064","m",1,806,26
"1525","HM_H0064_26_Yellow.xlsx","games_routines","日課とあいさつ","HM","H0064",16,"H0064","m",1,806,26
"1526","HM_H0064_26_Yellow.xlsx","action_words","動作語","HM","H0064",2,"H0064","m",1,806,26
"1527","HM_H0064_26_Yellow.xlsx","time_words","時間についてのことば","HM","H0064",1,"H0064","m",1,806,26
"1528","HM_H0064_26_Yellow.xlsx","descriptive_words","ようす・性質","HM","H0064",8,"H0064","m",1,806,26
"1529","HM_H0064_26_Yellow.xlsx","pronouns","代名詞","HM","H0064",1,"H0064","m",1,806,26
"1530","HM_H0064_26_Yellow.xlsx","question_words","質問のことば","HM","H0064",1,"H0064","m",1,806,26
"1531","HM_H0064_26_Yellow.xlsx","locations","位置と場所についてのことば","HM","H0064",0,"H0064","m",1,806,26
"1532","HM_H0064_26_Yellow.xlsx","quantifiers","数量をあらわすことば","HM","H0064",2,"H0064","m",1,806,26
"1533","HM_H0064_26_Yellow.xlsx","connecting_words","接続語","HM","H0064",0,"H0064","m",1,806,26
"1534","HM_H0064_26_Yellow.xlsx","sounds2","幼児語（その２）","HM","H0064",16,"H0064","m",1,806,26
"1535","HM_H0064_26_Yellow.xlsx","conversations","会話語","HM","H0064",5,"H0064","m",1,806,26
"1536","HM_H0064_26_Yellow.xlsx","others","その他","HM","H0064",4,"H0064","m",1,806,26
"1537","HM_H0065_28_Yellow.xlsx","sounds","幼児語","HM","H0065",8,"H0065","m",1,865,28
"1538","HM_H0065_28_Yellow.xlsx","animals","動物の名前","HM","H0065",18,"H0065","m",1,865,28
"1539","HM_H0065_28_Yellow.xlsx","vehicles","乗り物","HM","H0065",4,"H0065","m",1,865,28
"1540","HM_H0065_28_Yellow.xlsx","toys","おもちゃ","HM","H0065",5,"H0065","m",1,865,28
"1541","HM_H0065_28_Yellow.xlsx","food_drink","食べ物と飲み物","HM","H0065",29,"H0065","m",1,865,28
"1542","HM_H0065_28_Yellow.xlsx","clothing","衣類","HM","H0065",4,"H0065","m",1,865,28
"1543","HM_H0065_28_Yellow.xlsx","body_parts","体の部分","HM","H0065",4,"H0065","m",1,865,28
"1544","HM_H0065_28_Yellow.xlsx","furniture_rooms","家具と部屋","HM","H0065",5,"H0065","m",1,865,28
"1545","HM_H0065_28_Yellow.xlsx","household","小さな家庭用品","HM","H0065",6,"H0065","m",1,865,28
"1546","HM_H0065_28_Yellow.xlsx","outside","戸外のもの","HM","H0065",3,"H0065","m",1,865,28
"1547","HM_H0065_28_Yellow.xlsx","places","おでかけ","HM","H0065",4,"H0065","m",1,865,28
"1548","HM_H0065_28_Yellow.xlsx","people","人々","HM","H0065",7,"H0065","m",1,865,28
"1549","HM_H0065_28_Yellow.xlsx","games_routines","日課とあいさつ","HM","H0065",15,"H0065","m",1,865,28
"1550","HM_H0065_28_Yellow.xlsx","action_words","動作語","HM","H0065",3,"H0065","m",1,865,28
"1551","HM_H0065_28_Yellow.xlsx","time_words","時間についてのことば","HM","H0065",0,"H0065","m",1,865,28
"1552","HM_H0065_28_Yellow.xlsx","descriptive_words","ようす・性質","HM","H0065",12,"H0065","m",1,865,28
"1553","HM_H0065_28_Yellow.xlsx","pronouns","代名詞","HM","H0065",3,"H0065","m",1,865,28
"1554","HM_H0065_28_Yellow.xlsx","question_words","質問のことば","HM","H0065",0,"H0065","m",1,865,28
"1555","HM_H0065_28_Yellow.xlsx","locations","位置と場所についてのことば","HM","H0065",0,"H0065","m",1,865,28
"1556","HM_H0065_28_Yellow.xlsx","quantifiers","数量をあらわすことば","HM","H0065",0,"H0065","m",1,865,28
"1557","HM_H0065_28_Yellow.xlsx","connecting_words","接続語","HM","H0065",0,"H0065","m",1,865,28
"1558","HM_H0065_28_Yellow.xlsx","sounds2","幼児語（その２）","HM","H0065",16,"H0065","m",1,865,28
"1559","HM_H0065_28_Yellow.xlsx","conversations","会話語","HM","H0065",0,"H0065","m",1,865,28
"1560","HM_H0065_28_Yellow.xlsx","others","その他","HM","H0065",5,"H0065","m",1,865,28
"1561","HM_H0066_25_Yellow.xlsx","sounds","幼児語","HM","H0066",12,"H0066","m",1,782,25
"1562","HM_H0066_25_Yellow.xlsx","animals","動物の名前","HM","H0066",31,"H0066","m",1,782,25
"1563","HM_H0066_25_Yellow.xlsx","vehicles","乗り物","HM","H0066",13,"H0066","m",1,782,25
"1564","HM_H0066_25_Yellow.xlsx","toys","おもちゃ","HM","H0066",14,"H0066","m",1,782,25
"1565","HM_H0066_25_Yellow.xlsx","food_drink","食べ物と飲み物","HM","H0066",59,"H0066","m",1,782,25
"1566","HM_H0066_25_Yellow.xlsx","clothing","衣類","HM","H0066",13,"H0066","m",1,782,25
"1567","HM_H0066_25_Yellow.xlsx","body_parts","体の部分","HM","H0066",20,"H0066","m",1,782,25
"1568","HM_H0066_25_Yellow.xlsx","furniture_rooms","家具と部屋","HM","H0066",18,"H0066","m",1,782,25
"1569","HM_H0066_25_Yellow.xlsx","household","小さな家庭用品","HM","H0066",34,"H0066","m",1,782,25
"1570","HM_H0066_25_Yellow.xlsx","outside","戸外のもの","HM","H0066",21,"H0066","m",1,782,25
"1571","HM_H0066_25_Yellow.xlsx","places","おでかけ","HM","H0066",9,"H0066","m",1,782,25
"1572","HM_H0066_25_Yellow.xlsx","people","人々","HM","H0066",24,"H0066","m",1,782,25
"1573","HM_H0066_25_Yellow.xlsx","games_routines","日課とあいさつ","HM","H0066",25,"H0066","m",1,782,25
"1574","HM_H0066_25_Yellow.xlsx","action_words","動作語","HM","H0066",30,"H0066","m",1,782,25
"1575","HM_H0066_25_Yellow.xlsx","time_words","時間についてのことば","HM","H0066",2,"H0066","m",1,782,25
"1576","HM_H0066_25_Yellow.xlsx","descriptive_words","ようす・性質","HM","H0066",15,"H0066","m",1,782,25
"1577","HM_H0066_25_Yellow.xlsx","pronouns","代名詞","HM","H0066",6,"H0066","m",1,782,25
"1578","HM_H0066_25_Yellow.xlsx","question_words","質問のことば","HM","H0066",3,"H0066","m",1,782,25
"1579","HM_H0066_25_Yellow.xlsx","locations","位置と場所についてのことば","HM","H0066",2,"H0066","m",1,782,25
"1580","HM_H0066_25_Yellow.xlsx","quantifiers","数量をあらわすことば","HM","H0066",2,"H0066","m",1,782,25
"1581","HM_H0066_25_Yellow.xlsx","connecting_words","接続語","HM","H0066",0,"H0066","m",1,782,25
"1582","HM_H0066_25_Yellow.xlsx","sounds2","幼児語（その２）","HM","H0066",13,"H0066","m",1,782,25
"1583","HM_H0066_25_Yellow.xlsx","conversations","会話語","HM","H0066",5,"H0066","m",1,782,25
"1584","HM_H0066_25_Yellow.xlsx","others","その他","HM","H0066",5,"H0066","m",1,782,25
"1585","HM_H0067_24_Yellow.xlsx","sounds","幼児語","HM","H0067",12,"H0067","m",1,738,24
"1586","HM_H0067_24_Yellow.xlsx","animals","動物の名前","HM","H0067",22,"H0067","m",1,738,24
"1587","HM_H0067_24_Yellow.xlsx","vehicles","乗り物","HM","H0067",7,"H0067","m",1,738,24
"1588","HM_H0067_24_Yellow.xlsx","toys","おもちゃ","HM","H0067",3,"H0067","m",1,738,24
"1589","HM_H0067_24_Yellow.xlsx","food_drink","食べ物と飲み物","HM","H0067",34,"H0067","m",1,738,24
"1590","HM_H0067_24_Yellow.xlsx","clothing","衣類","HM","H0067",6,"H0067","m",1,738,24
"1591","HM_H0067_24_Yellow.xlsx","body_parts","体の部分","HM","H0067",20,"H0067","m",1,738,24
"1592","HM_H0067_24_Yellow.xlsx","furniture_rooms","家具と部屋","HM","H0067",7,"H0067","m",1,738,24
"1593","HM_H0067_24_Yellow.xlsx","household","小さな家庭用品","HM","H0067",12,"H0067","m",1,738,24
"1594","HM_H0067_24_Yellow.xlsx","outside","戸外のもの","HM","H0067",16,"H0067","m",1,738,24
"1595","HM_H0067_24_Yellow.xlsx","places","おでかけ","HM","H0067",2,"H0067","m",1,738,24
"1596","HM_H0067_24_Yellow.xlsx","people","人々","HM","H0067",14,"H0067","m",1,738,24
"1597","HM_H0067_24_Yellow.xlsx","games_routines","日課とあいさつ","HM","H0067",23,"H0067","m",1,738,24
"1598","HM_H0067_24_Yellow.xlsx","action_words","動作語","HM","H0067",5,"H0067","m",1,738,24
"1599","HM_H0067_24_Yellow.xlsx","time_words","時間についてのことば","HM","H0067",2,"H0067","m",1,738,24
"1600","HM_H0067_24_Yellow.xlsx","descriptive_words","ようす・性質","HM","H0067",22,"H0067","m",1,738,24
"1601","HM_H0067_24_Yellow.xlsx","pronouns","代名詞","HM","H0067",5,"H0067","m",1,738,24
"1602","HM_H0067_24_Yellow.xlsx","question_words","質問のことば","HM","H0067",2,"H0067","m",1,738,24
"1603","HM_H0067_24_Yellow.xlsx","locations","位置と場所についてのことば","HM","H0067",1,"H0067","m",1,738,24
"1604","HM_H0067_24_Yellow.xlsx","quantifiers","数量をあらわすことば","HM","H0067",7,"H0067","m",1,738,24
"1605","HM_H0067_24_Yellow.xlsx","connecting_words","接続語","HM","H0067",0,"H0067","m",1,738,24
"1606","HM_H0067_24_Yellow.xlsx","sounds2","幼児語（その２）","HM","H0067",24,"H0067","m",1,738,24
"1607","HM_H0067_24_Yellow.xlsx","conversations","会話語","HM","H0067",8,"H0067","m",1,738,24
"1608","HM_H0067_24_Yellow.xlsx","others","その他","HM","H0067",5,"H0067","m",1,738,24
"1609","HM_H0068_25_Yellow.xlsx","sounds","幼児語","HM","H0068",2,"H0068","m",1,788,25
"1610","HM_H0068_25_Yellow.xlsx","animals","動物の名前","HM","H0068",1,"H0068","m",1,788,25
"1611","HM_H0068_25_Yellow.xlsx","vehicles","乗り物","HM","H0068",0,"H0068","m",1,788,25
"1612","HM_H0068_25_Yellow.xlsx","toys","おもちゃ","HM","H0068",0,"H0068","m",1,788,25
"1613","HM_H0068_25_Yellow.xlsx","food_drink","食べ物と飲み物","HM","H0068",5,"H0068","m",1,788,25
"1614","HM_H0068_25_Yellow.xlsx","clothing","衣類","HM","H0068",0,"H0068","m",1,788,25
"1615","HM_H0068_25_Yellow.xlsx","body_parts","体の部分","HM","H0068",0,"H0068","m",1,788,25
"1616","HM_H0068_25_Yellow.xlsx","furniture_rooms","家具と部屋","HM","H0068",0,"H0068","m",1,788,25
"1617","HM_H0068_25_Yellow.xlsx","household","小さな家庭用品","HM","H0068",0,"H0068","m",1,788,25
"1618","HM_H0068_25_Yellow.xlsx","outside","戸外のもの","HM","H0068",0,"H0068","m",1,788,25
"1619","HM_H0068_25_Yellow.xlsx","places","おでかけ","HM","H0068",0,"H0068","m",1,788,25
"1620","HM_H0068_25_Yellow.xlsx","people","人々","HM","H0068",7,"H0068","m",1,788,25
"1621","HM_H0068_25_Yellow.xlsx","games_routines","日課とあいさつ","HM","H0068",4,"H0068","m",1,788,25
"1622","HM_H0068_25_Yellow.xlsx","action_words","動作語","HM","H0068",3,"H0068","m",1,788,25
"1623","HM_H0068_25_Yellow.xlsx","time_words","時間についてのことば","HM","H0068",0,"H0068","m",1,788,25
"1624","HM_H0068_25_Yellow.xlsx","descriptive_words","ようす・性質","HM","H0068",0,"H0068","m",1,788,25
"1625","HM_H0068_25_Yellow.xlsx","pronouns","代名詞","HM","H0068",1,"H0068","m",1,788,25
"1626","HM_H0068_25_Yellow.xlsx","question_words","質問のことば","HM","H0068",0,"H0068","m",1,788,25
"1627","HM_H0068_25_Yellow.xlsx","locations","位置と場所についてのことば","HM","H0068",0,"H0068","m",1,788,25
"1628","HM_H0068_25_Yellow.xlsx","quantifiers","数量をあらわすことば","HM","H0068",0,"H0068","m",1,788,25
"1629","HM_H0068_25_Yellow.xlsx","connecting_words","接続語","HM","H0068",0,"H0068","m",1,788,25
"1630","HM_H0068_25_Yellow.xlsx","sounds2","幼児語（その２）","HM","H0068",8,"H0068","m",1,788,25
"1631","HM_H0068_25_Yellow.xlsx","conversations","会話語","HM","H0068",1,"H0068","m",1,788,25
"1632","HM_H0068_25_Yellow.xlsx","others","その他","HM","H0068",4,"H0068","m",1,788,25
"1633","HM_H0069_35_Yellow.xlsx","sounds","幼児語","HM","H0069",12,"H0069","m",1,1088,35
"1634","HM_H0069_35_Yellow.xlsx","animals","動物の名前","HM","H0069",42,"H0069","m",1,1088,35
"1635","HM_H0069_35_Yellow.xlsx","vehicles","乗り物","HM","H0069",11,"H0069","m",1,1088,35
"1636","HM_H0069_35_Yellow.xlsx","toys","おもちゃ","HM","H0069",13,"H0069","m",1,1088,35
"1637","HM_H0069_35_Yellow.xlsx","food_drink","食べ物と飲み物","HM","H0069",59,"H0069","m",1,1088,35
"1638","HM_H0069_35_Yellow.xlsx","clothing","衣類","HM","H0069",15,"H0069","m",1,1088,35
"1639","HM_H0069_35_Yellow.xlsx","body_parts","体の部分","HM","H0069",25,"H0069","m",1,1088,35
"1640","HM_H0069_35_Yellow.xlsx","furniture_rooms","家具と部屋","HM","H0069",16,"H0069","m",1,1088,35
"1641","HM_H0069_35_Yellow.xlsx","household","小さな家庭用品","HM","H0069",27,"H0069","m",1,1088,35
"1642","HM_H0069_35_Yellow.xlsx","outside","戸外のもの","HM","H0069",20,"H0069","m",1,1088,35
"1643","HM_H0069_35_Yellow.xlsx","places","おでかけ","HM","H0069",11,"H0069","m",1,1088,35
"1644","HM_H0069_35_Yellow.xlsx","people","人々","HM","H0069",23,"H0069","m",1,1088,35
"1645","HM_H0069_35_Yellow.xlsx","games_routines","日課とあいさつ","HM","H0069",25,"H0069","m",1,1088,35
"1646","HM_H0069_35_Yellow.xlsx","action_words","動作語","HM","H0069",98,"H0069","m",1,1088,35
"1647","HM_H0069_35_Yellow.xlsx","time_words","時間についてのことば","HM","H0069",5,"H0069","m",1,1088,35
"1648","HM_H0069_35_Yellow.xlsx","descriptive_words","ようす・性質","HM","H0069",58,"H0069","m",1,1088,35
"1649","HM_H0069_35_Yellow.xlsx","pronouns","代名詞","HM","H0069",17,"H0069","m",1,1088,35
"1650","HM_H0069_35_Yellow.xlsx","question_words","質問のことば","HM","H0069",6,"H0069","m",1,1088,35
"1651","HM_H0069_35_Yellow.xlsx","locations","位置と場所についてのことば","HM","H0069",4,"H0069","m",1,1088,35
"1652","HM_H0069_35_Yellow.xlsx","quantifiers","数量をあらわすことば","HM","H0069",12,"H0069","m",1,1088,35
"1653","HM_H0069_35_Yellow.xlsx","connecting_words","接続語","HM","H0069",1,"H0069","m",1,1088,35
"1654","HM_H0069_35_Yellow.xlsx","sounds2","幼児語（その２）","HM","H0069",23,"H0069","m",1,1088,35
"1655","HM_H0069_35_Yellow.xlsx","conversations","会話語","HM","H0069",12,"H0069","m",1,1088,35
"1656","HM_H0069_35_Yellow.xlsx","others","その他","HM","H0069",6,"H0069","m",1,1088,35
"1657","HM_H0070_34_Yellow.xlsx","sounds","幼児語","HM","H0070",11,"H0070","f",1,1036,34
"1658","HM_H0070_34_Yellow.xlsx","animals","動物の名前","HM","H0070",43,"H0070","f",1,1036,34
"1659","HM_H0070_34_Yellow.xlsx","vehicles","乗り物","HM","H0070",14,"H0070","f",1,1036,34
"1660","HM_H0070_34_Yellow.xlsx","toys","おもちゃ","HM","H0070",18,"H0070","f",1,1036,34
"1661","HM_H0070_34_Yellow.xlsx","food_drink","食べ物と飲み物","HM","H0070",68,"H0070","f",1,1036,34
"1662","HM_H0070_34_Yellow.xlsx","clothing","衣類","HM","H0070",26,"H0070","f",1,1036,34
"1663","HM_H0070_34_Yellow.xlsx","body_parts","体の部分","HM","H0070",27,"H0070","f",1,1036,34
"1664","HM_H0070_34_Yellow.xlsx","furniture_rooms","家具と部屋","HM","H0070",30,"H0070","f",1,1036,34
"1665","HM_H0070_34_Yellow.xlsx","household","小さな家庭用品","HM","H0070",50,"H0070","f",1,1036,34
"1666","HM_H0070_34_Yellow.xlsx","outside","戸外のもの","HM","H0070",30,"H0070","f",1,1036,34
"1667","HM_H0070_34_Yellow.xlsx","places","おでかけ","HM","H0070",17,"H0070","f",1,1036,34
"1668","HM_H0070_34_Yellow.xlsx","people","人々","HM","H0070",28,"H0070","f",1,1036,34
"1669","HM_H0070_34_Yellow.xlsx","games_routines","日課とあいさつ","HM","H0070",25,"H0070","f",1,1036,34
"1670","HM_H0070_34_Yellow.xlsx","action_words","動作語","HM","H0070",102,"H0070","f",1,1036,34
"1671","HM_H0070_34_Yellow.xlsx","time_words","時間についてのことば","HM","H0070",12,"H0070","f",1,1036,34
"1672","HM_H0070_34_Yellow.xlsx","descriptive_words","ようす・性質","HM","H0070",60,"H0070","f",1,1036,34
"1673","HM_H0070_34_Yellow.xlsx","pronouns","代名詞","HM","H0070",20,"H0070","f",1,1036,34
"1674","HM_H0070_34_Yellow.xlsx","question_words","質問のことば","HM","H0070",9,"H0070","f",1,1036,34
"1675","HM_H0070_34_Yellow.xlsx","locations","位置と場所についてのことば","HM","H0070",7,"H0070","f",1,1036,34
"1676","HM_H0070_34_Yellow.xlsx","quantifiers","数量をあらわすことば","HM","H0070",15,"H0070","f",1,1036,34
"1677","HM_H0070_34_Yellow.xlsx","connecting_words","接続語","HM","H0070",5,"H0070","f",1,1036,34
"1678","HM_H0070_34_Yellow.xlsx","sounds2","幼児語（その２）","HM","H0070",29,"H0070","f",1,1036,34
"1679","HM_H0070_34_Yellow.xlsx","conversations","会話語","HM","H0070",10,"H0070","f",1,1036,34
"1680","HM_H0070_34_Yellow.xlsx","others","その他","HM","H0070",8,"H0070","f",1,1036,34
"1681","HM_H0071_33_Yellow.xlsx","sounds","幼児語","HM","H0071",12,"H0071","f",1,1013,33
"1682","HM_H0071_33_Yellow.xlsx","animals","動物の名前","HM","H0071",40,"H0071","f",1,1013,33
"1683","HM_H0071_33_Yellow.xlsx","vehicles","乗り物","HM","H0071",11,"H0071","f",1,1013,33
"1684","HM_H0071_33_Yellow.xlsx","toys","おもちゃ","HM","H0071",14,"H0071","f",1,1013,33
"1685","HM_H0071_33_Yellow.xlsx","food_drink","食べ物と飲み物","HM","H0071",49,"H0071","f",1,1013,33
"1686","HM_H0071_33_Yellow.xlsx","clothing","衣類","HM","H0071",16,"H0071","f",1,1013,33
"1687","HM_H0071_33_Yellow.xlsx","body_parts","体の部分","HM","H0071",23,"H0071","f",1,1013,33
"1688","HM_H0071_33_Yellow.xlsx","furniture_rooms","家具と部屋","HM","H0071",15,"H0071","f",1,1013,33
"1689","HM_H0071_33_Yellow.xlsx","household","小さな家庭用品","HM","H0071",32,"H0071","f",1,1013,33
"1690","HM_H0071_33_Yellow.xlsx","outside","戸外のもの","HM","H0071",15,"H0071","f",1,1013,33
"1691","HM_H0071_33_Yellow.xlsx","places","おでかけ","HM","H0071",11,"H0071","f",1,1013,33
"1692","HM_H0071_33_Yellow.xlsx","people","人々","HM","H0071",22,"H0071","f",1,1013,33
"1693","HM_H0071_33_Yellow.xlsx","games_routines","日課とあいさつ","HM","H0071",25,"H0071","f",1,1013,33
"1694","HM_H0071_33_Yellow.xlsx","action_words","動作語","HM","H0071",97,"H0071","f",1,1013,33
"1695","HM_H0071_33_Yellow.xlsx","time_words","時間についてのことば","HM","H0071",5,"H0071","f",1,1013,33
"1696","HM_H0071_33_Yellow.xlsx","descriptive_words","ようす・性質","HM","H0071",44,"H0071","f",1,1013,33
"1697","HM_H0071_33_Yellow.xlsx","pronouns","代名詞","HM","H0071",12,"H0071","f",1,1013,33
"1698","HM_H0071_33_Yellow.xlsx","question_words","質問のことば","HM","H0071",7,"H0071","f",1,1013,33
"1699","HM_H0071_33_Yellow.xlsx","locations","位置と場所についてのことば","HM","H0071",10,"H0071","f",1,1013,33
"1700","HM_H0071_33_Yellow.xlsx","quantifiers","数量をあらわすことば","HM","H0071",15,"H0071","f",1,1013,33
"1701","HM_H0071_33_Yellow.xlsx","connecting_words","接続語","HM","H0071",2,"H0071","f",1,1013,33
"1702","HM_H0071_33_Yellow.xlsx","sounds2","幼児語（その２）","HM","H0071",16,"H0071","f",1,1013,33
"1703","HM_H0071_33_Yellow.xlsx","conversations","会話語","HM","H0071",12,"H0071","f",1,1013,33
"1704","HM_H0071_33_Yellow.xlsx","others","その他","HM","H0071",6,"H0071","f",1,1013,33
"1705","HM_H0072_32_Yellow.xlsx","sounds","幼児語","HM","H0072",12,"H0072","f",1,989,32
"1706","HM_H0072_32_Yellow.xlsx","animals","動物の名前","HM","H0072",41,"H0072","f",1,989,32
"1707","HM_H0072_32_Yellow.xlsx","vehicles","乗り物","HM","H0072",2,"H0072","f",1,989,32
"1708","HM_H0072_32_Yellow.xlsx","toys","おもちゃ","HM","H0072",10,"H0072","f",1,989,32
"1709","HM_H0072_32_Yellow.xlsx","food_drink","食べ物と飲み物","HM","H0072",34,"H0072","f",1,989,32
"1710","HM_H0072_32_Yellow.xlsx","clothing","衣類","HM","H0072",6,"H0072","f",1,989,32
"1711","HM_H0072_32_Yellow.xlsx","body_parts","体の部分","HM","H0072",20,"H0072","f",1,989,32
"1712","HM_H0072_32_Yellow.xlsx","furniture_rooms","家具と部屋","HM","H0072",4,"H0072","f",1,989,32
"1713","HM_H0072_32_Yellow.xlsx","household","小さな家庭用品","HM","H0072",11,"H0072","f",1,989,32
"1714","HM_H0072_32_Yellow.xlsx","outside","戸外のもの","HM","H0072",11,"H0072","f",1,989,32
"1715","HM_H0072_32_Yellow.xlsx","places","おでかけ","HM","H0072",6,"H0072","f",1,989,32
"1716","HM_H0072_32_Yellow.xlsx","people","人々","HM","H0072",13,"H0072","f",1,989,32
"1717","HM_H0072_32_Yellow.xlsx","games_routines","日課とあいさつ","HM","H0072",25,"H0072","f",1,989,32
"1718","HM_H0072_32_Yellow.xlsx","action_words","動作語","HM","H0072",73,"H0072","f",1,989,32
"1719","HM_H0072_32_Yellow.xlsx","time_words","時間についてのことば","HM","H0072",6,"H0072","f",1,989,32
"1720","HM_H0072_32_Yellow.xlsx","descriptive_words","ようす・性質","HM","H0072",48,"H0072","f",1,989,32
"1721","HM_H0072_32_Yellow.xlsx","pronouns","代名詞","HM","H0072",9,"H0072","f",1,989,32
"1722","HM_H0072_32_Yellow.xlsx","question_words","質問のことば","HM","H0072",5,"H0072","f",1,989,32
"1723","HM_H0072_32_Yellow.xlsx","locations","位置と場所についてのことば","HM","H0072",5,"H0072","f",1,989,32
"1724","HM_H0072_32_Yellow.xlsx","quantifiers","数量をあらわすことば","HM","H0072",12,"H0072","f",1,989,32
"1725","HM_H0072_32_Yellow.xlsx","connecting_words","接続語","HM","H0072",2,"H0072","f",1,989,32
"1726","HM_H0072_32_Yellow.xlsx","sounds2","幼児語（その２）","HM","H0072",25,"H0072","f",1,989,32
"1727","HM_H0072_32_Yellow.xlsx","conversations","会話語","HM","H0072",13,"H0072","f",1,989,32
"1728","HM_H0072_32_Yellow.xlsx","others","その他","HM","H0072",8,"H0072","f",1,989,32
"1729","HM_H0073_35_Yellow.xlsx","sounds","幼児語","HM","H0073",8,"H0073","m",1,1081,35
"1730","HM_H0073_35_Yellow.xlsx","animals","動物の名前","HM","H0073",8,"H0073","m",1,1081,35
"1731","HM_H0073_35_Yellow.xlsx","vehicles","乗り物","HM","H0073",2,"H0073","m",1,1081,35
"1732","HM_H0073_35_Yellow.xlsx","toys","おもちゃ","HM","H0073",0,"H0073","m",1,1081,35
"1733","HM_H0073_35_Yellow.xlsx","food_drink","食べ物と飲み物","HM","H0073",8,"H0073","m",1,1081,35
"1734","HM_H0073_35_Yellow.xlsx","clothing","衣類","HM","H0073",2,"H0073","m",1,1081,35
"1735","HM_H0073_35_Yellow.xlsx","body_parts","体の部分","HM","H0073",6,"H0073","m",1,1081,35
"1736","HM_H0073_35_Yellow.xlsx","furniture_rooms","家具と部屋","HM","H0073",1,"H0073","m",1,1081,35
"1737","HM_H0073_35_Yellow.xlsx","household","小さな家庭用品","HM","H0073",1,"H0073","m",1,1081,35
"1738","HM_H0073_35_Yellow.xlsx","outside","戸外のもの","HM","H0073",2,"H0073","m",1,1081,35
"1739","HM_H0073_35_Yellow.xlsx","places","おでかけ","HM","H0073",2,"H0073","m",1,1081,35
"1740","HM_H0073_35_Yellow.xlsx","people","人々","HM","H0073",4,"H0073","m",1,1081,35
"1741","HM_H0073_35_Yellow.xlsx","games_routines","日課とあいさつ","HM","H0073",6,"H0073","m",1,1081,35
"1742","HM_H0073_35_Yellow.xlsx","action_words","動作語","HM","H0073",8,"H0073","m",1,1081,35
"1743","HM_H0073_35_Yellow.xlsx","time_words","時間についてのことば","HM","H0073",0,"H0073","m",1,1081,35
"1744","HM_H0073_35_Yellow.xlsx","descriptive_words","ようす・性質","HM","H0073",13,"H0073","m",1,1081,35
"1745","HM_H0073_35_Yellow.xlsx","pronouns","代名詞","HM","H0073",2,"H0073","m",1,1081,35
"1746","HM_H0073_35_Yellow.xlsx","question_words","質問のことば","HM","H0073",0,"H0073","m",1,1081,35
"1747","HM_H0073_35_Yellow.xlsx","locations","位置と場所についてのことば","HM","H0073",1,"H0073","m",1,1081,35
"1748","HM_H0073_35_Yellow.xlsx","quantifiers","数量をあらわすことば","HM","H0073",4,"H0073","m",1,1081,35
"1749","HM_H0073_35_Yellow.xlsx","connecting_words","接続語","HM","H0073",0,"H0073","m",1,1081,35
"1750","HM_H0073_35_Yellow.xlsx","sounds2","幼児語（その２）","HM","H0073",10,"H0073","m",1,1081,35
"1751","HM_H0073_35_Yellow.xlsx","conversations","会話語","HM","H0073",6,"H0073","m",1,1081,35
"1752","HM_H0073_35_Yellow.xlsx","others","その他","HM","H0073",0,"H0073","m",1,1081,35
"1753","HM_H0074_34_Yellow.xlsx","sounds","幼児語","HM","H0074",9,"H0074","m",1,1062,34
"1754","HM_H0074_34_Yellow.xlsx","animals","動物の名前","HM","H0074",32,"H0074","m",1,1062,34
"1755","HM_H0074_34_Yellow.xlsx","vehicles","乗り物","HM","H0074",9,"H0074","m",1,1062,34
"1756","HM_H0074_34_Yellow.xlsx","toys","おもちゃ","HM","H0074",8,"H0074","m",1,1062,34
"1757","HM_H0074_34_Yellow.xlsx","food_drink","食べ物と飲み物","HM","H0074",40,"H0074","m",1,1062,34
"1758","HM_H0074_34_Yellow.xlsx","clothing","衣類","HM","H0074",7,"H0074","m",1,1062,34
"1759","HM_H0074_34_Yellow.xlsx","body_parts","体の部分","HM","H0074",18,"H0074","m",1,1062,34
"1760","HM_H0074_34_Yellow.xlsx","furniture_rooms","家具と部屋","HM","H0074",9,"H0074","m",1,1062,34
"1761","HM_H0074_34_Yellow.xlsx","household","小さな家庭用品","HM","H0074",14,"H0074","m",1,1062,34
"1762","HM_H0074_34_Yellow.xlsx","outside","戸外のもの","HM","H0074",13,"H0074","m",1,1062,34
"1763","HM_H0074_34_Yellow.xlsx","places","おでかけ","HM","H0074",6,"H0074","m",1,1062,34
"1764","HM_H0074_34_Yellow.xlsx","people","人々","HM","H0074",12,"H0074","m",1,1062,34
"1765","HM_H0074_34_Yellow.xlsx","games_routines","日課とあいさつ","HM","H0074",23,"H0074","m",1,1062,34
"1766","HM_H0074_34_Yellow.xlsx","action_words","動作語","HM","H0074",70,"H0074","m",1,1062,34
"1767","HM_H0074_34_Yellow.xlsx","time_words","時間についてのことば","HM","H0074",2,"H0074","m",1,1062,34
"1768","HM_H0074_34_Yellow.xlsx","descriptive_words","ようす・性質","HM","H0074",33,"H0074","m",1,1062,34
"1769","HM_H0074_34_Yellow.xlsx","pronouns","代名詞","HM","H0074",9,"H0074","m",1,1062,34
"1770","HM_H0074_34_Yellow.xlsx","question_words","質問のことば","HM","H0074",5,"H0074","m",1,1062,34
"1771","HM_H0074_34_Yellow.xlsx","locations","位置と場所についてのことば","HM","H0074",7,"H0074","m",1,1062,34
"1772","HM_H0074_34_Yellow.xlsx","quantifiers","数量をあらわすことば","HM","H0074",8,"H0074","m",1,1062,34
"1773","HM_H0074_34_Yellow.xlsx","connecting_words","接続語","HM","H0074",1,"H0074","m",1,1062,34
"1774","HM_H0074_34_Yellow.xlsx","sounds2","幼児語（その２）","HM","H0074",11,"H0074","m",1,1062,34
"1775","HM_H0074_34_Yellow.xlsx","conversations","会話語","HM","H0074",8,"H0074","m",1,1062,34
"1776","HM_H0074_34_Yellow.xlsx","others","その他","HM","H0074",7,"H0074","m",1,1062,34
"1777","HM_H0075_31_Yellow.xlsx","sounds","幼児語","HM","H0075",11,"H0075","m",1,972,31
"1778","HM_H0075_31_Yellow.xlsx","animals","動物の名前","HM","H0075",34,"H0075","m",1,972,31
"1779","HM_H0075_31_Yellow.xlsx","vehicles","乗り物","HM","H0075",3,"H0075","m",1,972,31
"1780","HM_H0075_31_Yellow.xlsx","toys","おもちゃ","HM","H0075",9,"H0075","m",1,972,31
"1781","HM_H0075_31_Yellow.xlsx","food_drink","食べ物と飲み物","HM","H0075",44,"H0075","m",1,972,31
"1782","HM_H0075_31_Yellow.xlsx","clothing","衣類","HM","H0075",10,"H0075","m",1,972,31
"1783","HM_H0075_31_Yellow.xlsx","body_parts","体の部分","HM","H0075",19,"H0075","m",1,972,31
"1784","HM_H0075_31_Yellow.xlsx","furniture_rooms","家具と部屋","HM","H0075",10,"H0075","m",1,972,31
"1785","HM_H0075_31_Yellow.xlsx","household","小さな家庭用品","HM","H0075",17,"H0075","m",1,972,31
"1786","HM_H0075_31_Yellow.xlsx","outside","戸外のもの","HM","H0075",12,"H0075","m",1,972,31
"1787","HM_H0075_31_Yellow.xlsx","places","おでかけ","HM","H0075",7,"H0075","m",1,972,31
"1788","HM_H0075_31_Yellow.xlsx","people","人々","HM","H0075",10,"H0075","m",1,972,31
"1789","HM_H0075_31_Yellow.xlsx","games_routines","日課とあいさつ","HM","H0075",24,"H0075","m",1,972,31
"1790","HM_H0075_31_Yellow.xlsx","action_words","動作語","HM","H0075",39,"H0075","m",1,972,31
"1791","HM_H0075_31_Yellow.xlsx","time_words","時間についてのことば","HM","H0075",1,"H0075","m",1,972,31
"1792","HM_H0075_31_Yellow.xlsx","descriptive_words","ようす・性質","HM","H0075",20,"H0075","m",1,972,31
"1793","HM_H0075_31_Yellow.xlsx","pronouns","代名詞","HM","H0075",2,"H0075","m",1,972,31
"1794","HM_H0075_31_Yellow.xlsx","question_words","質問のことば","HM","H0075",2,"H0075","m",1,972,31
"1795","HM_H0075_31_Yellow.xlsx","locations","位置と場所についてのことば","HM","H0075",3,"H0075","m",1,972,31
"1796","HM_H0075_31_Yellow.xlsx","quantifiers","数量をあらわすことば","HM","H0075",10,"H0075","m",1,972,31
"1797","HM_H0075_31_Yellow.xlsx","connecting_words","接続語","HM","H0075",0,"H0075","m",1,972,31
"1798","HM_H0075_31_Yellow.xlsx","sounds2","幼児語（その２）","HM","H0075",5,"H0075","m",1,972,31
"1799","HM_H0075_31_Yellow.xlsx","conversations","会話語","HM","H0075",3,"H0075","m",1,972,31
"1800","HM_H0075_31_Yellow.xlsx","others","その他","HM","H0075",3,"H0075","m",1,972,31
"1801","HM_H0076_30_Yellow.xlsx","sounds","幼児語","HM","H0076",7,"H0076","f",1,921,30
"1802","HM_H0076_30_Yellow.xlsx","animals","動物の名前","HM","H0076",27,"H0076","f",1,921,30
"1803","HM_H0076_30_Yellow.xlsx","vehicles","乗り物","HM","H0076",8,"H0076","f",1,921,30
"1804","HM_H0076_30_Yellow.xlsx","toys","おもちゃ","HM","H0076",9,"H0076","f",1,921,30
"1805","HM_H0076_30_Yellow.xlsx","food_drink","食べ物と飲み物","HM","H0076",47,"H0076","f",1,921,30
"1806","HM_H0076_30_Yellow.xlsx","clothing","衣類","HM","H0076",11,"H0076","f",1,921,30
"1807","HM_H0076_30_Yellow.xlsx","body_parts","体の部分","HM","H0076",20,"H0076","f",1,921,30
"1808","HM_H0076_30_Yellow.xlsx","furniture_rooms","家具と部屋","HM","H0076",16,"H0076","f",1,921,30
"1809","HM_H0076_30_Yellow.xlsx","household","小さな家庭用品","HM","H0076",32,"H0076","f",1,921,30
"1810","HM_H0076_30_Yellow.xlsx","outside","戸外のもの","HM","H0076",14,"H0076","f",1,921,30
"1811","HM_H0076_30_Yellow.xlsx","places","おでかけ","HM","H0076",9,"H0076","f",1,921,30
"1812","HM_H0076_30_Yellow.xlsx","people","人々","HM","H0076",17,"H0076","f",1,921,30
"1813","HM_H0076_30_Yellow.xlsx","games_routines","日課とあいさつ","HM","H0076",23,"H0076","f",1,921,30
"1814","HM_H0076_30_Yellow.xlsx","action_words","動作語","HM","H0076",51,"H0076","f",1,921,30
"1815","HM_H0076_30_Yellow.xlsx","time_words","時間についてのことば","HM","H0076",4,"H0076","f",1,921,30
"1816","HM_H0076_30_Yellow.xlsx","descriptive_words","ようす・性質","HM","H0076",22,"H0076","f",1,921,30
"1817","HM_H0076_30_Yellow.xlsx","pronouns","代名詞","HM","H0076",2,"H0076","f",1,921,30
"1818","HM_H0076_30_Yellow.xlsx","question_words","質問のことば","HM","H0076",3,"H0076","f",1,921,30
"1819","HM_H0076_30_Yellow.xlsx","locations","位置と場所についてのことば","HM","H0076",3,"H0076","f",1,921,30
"1820","HM_H0076_30_Yellow.xlsx","quantifiers","数量をあらわすことば","HM","H0076",7,"H0076","f",1,921,30
"1821","HM_H0076_30_Yellow.xlsx","connecting_words","接続語","HM","H0076",2,"H0076","f",1,921,30
"1822","HM_H0076_30_Yellow.xlsx","sounds2","幼児語（その２）","HM","H0076",13,"H0076","f",1,921,30
"1823","HM_H0076_30_Yellow.xlsx","conversations","会話語","HM","H0076",4,"H0076","f",1,921,30
"1824","HM_H0076_30_Yellow.xlsx","others","その他","HM","H0076",4,"H0076","f",1,921,30
"1825","HM_H0077_33_Yellow.xlsx","sounds","幼児語","HM","H0077",7,"H0077","f",1,1017,33
"1826","HM_H0077_33_Yellow.xlsx","animals","動物の名前","HM","H0077",39,"H0077","f",1,1017,33
"1827","HM_H0077_33_Yellow.xlsx","vehicles","乗り物","HM","H0077",7,"H0077","f",1,1017,33
"1828","HM_H0077_33_Yellow.xlsx","toys","おもちゃ","HM","H0077",15,"H0077","f",1,1017,33
"1829","HM_H0077_33_Yellow.xlsx","food_drink","食べ物と飲み物","HM","H0077",50,"H0077","f",1,1017,33
"1830","HM_H0077_33_Yellow.xlsx","clothing","衣類","HM","H0077",17,"H0077","f",1,1017,33
"1831","HM_H0077_33_Yellow.xlsx","body_parts","体の部分","HM","H0077",25,"H0077","f",1,1017,33
"1832","HM_H0077_33_Yellow.xlsx","furniture_rooms","家具と部屋","HM","H0077",19,"H0077","f",1,1017,33
"1833","HM_H0077_33_Yellow.xlsx","household","小さな家庭用品","HM","H0077",37,"H0077","f",1,1017,33
"1834","HM_H0077_33_Yellow.xlsx","outside","戸外のもの","HM","H0077",21,"H0077","f",1,1017,33
"1835","HM_H0077_33_Yellow.xlsx","places","おでかけ","HM","H0077",11,"H0077","f",1,1017,33
"1836","HM_H0077_33_Yellow.xlsx","people","人々","HM","H0077",19,"H0077","f",1,1017,33
"1837","HM_H0077_33_Yellow.xlsx","games_routines","日課とあいさつ","HM","H0077",25,"H0077","f",1,1017,33
"1838","HM_H0077_33_Yellow.xlsx","action_words","動作語","HM","H0077",103,"H0077","f",1,1017,33
"1839","HM_H0077_33_Yellow.xlsx","time_words","時間についてのことば","HM","H0077",8,"H0077","f",1,1017,33
"1840","HM_H0077_33_Yellow.xlsx","descriptive_words","ようす・性質","HM","H0077",49,"H0077","f",1,1017,33
"1841","HM_H0077_33_Yellow.xlsx","pronouns","代名詞","HM","H0077",12,"H0077","f",1,1017,33
"1842","HM_H0077_33_Yellow.xlsx","question_words","質問のことば","HM","H0077",10,"H0077","f",1,1017,33
"1843","HM_H0077_33_Yellow.xlsx","locations","位置と場所についてのことば","HM","H0077",8,"H0077","f",1,1017,33
"1844","HM_H0077_33_Yellow.xlsx","quantifiers","数量をあらわすことば","HM","H0077",16,"H0077","f",1,1017,33
"1845","HM_H0077_33_Yellow.xlsx","connecting_words","接続語","HM","H0077",1,"H0077","f",1,1017,33
"1846","HM_H0077_33_Yellow.xlsx","sounds2","幼児語（その２）","HM","H0077",12,"H0077","f",1,1017,33
"1847","HM_H0077_33_Yellow.xlsx","conversations","会話語","HM","H0077",10,"H0077","f",1,1017,33
"1848","HM_H0077_33_Yellow.xlsx","others","その他","HM","H0077",6,"H0077","f",1,1017,33
"1849","HM_H0078_29_Yellow.xlsx","sounds","幼児語","HM","H0078",11,"H0078","m",1,909,29
"1850","HM_H0078_29_Yellow.xlsx","animals","動物の名前","HM","H0078",27,"H0078","m",1,909,29
"1851","HM_H0078_29_Yellow.xlsx","vehicles","乗り物","HM","H0078",5,"H0078","m",1,909,29
"1852","HM_H0078_29_Yellow.xlsx","toys","おもちゃ","HM","H0078",6,"H0078","m",1,909,29
"1853","HM_H0078_29_Yellow.xlsx","food_drink","食べ物と飲み物","HM","H0078",50,"H0078","m",1,909,29
"1854","HM_H0078_29_Yellow.xlsx","clothing","衣類","HM","H0078",8,"H0078","m",1,909,29
"1855","HM_H0078_29_Yellow.xlsx","body_parts","体の部分","HM","H0078",17,"H0078","m",1,909,29
"1856","HM_H0078_29_Yellow.xlsx","furniture_rooms","家具と部屋","HM","H0078",11,"H0078","m",1,909,29
"1857","HM_H0078_29_Yellow.xlsx","household","小さな家庭用品","HM","H0078",10,"H0078","m",1,909,29
"1858","HM_H0078_29_Yellow.xlsx","outside","戸外のもの","HM","H0078",7,"H0078","m",1,909,29
"1859","HM_H0078_29_Yellow.xlsx","places","おでかけ","HM","H0078",7,"H0078","m",1,909,29
"1860","HM_H0078_29_Yellow.xlsx","people","人々","HM","H0078",16,"H0078","m",1,909,29
"1861","HM_H0078_29_Yellow.xlsx","games_routines","日課とあいさつ","HM","H0078",25,"H0078","m",1,909,29
"1862","HM_H0078_29_Yellow.xlsx","action_words","動作語","HM","H0078",89,"H0078","m",1,909,29
"1863","HM_H0078_29_Yellow.xlsx","time_words","時間についてのことば","HM","H0078",1,"H0078","m",1,909,29
"1864","HM_H0078_29_Yellow.xlsx","descriptive_words","ようす・性質","HM","H0078",29,"H0078","m",1,909,29
"1865","HM_H0078_29_Yellow.xlsx","pronouns","代名詞","HM","H0078",4,"H0078","m",1,909,29
"1866","HM_H0078_29_Yellow.xlsx","question_words","質問のことば","HM","H0078",4,"H0078","m",1,909,29
"1867","HM_H0078_29_Yellow.xlsx","locations","位置と場所についてのことば","HM","H0078",7,"H0078","m",1,909,29
"1868","HM_H0078_29_Yellow.xlsx","quantifiers","数量をあらわすことば","HM","H0078",10,"H0078","m",1,909,29
"1869","HM_H0078_29_Yellow.xlsx","connecting_words","接続語","HM","H0078",1,"H0078","m",1,909,29
"1870","HM_H0078_29_Yellow.xlsx","sounds2","幼児語（その２）","HM","H0078",24,"H0078","m",1,909,29
"1871","HM_H0078_29_Yellow.xlsx","conversations","会話語","HM","H0078",12,"H0078","m",1,909,29
"1872","HM_H0078_29_Yellow.xlsx","others","その他","HM","H0078",7,"H0078","m",1,909,29
"1873","HM_H0079_34_Yellow.xlsx","sounds","幼児語","HM","H0079",0,"H0079","m",1,1049,34
"1874","HM_H0079_34_Yellow.xlsx","animals","動物の名前","HM","H0079",38,"H0079","m",1,1049,34
"1875","HM_H0079_34_Yellow.xlsx","vehicles","乗り物","HM","H0079",13,"H0079","m",1,1049,34
"1876","HM_H0079_34_Yellow.xlsx","toys","おもちゃ","HM","H0079",10,"H0079","m",1,1049,34
"1877","HM_H0079_34_Yellow.xlsx","food_drink","食べ物と飲み物","HM","H0079",45,"H0079","m",1,1049,34
"1878","HM_H0079_34_Yellow.xlsx","clothing","衣類","HM","H0079",12,"H0079","m",1,1049,34
"1879","HM_H0079_34_Yellow.xlsx","body_parts","体の部分","HM","H0079",26,"H0079","m",1,1049,34
"1880","HM_H0079_34_Yellow.xlsx","furniture_rooms","家具と部屋","HM","H0079",11,"H0079","m",1,1049,34
"1881","HM_H0079_34_Yellow.xlsx","household","小さな家庭用品","HM","H0079",31,"H0079","m",1,1049,34
"1882","HM_H0079_34_Yellow.xlsx","outside","戸外のもの","HM","H0079",20,"H0079","m",1,1049,34
"1883","HM_H0079_34_Yellow.xlsx","places","おでかけ","HM","H0079",12,"H0079","m",1,1049,34
"1884","HM_H0079_34_Yellow.xlsx","people","人々","HM","H0079",17,"H0079","m",1,1049,34
"1885","HM_H0079_34_Yellow.xlsx","games_routines","日課とあいさつ","HM","H0079",25,"H0079","m",1,1049,34
"1886","HM_H0079_34_Yellow.xlsx","action_words","動作語","HM","H0079",99,"H0079","m",1,1049,34
"1887","HM_H0079_34_Yellow.xlsx","time_words","時間についてのことば","HM","H0079",10,"H0079","m",1,1049,34
"1888","HM_H0079_34_Yellow.xlsx","descriptive_words","ようす・性質","HM","H0079",53,"H0079","m",1,1049,34
"1889","HM_H0079_34_Yellow.xlsx","pronouns","代名詞","HM","H0079",11,"H0079","m",1,1049,34
"1890","HM_H0079_34_Yellow.xlsx","question_words","質問のことば","HM","H0079",6,"H0079","m",1,1049,34
"1891","HM_H0079_34_Yellow.xlsx","locations","位置と場所についてのことば","HM","H0079",13,"H0079","m",1,1049,34
"1892","HM_H0079_34_Yellow.xlsx","quantifiers","数量をあらわすことば","HM","H0079",16,"H0079","m",1,1049,34
"1893","HM_H0079_34_Yellow.xlsx","connecting_words","接続語","HM","H0079",3,"H0079","m",1,1049,34
"1894","HM_H0079_34_Yellow.xlsx","sounds2","幼児語（その２）","HM","H0079",8,"H0079","m",1,1049,34
"1895","HM_H0079_34_Yellow.xlsx","conversations","会話語","HM","H0079",12,"H0079","m",1,1049,34
"1896","HM_H0079_34_Yellow.xlsx","others","その他","HM","H0079",7,"H0079","m",1,1049,34
"1897","HM_H0080_35_Yellow.xlsx","sounds","幼児語","HM","H0080",12,"H0080","f",1,1080,35
"1898","HM_H0080_35_Yellow.xlsx","animals","動物の名前","HM","H0080",43,"H0080","f",1,1080,35
"1899","HM_H0080_35_Yellow.xlsx","vehicles","乗り物","HM","H0080",14,"H0080","f",1,1080,35
"1900","HM_H0080_35_Yellow.xlsx","toys","おもちゃ","HM","H0080",18,"H0080","f",1,1080,35
"1901","HM_H0080_35_Yellow.xlsx","food_drink","食べ物と飲み物","HM","H0080",68,"H0080","f",1,1080,35
"1902","HM_H0080_35_Yellow.xlsx","clothing","衣類","HM","H0080",25,"H0080","f",1,1080,35
"1903","HM_H0080_35_Yellow.xlsx","body_parts","体の部分","HM","H0080",27,"H0080","f",1,1080,35
"1904","HM_H0080_35_Yellow.xlsx","furniture_rooms","家具と部屋","HM","H0080",33,"H0080","f",1,1080,35
"1905","HM_H0080_35_Yellow.xlsx","household","小さな家庭用品","HM","H0080",50,"H0080","f",1,1080,35
"1906","HM_H0080_35_Yellow.xlsx","outside","戸外のもの","HM","H0080",31,"H0080","f",1,1080,35
"1907","HM_H0080_35_Yellow.xlsx","places","おでかけ","HM","H0080",22,"H0080","f",1,1080,35
"1908","HM_H0080_35_Yellow.xlsx","people","人々","HM","H0080",28,"H0080","f",1,1080,35
"1909","HM_H0080_35_Yellow.xlsx","games_routines","日課とあいさつ","HM","H0080",25,"H0080","f",1,1080,35
"1910","HM_H0080_35_Yellow.xlsx","action_words","動作語","HM","H0080",103,"H0080","f",1,1080,35
"1911","HM_H0080_35_Yellow.xlsx","time_words","時間についてのことば","HM","H0080",12,"H0080","f",1,1080,35
"1912","HM_H0080_35_Yellow.xlsx","descriptive_words","ようす・性質","HM","H0080",63,"H0080","f",1,1080,35
"1913","HM_H0080_35_Yellow.xlsx","pronouns","代名詞","HM","H0080",22,"H0080","f",1,1080,35
"1914","HM_H0080_35_Yellow.xlsx","question_words","質問のことば","HM","H0080",10,"H0080","f",1,1080,35
"1915","HM_H0080_35_Yellow.xlsx","locations","位置と場所についてのことば","HM","H0080",26,"H0080","f",1,1080,35
"1916","HM_H0080_35_Yellow.xlsx","quantifiers","数量をあらわすことば","HM","H0080",17,"H0080","f",1,1080,35
"1917","HM_H0080_35_Yellow.xlsx","connecting_words","接続語","HM","H0080",6,"H0080","f",1,1080,35
"1918","HM_H0080_35_Yellow.xlsx","sounds2","幼児語（その２）","HM","H0080",29,"H0080","f",1,1080,35
"1919","HM_H0080_35_Yellow.xlsx","conversations","会話語","HM","H0080",14,"H0080","f",1,1080,35
"1920","HM_H0080_35_Yellow.xlsx","others","その他","HM","H0080",9,"H0080","f",1,1080,35
"1921","HM_H0081_34_Yellow.xlsx","sounds","幼児語","HM","H0081",10,"H0081","f",1,1040,34
"1922","HM_H0081_34_Yellow.xlsx","animals","動物の名前","HM","H0081",31,"H0081","f",1,1040,34
"1923","HM_H0081_34_Yellow.xlsx","vehicles","乗り物","HM","H0081",9,"H0081","f",1,1040,34
"1924","HM_H0081_34_Yellow.xlsx","toys","おもちゃ","HM","H0081",13,"H0081","f",1,1040,34
"1925","HM_H0081_34_Yellow.xlsx","food_drink","食べ物と飲み物","HM","H0081",45,"H0081","f",1,1040,34
"1926","HM_H0081_34_Yellow.xlsx","clothing","衣類","HM","H0081",15,"H0081","f",1,1040,34
"1927","HM_H0081_34_Yellow.xlsx","body_parts","体の部分","HM","H0081",20,"H0081","f",1,1040,34
"1928","HM_H0081_34_Yellow.xlsx","furniture_rooms","家具と部屋","HM","H0081",13,"H0081","f",1,1040,34
"1929","HM_H0081_34_Yellow.xlsx","household","小さな家庭用品","HM","H0081",18,"H0081","f",1,1040,34
"1930","HM_H0081_34_Yellow.xlsx","outside","戸外のもの","HM","H0081",14,"H0081","f",1,1040,34
"1931","HM_H0081_34_Yellow.xlsx","places","おでかけ","HM","H0081",6,"H0081","f",1,1040,34
"1932","HM_H0081_34_Yellow.xlsx","people","人々","HM","H0081",11,"H0081","f",1,1040,34
"1933","HM_H0081_34_Yellow.xlsx","games_routines","日課とあいさつ","HM","H0081",23,"H0081","f",1,1040,34
"1934","HM_H0081_34_Yellow.xlsx","action_words","動作語","HM","H0081",40,"H0081","f",1,1040,34
"1935","HM_H0081_34_Yellow.xlsx","time_words","時間についてのことば","HM","H0081",5,"H0081","f",1,1040,34
"1936","HM_H0081_34_Yellow.xlsx","descriptive_words","ようす・性質","HM","H0081",38,"H0081","f",1,1040,34
"1937","HM_H0081_34_Yellow.xlsx","pronouns","代名詞","HM","H0081",5,"H0081","f",1,1040,34
"1938","HM_H0081_34_Yellow.xlsx","question_words","質問のことば","HM","H0081",5,"H0081","f",1,1040,34
"1939","HM_H0081_34_Yellow.xlsx","locations","位置と場所についてのことば","HM","H0081",7,"H0081","f",1,1040,34
"1940","HM_H0081_34_Yellow.xlsx","quantifiers","数量をあらわすことば","HM","H0081",12,"H0081","f",1,1040,34
"1941","HM_H0081_34_Yellow.xlsx","connecting_words","接続語","HM","H0081",0,"H0081","f",1,1040,34
"1942","HM_H0081_34_Yellow.xlsx","sounds2","幼児語（その２）","HM","H0081",13,"H0081","f",1,1040,34
"1943","HM_H0081_34_Yellow.xlsx","conversations","会話語","HM","H0081",6,"H0081","f",1,1040,34
"1944","HM_H0081_34_Yellow.xlsx","others","その他","HM","H0081",7,"H0081","f",1,1040,34
"1945","HM_H0082_32_Yellow.xlsx","sounds","幼児語","HM","H0082",9,"H0082","f",1,993,32
"1946","HM_H0082_32_Yellow.xlsx","animals","動物の名前","HM","H0082",31,"H0082","f",1,993,32
"1947","HM_H0082_32_Yellow.xlsx","vehicles","乗り物","HM","H0082",2,"H0082","f",1,993,32
"1948","HM_H0082_32_Yellow.xlsx","toys","おもちゃ","HM","H0082",7,"H0082","f",1,993,32
"1949","HM_H0082_32_Yellow.xlsx","food_drink","食べ物と飲み物","HM","H0082",50,"H0082","f",1,993,32
"1950","HM_H0082_32_Yellow.xlsx","clothing","衣類","HM","H0082",14,"H0082","f",1,993,32
"1951","HM_H0082_32_Yellow.xlsx","body_parts","体の部分","HM","H0082",23,"H0082","f",1,993,32
"1952","HM_H0082_32_Yellow.xlsx","furniture_rooms","家具と部屋","HM","H0082",16,"H0082","f",1,993,32
"1953","HM_H0082_32_Yellow.xlsx","household","小さな家庭用品","HM","H0082",28,"H0082","f",1,993,32
"1954","HM_H0082_32_Yellow.xlsx","outside","戸外のもの","HM","H0082",15,"H0082","f",1,993,32
"1955","HM_H0082_32_Yellow.xlsx","places","おでかけ","HM","H0082",8,"H0082","f",1,993,32
"1956","HM_H0082_32_Yellow.xlsx","people","人々","HM","H0082",19,"H0082","f",1,993,32
"1957","HM_H0082_32_Yellow.xlsx","games_routines","日課とあいさつ","HM","H0082",21,"H0082","f",1,993,32
"1958","HM_H0082_32_Yellow.xlsx","action_words","動作語","HM","H0082",59,"H0082","f",1,993,32
"1959","HM_H0082_32_Yellow.xlsx","time_words","時間についてのことば","HM","H0082",4,"H0082","f",1,993,32
"1960","HM_H0082_32_Yellow.xlsx","descriptive_words","ようす・性質","HM","H0082",27,"H0082","f",1,993,32
"1961","HM_H0082_32_Yellow.xlsx","pronouns","代名詞","HM","H0082",4,"H0082","f",1,993,32
"1962","HM_H0082_32_Yellow.xlsx","question_words","質問のことば","HM","H0082",2,"H0082","f",1,993,32
"1963","HM_H0082_32_Yellow.xlsx","locations","位置と場所についてのことば","HM","H0082",3,"H0082","f",1,993,32
"1964","HM_H0082_32_Yellow.xlsx","quantifiers","数量をあらわすことば","HM","H0082",10,"H0082","f",1,993,32
"1965","HM_H0082_32_Yellow.xlsx","connecting_words","接続語","HM","H0082",1,"H0082","f",1,993,32
"1966","HM_H0082_32_Yellow.xlsx","sounds2","幼児語（その２）","HM","H0082",10,"H0082","f",1,993,32
"1967","HM_H0082_32_Yellow.xlsx","conversations","会話語","HM","H0082",9,"H0082","f",1,993,32
"1968","HM_H0082_32_Yellow.xlsx","others","その他","HM","H0082",2,"H0082","f",1,993,32
"1969","HM_H0083_32_Yellow.xlsx","sounds","幼児語","HM","H0083",9,"H0083","f",1,976,32
"1970","HM_H0083_32_Yellow.xlsx","animals","動物の名前","HM","H0083",18,"H0083","f",1,976,32
"1971","HM_H0083_32_Yellow.xlsx","vehicles","乗り物","HM","H0083",4,"H0083","f",1,976,32
"1972","HM_H0083_32_Yellow.xlsx","toys","おもちゃ","HM","H0083",11,"H0083","f",1,976,32
"1973","HM_H0083_32_Yellow.xlsx","food_drink","食べ物と飲み物","HM","H0083",50,"H0083","f",1,976,32
"1974","HM_H0083_32_Yellow.xlsx","clothing","衣類","HM","H0083",12,"H0083","f",1,976,32
"1975","HM_H0083_32_Yellow.xlsx","body_parts","体の部分","HM","H0083",22,"H0083","f",1,976,32
"1976","HM_H0083_32_Yellow.xlsx","furniture_rooms","家具と部屋","HM","H0083",13,"H0083","f",1,976,32
"1977","HM_H0083_32_Yellow.xlsx","household","小さな家庭用品","HM","H0083",33,"H0083","f",1,976,32
"1978","HM_H0083_32_Yellow.xlsx","outside","戸外のもの","HM","H0083",16,"H0083","f",1,976,32
"1979","HM_H0083_32_Yellow.xlsx","places","おでかけ","HM","H0083",10,"H0083","f",1,976,32
"1980","HM_H0083_32_Yellow.xlsx","people","人々","HM","H0083",16,"H0083","f",1,976,32
"1981","HM_H0083_32_Yellow.xlsx","games_routines","日課とあいさつ","HM","H0083",25,"H0083","f",1,976,32
"1982","HM_H0083_32_Yellow.xlsx","action_words","動作語","HM","H0083",80,"H0083","f",1,976,32
"1983","HM_H0083_32_Yellow.xlsx","time_words","時間についてのことば","HM","H0083",3,"H0083","f",1,976,32
"1984","HM_H0083_32_Yellow.xlsx","descriptive_words","ようす・性質","HM","H0083",39,"H0083","f",1,976,32
"1985","HM_H0083_32_Yellow.xlsx","pronouns","代名詞","HM","H0083",10,"H0083","f",1,976,32
"1986","HM_H0083_32_Yellow.xlsx","question_words","質問のことば","HM","H0083",8,"H0083","f",1,976,32
"1987","HM_H0083_32_Yellow.xlsx","locations","位置と場所についてのことば","HM","H0083",8,"H0083","f",1,976,32
"1988","HM_H0083_32_Yellow.xlsx","quantifiers","数量をあらわすことば","HM","H0083",13,"H0083","f",1,976,32
"1989","HM_H0083_32_Yellow.xlsx","connecting_words","接続語","HM","H0083",0,"H0083","f",1,976,32
"1990","HM_H0083_32_Yellow.xlsx","sounds2","幼児語（その２）","HM","H0083",24,"H0083","f",1,976,32
"1991","HM_H0083_32_Yellow.xlsx","conversations","会話語","HM","H0083",11,"H0083","f",1,976,32
"1992","HM_H0083_32_Yellow.xlsx","others","その他","HM","H0083",6,"H0083","f",1,976,32
"1993","HM_H0084_34_Yellow.xlsx","sounds","幼児語","HM","H0084",11,"H0084","f",1,1042,34
"1994","HM_H0084_34_Yellow.xlsx","animals","動物の名前","HM","H0084",36,"H0084","f",1,1042,34
"1995","HM_H0084_34_Yellow.xlsx","vehicles","乗り物","HM","H0084",12,"H0084","f",1,1042,34
"1996","HM_H0084_34_Yellow.xlsx","toys","おもちゃ","HM","H0084",8,"H0084","f",1,1042,34
"1997","HM_H0084_34_Yellow.xlsx","food_drink","食べ物と飲み物","HM","H0084",52,"H0084","f",1,1042,34
"1998","HM_H0084_34_Yellow.xlsx","clothing","衣類","HM","H0084",11,"H0084","f",1,1042,34
"1999","HM_H0084_34_Yellow.xlsx","body_parts","体の部分","HM","H0084",19,"H0084","f",1,1042,34
"2000","HM_H0084_34_Yellow.xlsx","furniture_rooms","家具と部屋","HM","H0084",8,"H0084","f",1,1042,34
"2001","HM_H0084_34_Yellow.xlsx","household","小さな家庭用品","HM","H0084",17,"H0084","f",1,1042,34
"2002","HM_H0084_34_Yellow.xlsx","outside","戸外のもの","HM","H0084",14,"H0084","f",1,1042,34
"2003","HM_H0084_34_Yellow.xlsx","places","おでかけ","HM","H0084",9,"H0084","f",1,1042,34
"2004","HM_H0084_34_Yellow.xlsx","people","人々","HM","H0084",21,"H0084","f",1,1042,34
"2005","HM_H0084_34_Yellow.xlsx","games_routines","日課とあいさつ","HM","H0084",25,"H0084","f",1,1042,34
"2006","HM_H0084_34_Yellow.xlsx","action_words","動作語","HM","H0084",57,"H0084","f",1,1042,34
"2007","HM_H0084_34_Yellow.xlsx","time_words","時間についてのことば","HM","H0084",0,"H0084","f",1,1042,34
"2008","HM_H0084_34_Yellow.xlsx","descriptive_words","ようす・性質","HM","H0084",24,"H0084","f",1,1042,34
"2009","HM_H0084_34_Yellow.xlsx","pronouns","代名詞","HM","H0084",0,"H0084","f",1,1042,34
"2010","HM_H0084_34_Yellow.xlsx","question_words","質問のことば","HM","H0084",1,"H0084","f",1,1042,34
"2011","HM_H0084_34_Yellow.xlsx","locations","位置と場所についてのことば","HM","H0084",0,"H0084","f",1,1042,34
"2012","HM_H0084_34_Yellow.xlsx","quantifiers","数量をあらわすことば","HM","H0084",6,"H0084","f",1,1042,34
"2013","HM_H0084_34_Yellow.xlsx","connecting_words","接続語","HM","H0084",0,"H0084","f",1,1042,34
"2014","HM_H0084_34_Yellow.xlsx","sounds2","幼児語（その２）","HM","H0084",11,"H0084","f",1,1042,34
"2015","HM_H0084_34_Yellow.xlsx","conversations","会話語","HM","H0084",4,"H0084","f",1,1042,34
"2016","HM_H0084_34_Yellow.xlsx","others","その他","HM","H0084",5,"H0084","f",1,1042,34
"2017","HM_H0085_36_Yellow.xlsx","sounds","幼児語","HM","H0085",9,"H0085","m",1,1122,36
"2018","HM_H0085_36_Yellow.xlsx","animals","動物の名前","HM","H0085",32,"H0085","m",1,1122,36
"2019","HM_H0085_36_Yellow.xlsx","vehicles","乗り物","HM","H0085",11,"H0085","m",1,1122,36
"2020","HM_H0085_36_Yellow.xlsx","toys","おもちゃ","HM","H0085",16,"H0085","m",1,1122,36
"2021","HM_H0085_36_Yellow.xlsx","food_drink","食べ物と飲み物","HM","H0085",48,"H0085","m",1,1122,36
"2022","HM_H0085_36_Yellow.xlsx","clothing","衣類","HM","H0085",14,"H0085","m",1,1122,36
"2023","HM_H0085_36_Yellow.xlsx","body_parts","体の部分","HM","H0085",24,"H0085","m",1,1122,36
"2024","HM_H0085_36_Yellow.xlsx","furniture_rooms","家具と部屋","HM","H0085",16,"H0085","m",1,1122,36
"2025","HM_H0085_36_Yellow.xlsx","household","小さな家庭用品","HM","H0085",33,"H0085","m",1,1122,36
"2026","HM_H0085_36_Yellow.xlsx","outside","戸外のもの","HM","H0085",20,"H0085","m",1,1122,36
"2027","HM_H0085_36_Yellow.xlsx","places","おでかけ","HM","H0085",13,"H0085","m",1,1122,36
"2028","HM_H0085_36_Yellow.xlsx","people","人々","HM","H0085",13,"H0085","m",1,1122,36
"2029","HM_H0085_36_Yellow.xlsx","games_routines","日課とあいさつ","HM","H0085",23,"H0085","m",1,1122,36
"2030","HM_H0085_36_Yellow.xlsx","action_words","動作語","HM","H0085",83,"H0085","m",1,1122,36
"2031","HM_H0085_36_Yellow.xlsx","time_words","時間についてのことば","HM","H0085",9,"H0085","m",1,1122,36
"2032","HM_H0085_36_Yellow.xlsx","descriptive_words","ようす・性質","HM","H0085",41,"H0085","m",1,1122,36
"2033","HM_H0085_36_Yellow.xlsx","pronouns","代名詞","HM","H0085",10,"H0085","m",1,1122,36
"2034","HM_H0085_36_Yellow.xlsx","question_words","質問のことば","HM","H0085",6,"H0085","m",1,1122,36
"2035","HM_H0085_36_Yellow.xlsx","locations","位置と場所についてのことば","HM","H0085",11,"H0085","m",1,1122,36
"2036","HM_H0085_36_Yellow.xlsx","quantifiers","数量をあらわすことば","HM","H0085",11,"H0085","m",1,1122,36
"2037","HM_H0085_36_Yellow.xlsx","connecting_words","接続語","HM","H0085",2,"H0085","m",1,1122,36
"2038","HM_H0085_36_Yellow.xlsx","sounds2","幼児語（その２）","HM","H0085",13,"H0085","m",1,1122,36
"2039","HM_H0085_36_Yellow.xlsx","conversations","会話語","HM","H0085",8,"H0085","m",1,1122,36
"2040","HM_H0085_36_Yellow.xlsx","others","その他","HM","H0085",7,"H0085","m",1,1122,36
"2041","OL_S0062_33_Yellow.xlsx","sounds","幼児語","OL","S0062",12,"S0062","f",1,1031,33
"2042","OL_S0062_33_Yellow.xlsx","animals","動物の名前","OL","S0062",42,"S0062","f",1,1031,33
"2043","OL_S0062_33_Yellow.xlsx","vehicles","乗り物","OL","S0062",13,"S0062","f",1,1031,33
"2044","OL_S0062_33_Yellow.xlsx","toys","おもちゃ","OL","S0062",17,"S0062","f",1,1031,33
"2045","OL_S0062_33_Yellow.xlsx","food_drink","食べ物と飲み物","OL","S0062",58,"S0062","f",1,1031,33
"2046","OL_S0062_33_Yellow.xlsx","clothing","衣類","OL","S0062",17,"S0062","f",1,1031,33
"2047","OL_S0062_33_Yellow.xlsx","body_parts","体の部分","OL","S0062",24,"S0062","f",1,1031,33
"2048","OL_S0062_33_Yellow.xlsx","furniture_rooms","家具と部屋","OL","S0062",21,"S0062","f",1,1031,33
"2049","OL_S0062_33_Yellow.xlsx","household","小さな家庭用品","OL","S0062",39,"S0062","f",1,1031,33
"2050","OL_S0062_33_Yellow.xlsx","outside","戸外のもの","OL","S0062",19,"S0062","f",1,1031,33
"2051","OL_S0062_33_Yellow.xlsx","places","おでかけ","OL","S0062",14,"S0062","f",1,1031,33
"2052","OL_S0062_33_Yellow.xlsx","people","人々","OL","S0062",24,"S0062","f",1,1031,33
"2053","OL_S0062_33_Yellow.xlsx","games_routines","日課とあいさつ","OL","S0062",25,"S0062","f",1,1031,33
"2054","OL_S0062_33_Yellow.xlsx","action_words","動作語","OL","S0062",97,"S0062","f",1,1031,33
"2055","OL_S0062_33_Yellow.xlsx","time_words","時間についてのことば","OL","S0062",10,"S0062","f",1,1031,33
"2056","OL_S0062_33_Yellow.xlsx","descriptive_words","ようす・性質","OL","S0062",53,"S0062","f",1,1031,33
"2057","OL_S0062_33_Yellow.xlsx","pronouns","代名詞","OL","S0062",2,"S0062","f",1,1031,33
"2058","OL_S0062_33_Yellow.xlsx","question_words","質問のことば","OL","S0062",9,"S0062","f",1,1031,33
"2059","OL_S0062_33_Yellow.xlsx","locations","位置と場所についてのことば","OL","S0062",4,"S0062","f",1,1031,33
"2060","OL_S0062_33_Yellow.xlsx","quantifiers","数量をあらわすことば","OL","S0062",17,"S0062","f",1,1031,33
"2061","OL_S0062_33_Yellow.xlsx","connecting_words","接続語","OL","S0062",0,"S0062","f",1,1031,33
"2062","OL_S0062_33_Yellow.xlsx","sounds2","幼児語（その２）","OL","S0062",1,"S0062","f",1,1031,33
"2063","OL_S0062_33_Yellow.xlsx","conversations","会話語","OL","S0062",5,"S0062","f",1,1031,33
"2064","OL_S0062_33_Yellow.xlsx","others","その他","OL","S0062",9,"S0062","f",1,1031,33
"2065","OL_S0080_27_Yellow.xlsx","sounds","幼児語","OL","S0080",11,"S0080","f",1,822,27
"2066","OL_S0080_27_Yellow.xlsx","animals","動物の名前","OL","S0080",36,"S0080","f",1,822,27
"2067","OL_S0080_27_Yellow.xlsx","vehicles","乗り物","OL","S0080",13,"S0080","f",1,822,27
"2068","OL_S0080_27_Yellow.xlsx","toys","おもちゃ","OL","S0080",11,"S0080","f",1,822,27
"2069","OL_S0080_27_Yellow.xlsx","food_drink","食べ物と飲み物","OL","S0080",56,"S0080","f",1,822,27
"2070","OL_S0080_27_Yellow.xlsx","clothing","衣類","OL","S0080",16,"S0080","f",1,822,27
"2071","OL_S0080_27_Yellow.xlsx","body_parts","体の部分","OL","S0080",24,"S0080","f",1,822,27
"2072","OL_S0080_27_Yellow.xlsx","furniture_rooms","家具と部屋","OL","S0080",15,"S0080","f",1,822,27
"2073","OL_S0080_27_Yellow.xlsx","household","小さな家庭用品","OL","S0080",26,"S0080","f",1,822,27
"2074","OL_S0080_27_Yellow.xlsx","outside","戸外のもの","OL","S0080",18,"S0080","f",1,822,27
"2075","OL_S0080_27_Yellow.xlsx","places","おでかけ","OL","S0080",10,"S0080","f",1,822,27
"2076","OL_S0080_27_Yellow.xlsx","people","人々","OL","S0080",18,"S0080","f",1,822,27
"2077","OL_S0080_27_Yellow.xlsx","games_routines","日課とあいさつ","OL","S0080",25,"S0080","f",1,822,27
"2078","OL_S0080_27_Yellow.xlsx","action_words","動作語","OL","S0080",53,"S0080","f",1,822,27
"2079","OL_S0080_27_Yellow.xlsx","time_words","時間についてのことば","OL","S0080",6,"S0080","f",1,822,27
"2080","OL_S0080_27_Yellow.xlsx","descriptive_words","ようす・性質","OL","S0080",48,"S0080","f",1,822,27
"2081","OL_S0080_27_Yellow.xlsx","pronouns","代名詞","OL","S0080",10,"S0080","f",1,822,27
"2082","OL_S0080_27_Yellow.xlsx","question_words","質問のことば","OL","S0080",6,"S0080","f",1,822,27
"2083","OL_S0080_27_Yellow.xlsx","locations","位置と場所についてのことば","OL","S0080",10,"S0080","f",1,822,27
"2084","OL_S0080_27_Yellow.xlsx","quantifiers","数量をあらわすことば","OL","S0080",15,"S0080","f",1,822,27
"2085","OL_S0080_27_Yellow.xlsx","connecting_words","接続語","OL","S0080",1,"S0080","f",1,822,27
"2086","OL_S0080_27_Yellow.xlsx","sounds2","幼児語（その２）","OL","S0080",24,"S0080","f",1,822,27
"2087","OL_S0080_27_Yellow.xlsx","conversations","会話語","OL","S0080",7,"S0080","f",1,822,27
"2088","OL_S0080_27_Yellow.xlsx","others","その他","OL","S0080",7,"S0080","f",1,822,27
"2089","OL_S0084_27_Yellow.xlsx","sounds","幼児語","OL","S0084",9,"S0084","f",1,829,27
"2090","OL_S0084_27_Yellow.xlsx","animals","動物の名前","OL","S0084",2,"S0084","f",1,829,27
"2091","OL_S0084_27_Yellow.xlsx","vehicles","乗り物","OL","S0084",2,"S0084","f",1,829,27
"2092","OL_S0084_27_Yellow.xlsx","toys","おもちゃ","OL","S0084",0,"S0084","f",1,829,27
"2093","OL_S0084_27_Yellow.xlsx","food_drink","食べ物と飲み物","OL","S0084",18,"S0084","f",1,829,27
"2094","OL_S0084_27_Yellow.xlsx","clothing","衣類","OL","S0084",3,"S0084","f",1,829,27
"2095","OL_S0084_27_Yellow.xlsx","body_parts","体の部分","OL","S0084",4,"S0084","f",1,829,27
"2096","OL_S0084_27_Yellow.xlsx","furniture_rooms","家具と部屋","OL","S0084",6,"S0084","f",1,829,27
"2097","OL_S0084_27_Yellow.xlsx","household","小さな家庭用品","OL","S0084",5,"S0084","f",1,829,27
"2098","OL_S0084_27_Yellow.xlsx","outside","戸外のもの","OL","S0084",2,"S0084","f",1,829,27
"2099","OL_S0084_27_Yellow.xlsx","places","おでかけ","OL","S0084",1,"S0084","f",1,829,27
"2100","OL_S0084_27_Yellow.xlsx","people","人々","OL","S0084",8,"S0084","f",1,829,27
"2101","OL_S0084_27_Yellow.xlsx","games_routines","日課とあいさつ","OL","S0084",14,"S0084","f",1,829,27
"2102","OL_S0084_27_Yellow.xlsx","action_words","動作語","OL","S0084",14,"S0084","f",1,829,27
"2103","OL_S0084_27_Yellow.xlsx","time_words","時間についてのことば","OL","S0084",0,"S0084","f",1,829,27
"2104","OL_S0084_27_Yellow.xlsx","descriptive_words","ようす・性質","OL","S0084",2,"S0084","f",1,829,27
"2105","OL_S0084_27_Yellow.xlsx","pronouns","代名詞","OL","S0084",5,"S0084","f",1,829,27
"2106","OL_S0084_27_Yellow.xlsx","question_words","質問のことば","OL","S0084",0,"S0084","f",1,829,27
"2107","OL_S0084_27_Yellow.xlsx","locations","位置と場所についてのことば","OL","S0084",0,"S0084","f",1,829,27
"2108","OL_S0084_27_Yellow.xlsx","quantifiers","数量をあらわすことば","OL","S0084",3,"S0084","f",1,829,27
"2109","OL_S0084_27_Yellow.xlsx","connecting_words","接続語","OL","S0084",0,"S0084","f",1,829,27
"2110","OL_S0084_27_Yellow.xlsx","sounds2","幼児語（その２）","OL","S0084",5,"S0084","f",1,829,27
"2111","OL_S0084_27_Yellow.xlsx","conversations","会話語","OL","S0084",4,"S0084","f",1,829,27
"2112","OL_S0084_27_Yellow.xlsx","others","その他","OL","S0084",2,"S0084","f",1,829,27
"2113","OL_S0099_34_Yellow.xlsx","sounds","幼児語","OL","S0099",12,"S0099","f",1,1046,34
"2114","OL_S0099_34_Yellow.xlsx","animals","動物の名前","OL","S0099",37,"S0099","f",1,1046,34
"2115","OL_S0099_34_Yellow.xlsx","vehicles","乗り物","OL","S0099",9,"S0099","f",1,1046,34
"2116","OL_S0099_34_Yellow.xlsx","toys","おもちゃ","OL","S0099",14,"S0099","f",1,1046,34
"2117","OL_S0099_34_Yellow.xlsx","food_drink","食べ物と飲み物","OL","S0099",49,"S0099","f",1,1046,34
"2118","OL_S0099_34_Yellow.xlsx","clothing","衣類","OL","S0099",5,"S0099","f",1,1046,34
"2119","OL_S0099_34_Yellow.xlsx","body_parts","体の部分","OL","S0099",18,"S0099","f",1,1046,34
"2120","OL_S0099_34_Yellow.xlsx","furniture_rooms","家具と部屋","OL","S0099",9,"S0099","f",1,1046,34
"2121","OL_S0099_34_Yellow.xlsx","household","小さな家庭用品","OL","S0099",22,"S0099","f",1,1046,34
"2122","OL_S0099_34_Yellow.xlsx","outside","戸外のもの","OL","S0099",15,"S0099","f",1,1046,34
"2123","OL_S0099_34_Yellow.xlsx","places","おでかけ","OL","S0099",7,"S0099","f",1,1046,34
"2124","OL_S0099_34_Yellow.xlsx","people","人々","OL","S0099",11,"S0099","f",1,1046,34
"2125","OL_S0099_34_Yellow.xlsx","games_routines","日課とあいさつ","OL","S0099",25,"S0099","f",1,1046,34
"2126","OL_S0099_34_Yellow.xlsx","action_words","動作語","OL","S0099",63,"S0099","f",1,1046,34
"2127","OL_S0099_34_Yellow.xlsx","time_words","時間についてのことば","OL","S0099",1,"S0099","f",1,1046,34
"2128","OL_S0099_34_Yellow.xlsx","descriptive_words","ようす・性質","OL","S0099",20,"S0099","f",1,1046,34
"2129","OL_S0099_34_Yellow.xlsx","pronouns","代名詞","OL","S0099",8,"S0099","f",1,1046,34
"2130","OL_S0099_34_Yellow.xlsx","question_words","質問のことば","OL","S0099",4,"S0099","f",1,1046,34
"2131","OL_S0099_34_Yellow.xlsx","locations","位置と場所についてのことば","OL","S0099",2,"S0099","f",1,1046,34
"2132","OL_S0099_34_Yellow.xlsx","quantifiers","数量をあらわすことば","OL","S0099",8,"S0099","f",1,1046,34
"2133","OL_S0099_34_Yellow.xlsx","connecting_words","接続語","OL","S0099",0,"S0099","f",1,1046,34
"2134","OL_S0099_34_Yellow.xlsx","sounds2","幼児語（その２）","OL","S0099",20,"S0099","f",1,1046,34
"2135","OL_S0099_34_Yellow.xlsx","conversations","会話語","OL","S0099",7,"S0099","f",1,1046,34
"2136","OL_S0099_34_Yellow.xlsx","others","その他","OL","S0099",5,"S0099","f",1,1046,34
"2137","OL_S0108_35_Yellow.xlsx","sounds","幼児語","OL","S0108",11,"S0108","f",1,1071,35
"2138","OL_S0108_35_Yellow.xlsx","animals","動物の名前","OL","S0108",43,"S0108","f",1,1071,35
"2139","OL_S0108_35_Yellow.xlsx","vehicles","乗り物","OL","S0108",13,"S0108","f",1,1071,35
"2140","OL_S0108_35_Yellow.xlsx","toys","おもちゃ","OL","S0108",17,"S0108","f",1,1071,35
"2141","OL_S0108_35_Yellow.xlsx","food_drink","食べ物と飲み物","OL","S0108",65,"S0108","f",1,1071,35
"2142","OL_S0108_35_Yellow.xlsx","clothing","衣類","OL","S0108",23,"S0108","f",1,1071,35
"2143","OL_S0108_35_Yellow.xlsx","body_parts","体の部分","OL","S0108",27,"S0108","f",1,1071,35
"2144","OL_S0108_35_Yellow.xlsx","furniture_rooms","家具と部屋","OL","S0108",26,"S0108","f",1,1071,35
"2145","OL_S0108_35_Yellow.xlsx","household","小さな家庭用品","OL","S0108",47,"S0108","f",1,1071,35
"2146","OL_S0108_35_Yellow.xlsx","outside","戸外のもの","OL","S0108",29,"S0108","f",1,1071,35
"2147","OL_S0108_35_Yellow.xlsx","places","おでかけ","OL","S0108",20,"S0108","f",1,1071,35
"2148","OL_S0108_35_Yellow.xlsx","people","人々","OL","S0108",24,"S0108","f",1,1071,35
"2149","OL_S0108_35_Yellow.xlsx","games_routines","日課とあいさつ","OL","S0108",25,"S0108","f",1,1071,35
"2150","OL_S0108_35_Yellow.xlsx","action_words","動作語","OL","S0108",102,"S0108","f",1,1071,35
"2151","OL_S0108_35_Yellow.xlsx","time_words","時間についてのことば","OL","S0108",12,"S0108","f",1,1071,35
"2152","OL_S0108_35_Yellow.xlsx","descriptive_words","ようす・性質","OL","S0108",61,"S0108","f",1,1071,35
"2153","OL_S0108_35_Yellow.xlsx","pronouns","代名詞","OL","S0108",19,"S0108","f",1,1071,35
"2154","OL_S0108_35_Yellow.xlsx","question_words","質問のことば","OL","S0108",8,"S0108","f",1,1071,35
"2155","OL_S0108_35_Yellow.xlsx","locations","位置と場所についてのことば","OL","S0108",20,"S0108","f",1,1071,35
"2156","OL_S0108_35_Yellow.xlsx","quantifiers","数量をあらわすことば","OL","S0108",17,"S0108","f",1,1071,35
"2157","OL_S0108_35_Yellow.xlsx","connecting_words","接続語","OL","S0108",2,"S0108","f",1,1071,35
"2158","OL_S0108_35_Yellow.xlsx","sounds2","幼児語（その２）","OL","S0108",24,"S0108","f",1,1071,35
"2159","OL_S0108_35_Yellow.xlsx","conversations","会話語","OL","S0108",12,"S0108","f",1,1071,35
"2160","OL_S0108_35_Yellow.xlsx","others","その他","OL","S0108",9,"S0108","f",1,1071,35
"2161","OL_S0113_29_Yellow.xlsx","sounds","幼児語","OL","S0113",7,"S0113","f",1,904,29
"2162","OL_S0113_29_Yellow.xlsx","animals","動物の名前","OL","S0113",12,"S0113","f",1,904,29
"2163","OL_S0113_29_Yellow.xlsx","vehicles","乗り物","OL","S0113",3,"S0113","f",1,904,29
"2164","OL_S0113_29_Yellow.xlsx","toys","おもちゃ","OL","S0113",3,"S0113","f",1,904,29
"2165","OL_S0113_29_Yellow.xlsx","food_drink","食べ物と飲み物","OL","S0113",10,"S0113","f",1,904,29
"2166","OL_S0113_29_Yellow.xlsx","clothing","衣類","OL","S0113",3,"S0113","f",1,904,29
"2167","OL_S0113_29_Yellow.xlsx","body_parts","体の部分","OL","S0113",12,"S0113","f",1,904,29
"2168","OL_S0113_29_Yellow.xlsx","furniture_rooms","家具と部屋","OL","S0113",3,"S0113","f",1,904,29
"2169","OL_S0113_29_Yellow.xlsx","household","小さな家庭用品","OL","S0113",2,"S0113","f",1,904,29
"2170","OL_S0113_29_Yellow.xlsx","outside","戸外のもの","OL","S0113",2,"S0113","f",1,904,29
"2171","OL_S0113_29_Yellow.xlsx","places","おでかけ","OL","S0113",0,"S0113","f",1,904,29
"2172","OL_S0113_29_Yellow.xlsx","people","人々","OL","S0113",7,"S0113","f",1,904,29
"2173","OL_S0113_29_Yellow.xlsx","games_routines","日課とあいさつ","OL","S0113",13,"S0113","f",1,904,29
"2174","OL_S0113_29_Yellow.xlsx","action_words","動作語","OL","S0113",3,"S0113","f",1,904,29
"2175","OL_S0113_29_Yellow.xlsx","time_words","時間についてのことば","OL","S0113",0,"S0113","f",1,904,29
"2176","OL_S0113_29_Yellow.xlsx","descriptive_words","ようす・性質","OL","S0113",10,"S0113","f",1,904,29
"2177","OL_S0113_29_Yellow.xlsx","pronouns","代名詞","OL","S0113",6,"S0113","f",1,904,29
"2178","OL_S0113_29_Yellow.xlsx","question_words","質問のことば","OL","S0113",0,"S0113","f",1,904,29
"2179","OL_S0113_29_Yellow.xlsx","locations","位置と場所についてのことば","OL","S0113",0,"S0113","f",1,904,29
"2180","OL_S0113_29_Yellow.xlsx","quantifiers","数量をあらわすことば","OL","S0113",2,"S0113","f",1,904,29
"2181","OL_S0113_29_Yellow.xlsx","connecting_words","接続語","OL","S0113",0,"S0113","f",1,904,29
"2182","OL_S0113_29_Yellow.xlsx","sounds2","幼児語（その２）","OL","S0113",16,"S0113","f",1,904,29
"2183","OL_S0113_29_Yellow.xlsx","conversations","会話語","OL","S0113",4,"S0113","f",1,904,29
"2184","OL_S0113_29_Yellow.xlsx","others","その他","OL","S0113",3,"S0113","f",1,904,29
"2185","OL_S0117_26_Yellow.xlsx","sounds","幼児語","OL","S0117",7,"S0117","f",1,793,26
"2186","OL_S0117_26_Yellow.xlsx","animals","動物の名前","OL","S0117",5,"S0117","f",1,793,26
"2187","OL_S0117_26_Yellow.xlsx","vehicles","乗り物","OL","S0117",6,"S0117","f",1,793,26
"2188","OL_S0117_26_Yellow.xlsx","toys","おもちゃ","OL","S0117",3,"S0117","f",1,793,26
"2189","OL_S0117_26_Yellow.xlsx","food_drink","食べ物と飲み物","OL","S0117",17,"S0117","f",1,793,26
"2190","OL_S0117_26_Yellow.xlsx","clothing","衣類","OL","S0117",4,"S0117","f",1,793,26
"2191","OL_S0117_26_Yellow.xlsx","body_parts","体の部分","OL","S0117",0,"S0117","f",1,793,26
"2192","OL_S0117_26_Yellow.xlsx","furniture_rooms","家具と部屋","OL","S0117",4,"S0117","f",1,793,26
"2193","OL_S0117_26_Yellow.xlsx","household","小さな家庭用品","OL","S0117",3,"S0117","f",1,793,26
"2194","OL_S0117_26_Yellow.xlsx","outside","戸外のもの","OL","S0117",5,"S0117","f",1,793,26
"2195","OL_S0117_26_Yellow.xlsx","places","おでかけ","OL","S0117",0,"S0117","f",1,793,26
"2196","OL_S0117_26_Yellow.xlsx","people","人々","OL","S0117",3,"S0117","f",1,793,26
"2197","OL_S0117_26_Yellow.xlsx","games_routines","日課とあいさつ","OL","S0117",6,"S0117","f",1,793,26
"2198","OL_S0117_26_Yellow.xlsx","action_words","動作語","OL","S0117",13,"S0117","f",1,793,26
"2199","OL_S0117_26_Yellow.xlsx","time_words","時間についてのことば","OL","S0117",0,"S0117","f",1,793,26
"2200","OL_S0117_26_Yellow.xlsx","descriptive_words","ようす・性質","OL","S0117",16,"S0117","f",1,793,26
"2201","OL_S0117_26_Yellow.xlsx","pronouns","代名詞","OL","S0117",0,"S0117","f",1,793,26
"2202","OL_S0117_26_Yellow.xlsx","question_words","質問のことば","OL","S0117",1,"S0117","f",1,793,26
"2203","OL_S0117_26_Yellow.xlsx","locations","位置と場所についてのことば","OL","S0117",0,"S0117","f",1,793,26
"2204","OL_S0117_26_Yellow.xlsx","quantifiers","数量をあらわすことば","OL","S0117",3,"S0117","f",1,793,26
"2205","OL_S0117_26_Yellow.xlsx","connecting_words","接続語","OL","S0117",0,"S0117","f",1,793,26
"2206","OL_S0117_26_Yellow.xlsx","sounds2","幼児語（その２）","OL","S0117",11,"S0117","f",1,793,26
"2207","OL_S0117_26_Yellow.xlsx","conversations","会話語","OL","S0117",3,"S0117","f",1,793,26
"2208","OL_S0117_26_Yellow.xlsx","others","その他","OL","S0117",4,"S0117","f",1,793,26
"2209","OL_S0134_27_Yellow.xlsx","sounds","幼児語","OL","S0134",6,"S0134","f",1,849,27
"2210","OL_S0134_27_Yellow.xlsx","animals","動物の名前","OL","S0134",16,"S0134","f",1,849,27
"2211","OL_S0134_27_Yellow.xlsx","vehicles","乗り物","OL","S0134",6,"S0134","f",1,849,27
"2212","OL_S0134_27_Yellow.xlsx","toys","おもちゃ","OL","S0134",7,"S0134","f",1,849,27
"2213","OL_S0134_27_Yellow.xlsx","food_drink","食べ物と飲み物","OL","S0134",38,"S0134","f",1,849,27
"2214","OL_S0134_27_Yellow.xlsx","clothing","衣類","OL","S0134",10,"S0134","f",1,849,27
"2215","OL_S0134_27_Yellow.xlsx","body_parts","体の部分","OL","S0134",19,"S0134","f",1,849,27
"2216","OL_S0134_27_Yellow.xlsx","furniture_rooms","家具と部屋","OL","S0134",12,"S0134","f",1,849,27
"2217","OL_S0134_27_Yellow.xlsx","household","小さな家庭用品","OL","S0134",22,"S0134","f",1,849,27
"2218","OL_S0134_27_Yellow.xlsx","outside","戸外のもの","OL","S0134",6,"S0134","f",1,849,27
"2219","OL_S0134_27_Yellow.xlsx","places","おでかけ","OL","S0134",6,"S0134","f",1,849,27
"2220","OL_S0134_27_Yellow.xlsx","people","人々","OL","S0134",7,"S0134","f",1,849,27
"2221","OL_S0134_27_Yellow.xlsx","games_routines","日課とあいさつ","OL","S0134",23,"S0134","f",1,849,27
"2222","OL_S0134_27_Yellow.xlsx","action_words","動作語","OL","S0134",76,"S0134","f",1,849,27
"2223","OL_S0134_27_Yellow.xlsx","time_words","時間についてのことば","OL","S0134",3,"S0134","f",1,849,27
"2224","OL_S0134_27_Yellow.xlsx","descriptive_words","ようす・性質","OL","S0134",19,"S0134","f",1,849,27
"2225","OL_S0134_27_Yellow.xlsx","pronouns","代名詞","OL","S0134",5,"S0134","f",1,849,27
"2226","OL_S0134_27_Yellow.xlsx","question_words","質問のことば","OL","S0134",4,"S0134","f",1,849,27
"2227","OL_S0134_27_Yellow.xlsx","locations","位置と場所についてのことば","OL","S0134",6,"S0134","f",1,849,27
"2228","OL_S0134_27_Yellow.xlsx","quantifiers","数量をあらわすことば","OL","S0134",13,"S0134","f",1,849,27
"2229","OL_S0134_27_Yellow.xlsx","connecting_words","接続語","OL","S0134",0,"S0134","f",1,849,27
"2230","OL_S0134_27_Yellow.xlsx","sounds2","幼児語（その２）","OL","S0134",15,"S0134","f",1,849,27
"2231","OL_S0134_27_Yellow.xlsx","conversations","会話語","OL","S0134",11,"S0134","f",1,849,27
"2232","OL_S0134_27_Yellow.xlsx","others","その他","OL","S0134",4,"S0134","f",1,849,27
"2233","OL_S0154_26_Yellow.xlsx","sounds","幼児語","OL","S0154",0,"S0154","m",1,812,26
"2234","OL_S0154_26_Yellow.xlsx","animals","動物の名前","OL","S0154",1,"S0154","m",1,812,26
"2235","OL_S0154_26_Yellow.xlsx","vehicles","乗り物","OL","S0154",0,"S0154","m",1,812,26
"2236","OL_S0154_26_Yellow.xlsx","toys","おもちゃ","OL","S0154",0,"S0154","m",1,812,26
"2237","OL_S0154_26_Yellow.xlsx","food_drink","食べ物と飲み物","OL","S0154",0,"S0154","m",1,812,26
"2238","OL_S0154_26_Yellow.xlsx","clothing","衣類","OL","S0154",0,"S0154","m",1,812,26
"2239","OL_S0154_26_Yellow.xlsx","body_parts","体の部分","OL","S0154",0,"S0154","m",1,812,26
"2240","OL_S0154_26_Yellow.xlsx","furniture_rooms","家具と部屋","OL","S0154",0,"S0154","m",1,812,26
"2241","OL_S0154_26_Yellow.xlsx","household","小さな家庭用品","OL","S0154",0,"S0154","m",1,812,26
"2242","OL_S0154_26_Yellow.xlsx","outside","戸外のもの","OL","S0154",0,"S0154","m",1,812,26
"2243","OL_S0154_26_Yellow.xlsx","places","おでかけ","OL","S0154",0,"S0154","m",1,812,26
"2244","OL_S0154_26_Yellow.xlsx","people","人々","OL","S0154",0,"S0154","m",1,812,26
"2245","OL_S0154_26_Yellow.xlsx","games_routines","日課とあいさつ","OL","S0154",0,"S0154","m",1,812,26
"2246","OL_S0154_26_Yellow.xlsx","action_words","動作語","OL","S0154",0,"S0154","m",1,812,26
"2247","OL_S0154_26_Yellow.xlsx","time_words","時間についてのことば","OL","S0154",0,"S0154","m",1,812,26
"2248","OL_S0154_26_Yellow.xlsx","descriptive_words","ようす・性質","OL","S0154",0,"S0154","m",1,812,26
"2249","OL_S0154_26_Yellow.xlsx","pronouns","代名詞","OL","S0154",0,"S0154","m",1,812,26
"2250","OL_S0154_26_Yellow.xlsx","question_words","質問のことば","OL","S0154",0,"S0154","m",1,812,26
"2251","OL_S0154_26_Yellow.xlsx","locations","位置と場所についてのことば","OL","S0154",0,"S0154","m",1,812,26
"2252","OL_S0154_26_Yellow.xlsx","quantifiers","数量をあらわすことば","OL","S0154",0,"S0154","m",1,812,26
"2253","OL_S0154_26_Yellow.xlsx","connecting_words","接続語","OL","S0154",0,"S0154","m",1,812,26
"2254","OL_S0154_26_Yellow.xlsx","sounds2","幼児語（その２）","OL","S0154",0,"S0154","m",1,812,26
"2255","OL_S0154_26_Yellow.xlsx","conversations","会話語","OL","S0154",0,"S0154","m",1,812,26
"2256","OL_S0154_26_Yellow.xlsx","others","その他","OL","S0154",0,"S0154","m",1,812,26
"2257","OL_S0162_26_Yellow.xlsx","sounds","幼児語","OL","S0162",12,"S0162","f",1,803,26
"2258","OL_S0162_26_Yellow.xlsx","animals","動物の名前","OL","S0162",41,"S0162","f",1,803,26
"2259","OL_S0162_26_Yellow.xlsx","vehicles","乗り物","OL","S0162",13,"S0162","f",1,803,26
"2260","OL_S0162_26_Yellow.xlsx","toys","おもちゃ","OL","S0162",13,"S0162","f",1,803,26
"2261","OL_S0162_26_Yellow.xlsx","food_drink","食べ物と飲み物","OL","S0162",60,"S0162","f",1,803,26
"2262","OL_S0162_26_Yellow.xlsx","clothing","衣類","OL","S0162",17,"S0162","f",1,803,26
"2263","OL_S0162_26_Yellow.xlsx","body_parts","体の部分","OL","S0162",25,"S0162","f",1,803,26
"2264","OL_S0162_26_Yellow.xlsx","furniture_rooms","家具と部屋","OL","S0162",19,"S0162","f",1,803,26
"2265","OL_S0162_26_Yellow.xlsx","household","小さな家庭用品","OL","S0162",39,"S0162","f",1,803,26
"2266","OL_S0162_26_Yellow.xlsx","outside","戸外のもの","OL","S0162",16,"S0162","f",1,803,26
"2267","OL_S0162_26_Yellow.xlsx","places","おでかけ","OL","S0162",7,"S0162","f",1,803,26
"2268","OL_S0162_26_Yellow.xlsx","people","人々","OL","S0162",17,"S0162","f",1,803,26
"2269","OL_S0162_26_Yellow.xlsx","games_routines","日課とあいさつ","OL","S0162",24,"S0162","f",1,803,26
"2270","OL_S0162_26_Yellow.xlsx","action_words","動作語","OL","S0162",88,"S0162","f",1,803,26
"2271","OL_S0162_26_Yellow.xlsx","time_words","時間についてのことば","OL","S0162",9,"S0162","f",1,803,26
"2272","OL_S0162_26_Yellow.xlsx","descriptive_words","ようす・性質","OL","S0162",53,"S0162","f",1,803,26
"2273","OL_S0162_26_Yellow.xlsx","pronouns","代名詞","OL","S0162",9,"S0162","f",1,803,26
"2274","OL_S0162_26_Yellow.xlsx","question_words","質問のことば","OL","S0162",7,"S0162","f",1,803,26
"2275","OL_S0162_26_Yellow.xlsx","locations","位置と場所についてのことば","OL","S0162",15,"S0162","f",1,803,26
"2276","OL_S0162_26_Yellow.xlsx","quantifiers","数量をあらわすことば","OL","S0162",16,"S0162","f",1,803,26
"2277","OL_S0162_26_Yellow.xlsx","connecting_words","接続語","OL","S0162",3,"S0162","f",1,803,26
"2278","OL_S0162_26_Yellow.xlsx","sounds2","幼児語（その２）","OL","S0162",28,"S0162","f",1,803,26
"2279","OL_S0162_26_Yellow.xlsx","conversations","会話語","OL","S0162",12,"S0162","f",1,803,26
"2280","OL_S0162_26_Yellow.xlsx","others","その他","OL","S0162",8,"S0162","f",1,803,26
"2281","OL_S0167_28_Yellow.xlsx","sounds","幼児語","OL","S0167",3,"S0167","m",1,852,28
"2282","OL_S0167_28_Yellow.xlsx","animals","動物の名前","OL","S0167",3,"S0167","m",1,852,28
"2283","OL_S0167_28_Yellow.xlsx","vehicles","乗り物","OL","S0167",0,"S0167","m",1,852,28
"2284","OL_S0167_28_Yellow.xlsx","toys","おもちゃ","OL","S0167",0,"S0167","m",1,852,28
"2285","OL_S0167_28_Yellow.xlsx","food_drink","食べ物と飲み物","OL","S0167",0,"S0167","m",1,852,28
"2286","OL_S0167_28_Yellow.xlsx","clothing","衣類","OL","S0167",2,"S0167","m",1,852,28
"2287","OL_S0167_28_Yellow.xlsx","body_parts","体の部分","OL","S0167",4,"S0167","m",1,852,28
"2288","OL_S0167_28_Yellow.xlsx","furniture_rooms","家具と部屋","OL","S0167",0,"S0167","m",1,852,28
"2289","OL_S0167_28_Yellow.xlsx","household","小さな家庭用品","OL","S0167",0,"S0167","m",1,852,28
"2290","OL_S0167_28_Yellow.xlsx","outside","戸外のもの","OL","S0167",2,"S0167","m",1,852,28
"2291","OL_S0167_28_Yellow.xlsx","places","おでかけ","OL","S0167",0,"S0167","m",1,852,28
"2292","OL_S0167_28_Yellow.xlsx","people","人々","OL","S0167",2,"S0167","m",1,852,28
"2293","OL_S0167_28_Yellow.xlsx","games_routines","日課とあいさつ","OL","S0167",1,"S0167","m",1,852,28
"2294","OL_S0167_28_Yellow.xlsx","action_words","動作語","OL","S0167",3,"S0167","m",1,852,28
"2295","OL_S0167_28_Yellow.xlsx","time_words","時間についてのことば","OL","S0167",0,"S0167","m",1,852,28
"2296","OL_S0167_28_Yellow.xlsx","descriptive_words","ようす・性質","OL","S0167",4,"S0167","m",1,852,28
"2297","OL_S0167_28_Yellow.xlsx","pronouns","代名詞","OL","S0167",3,"S0167","m",1,852,28
"2298","OL_S0167_28_Yellow.xlsx","question_words","質問のことば","OL","S0167",1,"S0167","m",1,852,28
"2299","OL_S0167_28_Yellow.xlsx","locations","位置と場所についてのことば","OL","S0167",1,"S0167","m",1,852,28
"2300","OL_S0167_28_Yellow.xlsx","quantifiers","数量をあらわすことば","OL","S0167",1,"S0167","m",1,852,28
"2301","OL_S0167_28_Yellow.xlsx","connecting_words","接続語","OL","S0167",0,"S0167","m",1,852,28
"2302","OL_S0167_28_Yellow.xlsx","sounds2","幼児語（その２）","OL","S0167",4,"S0167","m",1,852,28
"2303","OL_S0167_28_Yellow.xlsx","conversations","会話語","OL","S0167",4,"S0167","m",1,852,28
"2304","OL_S0167_28_Yellow.xlsx","others","その他","OL","S0167",2,"S0167","m",1,852,28
"2305","OL_S0170_25_Yellow.xlsx","sounds","幼児語","OL","S0170",9,"S0170","m",1,763,25
"2306","OL_S0170_25_Yellow.xlsx","animals","動物の名前","OL","S0170",14,"S0170","m",1,763,25
"2307","OL_S0170_25_Yellow.xlsx","vehicles","乗り物","OL","S0170",5,"S0170","m",1,763,25
"2308","OL_S0170_25_Yellow.xlsx","toys","おもちゃ","OL","S0170",5,"S0170","m",1,763,25
"2309","OL_S0170_25_Yellow.xlsx","food_drink","食べ物と飲み物","OL","S0170",24,"S0170","m",1,763,25
"2310","OL_S0170_25_Yellow.xlsx","clothing","衣類","OL","S0170",3,"S0170","m",1,763,25
"2311","OL_S0170_25_Yellow.xlsx","body_parts","体の部分","OL","S0170",13,"S0170","m",1,763,25
"2312","OL_S0170_25_Yellow.xlsx","furniture_rooms","家具と部屋","OL","S0170",2,"S0170","m",1,763,25
"2313","OL_S0170_25_Yellow.xlsx","household","小さな家庭用品","OL","S0170",3,"S0170","m",1,763,25
"2314","OL_S0170_25_Yellow.xlsx","outside","戸外のもの","OL","S0170",6,"S0170","m",1,763,25
"2315","OL_S0170_25_Yellow.xlsx","places","おでかけ","OL","S0170",1,"S0170","m",1,763,25
"2316","OL_S0170_25_Yellow.xlsx","people","人々","OL","S0170",6,"S0170","m",1,763,25
"2317","OL_S0170_25_Yellow.xlsx","games_routines","日課とあいさつ","OL","S0170",13,"S0170","m",1,763,25
"2318","OL_S0170_25_Yellow.xlsx","action_words","動作語","OL","S0170",8,"S0170","m",1,763,25
"2319","OL_S0170_25_Yellow.xlsx","time_words","時間についてのことば","OL","S0170",0,"S0170","m",1,763,25
"2320","OL_S0170_25_Yellow.xlsx","descriptive_words","ようす・性質","OL","S0170",12,"S0170","m",1,763,25
"2321","OL_S0170_25_Yellow.xlsx","pronouns","代名詞","OL","S0170",2,"S0170","m",1,763,25
"2322","OL_S0170_25_Yellow.xlsx","question_words","質問のことば","OL","S0170",0,"S0170","m",1,763,25
"2323","OL_S0170_25_Yellow.xlsx","locations","位置と場所についてのことば","OL","S0170",0,"S0170","m",1,763,25
"2324","OL_S0170_25_Yellow.xlsx","quantifiers","数量をあらわすことば","OL","S0170",3,"S0170","m",1,763,25
"2325","OL_S0170_25_Yellow.xlsx","connecting_words","接続語","OL","S0170",0,"S0170","m",1,763,25
"2326","OL_S0170_25_Yellow.xlsx","sounds2","幼児語（その２）","OL","S0170",11,"S0170","m",1,763,25
"2327","OL_S0170_25_Yellow.xlsx","conversations","会話語","OL","S0170",3,"S0170","m",1,763,25
"2328","OL_S0170_25_Yellow.xlsx","others","その他","OL","S0170",2,"S0170","m",1,763,25
"2329","OL_S0173_25_Yellow.xlsx","sounds","幼児語","OL","S0173",8,"S0173","m",1,779,25
"2330","OL_S0173_25_Yellow.xlsx","animals","動物の名前","OL","S0173",9,"S0173","m",1,779,25
"2331","OL_S0173_25_Yellow.xlsx","vehicles","乗り物","OL","S0173",2,"S0173","m",1,779,25
"2332","OL_S0173_25_Yellow.xlsx","toys","おもちゃ","OL","S0173",0,"S0173","m",1,779,25
"2333","OL_S0173_25_Yellow.xlsx","food_drink","食べ物と飲み物","OL","S0173",20,"S0173","m",1,779,25
"2334","OL_S0173_25_Yellow.xlsx","clothing","衣類","OL","S0173",2,"S0173","m",1,779,25
"2335","OL_S0173_25_Yellow.xlsx","body_parts","体の部分","OL","S0173",4,"S0173","m",1,779,25
"2336","OL_S0173_25_Yellow.xlsx","furniture_rooms","家具と部屋","OL","S0173",4,"S0173","m",1,779,25
"2337","OL_S0173_25_Yellow.xlsx","household","小さな家庭用品","OL","S0173",8,"S0173","m",1,779,25
"2338","OL_S0173_25_Yellow.xlsx","outside","戸外のもの","OL","S0173",2,"S0173","m",1,779,25
"2339","OL_S0173_25_Yellow.xlsx","places","おでかけ","OL","S0173",4,"S0173","m",1,779,25
"2340","OL_S0173_25_Yellow.xlsx","people","人々","OL","S0173",5,"S0173","m",1,779,25
"2341","OL_S0173_25_Yellow.xlsx","games_routines","日課とあいさつ","OL","S0173",1,"S0173","m",1,779,25
"2342","OL_S0173_25_Yellow.xlsx","action_words","動作語","OL","S0173",3,"S0173","m",1,779,25
"2343","OL_S0173_25_Yellow.xlsx","time_words","時間についてのことば","OL","S0173",1,"S0173","m",1,779,25
"2344","OL_S0173_25_Yellow.xlsx","descriptive_words","ようす・性質","OL","S0173",12,"S0173","m",1,779,25
"2345","OL_S0173_25_Yellow.xlsx","pronouns","代名詞","OL","S0173",3,"S0173","m",1,779,25
"2346","OL_S0173_25_Yellow.xlsx","question_words","質問のことば","OL","S0173",1,"S0173","m",1,779,25
"2347","OL_S0173_25_Yellow.xlsx","locations","位置と場所についてのことば","OL","S0173",1,"S0173","m",1,779,25
"2348","OL_S0173_25_Yellow.xlsx","quantifiers","数量をあらわすことば","OL","S0173",2,"S0173","m",1,779,25
"2349","OL_S0173_25_Yellow.xlsx","connecting_words","接続語","OL","S0173",0,"S0173","m",1,779,25
"2350","OL_S0173_25_Yellow.xlsx","sounds2","幼児語（その２）","OL","S0173",11,"S0173","m",1,779,25
"2351","OL_S0173_25_Yellow.xlsx","conversations","会話語","OL","S0173",0,"S0173","m",1,779,25
"2352","OL_S0173_25_Yellow.xlsx","others","その他","OL","S0173",2,"S0173","m",1,779,25
"2353","OL_S0174_25_Yellow.xlsx","sounds","幼児語","OL","S0174",9,"S0174","m",1,768,25
"2354","OL_S0174_25_Yellow.xlsx","animals","動物の名前","OL","S0174",19,"S0174","m",1,768,25
"2355","OL_S0174_25_Yellow.xlsx","vehicles","乗り物","OL","S0174",10,"S0174","m",1,768,25
"2356","OL_S0174_25_Yellow.xlsx","toys","おもちゃ","OL","S0174",4,"S0174","m",1,768,25
"2357","OL_S0174_25_Yellow.xlsx","food_drink","食べ物と飲み物","OL","S0174",32,"S0174","m",1,768,25
"2358","OL_S0174_25_Yellow.xlsx","clothing","衣類","OL","S0174",7,"S0174","m",1,768,25
"2359","OL_S0174_25_Yellow.xlsx","body_parts","体の部分","OL","S0174",20,"S0174","m",1,768,25
"2360","OL_S0174_25_Yellow.xlsx","furniture_rooms","家具と部屋","OL","S0174",11,"S0174","m",1,768,25
"2361","OL_S0174_25_Yellow.xlsx","household","小さな家庭用品","OL","S0174",5,"S0174","m",1,768,25
"2362","OL_S0174_25_Yellow.xlsx","outside","戸外のもの","OL","S0174",6,"S0174","m",1,768,25
"2363","OL_S0174_25_Yellow.xlsx","places","おでかけ","OL","S0174",1,"S0174","m",1,768,25
"2364","OL_S0174_25_Yellow.xlsx","people","人々","OL","S0174",12,"S0174","m",1,768,25
"2365","OL_S0174_25_Yellow.xlsx","games_routines","日課とあいさつ","OL","S0174",21,"S0174","m",1,768,25
"2366","OL_S0174_25_Yellow.xlsx","action_words","動作語","OL","S0174",13,"S0174","m",1,768,25
"2367","OL_S0174_25_Yellow.xlsx","time_words","時間についてのことば","OL","S0174",0,"S0174","m",1,768,25
"2368","OL_S0174_25_Yellow.xlsx","descriptive_words","ようす・性質","OL","S0174",14,"S0174","m",1,768,25
"2369","OL_S0174_25_Yellow.xlsx","pronouns","代名詞","OL","S0174",2,"S0174","m",1,768,25
"2370","OL_S0174_25_Yellow.xlsx","question_words","質問のことば","OL","S0174",2,"S0174","m",1,768,25
"2371","OL_S0174_25_Yellow.xlsx","locations","位置と場所についてのことば","OL","S0174",4,"S0174","m",1,768,25
"2372","OL_S0174_25_Yellow.xlsx","quantifiers","数量をあらわすことば","OL","S0174",10,"S0174","m",1,768,25
"2373","OL_S0174_25_Yellow.xlsx","connecting_words","接続語","OL","S0174",0,"S0174","m",1,768,25
"2374","OL_S0174_25_Yellow.xlsx","sounds2","幼児語（その２）","OL","S0174",8,"S0174","m",1,768,25
"2375","OL_S0174_25_Yellow.xlsx","conversations","会話語","OL","S0174",4,"S0174","m",1,768,25
"2376","OL_S0174_25_Yellow.xlsx","others","その他","OL","S0174",3,"S0174","m",1,768,25
"2377","OL_S0177_28_Yellow.xlsx","sounds","幼児語","OL","S0177",10,"S0177","m",1,855,28
"2378","OL_S0177_28_Yellow.xlsx","animals","動物の名前","OL","S0177",24,"S0177","m",1,855,28
"2379","OL_S0177_28_Yellow.xlsx","vehicles","乗り物","OL","S0177",13,"S0177","m",1,855,28
"2380","OL_S0177_28_Yellow.xlsx","toys","おもちゃ","OL","S0177",10,"S0177","m",1,855,28
"2381","OL_S0177_28_Yellow.xlsx","food_drink","食べ物と飲み物","OL","S0177",37,"S0177","m",1,855,28
"2382","OL_S0177_28_Yellow.xlsx","clothing","衣類","OL","S0177",7,"S0177","m",1,855,28
"2383","OL_S0177_28_Yellow.xlsx","body_parts","体の部分","OL","S0177",13,"S0177","m",1,855,28
"2384","OL_S0177_28_Yellow.xlsx","furniture_rooms","家具と部屋","OL","S0177",7,"S0177","m",1,855,28
"2385","OL_S0177_28_Yellow.xlsx","household","小さな家庭用品","OL","S0177",17,"S0177","m",1,855,28
"2386","OL_S0177_28_Yellow.xlsx","outside","戸外のもの","OL","S0177",13,"S0177","m",1,855,28
"2387","OL_S0177_28_Yellow.xlsx","places","おでかけ","OL","S0177",4,"S0177","m",1,855,28
"2388","OL_S0177_28_Yellow.xlsx","people","人々","OL","S0177",11,"S0177","m",1,855,28
"2389","OL_S0177_28_Yellow.xlsx","games_routines","日課とあいさつ","OL","S0177",23,"S0177","m",1,855,28
"2390","OL_S0177_28_Yellow.xlsx","action_words","動作語","OL","S0177",19,"S0177","m",1,855,28
"2391","OL_S0177_28_Yellow.xlsx","time_words","時間についてのことば","OL","S0177",0,"S0177","m",1,855,28
"2392","OL_S0177_28_Yellow.xlsx","descriptive_words","ようす・性質","OL","S0177",21,"S0177","m",1,855,28
"2393","OL_S0177_28_Yellow.xlsx","pronouns","代名詞","OL","S0177",3,"S0177","m",1,855,28
"2394","OL_S0177_28_Yellow.xlsx","question_words","質問のことば","OL","S0177",0,"S0177","m",1,855,28
"2395","OL_S0177_28_Yellow.xlsx","locations","位置と場所についてのことば","OL","S0177",4,"S0177","m",1,855,28
"2396","OL_S0177_28_Yellow.xlsx","quantifiers","数量をあらわすことば","OL","S0177",4,"S0177","m",1,855,28
"2397","OL_S0177_28_Yellow.xlsx","connecting_words","接続語","OL","S0177",0,"S0177","m",1,855,28
"2398","OL_S0177_28_Yellow.xlsx","sounds2","幼児語（その２）","OL","S0177",13,"S0177","m",1,855,28
"2399","OL_S0177_28_Yellow.xlsx","conversations","会話語","OL","S0177",3,"S0177","m",1,855,28
"2400","OL_S0177_28_Yellow.xlsx","others","その他","OL","S0177",4,"S0177","m",1,855,28
"2401","OL_S0180_31_Yellow.xlsx","sounds","幼児語","OL","S0180",9,"S0180","m",1,963,31
"2402","OL_S0180_31_Yellow.xlsx","animals","動物の名前","OL","S0180",2,"S0180","m",1,963,31
"2403","OL_S0180_31_Yellow.xlsx","vehicles","乗り物","OL","S0180",5,"S0180","m",1,963,31
"2404","OL_S0180_31_Yellow.xlsx","toys","おもちゃ","OL","S0180",5,"S0180","m",1,963,31
"2405","OL_S0180_31_Yellow.xlsx","food_drink","食べ物と飲み物","OL","S0180",33,"S0180","m",1,963,31
"2406","OL_S0180_31_Yellow.xlsx","clothing","衣類","OL","S0180",9,"S0180","m",1,963,31
"2407","OL_S0180_31_Yellow.xlsx","body_parts","体の部分","OL","S0180",11,"S0180","m",1,963,31
"2408","OL_S0180_31_Yellow.xlsx","furniture_rooms","家具と部屋","OL","S0180",9,"S0180","m",1,963,31
"2409","OL_S0180_31_Yellow.xlsx","household","小さな家庭用品","OL","S0180",6,"S0180","m",1,963,31
"2410","OL_S0180_31_Yellow.xlsx","outside","戸外のもの","OL","S0180",4,"S0180","m",1,963,31
"2411","OL_S0180_31_Yellow.xlsx","places","おでかけ","OL","S0180",5,"S0180","m",1,963,31
"2412","OL_S0180_31_Yellow.xlsx","people","人々","OL","S0180",13,"S0180","m",1,963,31
"2413","OL_S0180_31_Yellow.xlsx","games_routines","日課とあいさつ","OL","S0180",18,"S0180","m",1,963,31
"2414","OL_S0180_31_Yellow.xlsx","action_words","動作語","OL","S0180",26,"S0180","m",1,963,31
"2415","OL_S0180_31_Yellow.xlsx","time_words","時間についてのことば","OL","S0180",1,"S0180","m",1,963,31
"2416","OL_S0180_31_Yellow.xlsx","descriptive_words","ようす・性質","OL","S0180",6,"S0180","m",1,963,31
"2417","OL_S0180_31_Yellow.xlsx","pronouns","代名詞","OL","S0180",7,"S0180","m",1,963,31
"2418","OL_S0180_31_Yellow.xlsx","question_words","質問のことば","OL","S0180",1,"S0180","m",1,963,31
"2419","OL_S0180_31_Yellow.xlsx","locations","位置と場所についてのことば","OL","S0180",3,"S0180","m",1,963,31
"2420","OL_S0180_31_Yellow.xlsx","quantifiers","数量をあらわすことば","OL","S0180",5,"S0180","m",1,963,31
"2421","OL_S0180_31_Yellow.xlsx","connecting_words","接続語","OL","S0180",0,"S0180","m",1,963,31
"2422","OL_S0180_31_Yellow.xlsx","sounds2","幼児語（その２）","OL","S0180",18,"S0180","m",1,963,31
"2423","OL_S0180_31_Yellow.xlsx","conversations","会話語","OL","S0180",5,"S0180","m",1,963,31
"2424","OL_S0180_31_Yellow.xlsx","others","その他","OL","S0180",5,"S0180","m",1,963,31
"2425","OL_S0183_26_Yellow.xlsx","sounds","幼児語","OL","S0183",3,"S0183","f",1,796,26
"2426","OL_S0183_26_Yellow.xlsx","animals","動物の名前","OL","S0183",0,"S0183","f",1,796,26
"2427","OL_S0183_26_Yellow.xlsx","vehicles","乗り物","OL","S0183",0,"S0183","f",1,796,26
"2428","OL_S0183_26_Yellow.xlsx","toys","おもちゃ","OL","S0183",0,"S0183","f",1,796,26
"2429","OL_S0183_26_Yellow.xlsx","food_drink","食べ物と飲み物","OL","S0183",5,"S0183","f",1,796,26
"2430","OL_S0183_26_Yellow.xlsx","clothing","衣類","OL","S0183",1,"S0183","f",1,796,26
"2431","OL_S0183_26_Yellow.xlsx","body_parts","体の部分","OL","S0183",0,"S0183","f",1,796,26
"2432","OL_S0183_26_Yellow.xlsx","furniture_rooms","家具と部屋","OL","S0183",0,"S0183","f",1,796,26
"2433","OL_S0183_26_Yellow.xlsx","household","小さな家庭用品","OL","S0183",1,"S0183","f",1,796,26
"2434","OL_S0183_26_Yellow.xlsx","outside","戸外のもの","OL","S0183",0,"S0183","f",1,796,26
"2435","OL_S0183_26_Yellow.xlsx","places","おでかけ","OL","S0183",0,"S0183","f",1,796,26
"2436","OL_S0183_26_Yellow.xlsx","people","人々","OL","S0183",3,"S0183","f",1,796,26
"2437","OL_S0183_26_Yellow.xlsx","games_routines","日課とあいさつ","OL","S0183",0,"S0183","f",1,796,26
"2438","OL_S0183_26_Yellow.xlsx","action_words","動作語","OL","S0183",2,"S0183","f",1,796,26
"2439","OL_S0183_26_Yellow.xlsx","time_words","時間についてのことば","OL","S0183",0,"S0183","f",1,796,26
"2440","OL_S0183_26_Yellow.xlsx","descriptive_words","ようす・性質","OL","S0183",1,"S0183","f",1,796,26
"2441","OL_S0183_26_Yellow.xlsx","pronouns","代名詞","OL","S0183",1,"S0183","f",1,796,26
"2442","OL_S0183_26_Yellow.xlsx","question_words","質問のことば","OL","S0183",0,"S0183","f",1,796,26
"2443","OL_S0183_26_Yellow.xlsx","locations","位置と場所についてのことば","OL","S0183",0,"S0183","f",1,796,26
"2444","OL_S0183_26_Yellow.xlsx","quantifiers","数量をあらわすことば","OL","S0183",0,"S0183","f",1,796,26
"2445","OL_S0183_26_Yellow.xlsx","connecting_words","接続語","OL","S0183",0,"S0183","f",1,796,26
"2446","OL_S0183_26_Yellow.xlsx","sounds2","幼児語（その２）","OL","S0183",0,"S0183","f",1,796,26
"2447","OL_S0183_26_Yellow.xlsx","conversations","会話語","OL","S0183",3,"S0183","f",1,796,26
"2448","OL_S0183_26_Yellow.xlsx","others","その他","OL","S0183",2,"S0183","f",1,796,26
"2449","OL_S0192_26_Yellow.xlsx","sounds","幼児語","OL","S0192",1,"S0192","f",1,815,26
"2450","OL_S0192_26_Yellow.xlsx","animals","動物の名前","OL","S0192",18,"S0192","f",1,815,26
"2451","OL_S0192_26_Yellow.xlsx","vehicles","乗り物","OL","S0192",2,"S0192","f",1,815,26
"2452","OL_S0192_26_Yellow.xlsx","toys","おもちゃ","OL","S0192",2,"S0192","f",1,815,26
"2453","OL_S0192_26_Yellow.xlsx","food_drink","食べ物と飲み物","OL","S0192",27,"S0192","f",1,815,26
"2454","OL_S0192_26_Yellow.xlsx","clothing","衣類","OL","S0192",4,"S0192","f",1,815,26
"2455","OL_S0192_26_Yellow.xlsx","body_parts","体の部分","OL","S0192",8,"S0192","f",1,815,26
"2456","OL_S0192_26_Yellow.xlsx","furniture_rooms","家具と部屋","OL","S0192",4,"S0192","f",1,815,26
"2457","OL_S0192_26_Yellow.xlsx","household","小さな家庭用品","OL","S0192",4,"S0192","f",1,815,26
"2458","OL_S0192_26_Yellow.xlsx","outside","戸外のもの","OL","S0192",4,"S0192","f",1,815,26
"2459","OL_S0192_26_Yellow.xlsx","places","おでかけ","OL","S0192",3,"S0192","f",1,815,26
"2460","OL_S0192_26_Yellow.xlsx","people","人々","OL","S0192",6,"S0192","f",1,815,26
"2461","OL_S0192_26_Yellow.xlsx","games_routines","日課とあいさつ","OL","S0192",18,"S0192","f",1,815,26
"2462","OL_S0192_26_Yellow.xlsx","action_words","動作語","OL","S0192",26,"S0192","f",1,815,26
"2463","OL_S0192_26_Yellow.xlsx","time_words","時間についてのことば","OL","S0192",2,"S0192","f",1,815,26
"2464","OL_S0192_26_Yellow.xlsx","descriptive_words","ようす・性質","OL","S0192",13,"S0192","f",1,815,26
"2465","OL_S0192_26_Yellow.xlsx","pronouns","代名詞","OL","S0192",5,"S0192","f",1,815,26
"2466","OL_S0192_26_Yellow.xlsx","question_words","質問のことば","OL","S0192",3,"S0192","f",1,815,26
"2467","OL_S0192_26_Yellow.xlsx","locations","位置と場所についてのことば","OL","S0192",0,"S0192","f",1,815,26
"2468","OL_S0192_26_Yellow.xlsx","quantifiers","数量をあらわすことば","OL","S0192",4,"S0192","f",1,815,26
"2469","OL_S0192_26_Yellow.xlsx","connecting_words","接続語","OL","S0192",0,"S0192","f",1,815,26
"2470","OL_S0192_26_Yellow.xlsx","sounds2","幼児語（その２）","OL","S0192",2,"S0192","f",1,815,26
"2471","OL_S0192_26_Yellow.xlsx","conversations","会話語","OL","S0192",7,"S0192","f",1,815,26
"2472","OL_S0192_26_Yellow.xlsx","others","その他","OL","S0192",6,"S0192","f",1,815,26
"2473","OL_S0210_34_Yellow.xlsx","sounds","幼児語","OL","S0210",12,"S0210","m",1,1063,34
"2474","OL_S0210_34_Yellow.xlsx","animals","動物の名前","OL","S0210",43,"S0210","m",1,1063,34
"2475","OL_S0210_34_Yellow.xlsx","vehicles","乗り物","OL","S0210",13,"S0210","m",1,1063,34
"2476","OL_S0210_34_Yellow.xlsx","toys","おもちゃ","OL","S0210",17,"S0210","m",1,1063,34
"2477","OL_S0210_34_Yellow.xlsx","food_drink","食べ物と飲み物","OL","S0210",65,"S0210","m",1,1063,34
"2478","OL_S0210_34_Yellow.xlsx","clothing","衣類","OL","S0210",20,"S0210","m",1,1063,34
"2479","OL_S0210_34_Yellow.xlsx","body_parts","体の部分","OL","S0210",27,"S0210","m",1,1063,34
"2480","OL_S0210_34_Yellow.xlsx","furniture_rooms","家具と部屋","OL","S0210",25,"S0210","m",1,1063,34
"2481","OL_S0210_34_Yellow.xlsx","household","小さな家庭用品","OL","S0210",49,"S0210","m",1,1063,34
"2482","OL_S0210_34_Yellow.xlsx","outside","戸外のもの","OL","S0210",29,"S0210","m",1,1063,34
"2483","OL_S0210_34_Yellow.xlsx","places","おでかけ","OL","S0210",17,"S0210","m",1,1063,34
"2484","OL_S0210_34_Yellow.xlsx","people","人々","OL","S0210",25,"S0210","m",1,1063,34
"2485","OL_S0210_34_Yellow.xlsx","games_routines","日課とあいさつ","OL","S0210",25,"S0210","m",1,1063,34
"2486","OL_S0210_34_Yellow.xlsx","action_words","動作語","OL","S0210",103,"S0210","m",1,1063,34
"2487","OL_S0210_34_Yellow.xlsx","time_words","時間についてのことば","OL","S0210",9,"S0210","m",1,1063,34
"2488","OL_S0210_34_Yellow.xlsx","descriptive_words","ようす・性質","OL","S0210",60,"S0210","m",1,1063,34
"2489","OL_S0210_34_Yellow.xlsx","pronouns","代名詞","OL","S0210",21,"S0210","m",1,1063,34
"2490","OL_S0210_34_Yellow.xlsx","question_words","質問のことば","OL","S0210",7,"S0210","m",1,1063,34
"2491","OL_S0210_34_Yellow.xlsx","locations","位置と場所についてのことば","OL","S0210",26,"S0210","m",1,1063,34
"2492","OL_S0210_34_Yellow.xlsx","quantifiers","数量をあらわすことば","OL","S0210",17,"S0210","m",1,1063,34
"2493","OL_S0210_34_Yellow.xlsx","connecting_words","接続語","OL","S0210",5,"S0210","m",1,1063,34
"2494","OL_S0210_34_Yellow.xlsx","sounds2","幼児語（その２）","OL","S0210",29,"S0210","m",1,1063,34
"2495","OL_S0210_34_Yellow.xlsx","conversations","会話語","OL","S0210",14,"S0210","m",1,1063,34
"2496","OL_S0210_34_Yellow.xlsx","others","その他","OL","S0210",8,"S0210","m",1,1063,34
"2497","OL_S0211_35_Yellow.xlsx","sounds","幼児語","OL","S0211",8,"S0211","m",1,1091,35
"2498","OL_S0211_35_Yellow.xlsx","animals","動物の名前","OL","S0211",37,"S0211","m",1,1091,35
"2499","OL_S0211_35_Yellow.xlsx","vehicles","乗り物","OL","S0211",13,"S0211","m",1,1091,35
"2500","OL_S0211_35_Yellow.xlsx","toys","おもちゃ","OL","S0211",15,"S0211","m",1,1091,35
"2501","OL_S0211_35_Yellow.xlsx","food_drink","食べ物と飲み物","OL","S0211",59,"S0211","m",1,1091,35
"2502","OL_S0211_35_Yellow.xlsx","clothing","衣類","OL","S0211",19,"S0211","m",1,1091,35
"2503","OL_S0211_35_Yellow.xlsx","body_parts","体の部分","OL","S0211",27,"S0211","m",1,1091,35
"2504","OL_S0211_35_Yellow.xlsx","furniture_rooms","家具と部屋","OL","S0211",26,"S0211","m",1,1091,35
"2505","OL_S0211_35_Yellow.xlsx","household","小さな家庭用品","OL","S0211",45,"S0211","m",1,1091,35
"2506","OL_S0211_35_Yellow.xlsx","outside","戸外のもの","OL","S0211",27,"S0211","m",1,1091,35
"2507","OL_S0211_35_Yellow.xlsx","places","おでかけ","OL","S0211",16,"S0211","m",1,1091,35
"2508","OL_S0211_35_Yellow.xlsx","people","人々","OL","S0211",26,"S0211","m",1,1091,35
"2509","OL_S0211_35_Yellow.xlsx","games_routines","日課とあいさつ","OL","S0211",25,"S0211","m",1,1091,35
"2510","OL_S0211_35_Yellow.xlsx","action_words","動作語","OL","S0211",102,"S0211","m",1,1091,35
"2511","OL_S0211_35_Yellow.xlsx","time_words","時間についてのことば","OL","S0211",12,"S0211","m",1,1091,35
"2512","OL_S0211_35_Yellow.xlsx","descriptive_words","ようす・性質","OL","S0211",62,"S0211","m",1,1091,35
"2513","OL_S0211_35_Yellow.xlsx","pronouns","代名詞","OL","S0211",19,"S0211","m",1,1091,35
"2514","OL_S0211_35_Yellow.xlsx","question_words","質問のことば","OL","S0211",8,"S0211","m",1,1091,35
"2515","OL_S0211_35_Yellow.xlsx","locations","位置と場所についてのことば","OL","S0211",23,"S0211","m",1,1091,35
"2516","OL_S0211_35_Yellow.xlsx","quantifiers","数量をあらわすことば","OL","S0211",17,"S0211","m",1,1091,35
"2517","OL_S0211_35_Yellow.xlsx","connecting_words","接続語","OL","S0211",2,"S0211","m",1,1091,35
"2518","OL_S0211_35_Yellow.xlsx","sounds2","幼児語（その２）","OL","S0211",20,"S0211","m",1,1091,35
"2519","OL_S0211_35_Yellow.xlsx","conversations","会話語","OL","S0211",13,"S0211","m",1,1091,35
"2520","OL_S0211_35_Yellow.xlsx","others","その他","OL","S0211",9,"S0211","m",1,1091,35
"2521","OL_S0238_31_Yellow.xlsx","sounds","幼児語","OL","S0238",7,"S0238","m",1,953,31
"2522","OL_S0238_31_Yellow.xlsx","animals","動物の名前","OL","S0238",26,"S0238","m",1,953,31
"2523","OL_S0238_31_Yellow.xlsx","vehicles","乗り物","OL","S0238",10,"S0238","m",1,953,31
"2524","OL_S0238_31_Yellow.xlsx","toys","おもちゃ","OL","S0238",8,"S0238","m",1,953,31
"2525","OL_S0238_31_Yellow.xlsx","food_drink","食べ物と飲み物","OL","S0238",37,"S0238","m",1,953,31
"2526","OL_S0238_31_Yellow.xlsx","clothing","衣類","OL","S0238",11,"S0238","m",1,953,31
"2527","OL_S0238_31_Yellow.xlsx","body_parts","体の部分","OL","S0238",16,"S0238","m",1,953,31
"2528","OL_S0238_31_Yellow.xlsx","furniture_rooms","家具と部屋","OL","S0238",8,"S0238","m",1,953,31
"2529","OL_S0238_31_Yellow.xlsx","household","小さな家庭用品","OL","S0238",13,"S0238","m",1,953,31
"2530","OL_S0238_31_Yellow.xlsx","outside","戸外のもの","OL","S0238",12,"S0238","m",1,953,31
"2531","OL_S0238_31_Yellow.xlsx","places","おでかけ","OL","S0238",4,"S0238","m",1,953,31
"2532","OL_S0238_31_Yellow.xlsx","people","人々","OL","S0238",10,"S0238","m",1,953,31
"2533","OL_S0238_31_Yellow.xlsx","games_routines","日課とあいさつ","OL","S0238",19,"S0238","m",1,953,31
"2534","OL_S0238_31_Yellow.xlsx","action_words","動作語","OL","S0238",60,"S0238","m",1,953,31
"2535","OL_S0238_31_Yellow.xlsx","time_words","時間についてのことば","OL","S0238",7,"S0238","m",1,953,31
"2536","OL_S0238_31_Yellow.xlsx","descriptive_words","ようす・性質","OL","S0238",29,"S0238","m",1,953,31
"2537","OL_S0238_31_Yellow.xlsx","pronouns","代名詞","OL","S0238",4,"S0238","m",1,953,31
"2538","OL_S0238_31_Yellow.xlsx","question_words","質問のことば","OL","S0238",0,"S0238","m",1,953,31
"2539","OL_S0238_31_Yellow.xlsx","locations","位置と場所についてのことば","OL","S0238",9,"S0238","m",1,953,31
"2540","OL_S0238_31_Yellow.xlsx","quantifiers","数量をあらわすことば","OL","S0238",12,"S0238","m",1,953,31
"2541","OL_S0238_31_Yellow.xlsx","connecting_words","接続語","OL","S0238",0,"S0238","m",1,953,31
"2542","OL_S0238_31_Yellow.xlsx","sounds2","幼児語（その２）","OL","S0238",18,"S0238","m",1,953,31
"2543","OL_S0238_31_Yellow.xlsx","conversations","会話語","OL","S0238",6,"S0238","m",1,953,31
"2544","OL_S0238_31_Yellow.xlsx","others","その他","OL","S0238",4,"S0238","m",1,953,31
"2545","OL_S0243_35_Yellow.xlsx","sounds","幼児語","OL","S0243",12,"S0243","f",1,1074,35
"2546","OL_S0243_35_Yellow.xlsx","animals","動物の名前","OL","S0243",43,"S0243","f",1,1074,35
"2547","OL_S0243_35_Yellow.xlsx","vehicles","乗り物","OL","S0243",12,"S0243","f",1,1074,35
"2548","OL_S0243_35_Yellow.xlsx","toys","おもちゃ","OL","S0243",15,"S0243","f",1,1074,35
"2549","OL_S0243_35_Yellow.xlsx","food_drink","食べ物と飲み物","OL","S0243",67,"S0243","f",1,1074,35
"2550","OL_S0243_35_Yellow.xlsx","clothing","衣類","OL","S0243",17,"S0243","f",1,1074,35
"2551","OL_S0243_35_Yellow.xlsx","body_parts","体の部分","OL","S0243",27,"S0243","f",1,1074,35
"2552","OL_S0243_35_Yellow.xlsx","furniture_rooms","家具と部屋","OL","S0243",19,"S0243","f",1,1074,35
"2553","OL_S0243_35_Yellow.xlsx","household","小さな家庭用品","OL","S0243",35,"S0243","f",1,1074,35
"2554","OL_S0243_35_Yellow.xlsx","outside","戸外のもの","OL","S0243",26,"S0243","f",1,1074,35
"2555","OL_S0243_35_Yellow.xlsx","places","おでかけ","OL","S0243",14,"S0243","f",1,1074,35
"2556","OL_S0243_35_Yellow.xlsx","people","人々","OL","S0243",27,"S0243","f",1,1074,35
"2557","OL_S0243_35_Yellow.xlsx","games_routines","日課とあいさつ","OL","S0243",25,"S0243","f",1,1074,35
"2558","OL_S0243_35_Yellow.xlsx","action_words","動作語","OL","S0243",103,"S0243","f",1,1074,35
"2559","OL_S0243_35_Yellow.xlsx","time_words","時間についてのことば","OL","S0243",9,"S0243","f",1,1074,35
"2560","OL_S0243_35_Yellow.xlsx","descriptive_words","ようす・性質","OL","S0243",62,"S0243","f",1,1074,35
"2561","OL_S0243_35_Yellow.xlsx","pronouns","代名詞","OL","S0243",12,"S0243","f",1,1074,35
"2562","OL_S0243_35_Yellow.xlsx","question_words","質問のことば","OL","S0243",9,"S0243","f",1,1074,35
"2563","OL_S0243_35_Yellow.xlsx","locations","位置と場所についてのことば","OL","S0243",19,"S0243","f",1,1074,35
"2564","OL_S0243_35_Yellow.xlsx","quantifiers","数量をあらわすことば","OL","S0243",17,"S0243","f",1,1074,35
"2565","OL_S0243_35_Yellow.xlsx","connecting_words","接続語","OL","S0243",5,"S0243","f",1,1074,35
"2566","OL_S0243_35_Yellow.xlsx","sounds2","幼児語（その２）","OL","S0243",25,"S0243","f",1,1074,35
"2567","OL_S0243_35_Yellow.xlsx","conversations","会話語","OL","S0243",14,"S0243","f",1,1074,35
"2568","OL_S0243_35_Yellow.xlsx","others","その他","OL","S0243",9,"S0243","f",1,1074,35
"2569","OL_S0256_31_Yellow.xlsx","sounds","幼児語","OL","S0256",12,"S0256","f",1,948,31
"2570","OL_S0256_31_Yellow.xlsx","animals","動物の名前","OL","S0256",34,"S0256","f",1,948,31
"2571","OL_S0256_31_Yellow.xlsx","vehicles","乗り物","OL","S0256",11,"S0256","f",1,948,31
"2572","OL_S0256_31_Yellow.xlsx","toys","おもちゃ","OL","S0256",11,"S0256","f",1,948,31
"2573","OL_S0256_31_Yellow.xlsx","food_drink","食べ物と飲み物","OL","S0256",59,"S0256","f",1,948,31
"2574","OL_S0256_31_Yellow.xlsx","clothing","衣類","OL","S0256",16,"S0256","f",1,948,31
"2575","OL_S0256_31_Yellow.xlsx","body_parts","体の部分","OL","S0256",24,"S0256","f",1,948,31
"2576","OL_S0256_31_Yellow.xlsx","furniture_rooms","家具と部屋","OL","S0256",15,"S0256","f",1,948,31
"2577","OL_S0256_31_Yellow.xlsx","household","小さな家庭用品","OL","S0256",33,"S0256","f",1,948,31
"2578","OL_S0256_31_Yellow.xlsx","outside","戸外のもの","OL","S0256",24,"S0256","f",1,948,31
"2579","OL_S0256_31_Yellow.xlsx","places","おでかけ","OL","S0256",10,"S0256","f",1,948,31
"2580","OL_S0256_31_Yellow.xlsx","people","人々","OL","S0256",21,"S0256","f",1,948,31
"2581","OL_S0256_31_Yellow.xlsx","games_routines","日課とあいさつ","OL","S0256",24,"S0256","f",1,948,31
"2582","OL_S0256_31_Yellow.xlsx","action_words","動作語","OL","S0256",94,"S0256","f",1,948,31
"2583","OL_S0256_31_Yellow.xlsx","time_words","時間についてのことば","OL","S0256",11,"S0256","f",1,948,31
"2584","OL_S0256_31_Yellow.xlsx","descriptive_words","ようす・性質","OL","S0256",52,"S0256","f",1,948,31
"2585","OL_S0256_31_Yellow.xlsx","pronouns","代名詞","OL","S0256",11,"S0256","f",1,948,31
"2586","OL_S0256_31_Yellow.xlsx","question_words","質問のことば","OL","S0256",8,"S0256","f",1,948,31
"2587","OL_S0256_31_Yellow.xlsx","locations","位置と場所についてのことば","OL","S0256",17,"S0256","f",1,948,31
"2588","OL_S0256_31_Yellow.xlsx","quantifiers","数量をあらわすことば","OL","S0256",17,"S0256","f",1,948,31
"2589","OL_S0256_31_Yellow.xlsx","connecting_words","接続語","OL","S0256",3,"S0256","f",1,948,31
"2590","OL_S0256_31_Yellow.xlsx","sounds2","幼児語（その２）","OL","S0256",7,"S0256","f",1,948,31
"2591","OL_S0256_31_Yellow.xlsx","conversations","会話語","OL","S0256",11,"S0256","f",1,948,31
"2592","OL_S0256_31_Yellow.xlsx","others","その他","OL","S0256",8,"S0256","f",1,948,31
"2593","OL_S0305_25_Yellow.xlsx","sounds","幼児語","OL","S0305",10,"S0305","f",1,769,25
"2594","OL_S0305_25_Yellow.xlsx","animals","動物の名前","OL","S0305",37,"S0305","f",1,769,25
"2595","OL_S0305_25_Yellow.xlsx","vehicles","乗り物","OL","S0305",11,"S0305","f",1,769,25
"2596","OL_S0305_25_Yellow.xlsx","toys","おもちゃ","OL","S0305",12,"S0305","f",1,769,25
"2597","OL_S0305_25_Yellow.xlsx","food_drink","食べ物と飲み物","OL","S0305",51,"S0305","f",1,769,25
"2598","OL_S0305_25_Yellow.xlsx","clothing","衣類","OL","S0305",12,"S0305","f",1,769,25
"2599","OL_S0305_25_Yellow.xlsx","body_parts","体の部分","OL","S0305",23,"S0305","f",1,769,25
"2600","OL_S0305_25_Yellow.xlsx","furniture_rooms","家具と部屋","OL","S0305",11,"S0305","f",1,769,25
"2601","OL_S0305_25_Yellow.xlsx","household","小さな家庭用品","OL","S0305",29,"S0305","f",1,769,25
"2602","OL_S0305_25_Yellow.xlsx","outside","戸外のもの","OL","S0305",12,"S0305","f",1,769,25
"2603","OL_S0305_25_Yellow.xlsx","places","おでかけ","OL","S0305",6,"S0305","f",1,769,25
"2604","OL_S0305_25_Yellow.xlsx","people","人々","OL","S0305",12,"S0305","f",1,769,25
"2605","OL_S0305_25_Yellow.xlsx","games_routines","日課とあいさつ","OL","S0305",19,"S0305","f",1,769,25
"2606","OL_S0305_25_Yellow.xlsx","action_words","動作語","OL","S0305",62,"S0305","f",1,769,25
"2607","OL_S0305_25_Yellow.xlsx","time_words","時間についてのことば","OL","S0305",3,"S0305","f",1,769,25
"2608","OL_S0305_25_Yellow.xlsx","descriptive_words","ようす・性質","OL","S0305",28,"S0305","f",1,769,25
"2609","OL_S0305_25_Yellow.xlsx","pronouns","代名詞","OL","S0305",2,"S0305","f",1,769,25
"2610","OL_S0305_25_Yellow.xlsx","question_words","質問のことば","OL","S0305",2,"S0305","f",1,769,25
"2611","OL_S0305_25_Yellow.xlsx","locations","位置と場所についてのことば","OL","S0305",8,"S0305","f",1,769,25
"2612","OL_S0305_25_Yellow.xlsx","quantifiers","数量をあらわすことば","OL","S0305",10,"S0305","f",1,769,25
"2613","OL_S0305_25_Yellow.xlsx","connecting_words","接続語","OL","S0305",0,"S0305","f",1,769,25
"2614","OL_S0305_25_Yellow.xlsx","sounds2","幼児語（その２）","OL","S0305",22,"S0305","f",1,769,25
"2615","OL_S0305_25_Yellow.xlsx","conversations","会話語","OL","S0305",7,"S0305","f",1,769,25
"2616","OL_S0305_25_Yellow.xlsx","others","その他","OL","S0305",4,"S0305","f",1,769,25
"2617","OL_S0312_33_Yellow.xlsx","sounds","幼児語","OL","S0312",10,"S0312","f",1,1031,33
"2618","OL_S0312_33_Yellow.xlsx","animals","動物の名前","OL","S0312",41,"S0312","f",1,1031,33
"2619","OL_S0312_33_Yellow.xlsx","vehicles","乗り物","OL","S0312",12,"S0312","f",1,1031,33
"2620","OL_S0312_33_Yellow.xlsx","toys","おもちゃ","OL","S0312",15,"S0312","f",1,1031,33
"2621","OL_S0312_33_Yellow.xlsx","food_drink","食べ物と飲み物","OL","S0312",58,"S0312","f",1,1031,33
"2622","OL_S0312_33_Yellow.xlsx","clothing","衣類","OL","S0312",17,"S0312","f",1,1031,33
"2623","OL_S0312_33_Yellow.xlsx","body_parts","体の部分","OL","S0312",27,"S0312","f",1,1031,33
"2624","OL_S0312_33_Yellow.xlsx","furniture_rooms","家具と部屋","OL","S0312",17,"S0312","f",1,1031,33
"2625","OL_S0312_33_Yellow.xlsx","household","小さな家庭用品","OL","S0312",30,"S0312","f",1,1031,33
"2626","OL_S0312_33_Yellow.xlsx","outside","戸外のもの","OL","S0312",23,"S0312","f",1,1031,33
"2627","OL_S0312_33_Yellow.xlsx","places","おでかけ","OL","S0312",12,"S0312","f",1,1031,33
"2628","OL_S0312_33_Yellow.xlsx","people","人々","OL","S0312",20,"S0312","f",1,1031,33
"2629","OL_S0312_33_Yellow.xlsx","games_routines","日課とあいさつ","OL","S0312",25,"S0312","f",1,1031,33
"2630","OL_S0312_33_Yellow.xlsx","action_words","動作語","OL","S0312",87,"S0312","f",1,1031,33
"2631","OL_S0312_33_Yellow.xlsx","time_words","時間についてのことば","OL","S0312",8,"S0312","f",1,1031,33
"2632","OL_S0312_33_Yellow.xlsx","descriptive_words","ようす・性質","OL","S0312",56,"S0312","f",1,1031,33
"2633","OL_S0312_33_Yellow.xlsx","pronouns","代名詞","OL","S0312",19,"S0312","f",1,1031,33
"2634","OL_S0312_33_Yellow.xlsx","question_words","質問のことば","OL","S0312",9,"S0312","f",1,1031,33
"2635","OL_S0312_33_Yellow.xlsx","locations","位置と場所についてのことば","OL","S0312",12,"S0312","f",1,1031,33
"2636","OL_S0312_33_Yellow.xlsx","quantifiers","数量をあらわすことば","OL","S0312",16,"S0312","f",1,1031,33
"2637","OL_S0312_33_Yellow.xlsx","connecting_words","接続語","OL","S0312",3,"S0312","f",1,1031,33
"2638","OL_S0312_33_Yellow.xlsx","sounds2","幼児語（その２）","OL","S0312",16,"S0312","f",1,1031,33
"2639","OL_S0312_33_Yellow.xlsx","conversations","会話語","OL","S0312",12,"S0312","f",1,1031,33
"2640","OL_S0312_33_Yellow.xlsx","others","その他","OL","S0312",8,"S0312","f",1,1031,33
"2641","OL_S0314_33_Yellow.xlsx","sounds","幼児語","OL","S0314",4,"S0314","m",1,1011,33
"2642","OL_S0314_33_Yellow.xlsx","animals","動物の名前","OL","S0314",5,"S0314","m",1,1011,33
"2643","OL_S0314_33_Yellow.xlsx","vehicles","乗り物","OL","S0314",3,"S0314","m",1,1011,33
"2644","OL_S0314_33_Yellow.xlsx","toys","おもちゃ","OL","S0314",3,"S0314","m",1,1011,33
"2645","OL_S0314_33_Yellow.xlsx","food_drink","食べ物と飲み物","OL","S0314",17,"S0314","m",1,1011,33
"2646","OL_S0314_33_Yellow.xlsx","clothing","衣類","OL","S0314",1,"S0314","m",1,1011,33
"2647","OL_S0314_33_Yellow.xlsx","body_parts","体の部分","OL","S0314",8,"S0314","m",1,1011,33
"2648","OL_S0314_33_Yellow.xlsx","furniture_rooms","家具と部屋","OL","S0314",0,"S0314","m",1,1011,33
"2649","OL_S0314_33_Yellow.xlsx","household","小さな家庭用品","OL","S0314",3,"S0314","m",1,1011,33
"2650","OL_S0314_33_Yellow.xlsx","outside","戸外のもの","OL","S0314",3,"S0314","m",1,1011,33
"2651","OL_S0314_33_Yellow.xlsx","places","おでかけ","OL","S0314",0,"S0314","m",1,1011,33
"2652","OL_S0314_33_Yellow.xlsx","people","人々","OL","S0314",5,"S0314","m",1,1011,33
"2653","OL_S0314_33_Yellow.xlsx","games_routines","日課とあいさつ","OL","S0314",6,"S0314","m",1,1011,33
"2654","OL_S0314_33_Yellow.xlsx","action_words","動作語","OL","S0314",2,"S0314","m",1,1011,33
"2655","OL_S0314_33_Yellow.xlsx","time_words","時間についてのことば","OL","S0314",0,"S0314","m",1,1011,33
"2656","OL_S0314_33_Yellow.xlsx","descriptive_words","ようす・性質","OL","S0314",2,"S0314","m",1,1011,33
"2657","OL_S0314_33_Yellow.xlsx","pronouns","代名詞","OL","S0314",3,"S0314","m",1,1011,33
"2658","OL_S0314_33_Yellow.xlsx","question_words","質問のことば","OL","S0314",1,"S0314","m",1,1011,33
"2659","OL_S0314_33_Yellow.xlsx","locations","位置と場所についてのことば","OL","S0314",1,"S0314","m",1,1011,33
"2660","OL_S0314_33_Yellow.xlsx","quantifiers","数量をあらわすことば","OL","S0314",3,"S0314","m",1,1011,33
"2661","OL_S0314_33_Yellow.xlsx","connecting_words","接続語","OL","S0314",0,"S0314","m",1,1011,33
"2662","OL_S0314_33_Yellow.xlsx","sounds2","幼児語（その２）","OL","S0314",7,"S0314","m",1,1011,33
"2663","OL_S0314_33_Yellow.xlsx","conversations","会話語","OL","S0314",4,"S0314","m",1,1011,33
"2664","OL_S0314_33_Yellow.xlsx","others","その他","OL","S0314",3,"S0314","m",1,1011,33
"2665","OL_S0319_26_Yellow.xlsx","sounds","幼児語","OL","S0319",12,"S0319","f",1,804,26
"2666","OL_S0319_26_Yellow.xlsx","animals","動物の名前","OL","S0319",42,"S0319","f",1,804,26
"2667","OL_S0319_26_Yellow.xlsx","vehicles","乗り物","OL","S0319",13,"S0319","f",1,804,26
"2668","OL_S0319_26_Yellow.xlsx","toys","おもちゃ","OL","S0319",16,"S0319","f",1,804,26
"2669","OL_S0319_26_Yellow.xlsx","food_drink","食べ物と飲み物","OL","S0319",65,"S0319","f",1,804,26
"2670","OL_S0319_26_Yellow.xlsx","clothing","衣類","OL","S0319",24,"S0319","f",1,804,26
"2671","OL_S0319_26_Yellow.xlsx","body_parts","体の部分","OL","S0319",27,"S0319","f",1,804,26
"2672","OL_S0319_26_Yellow.xlsx","furniture_rooms","家具と部屋","OL","S0319",21,"S0319","f",1,804,26
"2673","OL_S0319_26_Yellow.xlsx","household","小さな家庭用品","OL","S0319",45,"S0319","f",1,804,26
"2674","OL_S0319_26_Yellow.xlsx","outside","戸外のもの","OL","S0319",29,"S0319","f",1,804,26
"2675","OL_S0319_26_Yellow.xlsx","places","おでかけ","OL","S0319",14,"S0319","f",1,804,26
"2676","OL_S0319_26_Yellow.xlsx","people","人々","OL","S0319",26,"S0319","f",1,804,26
"2677","OL_S0319_26_Yellow.xlsx","games_routines","日課とあいさつ","OL","S0319",25,"S0319","f",1,804,26
"2678","OL_S0319_26_Yellow.xlsx","action_words","動作語","OL","S0319",100,"S0319","f",1,804,26
"2679","OL_S0319_26_Yellow.xlsx","time_words","時間についてのことば","OL","S0319",12,"S0319","f",1,804,26
"2680","OL_S0319_26_Yellow.xlsx","descriptive_words","ようす・性質","OL","S0319",61,"S0319","f",1,804,26
"2681","OL_S0319_26_Yellow.xlsx","pronouns","代名詞","OL","S0319",22,"S0319","f",1,804,26
"2682","OL_S0319_26_Yellow.xlsx","question_words","質問のことば","OL","S0319",10,"S0319","f",1,804,26
"2683","OL_S0319_26_Yellow.xlsx","locations","位置と場所についてのことば","OL","S0319",25,"S0319","f",1,804,26
"2684","OL_S0319_26_Yellow.xlsx","quantifiers","数量をあらわすことば","OL","S0319",17,"S0319","f",1,804,26
"2685","OL_S0319_26_Yellow.xlsx","connecting_words","接続語","OL","S0319",5,"S0319","f",1,804,26
"2686","OL_S0319_26_Yellow.xlsx","sounds2","幼児語（その２）","OL","S0319",28,"S0319","f",1,804,26
"2687","OL_S0319_26_Yellow.xlsx","conversations","会話語","OL","S0319",14,"S0319","f",1,804,26
"2688","OL_S0319_26_Yellow.xlsx","others","その他","OL","S0319",9,"S0319","f",1,804,26
"2689","OL_S0339_26_Yellow.xlsx","sounds","幼児語","OL","S0339",12,"S0339","m",1,808,26
"2690","OL_S0339_26_Yellow.xlsx","animals","動物の名前","OL","S0339",42,"S0339","m",1,808,26
"2691","OL_S0339_26_Yellow.xlsx","vehicles","乗り物","OL","S0339",11,"S0339","m",1,808,26
"2692","OL_S0339_26_Yellow.xlsx","toys","おもちゃ","OL","S0339",16,"S0339","m",1,808,26
"2693","OL_S0339_26_Yellow.xlsx","food_drink","食べ物と飲み物","OL","S0339",60,"S0339","m",1,808,26
"2694","OL_S0339_26_Yellow.xlsx","clothing","衣類","OL","S0339",17,"S0339","m",1,808,26
"2695","OL_S0339_26_Yellow.xlsx","body_parts","体の部分","OL","S0339",27,"S0339","m",1,808,26
"2696","OL_S0339_26_Yellow.xlsx","furniture_rooms","家具と部屋","OL","S0339",19,"S0339","m",1,808,26
"2697","OL_S0339_26_Yellow.xlsx","household","小さな家庭用品","OL","S0339",41,"S0339","m",1,808,26
"2698","OL_S0339_26_Yellow.xlsx","outside","戸外のもの","OL","S0339",19,"S0339","m",1,808,26
"2699","OL_S0339_26_Yellow.xlsx","places","おでかけ","OL","S0339",13,"S0339","m",1,808,26
"2700","OL_S0339_26_Yellow.xlsx","people","人々","OL","S0339",19,"S0339","m",1,808,26
"2701","OL_S0339_26_Yellow.xlsx","games_routines","日課とあいさつ","OL","S0339",25,"S0339","m",1,808,26
"2702","OL_S0339_26_Yellow.xlsx","action_words","動作語","OL","S0339",76,"S0339","m",1,808,26
"2703","OL_S0339_26_Yellow.xlsx","time_words","時間についてのことば","OL","S0339",8,"S0339","m",1,808,26
"2704","OL_S0339_26_Yellow.xlsx","descriptive_words","ようす・性質","OL","S0339",41,"S0339","m",1,808,26
"2705","OL_S0339_26_Yellow.xlsx","pronouns","代名詞","OL","S0339",10,"S0339","m",1,808,26
"2706","OL_S0339_26_Yellow.xlsx","question_words","質問のことば","OL","S0339",0,"S0339","m",1,808,26
"2707","OL_S0339_26_Yellow.xlsx","locations","位置と場所についてのことば","OL","S0339",7,"S0339","m",1,808,26
"2708","OL_S0339_26_Yellow.xlsx","quantifiers","数量をあらわすことば","OL","S0339",15,"S0339","m",1,808,26
"2709","OL_S0339_26_Yellow.xlsx","connecting_words","接続語","OL","S0339",0,"S0339","m",1,808,26
"2710","OL_S0339_26_Yellow.xlsx","sounds2","幼児語（その２）","OL","S0339",24,"S0339","m",1,808,26
"2711","OL_S0339_26_Yellow.xlsx","conversations","会話語","OL","S0339",12,"S0339","m",1,808,26
"2712","OL_S0339_26_Yellow.xlsx","others","その他","OL","S0339",7,"S0339","m",1,808,26
"2713","OL_S0348_33_Yellow.xlsx","sounds","幼児語","OL","S0348",8,"S0348","f",1,1026,33
"2714","OL_S0348_33_Yellow.xlsx","animals","動物の名前","OL","S0348",23,"S0348","f",1,1026,33
"2715","OL_S0348_33_Yellow.xlsx","vehicles","乗り物","OL","S0348",6,"S0348","f",1,1026,33
"2716","OL_S0348_33_Yellow.xlsx","toys","おもちゃ","OL","S0348",11,"S0348","f",1,1026,33
"2717","OL_S0348_33_Yellow.xlsx","food_drink","食べ物と飲み物","OL","S0348",31,"S0348","f",1,1026,33
"2718","OL_S0348_33_Yellow.xlsx","clothing","衣類","OL","S0348",5,"S0348","f",1,1026,33
"2719","OL_S0348_33_Yellow.xlsx","body_parts","体の部分","OL","S0348",10,"S0348","f",1,1026,33
"2720","OL_S0348_33_Yellow.xlsx","furniture_rooms","家具と部屋","OL","S0348",5,"S0348","f",1,1026,33
"2721","OL_S0348_33_Yellow.xlsx","household","小さな家庭用品","OL","S0348",12,"S0348","f",1,1026,33
"2722","OL_S0348_33_Yellow.xlsx","outside","戸外のもの","OL","S0348",7,"S0348","f",1,1026,33
"2723","OL_S0348_33_Yellow.xlsx","places","おでかけ","OL","S0348",10,"S0348","f",1,1026,33
"2724","OL_S0348_33_Yellow.xlsx","people","人々","OL","S0348",15,"S0348","f",1,1026,33
"2725","OL_S0348_33_Yellow.xlsx","games_routines","日課とあいさつ","OL","S0348",24,"S0348","f",1,1026,33
"2726","OL_S0348_33_Yellow.xlsx","action_words","動作語","OL","S0348",48,"S0348","f",1,1026,33
"2727","OL_S0348_33_Yellow.xlsx","time_words","時間についてのことば","OL","S0348",0,"S0348","f",1,1026,33
"2728","OL_S0348_33_Yellow.xlsx","descriptive_words","ようす・性質","OL","S0348",13,"S0348","f",1,1026,33
"2729","OL_S0348_33_Yellow.xlsx","pronouns","代名詞","OL","S0348",5,"S0348","f",1,1026,33
"2730","OL_S0348_33_Yellow.xlsx","question_words","質問のことば","OL","S0348",0,"S0348","f",1,1026,33
"2731","OL_S0348_33_Yellow.xlsx","locations","位置と場所についてのことば","OL","S0348",1,"S0348","f",1,1026,33
"2732","OL_S0348_33_Yellow.xlsx","quantifiers","数量をあらわすことば","OL","S0348",3,"S0348","f",1,1026,33
"2733","OL_S0348_33_Yellow.xlsx","connecting_words","接続語","OL","S0348",0,"S0348","f",1,1026,33
"2734","OL_S0348_33_Yellow.xlsx","sounds2","幼児語（その２）","OL","S0348",13,"S0348","f",1,1026,33
"2735","OL_S0348_33_Yellow.xlsx","conversations","会話語","OL","S0348",8,"S0348","f",1,1026,33
"2736","OL_S0348_33_Yellow.xlsx","others","その他","OL","S0348",6,"S0348","f",1,1026,33
"2737","OL_S0368_33_Yellow.xlsx","sounds","幼児語","OL","S0368",12,"S0368","f",1,1023,33
"2738","OL_S0368_33_Yellow.xlsx","animals","動物の名前","OL","S0368",35,"S0368","f",1,1023,33
"2739","OL_S0368_33_Yellow.xlsx","vehicles","乗り物","OL","S0368",13,"S0368","f",1,1023,33
"2740","OL_S0368_33_Yellow.xlsx","toys","おもちゃ","OL","S0368",13,"S0368","f",1,1023,33
"2741","OL_S0368_33_Yellow.xlsx","food_drink","食べ物と飲み物","OL","S0368",58,"S0368","f",1,1023,33
"2742","OL_S0368_33_Yellow.xlsx","clothing","衣類","OL","S0368",14,"S0368","f",1,1023,33
"2743","OL_S0368_33_Yellow.xlsx","body_parts","体の部分","OL","S0368",25,"S0368","f",1,1023,33
"2744","OL_S0368_33_Yellow.xlsx","furniture_rooms","家具と部屋","OL","S0368",19,"S0368","f",1,1023,33
"2745","OL_S0368_33_Yellow.xlsx","household","小さな家庭用品","OL","S0368",39,"S0368","f",1,1023,33
"2746","OL_S0368_33_Yellow.xlsx","outside","戸外のもの","OL","S0368",24,"S0368","f",1,1023,33
"2747","OL_S0368_33_Yellow.xlsx","places","おでかけ","OL","S0368",15,"S0368","f",1,1023,33
"2748","OL_S0368_33_Yellow.xlsx","people","人々","OL","S0368",18,"S0368","f",1,1023,33
"2749","OL_S0368_33_Yellow.xlsx","games_routines","日課とあいさつ","OL","S0368",25,"S0368","f",1,1023,33
"2750","OL_S0368_33_Yellow.xlsx","action_words","動作語","OL","S0368",94,"S0368","f",1,1023,33
"2751","OL_S0368_33_Yellow.xlsx","time_words","時間についてのことば","OL","S0368",7,"S0368","f",1,1023,33
"2752","OL_S0368_33_Yellow.xlsx","descriptive_words","ようす・性質","OL","S0368",56,"S0368","f",1,1023,33
"2753","OL_S0368_33_Yellow.xlsx","pronouns","代名詞","OL","S0368",10,"S0368","f",1,1023,33
"2754","OL_S0368_33_Yellow.xlsx","question_words","質問のことば","OL","S0368",5,"S0368","f",1,1023,33
"2755","OL_S0368_33_Yellow.xlsx","locations","位置と場所についてのことば","OL","S0368",3,"S0368","f",1,1023,33
"2756","OL_S0368_33_Yellow.xlsx","quantifiers","数量をあらわすことば","OL","S0368",17,"S0368","f",1,1023,33
"2757","OL_S0368_33_Yellow.xlsx","connecting_words","接続語","OL","S0368",0,"S0368","f",1,1023,33
"2758","OL_S0368_33_Yellow.xlsx","sounds2","幼児語（その２）","OL","S0368",24,"S0368","f",1,1023,33
"2759","OL_S0368_33_Yellow.xlsx","conversations","会話語","OL","S0368",12,"S0368","f",1,1023,33
"2760","OL_S0368_33_Yellow.xlsx","others","その他","OL","S0368",9,"S0368","f",1,1023,33
"2761","OL_S0408_25_Yellow.xlsx","sounds","幼児語","OL","S0408",11,"S0408","m",1,765,25
"2762","OL_S0408_25_Yellow.xlsx","animals","動物の名前","OL","S0408",33,"S0408","m",1,765,25
"2763","OL_S0408_25_Yellow.xlsx","vehicles","乗り物","OL","S0408",13,"S0408","m",1,765,25
"2764","OL_S0408_25_Yellow.xlsx","toys","おもちゃ","OL","S0408",10,"S0408","m",1,765,25
"2765","OL_S0408_25_Yellow.xlsx","food_drink","食べ物と飲み物","OL","S0408",44,"S0408","m",1,765,25
"2766","OL_S0408_25_Yellow.xlsx","clothing","衣類","OL","S0408",7,"S0408","m",1,765,25
"2767","OL_S0408_25_Yellow.xlsx","body_parts","体の部分","OL","S0408",10,"S0408","m",1,765,25
"2768","OL_S0408_25_Yellow.xlsx","furniture_rooms","家具と部屋","OL","S0408",13,"S0408","m",1,765,25
"2769","OL_S0408_25_Yellow.xlsx","household","小さな家庭用品","OL","S0408",19,"S0408","m",1,765,25
"2770","OL_S0408_25_Yellow.xlsx","outside","戸外のもの","OL","S0408",16,"S0408","m",1,765,25
"2771","OL_S0408_25_Yellow.xlsx","places","おでかけ","OL","S0408",10,"S0408","m",1,765,25
"2772","OL_S0408_25_Yellow.xlsx","people","人々","OL","S0408",12,"S0408","m",1,765,25
"2773","OL_S0408_25_Yellow.xlsx","games_routines","日課とあいさつ","OL","S0408",21,"S0408","m",1,765,25
"2774","OL_S0408_25_Yellow.xlsx","action_words","動作語","OL","S0408",56,"S0408","m",1,765,25
"2775","OL_S0408_25_Yellow.xlsx","time_words","時間についてのことば","OL","S0408",2,"S0408","m",1,765,25
"2776","OL_S0408_25_Yellow.xlsx","descriptive_words","ようす・性質","OL","S0408",27,"S0408","m",1,765,25
"2777","OL_S0408_25_Yellow.xlsx","pronouns","代名詞","OL","S0408",7,"S0408","m",1,765,25
"2778","OL_S0408_25_Yellow.xlsx","question_words","質問のことば","OL","S0408",2,"S0408","m",1,765,25
"2779","OL_S0408_25_Yellow.xlsx","locations","位置と場所についてのことば","OL","S0408",5,"S0408","m",1,765,25
"2780","OL_S0408_25_Yellow.xlsx","quantifiers","数量をあらわすことば","OL","S0408",10,"S0408","m",1,765,25
"2781","OL_S0408_25_Yellow.xlsx","connecting_words","接続語","OL","S0408",0,"S0408","m",1,765,25
"2782","OL_S0408_25_Yellow.xlsx","sounds2","幼児語（その２）","OL","S0408",12,"S0408","m",1,765,25
"2783","OL_S0408_25_Yellow.xlsx","conversations","会話語","OL","S0408",6,"S0408","m",1,765,25
"2784","OL_S0408_25_Yellow.xlsx","others","その他","OL","S0408",5,"S0408","m",1,765,25
"2785","OL_S0411_28_Yellow.xlsx","sounds","幼児語","OL","S0411",12,"S0411","m",1,854,28
"2786","OL_S0411_28_Yellow.xlsx","animals","動物の名前","OL","S0411",43,"S0411","m",1,854,28
"2787","OL_S0411_28_Yellow.xlsx","vehicles","乗り物","OL","S0411",14,"S0411","m",1,854,28
"2788","OL_S0411_28_Yellow.xlsx","toys","おもちゃ","OL","S0411",18,"S0411","m",1,854,28
"2789","OL_S0411_28_Yellow.xlsx","food_drink","食べ物と飲み物","OL","S0411",62,"S0411","m",1,854,28
"2790","OL_S0411_28_Yellow.xlsx","clothing","衣類","OL","S0411",26,"S0411","m",1,854,28
"2791","OL_S0411_28_Yellow.xlsx","body_parts","体の部分","OL","S0411",27,"S0411","m",1,854,28
"2792","OL_S0411_28_Yellow.xlsx","furniture_rooms","家具と部屋","OL","S0411",23,"S0411","m",1,854,28
"2793","OL_S0411_28_Yellow.xlsx","household","小さな家庭用品","OL","S0411",41,"S0411","m",1,854,28
"2794","OL_S0411_28_Yellow.xlsx","outside","戸外のもの","OL","S0411",21,"S0411","m",1,854,28
"2795","OL_S0411_28_Yellow.xlsx","places","おでかけ","OL","S0411",12,"S0411","m",1,854,28
"2796","OL_S0411_28_Yellow.xlsx","people","人々","OL","S0411",18,"S0411","m",1,854,28
"2797","OL_S0411_28_Yellow.xlsx","games_routines","日課とあいさつ","OL","S0411",25,"S0411","m",1,854,28
"2798","OL_S0411_28_Yellow.xlsx","action_words","動作語","OL","S0411",103,"S0411","m",1,854,28
"2799","OL_S0411_28_Yellow.xlsx","time_words","時間についてのことば","OL","S0411",11,"S0411","m",1,854,28
"2800","OL_S0411_28_Yellow.xlsx","descriptive_words","ようす・性質","OL","S0411",55,"S0411","m",1,854,28
"2801","OL_S0411_28_Yellow.xlsx","pronouns","代名詞","OL","S0411",14,"S0411","m",1,854,28
"2802","OL_S0411_28_Yellow.xlsx","question_words","質問のことば","OL","S0411",10,"S0411","m",1,854,28
"2803","OL_S0411_28_Yellow.xlsx","locations","位置と場所についてのことば","OL","S0411",18,"S0411","m",1,854,28
"2804","OL_S0411_28_Yellow.xlsx","quantifiers","数量をあらわすことば","OL","S0411",16,"S0411","m",1,854,28
"2805","OL_S0411_28_Yellow.xlsx","connecting_words","接続語","OL","S0411",1,"S0411","m",1,854,28
"2806","OL_S0411_28_Yellow.xlsx","sounds2","幼児語（その２）","OL","S0411",29,"S0411","m",1,854,28
"2807","OL_S0411_28_Yellow.xlsx","conversations","会話語","OL","S0411",14,"S0411","m",1,854,28
"2808","OL_S0411_28_Yellow.xlsx","others","その他","OL","S0411",9,"S0411","m",1,854,28
"2809","OL_S0495_26_Yellow.xlsx","sounds","幼児語","OL","S0495",12,"S0495","f",1,801,26
"2810","OL_S0495_26_Yellow.xlsx","animals","動物の名前","OL","S0495",37,"S0495","f",1,801,26
"2811","OL_S0495_26_Yellow.xlsx","vehicles","乗り物","OL","S0495",10,"S0495","f",1,801,26
"2812","OL_S0495_26_Yellow.xlsx","toys","おもちゃ","OL","S0495",12,"S0495","f",1,801,26
"2813","OL_S0495_26_Yellow.xlsx","food_drink","食べ物と飲み物","OL","S0495",53,"S0495","f",1,801,26
"2814","OL_S0495_26_Yellow.xlsx","clothing","衣類","OL","S0495",14,"S0495","f",1,801,26
"2815","OL_S0495_26_Yellow.xlsx","body_parts","体の部分","OL","S0495",22,"S0495","f",1,801,26
"2816","OL_S0495_26_Yellow.xlsx","furniture_rooms","家具と部屋","OL","S0495",18,"S0495","f",1,801,26
"2817","OL_S0495_26_Yellow.xlsx","household","小さな家庭用品","OL","S0495",33,"S0495","f",1,801,26
"2818","OL_S0495_26_Yellow.xlsx","outside","戸外のもの","OL","S0495",16,"S0495","f",1,801,26
"2819","OL_S0495_26_Yellow.xlsx","places","おでかけ","OL","S0495",10,"S0495","f",1,801,26
"2820","OL_S0495_26_Yellow.xlsx","people","人々","OL","S0495",11,"S0495","f",1,801,26
"2821","OL_S0495_26_Yellow.xlsx","games_routines","日課とあいさつ","OL","S0495",25,"S0495","f",1,801,26
"2822","OL_S0495_26_Yellow.xlsx","action_words","動作語","OL","S0495",89,"S0495","f",1,801,26
"2823","OL_S0495_26_Yellow.xlsx","time_words","時間についてのことば","OL","S0495",9,"S0495","f",1,801,26
"2824","OL_S0495_26_Yellow.xlsx","descriptive_words","ようす・性質","OL","S0495",47,"S0495","f",1,801,26
"2825","OL_S0495_26_Yellow.xlsx","pronouns","代名詞","OL","S0495",13,"S0495","f",1,801,26
"2826","OL_S0495_26_Yellow.xlsx","question_words","質問のことば","OL","S0495",5,"S0495","f",1,801,26
"2827","OL_S0495_26_Yellow.xlsx","locations","位置と場所についてのことば","OL","S0495",12,"S0495","f",1,801,26
"2828","OL_S0495_26_Yellow.xlsx","quantifiers","数量をあらわすことば","OL","S0495",15,"S0495","f",1,801,26
"2829","OL_S0495_26_Yellow.xlsx","connecting_words","接続語","OL","S0495",0,"S0495","f",1,801,26
"2830","OL_S0495_26_Yellow.xlsx","sounds2","幼児語（その２）","OL","S0495",26,"S0495","f",1,801,26
"2831","OL_S0495_26_Yellow.xlsx","conversations","会話語","OL","S0495",9,"S0495","f",1,801,26
"2832","OL_S0495_26_Yellow.xlsx","others","その他","OL","S0495",9,"S0495","f",1,801,26
"2833","OL_S0535_25_Yellow.xlsx","sounds","幼児語","OL","S0535",8,"S0535","f",1,768,25
"2834","OL_S0535_25_Yellow.xlsx","animals","動物の名前","OL","S0535",41,"S0535","f",1,768,25
"2835","OL_S0535_25_Yellow.xlsx","vehicles","乗り物","OL","S0535",14,"S0535","f",1,768,25
"2836","OL_S0535_25_Yellow.xlsx","toys","おもちゃ","OL","S0535",13,"S0535","f",1,768,25
"2837","OL_S0535_25_Yellow.xlsx","food_drink","食べ物と飲み物","OL","S0535",49,"S0535","f",1,768,25
"2838","OL_S0535_25_Yellow.xlsx","clothing","衣類","OL","S0535",12,"S0535","f",1,768,25
"2839","OL_S0535_25_Yellow.xlsx","body_parts","体の部分","OL","S0535",24,"S0535","f",1,768,25
"2840","OL_S0535_25_Yellow.xlsx","furniture_rooms","家具と部屋","OL","S0535",17,"S0535","f",1,768,25
"2841","OL_S0535_25_Yellow.xlsx","household","小さな家庭用品","OL","S0535",15,"S0535","f",1,768,25
"2842","OL_S0535_25_Yellow.xlsx","outside","戸外のもの","OL","S0535",16,"S0535","f",1,768,25
"2843","OL_S0535_25_Yellow.xlsx","places","おでかけ","OL","S0535",5,"S0535","f",1,768,25
"2844","OL_S0535_25_Yellow.xlsx","people","人々","OL","S0535",14,"S0535","f",1,768,25
"2845","OL_S0535_25_Yellow.xlsx","games_routines","日課とあいさつ","OL","S0535",22,"S0535","f",1,768,25
"2846","OL_S0535_25_Yellow.xlsx","action_words","動作語","OL","S0535",29,"S0535","f",1,768,25
"2847","OL_S0535_25_Yellow.xlsx","time_words","時間についてのことば","OL","S0535",0,"S0535","f",1,768,25
"2848","OL_S0535_25_Yellow.xlsx","descriptive_words","ようす・性質","OL","S0535",20,"S0535","f",1,768,25
"2849","OL_S0535_25_Yellow.xlsx","pronouns","代名詞","OL","S0535",5,"S0535","f",1,768,25
"2850","OL_S0535_25_Yellow.xlsx","question_words","質問のことば","OL","S0535",0,"S0535","f",1,768,25
"2851","OL_S0535_25_Yellow.xlsx","locations","位置と場所についてのことば","OL","S0535",1,"S0535","f",1,768,25
"2852","OL_S0535_25_Yellow.xlsx","quantifiers","数量をあらわすことば","OL","S0535",4,"S0535","f",1,768,25
"2853","OL_S0535_25_Yellow.xlsx","connecting_words","接続語","OL","S0535",0,"S0535","f",1,768,25
"2854","OL_S0535_25_Yellow.xlsx","sounds2","幼児語（その２）","OL","S0535",6,"S0535","f",1,768,25
"2855","OL_S0535_25_Yellow.xlsx","conversations","会話語","OL","S0535",1,"S0535","f",1,768,25
"2856","OL_S0535_25_Yellow.xlsx","others","その他","OL","S0535",1,"S0535","f",1,768,25
"2857","OL_S0557_25_Yellow.xlsx","sounds","幼児語","OL","S0557",12,"S0557","f",1,783,25
"2858","OL_S0557_25_Yellow.xlsx","animals","動物の名前","OL","S0557",41,"S0557","f",1,783,25
"2859","OL_S0557_25_Yellow.xlsx","vehicles","乗り物","OL","S0557",12,"S0557","f",1,783,25
"2860","OL_S0557_25_Yellow.xlsx","toys","おもちゃ","OL","S0557",11,"S0557","f",1,783,25
"2861","OL_S0557_25_Yellow.xlsx","food_drink","食べ物と飲み物","OL","S0557",48,"S0557","f",1,783,25
"2862","OL_S0557_25_Yellow.xlsx","clothing","衣類","OL","S0557",13,"S0557","f",1,783,25
"2863","OL_S0557_25_Yellow.xlsx","body_parts","体の部分","OL","S0557",26,"S0557","f",1,783,25
"2864","OL_S0557_25_Yellow.xlsx","furniture_rooms","家具と部屋","OL","S0557",14,"S0557","f",1,783,25
"2865","OL_S0557_25_Yellow.xlsx","household","小さな家庭用品","OL","S0557",27,"S0557","f",1,783,25
"2866","OL_S0557_25_Yellow.xlsx","outside","戸外のもの","OL","S0557",20,"S0557","f",1,783,25
"2867","OL_S0557_25_Yellow.xlsx","places","おでかけ","OL","S0557",12,"S0557","f",1,783,25
"2868","OL_S0557_25_Yellow.xlsx","people","人々","OL","S0557",13,"S0557","f",1,783,25
"2869","OL_S0557_25_Yellow.xlsx","games_routines","日課とあいさつ","OL","S0557",25,"S0557","f",1,783,25
"2870","OL_S0557_25_Yellow.xlsx","action_words","動作語","OL","S0557",43,"S0557","f",1,783,25
"2871","OL_S0557_25_Yellow.xlsx","time_words","時間についてのことば","OL","S0557",2,"S0557","f",1,783,25
"2872","OL_S0557_25_Yellow.xlsx","descriptive_words","ようす・性質","OL","S0557",17,"S0557","f",1,783,25
"2873","OL_S0557_25_Yellow.xlsx","pronouns","代名詞","OL","S0557",4,"S0557","f",1,783,25
"2874","OL_S0557_25_Yellow.xlsx","question_words","質問のことば","OL","S0557",2,"S0557","f",1,783,25
"2875","OL_S0557_25_Yellow.xlsx","locations","位置と場所についてのことば","OL","S0557",1,"S0557","f",1,783,25
"2876","OL_S0557_25_Yellow.xlsx","quantifiers","数量をあらわすことば","OL","S0557",3,"S0557","f",1,783,25
"2877","OL_S0557_25_Yellow.xlsx","connecting_words","接続語","OL","S0557",0,"S0557","f",1,783,25
"2878","OL_S0557_25_Yellow.xlsx","sounds2","幼児語（その２）","OL","S0557",15,"S0557","f",1,783,25
"2879","OL_S0557_25_Yellow.xlsx","conversations","会話語","OL","S0557",2,"S0557","f",1,783,25
"2880","OL_S0557_25_Yellow.xlsx","others","その他","OL","S0557",4,"S0557","f",1,783,25
"2881","OL_S0579_35_Yellow.xlsx","sounds","幼児語","OL","S0579",1,"S0579","f",1,1083,35
"2882","OL_S0579_35_Yellow.xlsx","animals","動物の名前","OL","S0579",38,"S0579","f",1,1083,35
"2883","OL_S0579_35_Yellow.xlsx","vehicles","乗り物","OL","S0579",12,"S0579","f",1,1083,35
"2884","OL_S0579_35_Yellow.xlsx","toys","おもちゃ","OL","S0579",15,"S0579","f",1,1083,35
"2885","OL_S0579_35_Yellow.xlsx","food_drink","食べ物と飲み物","OL","S0579",59,"S0579","f",1,1083,35
"2886","OL_S0579_35_Yellow.xlsx","clothing","衣類","OL","S0579",19,"S0579","f",1,1083,35
"2887","OL_S0579_35_Yellow.xlsx","body_parts","体の部分","OL","S0579",20,"S0579","f",1,1083,35
"2888","OL_S0579_35_Yellow.xlsx","furniture_rooms","家具と部屋","OL","S0579",22,"S0579","f",1,1083,35
"2889","OL_S0579_35_Yellow.xlsx","household","小さな家庭用品","OL","S0579",42,"S0579","f",1,1083,35
"2890","OL_S0579_35_Yellow.xlsx","outside","戸外のもの","OL","S0579",26,"S0579","f",1,1083,35
"2891","OL_S0579_35_Yellow.xlsx","places","おでかけ","OL","S0579",14,"S0579","f",1,1083,35
"2892","OL_S0579_35_Yellow.xlsx","people","人々","OL","S0579",23,"S0579","f",1,1083,35
"2893","OL_S0579_35_Yellow.xlsx","games_routines","日課とあいさつ","OL","S0579",25,"S0579","f",1,1083,35
"2894","OL_S0579_35_Yellow.xlsx","action_words","動作語","OL","S0579",103,"S0579","f",1,1083,35
"2895","OL_S0579_35_Yellow.xlsx","time_words","時間についてのことば","OL","S0579",12,"S0579","f",1,1083,35
"2896","OL_S0579_35_Yellow.xlsx","descriptive_words","ようす・性質","OL","S0579",63,"S0579","f",1,1083,35
"2897","OL_S0579_35_Yellow.xlsx","pronouns","代名詞","OL","S0579",20,"S0579","f",1,1083,35
"2898","OL_S0579_35_Yellow.xlsx","question_words","質問のことば","OL","S0579",10,"S0579","f",1,1083,35
"2899","OL_S0579_35_Yellow.xlsx","locations","位置と場所についてのことば","OL","S0579",19,"S0579","f",1,1083,35
"2900","OL_S0579_35_Yellow.xlsx","quantifiers","数量をあらわすことば","OL","S0579",17,"S0579","f",1,1083,35
"2901","OL_S0579_35_Yellow.xlsx","connecting_words","接続語","OL","S0579",4,"S0579","f",1,1083,35
"2902","OL_S0579_35_Yellow.xlsx","sounds2","幼児語（その２）","OL","S0579",11,"S0579","f",1,1083,35
"2903","OL_S0579_35_Yellow.xlsx","conversations","会話語","OL","S0579",13,"S0579","f",1,1083,35
"2904","OL_S0579_35_Yellow.xlsx","others","その他","OL","S0579",9,"S0579","f",1,1083,35
"2905","OL_S0649_31_Yellow.xlsx","sounds","幼児語","OL","S0649",0,"S0649","m",1,945,31
"2906","OL_S0649_31_Yellow.xlsx","animals","動物の名前","OL","S0649",0,"S0649","m",1,945,31
"2907","OL_S0649_31_Yellow.xlsx","vehicles","乗り物","OL","S0649",0,"S0649","m",1,945,31
"2908","OL_S0649_31_Yellow.xlsx","toys","おもちゃ","OL","S0649",0,"S0649","m",1,945,31
"2909","OL_S0649_31_Yellow.xlsx","food_drink","食べ物と飲み物","OL","S0649",0,"S0649","m",1,945,31
"2910","OL_S0649_31_Yellow.xlsx","clothing","衣類","OL","S0649",0,"S0649","m",1,945,31
"2911","OL_S0649_31_Yellow.xlsx","body_parts","体の部分","OL","S0649",0,"S0649","m",1,945,31
"2912","OL_S0649_31_Yellow.xlsx","furniture_rooms","家具と部屋","OL","S0649",0,"S0649","m",1,945,31
"2913","OL_S0649_31_Yellow.xlsx","household","小さな家庭用品","OL","S0649",0,"S0649","m",1,945,31
"2914","OL_S0649_31_Yellow.xlsx","outside","戸外のもの","OL","S0649",0,"S0649","m",1,945,31
"2915","OL_S0649_31_Yellow.xlsx","places","おでかけ","OL","S0649",0,"S0649","m",1,945,31
"2916","OL_S0649_31_Yellow.xlsx","people","人々","OL","S0649",0,"S0649","m",1,945,31
"2917","OL_S0649_31_Yellow.xlsx","games_routines","日課とあいさつ","OL","S0649",0,"S0649","m",1,945,31
"2918","OL_S0649_31_Yellow.xlsx","action_words","動作語","OL","S0649",0,"S0649","m",1,945,31
"2919","OL_S0649_31_Yellow.xlsx","time_words","時間についてのことば","OL","S0649",0,"S0649","m",1,945,31
"2920","OL_S0649_31_Yellow.xlsx","descriptive_words","ようす・性質","OL","S0649",0,"S0649","m",1,945,31
"2921","OL_S0649_31_Yellow.xlsx","pronouns","代名詞","OL","S0649",0,"S0649","m",1,945,31
"2922","OL_S0649_31_Yellow.xlsx","question_words","質問のことば","OL","S0649",0,"S0649","m",1,945,31
"2923","OL_S0649_31_Yellow.xlsx","locations","位置と場所についてのことば","OL","S0649",0,"S0649","m",1,945,31
"2924","OL_S0649_31_Yellow.xlsx","quantifiers","数量をあらわすことば","OL","S0649",0,"S0649","m",1,945,31
"2925","OL_S0649_31_Yellow.xlsx","connecting_words","接続語","OL","S0649",0,"S0649","m",1,945,31
"2926","OL_S0649_31_Yellow.xlsx","sounds2","幼児語（その２）","OL","S0649",0,"S0649","m",1,945,31
"2927","OL_S0649_31_Yellow.xlsx","conversations","会話語","OL","S0649",0,"S0649","m",1,945,31
"2928","OL_S0649_31_Yellow.xlsx","others","その他","OL","S0649",0,"S0649","m",1,945,31
"2929","OL_S0808_30_Yellow.xlsx","sounds","幼児語","OL","S0808",9,"S0808","f",1,938,30
"2930","OL_S0808_30_Yellow.xlsx","animals","動物の名前","OL","S0808",21,"S0808","f",1,938,30
"2931","OL_S0808_30_Yellow.xlsx","vehicles","乗り物","OL","S0808",4,"S0808","f",1,938,30
"2932","OL_S0808_30_Yellow.xlsx","toys","おもちゃ","OL","S0808",4,"S0808","f",1,938,30
"2933","OL_S0808_30_Yellow.xlsx","food_drink","食べ物と飲み物","OL","S0808",29,"S0808","f",1,938,30
"2934","OL_S0808_30_Yellow.xlsx","clothing","衣類","OL","S0808",2,"S0808","f",1,938,30
"2935","OL_S0808_30_Yellow.xlsx","body_parts","体の部分","OL","S0808",12,"S0808","f",1,938,30
"2936","OL_S0808_30_Yellow.xlsx","furniture_rooms","家具と部屋","OL","S0808",3,"S0808","f",1,938,30
"2937","OL_S0808_30_Yellow.xlsx","household","小さな家庭用品","OL","S0808",3,"S0808","f",1,938,30
"2938","OL_S0808_30_Yellow.xlsx","outside","戸外のもの","OL","S0808",3,"S0808","f",1,938,30
"2939","OL_S0808_30_Yellow.xlsx","places","おでかけ","OL","S0808",0,"S0808","f",1,938,30
"2940","OL_S0808_30_Yellow.xlsx","people","人々","OL","S0808",5,"S0808","f",1,938,30
"2941","OL_S0808_30_Yellow.xlsx","games_routines","日課とあいさつ","OL","S0808",11,"S0808","f",1,938,30
"2942","OL_S0808_30_Yellow.xlsx","action_words","動作語","OL","S0808",11,"S0808","f",1,938,30
"2943","OL_S0808_30_Yellow.xlsx","time_words","時間についてのことば","OL","S0808",0,"S0808","f",1,938,30
"2944","OL_S0808_30_Yellow.xlsx","descriptive_words","ようす・性質","OL","S0808",8,"S0808","f",1,938,30
"2945","OL_S0808_30_Yellow.xlsx","pronouns","代名詞","OL","S0808",1,"S0808","f",1,938,30
"2946","OL_S0808_30_Yellow.xlsx","question_words","質問のことば","OL","S0808",0,"S0808","f",1,938,30
"2947","OL_S0808_30_Yellow.xlsx","locations","位置と場所についてのことば","OL","S0808",0,"S0808","f",1,938,30
"2948","OL_S0808_30_Yellow.xlsx","quantifiers","数量をあらわすことば","OL","S0808",2,"S0808","f",1,938,30
"2949","OL_S0808_30_Yellow.xlsx","connecting_words","接続語","OL","S0808",0,"S0808","f",1,938,30
"2950","OL_S0808_30_Yellow.xlsx","sounds2","幼児語（その２）","OL","S0808",19,"S0808","f",1,938,30
"2951","OL_S0808_30_Yellow.xlsx","conversations","会話語","OL","S0808",2,"S0808","f",1,938,30
"2952","OL_S0808_30_Yellow.xlsx","others","その他","OL","S0808",3,"S0808","f",1,938,30
"2953","OL_S0902_26_Yellow.xlsx","sounds","幼児語","OL","S0902",12,"S0902","f",1,793,26
"2954","OL_S0902_26_Yellow.xlsx","animals","動物の名前","OL","S0902",43,"S0902","f",1,793,26
"2955","OL_S0902_26_Yellow.xlsx","vehicles","乗り物","OL","S0902",13,"S0902","f",1,793,26
"2956","OL_S0902_26_Yellow.xlsx","toys","おもちゃ","OL","S0902",17,"S0902","f",1,793,26
"2957","OL_S0902_26_Yellow.xlsx","food_drink","食べ物と飲み物","OL","S0902",65,"S0902","f",1,793,26
"2958","OL_S0902_26_Yellow.xlsx","clothing","衣類","OL","S0902",20,"S0902","f",1,793,26
"2959","OL_S0902_26_Yellow.xlsx","body_parts","体の部分","OL","S0902",26,"S0902","f",1,793,26
"2960","OL_S0902_26_Yellow.xlsx","furniture_rooms","家具と部屋","OL","S0902",28,"S0902","f",1,793,26
"2961","OL_S0902_26_Yellow.xlsx","household","小さな家庭用品","OL","S0902",44,"S0902","f",1,793,26
"2962","OL_S0902_26_Yellow.xlsx","outside","戸外のもの","OL","S0902",30,"S0902","f",1,793,26
"2963","OL_S0902_26_Yellow.xlsx","places","おでかけ","OL","S0902",19,"S0902","f",1,793,26
"2964","OL_S0902_26_Yellow.xlsx","people","人々","OL","S0902",28,"S0902","f",1,793,26
"2965","OL_S0902_26_Yellow.xlsx","games_routines","日課とあいさつ","OL","S0902",25,"S0902","f",1,793,26
"2966","OL_S0902_26_Yellow.xlsx","action_words","動作語","OL","S0902",101,"S0902","f",1,793,26
"2967","OL_S0902_26_Yellow.xlsx","time_words","時間についてのことば","OL","S0902",12,"S0902","f",1,793,26
"2968","OL_S0902_26_Yellow.xlsx","descriptive_words","ようす・性質","OL","S0902",63,"S0902","f",1,793,26
"2969","OL_S0902_26_Yellow.xlsx","pronouns","代名詞","OL","S0902",20,"S0902","f",1,793,26
"2970","OL_S0902_26_Yellow.xlsx","question_words","質問のことば","OL","S0902",10,"S0902","f",1,793,26
"2971","OL_S0902_26_Yellow.xlsx","locations","位置と場所についてのことば","OL","S0902",26,"S0902","f",1,793,26
"2972","OL_S0902_26_Yellow.xlsx","quantifiers","数量をあらわすことば","OL","S0902",17,"S0902","f",1,793,26
"2973","OL_S0902_26_Yellow.xlsx","connecting_words","接続語","OL","S0902",3,"S0902","f",1,793,26
"2974","OL_S0902_26_Yellow.xlsx","sounds2","幼児語（その２）","OL","S0902",26,"S0902","f",1,793,26
"2975","OL_S0902_26_Yellow.xlsx","conversations","会話語","OL","S0902",14,"S0902","f",1,793,26
"2976","OL_S0902_26_Yellow.xlsx","others","その他","OL","S0902",9,"S0902","f",1,793,26
"2977","OL_S0984_35_Yellow.xlsx","sounds","幼児語","OL","S0984",12,"S0984","m",1,1082,35
"2978","OL_S0984_35_Yellow.xlsx","animals","動物の名前","OL","S0984",43,"S0984","m",1,1082,35
"2979","OL_S0984_35_Yellow.xlsx","vehicles","乗り物","OL","S0984",14,"S0984","m",1,1082,35
"2980","OL_S0984_35_Yellow.xlsx","toys","おもちゃ","OL","S0984",18,"S0984","m",1,1082,35
"2981","OL_S0984_35_Yellow.xlsx","food_drink","食べ物と飲み物","OL","S0984",64,"S0984","m",1,1082,35
"2982","OL_S0984_35_Yellow.xlsx","clothing","衣類","OL","S0984",18,"S0984","m",1,1082,35
"2983","OL_S0984_35_Yellow.xlsx","body_parts","体の部分","OL","S0984",27,"S0984","m",1,1082,35
"2984","OL_S0984_35_Yellow.xlsx","furniture_rooms","家具と部屋","OL","S0984",23,"S0984","m",1,1082,35
"2985","OL_S0984_35_Yellow.xlsx","household","小さな家庭用品","OL","S0984",45,"S0984","m",1,1082,35
"2986","OL_S0984_35_Yellow.xlsx","outside","戸外のもの","OL","S0984",30,"S0984","m",1,1082,35
"2987","OL_S0984_35_Yellow.xlsx","places","おでかけ","OL","S0984",19,"S0984","m",1,1082,35
"2988","OL_S0984_35_Yellow.xlsx","people","人々","OL","S0984",28,"S0984","m",1,1082,35
"2989","OL_S0984_35_Yellow.xlsx","games_routines","日課とあいさつ","OL","S0984",25,"S0984","m",1,1082,35
"2990","OL_S0984_35_Yellow.xlsx","action_words","動作語","OL","S0984",102,"S0984","m",1,1082,35
"2991","OL_S0984_35_Yellow.xlsx","time_words","時間についてのことば","OL","S0984",12,"S0984","m",1,1082,35
"2992","OL_S0984_35_Yellow.xlsx","descriptive_words","ようす・性質","OL","S0984",63,"S0984","m",1,1082,35
"2993","OL_S0984_35_Yellow.xlsx","pronouns","代名詞","OL","S0984",18,"S0984","m",1,1082,35
"2994","OL_S0984_35_Yellow.xlsx","question_words","質問のことば","OL","S0984",9,"S0984","m",1,1082,35
"2995","OL_S0984_35_Yellow.xlsx","locations","位置と場所についてのことば","OL","S0984",22,"S0984","m",1,1082,35
"2996","OL_S0984_35_Yellow.xlsx","quantifiers","数量をあらわすことば","OL","S0984",17,"S0984","m",1,1082,35
"2997","OL_S0984_35_Yellow.xlsx","connecting_words","接続語","OL","S0984",5,"S0984","m",1,1082,35
"2998","OL_S0984_35_Yellow.xlsx","sounds2","幼児語（その２）","OL","S0984",28,"S0984","m",1,1082,35
"2999","OL_S0984_35_Yellow.xlsx","conversations","会話語","OL","S0984",13,"S0984","m",1,1082,35
"3000","OL_S0984_35_Yellow.xlsx","others","その他","OL","S0984",9,"S0984","m",1,1082,35
"3001","OL_S1016_34_Yellow.xlsx","sounds","幼児語","OL","S1016",12,"S1016","f",1,1039,34
"3002","OL_S1016_34_Yellow.xlsx","animals","動物の名前","OL","S1016",43,"S1016","f",1,1039,34
"3003","OL_S1016_34_Yellow.xlsx","vehicles","乗り物","OL","S1016",13,"S1016","f",1,1039,34
"3004","OL_S1016_34_Yellow.xlsx","toys","おもちゃ","OL","S1016",16,"S1016","f",1,1039,34
"3005","OL_S1016_34_Yellow.xlsx","food_drink","食べ物と飲み物","OL","S1016",63,"S1016","f",1,1039,34
"3006","OL_S1016_34_Yellow.xlsx","clothing","衣類","OL","S1016",14,"S1016","f",1,1039,34
"3007","OL_S1016_34_Yellow.xlsx","body_parts","体の部分","OL","S1016",26,"S1016","f",1,1039,34
"3008","OL_S1016_34_Yellow.xlsx","furniture_rooms","家具と部屋","OL","S1016",23,"S1016","f",1,1039,34
"3009","OL_S1016_34_Yellow.xlsx","household","小さな家庭用品","OL","S1016",35,"S1016","f",1,1039,34
"3010","OL_S1016_34_Yellow.xlsx","outside","戸外のもの","OL","S1016",26,"S1016","f",1,1039,34
"3011","OL_S1016_34_Yellow.xlsx","places","おでかけ","OL","S1016",16,"S1016","f",1,1039,34
"3012","OL_S1016_34_Yellow.xlsx","people","人々","OL","S1016",19,"S1016","f",1,1039,34
"3013","OL_S1016_34_Yellow.xlsx","games_routines","日課とあいさつ","OL","S1016",25,"S1016","f",1,1039,34
"3014","OL_S1016_34_Yellow.xlsx","action_words","動作語","OL","S1016",103,"S1016","f",1,1039,34
"3015","OL_S1016_34_Yellow.xlsx","time_words","時間についてのことば","OL","S1016",12,"S1016","f",1,1039,34
"3016","OL_S1016_34_Yellow.xlsx","descriptive_words","ようす・性質","OL","S1016",61,"S1016","f",1,1039,34
"3017","OL_S1016_34_Yellow.xlsx","pronouns","代名詞","OL","S1016",16,"S1016","f",1,1039,34
"3018","OL_S1016_34_Yellow.xlsx","question_words","質問のことば","OL","S1016",8,"S1016","f",1,1039,34
"3019","OL_S1016_34_Yellow.xlsx","locations","位置と場所についてのことば","OL","S1016",14,"S1016","f",1,1039,34
"3020","OL_S1016_34_Yellow.xlsx","quantifiers","数量をあらわすことば","OL","S1016",13,"S1016","f",1,1039,34
"3021","OL_S1016_34_Yellow.xlsx","connecting_words","接続語","OL","S1016",1,"S1016","f",1,1039,34
"3022","OL_S1016_34_Yellow.xlsx","sounds2","幼児語（その２）","OL","S1016",29,"S1016","f",1,1039,34
"3023","OL_S1016_34_Yellow.xlsx","conversations","会話語","OL","S1016",10,"S1016","f",1,1039,34
"3024","OL_S1016_34_Yellow.xlsx","others","その他","OL","S1016",9,"S1016","f",1,1039,34
"3025","PC_O0022_33_Yellow.xlsx","sounds","幼児語","PC","O0022",8,"O0022","f",1,1014,33
"3026","PC_O0022_33_Yellow.xlsx","animals","動物の名前","PC","O0022",36,"O0022","f",1,1014,33
"3027","PC_O0022_33_Yellow.xlsx","vehicles","乗り物","PC","O0022",6,"O0022","f",1,1014,33
"3028","PC_O0022_33_Yellow.xlsx","toys","おもちゃ","PC","O0022",11,"O0022","f",1,1014,33
"3029","PC_O0022_33_Yellow.xlsx","food_drink","食べ物と飲み物","PC","O0022",45,"O0022","f",1,1014,33
"3030","PC_O0022_33_Yellow.xlsx","clothing","衣類","PC","O0022",11,"O0022","f",1,1014,33
"3031","PC_O0022_33_Yellow.xlsx","body_parts","体の部分","PC","O0022",22,"O0022","f",1,1014,33
"3032","PC_O0022_33_Yellow.xlsx","furniture_rooms","家具と部屋","PC","O0022",17,"O0022","f",1,1014,33
"3033","PC_O0022_33_Yellow.xlsx","household","小さな家庭用品","PC","O0022",24,"O0022","f",1,1014,33
"3034","PC_O0022_33_Yellow.xlsx","outside","戸外のもの","PC","O0022",15,"O0022","f",1,1014,33
"3035","PC_O0022_33_Yellow.xlsx","places","おでかけ","PC","O0022",9,"O0022","f",1,1014,33
"3036","PC_O0022_33_Yellow.xlsx","people","人々","PC","O0022",22,"O0022","f",1,1014,33
"3037","PC_O0022_33_Yellow.xlsx","games_routines","日課とあいさつ","PC","O0022",25,"O0022","f",1,1014,33
"3038","PC_O0022_33_Yellow.xlsx","action_words","動作語","PC","O0022",73,"O0022","f",1,1014,33
"3039","PC_O0022_33_Yellow.xlsx","time_words","時間についてのことば","PC","O0022",8,"O0022","f",1,1014,33
"3040","PC_O0022_33_Yellow.xlsx","descriptive_words","ようす・性質","PC","O0022",47,"O0022","f",1,1014,33
"3041","PC_O0022_33_Yellow.xlsx","pronouns","代名詞","PC","O0022",12,"O0022","f",1,1014,33
"3042","PC_O0022_33_Yellow.xlsx","question_words","質問のことば","PC","O0022",9,"O0022","f",1,1014,33
"3043","PC_O0022_33_Yellow.xlsx","locations","位置と場所についてのことば","PC","O0022",14,"O0022","f",1,1014,33
"3044","PC_O0022_33_Yellow.xlsx","quantifiers","数量をあらわすことば","PC","O0022",15,"O0022","f",1,1014,33
"3045","PC_O0022_33_Yellow.xlsx","connecting_words","接続語","PC","O0022",1,"O0022","f",1,1014,33
"3046","PC_O0022_33_Yellow.xlsx","sounds2","幼児語（その２）","PC","O0022",16,"O0022","f",1,1014,33
"3047","PC_O0022_33_Yellow.xlsx","conversations","会話語","PC","O0022",11,"O0022","f",1,1014,33
"3048","PC_O0022_33_Yellow.xlsx","others","その他","PC","O0022",9,"O0022","f",1,1014,33
"3049","PC_O0028_25_Yellow.xlsx","sounds","幼児語","PC","O0028",11,"O0028","f",1,767,25
"3050","PC_O0028_25_Yellow.xlsx","animals","動物の名前","PC","O0028",43,"O0028","f",1,767,25
"3051","PC_O0028_25_Yellow.xlsx","vehicles","乗り物","PC","O0028",12,"O0028","f",1,767,25
"3052","PC_O0028_25_Yellow.xlsx","toys","おもちゃ","PC","O0028",14,"O0028","f",1,767,25
"3053","PC_O0028_25_Yellow.xlsx","food_drink","食べ物と飲み物","PC","O0028",63,"O0028","f",1,767,25
"3054","PC_O0028_25_Yellow.xlsx","clothing","衣類","PC","O0028",17,"O0028","f",1,767,25
"3055","PC_O0028_25_Yellow.xlsx","body_parts","体の部分","PC","O0028",26,"O0028","f",1,767,25
"3056","PC_O0028_25_Yellow.xlsx","furniture_rooms","家具と部屋","PC","O0028",21,"O0028","f",1,767,25
"3057","PC_O0028_25_Yellow.xlsx","household","小さな家庭用品","PC","O0028",41,"O0028","f",1,767,25
"3058","PC_O0028_25_Yellow.xlsx","outside","戸外のもの","PC","O0028",27,"O0028","f",1,767,25
"3059","PC_O0028_25_Yellow.xlsx","places","おでかけ","PC","O0028",9,"O0028","f",1,767,25
"3060","PC_O0028_25_Yellow.xlsx","people","人々","PC","O0028",24,"O0028","f",1,767,25
"3061","PC_O0028_25_Yellow.xlsx","games_routines","日課とあいさつ","PC","O0028",25,"O0028","f",1,767,25
"3062","PC_O0028_25_Yellow.xlsx","action_words","動作語","PC","O0028",100,"O0028","f",1,767,25
"3063","PC_O0028_25_Yellow.xlsx","time_words","時間についてのことば","PC","O0028",10,"O0028","f",1,767,25
"3064","PC_O0028_25_Yellow.xlsx","descriptive_words","ようす・性質","PC","O0028",60,"O0028","f",1,767,25
"3065","PC_O0028_25_Yellow.xlsx","pronouns","代名詞","PC","O0028",17,"O0028","f",1,767,25
"3066","PC_O0028_25_Yellow.xlsx","question_words","質問のことば","PC","O0028",8,"O0028","f",1,767,25
"3067","PC_O0028_25_Yellow.xlsx","locations","位置と場所についてのことば","PC","O0028",19,"O0028","f",1,767,25
"3068","PC_O0028_25_Yellow.xlsx","quantifiers","数量をあらわすことば","PC","O0028",17,"O0028","f",1,767,25
"3069","PC_O0028_25_Yellow.xlsx","connecting_words","接続語","PC","O0028",0,"O0028","f",1,767,25
"3070","PC_O0028_25_Yellow.xlsx","sounds2","幼児語（その２）","PC","O0028",23,"O0028","f",1,767,25
"3071","PC_O0028_25_Yellow.xlsx","conversations","会話語","PC","O0028",13,"O0028","f",1,767,25
"3072","PC_O0028_25_Yellow.xlsx","others","その他","PC","O0028",9,"O0028","f",1,767,25
"3073","PC_O0028_31_Yellow.xlsx","sounds","幼児語","PC","O0028",11,"O0028","f",1,965,31
"3074","PC_O0028_31_Yellow.xlsx","animals","動物の名前","PC","O0028",43,"O0028","f",1,965,31
"3075","PC_O0028_31_Yellow.xlsx","vehicles","乗り物","PC","O0028",13,"O0028","f",1,965,31
"3076","PC_O0028_31_Yellow.xlsx","toys","おもちゃ","PC","O0028",17,"O0028","f",1,965,31
"3077","PC_O0028_31_Yellow.xlsx","food_drink","食べ物と飲み物","PC","O0028",65,"O0028","f",1,965,31
"3078","PC_O0028_31_Yellow.xlsx","clothing","衣類","PC","O0028",17,"O0028","f",1,965,31
"3079","PC_O0028_31_Yellow.xlsx","body_parts","体の部分","PC","O0028",27,"O0028","f",1,965,31
"3080","PC_O0028_31_Yellow.xlsx","furniture_rooms","家具と部屋","PC","O0028",25,"O0028","f",1,965,31
"3081","PC_O0028_31_Yellow.xlsx","household","小さな家庭用品","PC","O0028",44,"O0028","f",1,965,31
"3082","PC_O0028_31_Yellow.xlsx","outside","戸外のもの","PC","O0028",28,"O0028","f",1,965,31
"3083","PC_O0028_31_Yellow.xlsx","places","おでかけ","PC","O0028",11,"O0028","f",1,965,31
"3084","PC_O0028_31_Yellow.xlsx","people","人々","PC","O0028",26,"O0028","f",1,965,31
"3085","PC_O0028_31_Yellow.xlsx","games_routines","日課とあいさつ","PC","O0028",25,"O0028","f",1,965,31
"3086","PC_O0028_31_Yellow.xlsx","action_words","動作語","PC","O0028",102,"O0028","f",1,965,31
"3087","PC_O0028_31_Yellow.xlsx","time_words","時間についてのことば","PC","O0028",12,"O0028","f",1,965,31
"3088","PC_O0028_31_Yellow.xlsx","descriptive_words","ようす・性質","PC","O0028",62,"O0028","f",1,965,31
"3089","PC_O0028_31_Yellow.xlsx","pronouns","代名詞","PC","O0028",17,"O0028","f",1,965,31
"3090","PC_O0028_31_Yellow.xlsx","question_words","質問のことば","PC","O0028",9,"O0028","f",1,965,31
"3091","PC_O0028_31_Yellow.xlsx","locations","位置と場所についてのことば","PC","O0028",20,"O0028","f",1,965,31
"3092","PC_O0028_31_Yellow.xlsx","quantifiers","数量をあらわすことば","PC","O0028",17,"O0028","f",1,965,31
"3093","PC_O0028_31_Yellow.xlsx","connecting_words","接続語","PC","O0028",3,"O0028","f",1,965,31
"3094","PC_O0028_31_Yellow.xlsx","sounds2","幼児語（その２）","PC","O0028",23,"O0028","f",1,965,31
"3095","PC_O0028_31_Yellow.xlsx","conversations","会話語","PC","O0028",14,"O0028","f",1,965,31
"3096","PC_O0028_31_Yellow.xlsx","others","その他","PC","O0028",9,"O0028","f",1,965,31
"3097","PC_O0043_26_Yellow.xlsx","sounds","幼児語","PC","O0043",12,"O0043","m",1,803,26
"3098","PC_O0043_26_Yellow.xlsx","animals","動物の名前","PC","O0043",42,"O0043","m",1,803,26
"3099","PC_O0043_26_Yellow.xlsx","vehicles","乗り物","PC","O0043",14,"O0043","m",1,803,26
"3100","PC_O0043_26_Yellow.xlsx","toys","おもちゃ","PC","O0043",14,"O0043","m",1,803,26
"3101","PC_O0043_26_Yellow.xlsx","food_drink","食べ物と飲み物","PC","O0043",57,"O0043","m",1,803,26
"3102","PC_O0043_26_Yellow.xlsx","clothing","衣類","PC","O0043",12,"O0043","m",1,803,26
"3103","PC_O0043_26_Yellow.xlsx","body_parts","体の部分","PC","O0043",23,"O0043","m",1,803,26
"3104","PC_O0043_26_Yellow.xlsx","furniture_rooms","家具と部屋","PC","O0043",16,"O0043","m",1,803,26
"3105","PC_O0043_26_Yellow.xlsx","household","小さな家庭用品","PC","O0043",29,"O0043","m",1,803,26
"3106","PC_O0043_26_Yellow.xlsx","outside","戸外のもの","PC","O0043",25,"O0043","m",1,803,26
"3107","PC_O0043_26_Yellow.xlsx","places","おでかけ","PC","O0043",9,"O0043","m",1,803,26
"3108","PC_O0043_26_Yellow.xlsx","people","人々","PC","O0043",23,"O0043","m",1,803,26
"3109","PC_O0043_26_Yellow.xlsx","games_routines","日課とあいさつ","PC","O0043",25,"O0043","m",1,803,26
"3110","PC_O0043_26_Yellow.xlsx","action_words","動作語","PC","O0043",91,"O0043","m",1,803,26
"3111","PC_O0043_26_Yellow.xlsx","time_words","時間についてのことば","PC","O0043",9,"O0043","m",1,803,26
"3112","PC_O0043_26_Yellow.xlsx","descriptive_words","ようす・性質","PC","O0043",49,"O0043","m",1,803,26
"3113","PC_O0043_26_Yellow.xlsx","pronouns","代名詞","PC","O0043",16,"O0043","m",1,803,26
"3114","PC_O0043_26_Yellow.xlsx","question_words","質問のことば","PC","O0043",2,"O0043","m",1,803,26
"3115","PC_O0043_26_Yellow.xlsx","locations","位置と場所についてのことば","PC","O0043",8,"O0043","m",1,803,26
"3116","PC_O0043_26_Yellow.xlsx","quantifiers","数量をあらわすことば","PC","O0043",15,"O0043","m",1,803,26
"3117","PC_O0043_26_Yellow.xlsx","connecting_words","接続語","PC","O0043",0,"O0043","m",1,803,26
"3118","PC_O0043_26_Yellow.xlsx","sounds2","幼児語（その２）","PC","O0043",23,"O0043","m",1,803,26
"3119","PC_O0043_26_Yellow.xlsx","conversations","会話語","PC","O0043",7,"O0043","m",1,803,26
"3120","PC_O0043_26_Yellow.xlsx","others","その他","PC","O0043",8,"O0043","m",1,803,26
"3121","PC_O0043_32_Yellow.xlsx","sounds","幼児語","PC","O0043",12,"O0043","m",1,995,32
"3122","PC_O0043_32_Yellow.xlsx","animals","動物の名前","PC","O0043",43,"O0043","m",1,995,32
"3123","PC_O0043_32_Yellow.xlsx","vehicles","乗り物","PC","O0043",14,"O0043","m",1,995,32
"3124","PC_O0043_32_Yellow.xlsx","toys","おもちゃ","PC","O0043",16,"O0043","m",1,995,32
"3125","PC_O0043_32_Yellow.xlsx","food_drink","食べ物と飲み物","PC","O0043",63,"O0043","m",1,995,32
"3126","PC_O0043_32_Yellow.xlsx","clothing","衣類","PC","O0043",13,"O0043","m",1,995,32
"3127","PC_O0043_32_Yellow.xlsx","body_parts","体の部分","PC","O0043",25,"O0043","m",1,995,32
"3128","PC_O0043_32_Yellow.xlsx","furniture_rooms","家具と部屋","PC","O0043",20,"O0043","m",1,995,32
"3129","PC_O0043_32_Yellow.xlsx","household","小さな家庭用品","PC","O0043",34,"O0043","m",1,995,32
"3130","PC_O0043_32_Yellow.xlsx","outside","戸外のもの","PC","O0043",26,"O0043","m",1,995,32
"3131","PC_O0043_32_Yellow.xlsx","places","おでかけ","PC","O0043",11,"O0043","m",1,995,32
"3132","PC_O0043_32_Yellow.xlsx","people","人々","PC","O0043",24,"O0043","m",1,995,32
"3133","PC_O0043_32_Yellow.xlsx","games_routines","日課とあいさつ","PC","O0043",25,"O0043","m",1,995,32
"3134","PC_O0043_32_Yellow.xlsx","action_words","動作語","PC","O0043",97,"O0043","m",1,995,32
"3135","PC_O0043_32_Yellow.xlsx","time_words","時間についてのことば","PC","O0043",10,"O0043","m",1,995,32
"3136","PC_O0043_32_Yellow.xlsx","descriptive_words","ようす・性質","PC","O0043",58,"O0043","m",1,995,32
"3137","PC_O0043_32_Yellow.xlsx","pronouns","代名詞","PC","O0043",18,"O0043","m",1,995,32
"3138","PC_O0043_32_Yellow.xlsx","question_words","質問のことば","PC","O0043",7,"O0043","m",1,995,32
"3139","PC_O0043_32_Yellow.xlsx","locations","位置と場所についてのことば","PC","O0043",14,"O0043","m",1,995,32
"3140","PC_O0043_32_Yellow.xlsx","quantifiers","数量をあらわすことば","PC","O0043",16,"O0043","m",1,995,32
"3141","PC_O0043_32_Yellow.xlsx","connecting_words","接続語","PC","O0043",1,"O0043","m",1,995,32
"3142","PC_O0043_32_Yellow.xlsx","sounds2","幼児語（その２）","PC","O0043",24,"O0043","m",1,995,32
"3143","PC_O0043_32_Yellow.xlsx","conversations","会話語","PC","O0043",11,"O0043","m",1,995,32
"3144","PC_O0043_32_Yellow.xlsx","others","その他","PC","O0043",8,"O0043","m",1,995,32
"3145","PC_O0083_26_Yellow.xlsx","sounds","幼児語","PC","O0083",9,"O0083","m",1,812,26
"3146","PC_O0083_26_Yellow.xlsx","animals","動物の名前","PC","O0083",7,"O0083","m",1,812,26
"3147","PC_O0083_26_Yellow.xlsx","vehicles","乗り物","PC","O0083",3,"O0083","m",1,812,26
"3148","PC_O0083_26_Yellow.xlsx","toys","おもちゃ","PC","O0083",3,"O0083","m",1,812,26
"3149","PC_O0083_26_Yellow.xlsx","food_drink","食べ物と飲み物","PC","O0083",24,"O0083","m",1,812,26
"3150","PC_O0083_26_Yellow.xlsx","clothing","衣類","PC","O0083",4,"O0083","m",1,812,26
"3151","PC_O0083_26_Yellow.xlsx","body_parts","体の部分","PC","O0083",7,"O0083","m",1,812,26
"3152","PC_O0083_26_Yellow.xlsx","furniture_rooms","家具と部屋","PC","O0083",0,"O0083","m",1,812,26
"3153","PC_O0083_26_Yellow.xlsx","household","小さな家庭用品","PC","O0083",5,"O0083","m",1,812,26
"3154","PC_O0083_26_Yellow.xlsx","outside","戸外のもの","PC","O0083",4,"O0083","m",1,812,26
"3155","PC_O0083_26_Yellow.xlsx","places","おでかけ","PC","O0083",3,"O0083","m",1,812,26
"3156","PC_O0083_26_Yellow.xlsx","people","人々","PC","O0083",8,"O0083","m",1,812,26
"3157","PC_O0083_26_Yellow.xlsx","games_routines","日課とあいさつ","PC","O0083",7,"O0083","m",1,812,26
"3158","PC_O0083_26_Yellow.xlsx","action_words","動作語","PC","O0083",2,"O0083","m",1,812,26
"3159","PC_O0083_26_Yellow.xlsx","time_words","時間についてのことば","PC","O0083",0,"O0083","m",1,812,26
"3160","PC_O0083_26_Yellow.xlsx","descriptive_words","ようす・性質","PC","O0083",8,"O0083","m",1,812,26
"3161","PC_O0083_26_Yellow.xlsx","pronouns","代名詞","PC","O0083",5,"O0083","m",1,812,26
"3162","PC_O0083_26_Yellow.xlsx","question_words","質問のことば","PC","O0083",0,"O0083","m",1,812,26
"3163","PC_O0083_26_Yellow.xlsx","locations","位置と場所についてのことば","PC","O0083",3,"O0083","m",1,812,26
"3164","PC_O0083_26_Yellow.xlsx","quantifiers","数量をあらわすことば","PC","O0083",1,"O0083","m",1,812,26
"3165","PC_O0083_26_Yellow.xlsx","connecting_words","接続語","PC","O0083",0,"O0083","m",1,812,26
"3166","PC_O0083_26_Yellow.xlsx","sounds2","幼児語（その２）","PC","O0083",16,"O0083","m",1,812,26
"3167","PC_O0083_26_Yellow.xlsx","conversations","会話語","PC","O0083",4,"O0083","m",1,812,26
"3168","PC_O0083_26_Yellow.xlsx","others","その他","PC","O0083",2,"O0083","m",1,812,26
"3169","PC_O0083_33_Yellow.xlsx","sounds","幼児語","PC","O0083",10,"O0083","m",1,1023,33
"3170","PC_O0083_33_Yellow.xlsx","animals","動物の名前","PC","O0083",33,"O0083","m",1,1023,33
"3171","PC_O0083_33_Yellow.xlsx","vehicles","乗り物","PC","O0083",14,"O0083","m",1,1023,33
"3172","PC_O0083_33_Yellow.xlsx","toys","おもちゃ","PC","O0083",17,"O0083","m",1,1023,33
"3173","PC_O0083_33_Yellow.xlsx","food_drink","食べ物と飲み物","PC","O0083",52,"O0083","m",1,1023,33
"3174","PC_O0083_33_Yellow.xlsx","clothing","衣類","PC","O0083",13,"O0083","m",1,1023,33
"3175","PC_O0083_33_Yellow.xlsx","body_parts","体の部分","PC","O0083",22,"O0083","m",1,1023,33
"3176","PC_O0083_33_Yellow.xlsx","furniture_rooms","家具と部屋","PC","O0083",12,"O0083","m",1,1023,33
"3177","PC_O0083_33_Yellow.xlsx","household","小さな家庭用品","PC","O0083",31,"O0083","m",1,1023,33
"3178","PC_O0083_33_Yellow.xlsx","outside","戸外のもの","PC","O0083",22,"O0083","m",1,1023,33
"3179","PC_O0083_33_Yellow.xlsx","places","おでかけ","PC","O0083",13,"O0083","m",1,1023,33
"3180","PC_O0083_33_Yellow.xlsx","people","人々","PC","O0083",14,"O0083","m",1,1023,33
"3181","PC_O0083_33_Yellow.xlsx","games_routines","日課とあいさつ","PC","O0083",22,"O0083","m",1,1023,33
"3182","PC_O0083_33_Yellow.xlsx","action_words","動作語","PC","O0083",71,"O0083","m",1,1023,33
"3183","PC_O0083_33_Yellow.xlsx","time_words","時間についてのことば","PC","O0083",6,"O0083","m",1,1023,33
"3184","PC_O0083_33_Yellow.xlsx","descriptive_words","ようす・性質","PC","O0083",42,"O0083","m",1,1023,33
"3185","PC_O0083_33_Yellow.xlsx","pronouns","代名詞","PC","O0083",11,"O0083","m",1,1023,33
"3186","PC_O0083_33_Yellow.xlsx","question_words","質問のことば","PC","O0083",7,"O0083","m",1,1023,33
"3187","PC_O0083_33_Yellow.xlsx","locations","位置と場所についてのことば","PC","O0083",11,"O0083","m",1,1023,33
"3188","PC_O0083_33_Yellow.xlsx","quantifiers","数量をあらわすことば","PC","O0083",15,"O0083","m",1,1023,33
"3189","PC_O0083_33_Yellow.xlsx","connecting_words","接続語","PC","O0083",0,"O0083","m",1,1023,33
"3190","PC_O0083_33_Yellow.xlsx","sounds2","幼児語（その２）","PC","O0083",22,"O0083","m",1,1023,33
"3191","PC_O0083_33_Yellow.xlsx","conversations","会話語","PC","O0083",10,"O0083","m",1,1023,33
"3192","PC_O0083_33_Yellow.xlsx","others","その他","PC","O0083",5,"O0083","m",1,1023,33
"3193","PC_O0104_25_Yellow.xlsx","sounds","幼児語","PC","O0104",4,"O0104","f",1,784,25
"3194","PC_O0104_25_Yellow.xlsx","animals","動物の名前","PC","O0104",30,"O0104","f",1,784,25
"3195","PC_O0104_25_Yellow.xlsx","vehicles","乗り物","PC","O0104",5,"O0104","f",1,784,25
"3196","PC_O0104_25_Yellow.xlsx","toys","おもちゃ","PC","O0104",8,"O0104","f",1,784,25
"3197","PC_O0104_25_Yellow.xlsx","food_drink","食べ物と飲み物","PC","O0104",60,"O0104","f",1,784,25
"3198","PC_O0104_25_Yellow.xlsx","clothing","衣類","PC","O0104",12,"O0104","f",1,784,25
"3199","PC_O0104_25_Yellow.xlsx","body_parts","体の部分","PC","O0104",27,"O0104","f",1,784,25
"3200","PC_O0104_25_Yellow.xlsx","furniture_rooms","家具と部屋","PC","O0104",15,"O0104","f",1,784,25
"3201","PC_O0104_25_Yellow.xlsx","household","小さな家庭用品","PC","O0104",19,"O0104","f",1,784,25
"3202","PC_O0104_25_Yellow.xlsx","outside","戸外のもの","PC","O0104",15,"O0104","f",1,784,25
"3203","PC_O0104_25_Yellow.xlsx","places","おでかけ","PC","O0104",8,"O0104","f",1,784,25
"3204","PC_O0104_25_Yellow.xlsx","people","人々","PC","O0104",14,"O0104","f",1,784,25
"3205","PC_O0104_25_Yellow.xlsx","games_routines","日課とあいさつ","PC","O0104",23,"O0104","f",1,784,25
"3206","PC_O0104_25_Yellow.xlsx","action_words","動作語","PC","O0104",44,"O0104","f",1,784,25
"3207","PC_O0104_25_Yellow.xlsx","time_words","時間についてのことば","PC","O0104",8,"O0104","f",1,784,25
"3208","PC_O0104_25_Yellow.xlsx","descriptive_words","ようす・性質","PC","O0104",39,"O0104","f",1,784,25
"3209","PC_O0104_25_Yellow.xlsx","pronouns","代名詞","PC","O0104",9,"O0104","f",1,784,25
"3210","PC_O0104_25_Yellow.xlsx","question_words","質問のことば","PC","O0104",1,"O0104","f",1,784,25
"3211","PC_O0104_25_Yellow.xlsx","locations","位置と場所についてのことば","PC","O0104",4,"O0104","f",1,784,25
"3212","PC_O0104_25_Yellow.xlsx","quantifiers","数量をあらわすことば","PC","O0104",14,"O0104","f",1,784,25
"3213","PC_O0104_25_Yellow.xlsx","connecting_words","接続語","PC","O0104",1,"O0104","f",1,784,25
"3214","PC_O0104_25_Yellow.xlsx","sounds2","幼児語（その２）","PC","O0104",11,"O0104","f",1,784,25
"3215","PC_O0104_25_Yellow.xlsx","conversations","会話語","PC","O0104",10,"O0104","f",1,784,25
"3216","PC_O0104_25_Yellow.xlsx","others","その他","PC","O0104",4,"O0104","f",1,784,25
"3217","PC_O0104_32_Yellow.xlsx","sounds","幼児語","PC","O0104",12,"O0104","f",1,987,32
"3218","PC_O0104_32_Yellow.xlsx","animals","動物の名前","PC","O0104",41,"O0104","f",1,987,32
"3219","PC_O0104_32_Yellow.xlsx","vehicles","乗り物","PC","O0104",13,"O0104","f",1,987,32
"3220","PC_O0104_32_Yellow.xlsx","toys","おもちゃ","PC","O0104",17,"O0104","f",1,987,32
"3221","PC_O0104_32_Yellow.xlsx","food_drink","食べ物と飲み物","PC","O0104",67,"O0104","f",1,987,32
"3222","PC_O0104_32_Yellow.xlsx","clothing","衣類","PC","O0104",27,"O0104","f",1,987,32
"3223","PC_O0104_32_Yellow.xlsx","body_parts","体の部分","PC","O0104",27,"O0104","f",1,987,32
"3224","PC_O0104_32_Yellow.xlsx","furniture_rooms","家具と部屋","PC","O0104",30,"O0104","f",1,987,32
"3225","PC_O0104_32_Yellow.xlsx","household","小さな家庭用品","PC","O0104",50,"O0104","f",1,987,32
"3226","PC_O0104_32_Yellow.xlsx","outside","戸外のもの","PC","O0104",31,"O0104","f",1,987,32
"3227","PC_O0104_32_Yellow.xlsx","places","おでかけ","PC","O0104",20,"O0104","f",1,987,32
"3228","PC_O0104_32_Yellow.xlsx","people","人々","PC","O0104",27,"O0104","f",1,987,32
"3229","PC_O0104_32_Yellow.xlsx","games_routines","日課とあいさつ","PC","O0104",24,"O0104","f",1,987,32
"3230","PC_O0104_32_Yellow.xlsx","action_words","動作語","PC","O0104",102,"O0104","f",1,987,32
"3231","PC_O0104_32_Yellow.xlsx","time_words","時間についてのことば","PC","O0104",12,"O0104","f",1,987,32
"3232","PC_O0104_32_Yellow.xlsx","descriptive_words","ようす・性質","PC","O0104",63,"O0104","f",1,987,32
"3233","PC_O0104_32_Yellow.xlsx","pronouns","代名詞","PC","O0104",21,"O0104","f",1,987,32
"3234","PC_O0104_32_Yellow.xlsx","question_words","質問のことば","PC","O0104",10,"O0104","f",1,987,32
"3235","PC_O0104_32_Yellow.xlsx","locations","位置と場所についてのことば","PC","O0104",23,"O0104","f",1,987,32
"3236","PC_O0104_32_Yellow.xlsx","quantifiers","数量をあらわすことば","PC","O0104",17,"O0104","f",1,987,32
"3237","PC_O0104_32_Yellow.xlsx","connecting_words","接続語","PC","O0104",5,"O0104","f",1,987,32
"3238","PC_O0104_32_Yellow.xlsx","sounds2","幼児語（その２）","PC","O0104",24,"O0104","f",1,987,32
"3239","PC_O0104_32_Yellow.xlsx","conversations","会話語","PC","O0104",14,"O0104","f",1,987,32
"3240","PC_O0104_32_Yellow.xlsx","others","その他","PC","O0104",9,"O0104","f",1,987,32
"3241","PC_O0115_26_Yellow.xlsx","sounds","幼児語","PC","O0115",12,"O0115","m",1,819,26
"3242","PC_O0115_26_Yellow.xlsx","animals","動物の名前","PC","O0115",31,"O0115","m",1,819,26
"3243","PC_O0115_26_Yellow.xlsx","vehicles","乗り物","PC","O0115",13,"O0115","m",1,819,26
"3244","PC_O0115_26_Yellow.xlsx","toys","おもちゃ","PC","O0115",9,"O0115","m",1,819,26
"3245","PC_O0115_26_Yellow.xlsx","food_drink","食べ物と飲み物","PC","O0115",58,"O0115","m",1,819,26
"3246","PC_O0115_26_Yellow.xlsx","clothing","衣類","PC","O0115",7,"O0115","m",1,819,26
"3247","PC_O0115_26_Yellow.xlsx","body_parts","体の部分","PC","O0115",19,"O0115","m",1,819,26
"3248","PC_O0115_26_Yellow.xlsx","furniture_rooms","家具と部屋","PC","O0115",10,"O0115","m",1,819,26
"3249","PC_O0115_26_Yellow.xlsx","household","小さな家庭用品","PC","O0115",19,"O0115","m",1,819,26
"3250","PC_O0115_26_Yellow.xlsx","outside","戸外のもの","PC","O0115",11,"O0115","m",1,819,26
"3251","PC_O0115_26_Yellow.xlsx","places","おでかけ","PC","O0115",9,"O0115","m",1,819,26
"3252","PC_O0115_26_Yellow.xlsx","people","人々","PC","O0115",15,"O0115","m",1,819,26
"3253","PC_O0115_26_Yellow.xlsx","games_routines","日課とあいさつ","PC","O0115",18,"O0115","m",1,819,26
"3254","PC_O0115_26_Yellow.xlsx","action_words","動作語","PC","O0115",33,"O0115","m",1,819,26
"3255","PC_O0115_26_Yellow.xlsx","time_words","時間についてのことば","PC","O0115",2,"O0115","m",1,819,26
"3256","PC_O0115_26_Yellow.xlsx","descriptive_words","ようす・性質","PC","O0115",26,"O0115","m",1,819,26
"3257","PC_O0115_26_Yellow.xlsx","pronouns","代名詞","PC","O0115",5,"O0115","m",1,819,26
"3258","PC_O0115_26_Yellow.xlsx","question_words","質問のことば","PC","O0115",3,"O0115","m",1,819,26
"3259","PC_O0115_26_Yellow.xlsx","locations","位置と場所についてのことば","PC","O0115",6,"O0115","m",1,819,26
"3260","PC_O0115_26_Yellow.xlsx","quantifiers","数量をあらわすことば","PC","O0115",10,"O0115","m",1,819,26
"3261","PC_O0115_26_Yellow.xlsx","connecting_words","接続語","PC","O0115",0,"O0115","m",1,819,26
"3262","PC_O0115_26_Yellow.xlsx","sounds2","幼児語（その２）","PC","O0115",14,"O0115","m",1,819,26
"3263","PC_O0115_26_Yellow.xlsx","conversations","会話語","PC","O0115",7,"O0115","m",1,819,26
"3264","PC_O0115_26_Yellow.xlsx","others","その他","PC","O0115",3,"O0115","m",1,819,26
"3265","PC_O0115_33_Yellow.xlsx","sounds","幼児語","PC","O0115",12,"O0115","m",1,1011,33
"3266","PC_O0115_33_Yellow.xlsx","animals","動物の名前","PC","O0115",43,"O0115","m",1,1011,33
"3267","PC_O0115_33_Yellow.xlsx","vehicles","乗り物","PC","O0115",13,"O0115","m",1,1011,33
"3268","PC_O0115_33_Yellow.xlsx","toys","おもちゃ","PC","O0115",16,"O0115","m",1,1011,33
"3269","PC_O0115_33_Yellow.xlsx","food_drink","食べ物と飲み物","PC","O0115",64,"O0115","m",1,1011,33
"3270","PC_O0115_33_Yellow.xlsx","clothing","衣類","PC","O0115",16,"O0115","m",1,1011,33
"3271","PC_O0115_33_Yellow.xlsx","body_parts","体の部分","PC","O0115",27,"O0115","m",1,1011,33
"3272","PC_O0115_33_Yellow.xlsx","furniture_rooms","家具と部屋","PC","O0115",25,"O0115","m",1,1011,33
"3273","PC_O0115_33_Yellow.xlsx","household","小さな家庭用品","PC","O0115",43,"O0115","m",1,1011,33
"3274","PC_O0115_33_Yellow.xlsx","outside","戸外のもの","PC","O0115",29,"O0115","m",1,1011,33
"3275","PC_O0115_33_Yellow.xlsx","places","おでかけ","PC","O0115",13,"O0115","m",1,1011,33
"3276","PC_O0115_33_Yellow.xlsx","people","人々","PC","O0115",20,"O0115","m",1,1011,33
"3277","PC_O0115_33_Yellow.xlsx","games_routines","日課とあいさつ","PC","O0115",25,"O0115","m",1,1011,33
"3278","PC_O0115_33_Yellow.xlsx","action_words","動作語","PC","O0115",85,"O0115","m",1,1011,33
"3279","PC_O0115_33_Yellow.xlsx","time_words","時間についてのことば","PC","O0115",6,"O0115","m",1,1011,33
"3280","PC_O0115_33_Yellow.xlsx","descriptive_words","ようす・性質","PC","O0115",47,"O0115","m",1,1011,33
"3281","PC_O0115_33_Yellow.xlsx","pronouns","代名詞","PC","O0115",13,"O0115","m",1,1011,33
"3282","PC_O0115_33_Yellow.xlsx","question_words","質問のことば","PC","O0115",6,"O0115","m",1,1011,33
"3283","PC_O0115_33_Yellow.xlsx","locations","位置と場所についてのことば","PC","O0115",11,"O0115","m",1,1011,33
"3284","PC_O0115_33_Yellow.xlsx","quantifiers","数量をあらわすことば","PC","O0115",15,"O0115","m",1,1011,33
"3285","PC_O0115_33_Yellow.xlsx","connecting_words","接続語","PC","O0115",2,"O0115","m",1,1011,33
"3286","PC_O0115_33_Yellow.xlsx","sounds2","幼児語（その２）","PC","O0115",19,"O0115","m",1,1011,33
"3287","PC_O0115_33_Yellow.xlsx","conversations","会話語","PC","O0115",12,"O0115","m",1,1011,33
"3288","PC_O0115_33_Yellow.xlsx","others","その他","PC","O0115",6,"O0115","m",1,1011,33
"3289","PC_O0124_25_Yellow.xlsx","sounds","幼児語","PC","O0124",12,"O0124","f",1,771,25
"3290","PC_O0124_25_Yellow.xlsx","animals","動物の名前","PC","O0124",43,"O0124","f",1,771,25
"3291","PC_O0124_25_Yellow.xlsx","vehicles","乗り物","PC","O0124",13,"O0124","f",1,771,25
"3292","PC_O0124_25_Yellow.xlsx","toys","おもちゃ","PC","O0124",17,"O0124","f",1,771,25
"3293","PC_O0124_25_Yellow.xlsx","food_drink","食べ物と飲み物","PC","O0124",66,"O0124","f",1,771,25
"3294","PC_O0124_25_Yellow.xlsx","clothing","衣類","PC","O0124",24,"O0124","f",1,771,25
"3295","PC_O0124_25_Yellow.xlsx","body_parts","体の部分","PC","O0124",26,"O0124","f",1,771,25
"3296","PC_O0124_25_Yellow.xlsx","furniture_rooms","家具と部屋","PC","O0124",30,"O0124","f",1,771,25
"3297","PC_O0124_25_Yellow.xlsx","household","小さな家庭用品","PC","O0124",49,"O0124","f",1,771,25
"3298","PC_O0124_25_Yellow.xlsx","outside","戸外のもの","PC","O0124",29,"O0124","f",1,771,25
"3299","PC_O0124_25_Yellow.xlsx","places","おでかけ","PC","O0124",19,"O0124","f",1,771,25
"3300","PC_O0124_25_Yellow.xlsx","people","人々","PC","O0124",28,"O0124","f",1,771,25
"3301","PC_O0124_25_Yellow.xlsx","games_routines","日課とあいさつ","PC","O0124",25,"O0124","f",1,771,25
"3302","PC_O0124_25_Yellow.xlsx","action_words","動作語","PC","O0124",100,"O0124","f",1,771,25
"3303","PC_O0124_25_Yellow.xlsx","time_words","時間についてのことば","PC","O0124",12,"O0124","f",1,771,25
"3304","PC_O0124_25_Yellow.xlsx","descriptive_words","ようす・性質","PC","O0124",57,"O0124","f",1,771,25
"3305","PC_O0124_25_Yellow.xlsx","pronouns","代名詞","PC","O0124",16,"O0124","f",1,771,25
"3306","PC_O0124_25_Yellow.xlsx","question_words","質問のことば","PC","O0124",7,"O0124","f",1,771,25
"3307","PC_O0124_25_Yellow.xlsx","locations","位置と場所についてのことば","PC","O0124",22,"O0124","f",1,771,25
"3308","PC_O0124_25_Yellow.xlsx","quantifiers","数量をあらわすことば","PC","O0124",17,"O0124","f",1,771,25
"3309","PC_O0124_25_Yellow.xlsx","connecting_words","接続語","PC","O0124",2,"O0124","f",1,771,25
"3310","PC_O0124_25_Yellow.xlsx","sounds2","幼児語（その２）","PC","O0124",20,"O0124","f",1,771,25
"3311","PC_O0124_25_Yellow.xlsx","conversations","会話語","PC","O0124",13,"O0124","f",1,771,25
"3312","PC_O0124_25_Yellow.xlsx","others","その他","PC","O0124",8,"O0124","f",1,771,25
"3313","PC_O0124_31_Yellow.xlsx","sounds","幼児語","PC","O0124",12,"O0124","f",1,963,31
"3314","PC_O0124_31_Yellow.xlsx","animals","動物の名前","PC","O0124",43,"O0124","f",1,963,31
"3315","PC_O0124_31_Yellow.xlsx","vehicles","乗り物","PC","O0124",13,"O0124","f",1,963,31
"3316","PC_O0124_31_Yellow.xlsx","toys","おもちゃ","PC","O0124",17,"O0124","f",1,963,31
"3317","PC_O0124_31_Yellow.xlsx","food_drink","食べ物と飲み物","PC","O0124",67,"O0124","f",1,963,31
"3318","PC_O0124_31_Yellow.xlsx","clothing","衣類","PC","O0124",24,"O0124","f",1,963,31
"3319","PC_O0124_31_Yellow.xlsx","body_parts","体の部分","PC","O0124",26,"O0124","f",1,963,31
"3320","PC_O0124_31_Yellow.xlsx","furniture_rooms","家具と部屋","PC","O0124",31,"O0124","f",1,963,31
"3321","PC_O0124_31_Yellow.xlsx","household","小さな家庭用品","PC","O0124",49,"O0124","f",1,963,31
"3322","PC_O0124_31_Yellow.xlsx","outside","戸外のもの","PC","O0124",29,"O0124","f",1,963,31
"3323","PC_O0124_31_Yellow.xlsx","places","おでかけ","PC","O0124",19,"O0124","f",1,963,31
"3324","PC_O0124_31_Yellow.xlsx","people","人々","PC","O0124",28,"O0124","f",1,963,31
"3325","PC_O0124_31_Yellow.xlsx","games_routines","日課とあいさつ","PC","O0124",25,"O0124","f",1,963,31
"3326","PC_O0124_31_Yellow.xlsx","action_words","動作語","PC","O0124",101,"O0124","f",1,963,31
"3327","PC_O0124_31_Yellow.xlsx","time_words","時間についてのことば","PC","O0124",12,"O0124","f",1,963,31
"3328","PC_O0124_31_Yellow.xlsx","descriptive_words","ようす・性質","PC","O0124",62,"O0124","f",1,963,31
"3329","PC_O0124_31_Yellow.xlsx","pronouns","代名詞","PC","O0124",17,"O0124","f",1,963,31
"3330","PC_O0124_31_Yellow.xlsx","question_words","質問のことば","PC","O0124",8,"O0124","f",1,963,31
"3331","PC_O0124_31_Yellow.xlsx","locations","位置と場所についてのことば","PC","O0124",23,"O0124","f",1,963,31
"3332","PC_O0124_31_Yellow.xlsx","quantifiers","数量をあらわすことば","PC","O0124",17,"O0124","f",1,963,31
"3333","PC_O0124_31_Yellow.xlsx","connecting_words","接続語","PC","O0124",3,"O0124","f",1,963,31
"3334","PC_O0124_31_Yellow.xlsx","sounds2","幼児語（その２）","PC","O0124",20,"O0124","f",1,963,31
"3335","PC_O0124_31_Yellow.xlsx","conversations","会話語","PC","O0124",14,"O0124","f",1,963,31
"3336","PC_O0124_31_Yellow.xlsx","others","その他","PC","O0124",9,"O0124","f",1,963,31
"3337","PC_O0166_26_Yellow.xlsx","sounds","幼児語","PC","O0166",9,"O0166","f",1,818,26
"3338","PC_O0166_26_Yellow.xlsx","animals","動物の名前","PC","O0166",40,"O0166","f",1,818,26
"3339","PC_O0166_26_Yellow.xlsx","vehicles","乗り物","PC","O0166",14,"O0166","f",1,818,26
"3340","PC_O0166_26_Yellow.xlsx","toys","おもちゃ","PC","O0166",16,"O0166","f",1,818,26
"3341","PC_O0166_26_Yellow.xlsx","food_drink","食べ物と飲み物","PC","O0166",66,"O0166","f",1,818,26
"3342","PC_O0166_26_Yellow.xlsx","clothing","衣類","PC","O0166",19,"O0166","f",1,818,26
"3343","PC_O0166_26_Yellow.xlsx","body_parts","体の部分","PC","O0166",25,"O0166","f",1,818,26
"3344","PC_O0166_26_Yellow.xlsx","furniture_rooms","家具と部屋","PC","O0166",21,"O0166","f",1,818,26
"3345","PC_O0166_26_Yellow.xlsx","household","小さな家庭用品","PC","O0166",24,"O0166","f",1,818,26
"3346","PC_O0166_26_Yellow.xlsx","outside","戸外のもの","PC","O0166",19,"O0166","f",1,818,26
"3347","PC_O0166_26_Yellow.xlsx","places","おでかけ","PC","O0166",12,"O0166","f",1,818,26
"3348","PC_O0166_26_Yellow.xlsx","people","人々","PC","O0166",22,"O0166","f",1,818,26
"3349","PC_O0166_26_Yellow.xlsx","games_routines","日課とあいさつ","PC","O0166",25,"O0166","f",1,818,26
"3350","PC_O0166_26_Yellow.xlsx","action_words","動作語","PC","O0166",72,"O0166","f",1,818,26
"3351","PC_O0166_26_Yellow.xlsx","time_words","時間についてのことば","PC","O0166",3,"O0166","f",1,818,26
"3352","PC_O0166_26_Yellow.xlsx","descriptive_words","ようす・性質","PC","O0166",44,"O0166","f",1,818,26
"3353","PC_O0166_26_Yellow.xlsx","pronouns","代名詞","PC","O0166",3,"O0166","f",1,818,26
"3354","PC_O0166_26_Yellow.xlsx","question_words","質問のことば","PC","O0166",4,"O0166","f",1,818,26
"3355","PC_O0166_26_Yellow.xlsx","locations","位置と場所についてのことば","PC","O0166",8,"O0166","f",1,818,26
"3356","PC_O0166_26_Yellow.xlsx","quantifiers","数量をあらわすことば","PC","O0166",17,"O0166","f",1,818,26
"3357","PC_O0166_26_Yellow.xlsx","connecting_words","接続語","PC","O0166",0,"O0166","f",1,818,26
"3358","PC_O0166_26_Yellow.xlsx","sounds2","幼児語（その２）","PC","O0166",29,"O0166","f",1,818,26
"3359","PC_O0166_26_Yellow.xlsx","conversations","会話語","PC","O0166",7,"O0166","f",1,818,26
"3360","PC_O0166_26_Yellow.xlsx","others","その他","PC","O0166",8,"O0166","f",1,818,26
"3361","PC_O0166_34_Yellow.xlsx","sounds","幼児語","PC","O0166",11,"O0166","f",1,1041,34
"3362","PC_O0166_34_Yellow.xlsx","animals","動物の名前","PC","O0166",42,"O0166","f",1,1041,34
"3363","PC_O0166_34_Yellow.xlsx","vehicles","乗り物","PC","O0166",14,"O0166","f",1,1041,34
"3364","PC_O0166_34_Yellow.xlsx","toys","おもちゃ","PC","O0166",17,"O0166","f",1,1041,34
"3365","PC_O0166_34_Yellow.xlsx","food_drink","食べ物と飲み物","PC","O0166",67,"O0166","f",1,1041,34
"3366","PC_O0166_34_Yellow.xlsx","clothing","衣類","PC","O0166",23,"O0166","f",1,1041,34
"3367","PC_O0166_34_Yellow.xlsx","body_parts","体の部分","PC","O0166",27,"O0166","f",1,1041,34
"3368","PC_O0166_34_Yellow.xlsx","furniture_rooms","家具と部屋","PC","O0166",31,"O0166","f",1,1041,34
"3369","PC_O0166_34_Yellow.xlsx","household","小さな家庭用品","PC","O0166",48,"O0166","f",1,1041,34
"3370","PC_O0166_34_Yellow.xlsx","outside","戸外のもの","PC","O0166",29,"O0166","f",1,1041,34
"3371","PC_O0166_34_Yellow.xlsx","places","おでかけ","PC","O0166",19,"O0166","f",1,1041,34
"3372","PC_O0166_34_Yellow.xlsx","people","人々","PC","O0166",26,"O0166","f",1,1041,34
"3373","PC_O0166_34_Yellow.xlsx","games_routines","日課とあいさつ","PC","O0166",25,"O0166","f",1,1041,34
"3374","PC_O0166_34_Yellow.xlsx","action_words","動作語","PC","O0166",93,"O0166","f",1,1041,34
"3375","PC_O0166_34_Yellow.xlsx","time_words","時間についてのことば","PC","O0166",9,"O0166","f",1,1041,34
"3376","PC_O0166_34_Yellow.xlsx","descriptive_words","ようす・性質","PC","O0166",63,"O0166","f",1,1041,34
"3377","PC_O0166_34_Yellow.xlsx","pronouns","代名詞","PC","O0166",7,"O0166","f",1,1041,34
"3378","PC_O0166_34_Yellow.xlsx","question_words","質問のことば","PC","O0166",8,"O0166","f",1,1041,34
"3379","PC_O0166_34_Yellow.xlsx","locations","位置と場所についてのことば","PC","O0166",15,"O0166","f",1,1041,34
"3380","PC_O0166_34_Yellow.xlsx","quantifiers","数量をあらわすことば","PC","O0166",17,"O0166","f",1,1041,34
"3381","PC_O0166_34_Yellow.xlsx","connecting_words","接続語","PC","O0166",0,"O0166","f",1,1041,34
"3382","PC_O0166_34_Yellow.xlsx","sounds2","幼児語（その２）","PC","O0166",29,"O0166","f",1,1041,34
"3383","PC_O0166_34_Yellow.xlsx","conversations","会話語","PC","O0166",12,"O0166","f",1,1041,34
"3384","PC_O0166_34_Yellow.xlsx","others","その他","PC","O0166",8,"O0166","f",1,1041,34
"3385","PC_O0178_24_Yellow.xlsx","sounds","幼児語","PC","O0178",9,"O0178","m",1,745,24
"3386","PC_O0178_24_Yellow.xlsx","animals","動物の名前","PC","O0178",28,"O0178","m",1,745,24
"3387","PC_O0178_24_Yellow.xlsx","vehicles","乗り物","PC","O0178",11,"O0178","m",1,745,24
"3388","PC_O0178_24_Yellow.xlsx","toys","おもちゃ","PC","O0178",7,"O0178","m",1,745,24
"3389","PC_O0178_24_Yellow.xlsx","food_drink","食べ物と飲み物","PC","O0178",38,"O0178","m",1,745,24
"3390","PC_O0178_24_Yellow.xlsx","clothing","衣類","PC","O0178",5,"O0178","m",1,745,24
"3391","PC_O0178_24_Yellow.xlsx","body_parts","体の部分","PC","O0178",14,"O0178","m",1,745,24
"3392","PC_O0178_24_Yellow.xlsx","furniture_rooms","家具と部屋","PC","O0178",13,"O0178","m",1,745,24
"3393","PC_O0178_24_Yellow.xlsx","household","小さな家庭用品","PC","O0178",14,"O0178","m",1,745,24
"3394","PC_O0178_24_Yellow.xlsx","outside","戸外のもの","PC","O0178",18,"O0178","m",1,745,24
"3395","PC_O0178_24_Yellow.xlsx","places","おでかけ","PC","O0178",9,"O0178","m",1,745,24
"3396","PC_O0178_24_Yellow.xlsx","people","人々","PC","O0178",15,"O0178","m",1,745,24
"3397","PC_O0178_24_Yellow.xlsx","games_routines","日課とあいさつ","PC","O0178",21,"O0178","m",1,745,24
"3398","PC_O0178_24_Yellow.xlsx","action_words","動作語","PC","O0178",79,"O0178","m",1,745,24
"3399","PC_O0178_24_Yellow.xlsx","time_words","時間についてのことば","PC","O0178",7,"O0178","m",1,745,24
"3400","PC_O0178_24_Yellow.xlsx","descriptive_words","ようす・性質","PC","O0178",29,"O0178","m",1,745,24
"3401","PC_O0178_24_Yellow.xlsx","pronouns","代名詞","PC","O0178",10,"O0178","m",1,745,24
"3402","PC_O0178_24_Yellow.xlsx","question_words","質問のことば","PC","O0178",8,"O0178","m",1,745,24
"3403","PC_O0178_24_Yellow.xlsx","locations","位置と場所についてのことば","PC","O0178",12,"O0178","m",1,745,24
"3404","PC_O0178_24_Yellow.xlsx","quantifiers","数量をあらわすことば","PC","O0178",10,"O0178","m",1,745,24
"3405","PC_O0178_24_Yellow.xlsx","connecting_words","接続語","PC","O0178",0,"O0178","m",1,745,24
"3406","PC_O0178_24_Yellow.xlsx","sounds2","幼児語（その２）","PC","O0178",18,"O0178","m",1,745,24
"3407","PC_O0178_24_Yellow.xlsx","conversations","会話語","PC","O0178",6,"O0178","m",1,745,24
"3408","PC_O0178_24_Yellow.xlsx","others","その他","PC","O0178",7,"O0178","m",1,745,24
"3409","PC_O0185_26_Yellow.xlsx","sounds","幼児語","PC","O0185",1,"O0185","m",1,820,26
"3410","PC_O0185_26_Yellow.xlsx","animals","動物の名前","PC","O0185",0,"O0185","m",1,820,26
"3411","PC_O0185_26_Yellow.xlsx","vehicles","乗り物","PC","O0185",1,"O0185","m",1,820,26
"3412","PC_O0185_26_Yellow.xlsx","toys","おもちゃ","PC","O0185",0,"O0185","m",1,820,26
"3413","PC_O0185_26_Yellow.xlsx","food_drink","食べ物と飲み物","PC","O0185",0,"O0185","m",1,820,26
"3414","PC_O0185_26_Yellow.xlsx","clothing","衣類","PC","O0185",0,"O0185","m",1,820,26
"3415","PC_O0185_26_Yellow.xlsx","body_parts","体の部分","PC","O0185",0,"O0185","m",1,820,26
"3416","PC_O0185_26_Yellow.xlsx","furniture_rooms","家具と部屋","PC","O0185",0,"O0185","m",1,820,26
"3417","PC_O0185_26_Yellow.xlsx","household","小さな家庭用品","PC","O0185",0,"O0185","m",1,820,26
"3418","PC_O0185_26_Yellow.xlsx","outside","戸外のもの","PC","O0185",0,"O0185","m",1,820,26
"3419","PC_O0185_26_Yellow.xlsx","places","おでかけ","PC","O0185",0,"O0185","m",1,820,26
"3420","PC_O0185_26_Yellow.xlsx","people","人々","PC","O0185",2,"O0185","m",1,820,26
"3421","PC_O0185_26_Yellow.xlsx","games_routines","日課とあいさつ","PC","O0185",1,"O0185","m",1,820,26
"3422","PC_O0185_26_Yellow.xlsx","action_words","動作語","PC","O0185",1,"O0185","m",1,820,26
"3423","PC_O0185_26_Yellow.xlsx","time_words","時間についてのことば","PC","O0185",0,"O0185","m",1,820,26
"3424","PC_O0185_26_Yellow.xlsx","descriptive_words","ようす・性質","PC","O0185",1,"O0185","m",1,820,26
"3425","PC_O0185_26_Yellow.xlsx","pronouns","代名詞","PC","O0185",0,"O0185","m",1,820,26
"3426","PC_O0185_26_Yellow.xlsx","question_words","質問のことば","PC","O0185",1,"O0185","m",1,820,26
"3427","PC_O0185_26_Yellow.xlsx","locations","位置と場所についてのことば","PC","O0185",0,"O0185","m",1,820,26
"3428","PC_O0185_26_Yellow.xlsx","quantifiers","数量をあらわすことば","PC","O0185",0,"O0185","m",1,820,26
"3429","PC_O0185_26_Yellow.xlsx","connecting_words","接続語","PC","O0185",0,"O0185","m",1,820,26
"3430","PC_O0185_26_Yellow.xlsx","sounds2","幼児語（その２）","PC","O0185",2,"O0185","m",1,820,26
"3431","PC_O0185_26_Yellow.xlsx","conversations","会話語","PC","O0185",1,"O0185","m",1,820,26
"3432","PC_O0185_26_Yellow.xlsx","others","その他","PC","O0185",1,"O0185","m",1,820,26
"3433","PC_O0185_32_Yellow.xlsx","sounds","幼児語","PC","O0185",1,"O0185","m",1,1004,32
"3434","PC_O0185_32_Yellow.xlsx","animals","動物の名前","PC","O0185",15,"O0185","m",1,1004,32
"3435","PC_O0185_32_Yellow.xlsx","vehicles","乗り物","PC","O0185",13,"O0185","m",1,1004,32
"3436","PC_O0185_32_Yellow.xlsx","toys","おもちゃ","PC","O0185",12,"O0185","m",1,1004,32
"3437","PC_O0185_32_Yellow.xlsx","food_drink","食べ物と飲み物","PC","O0185",31,"O0185","m",1,1004,32
"3438","PC_O0185_32_Yellow.xlsx","clothing","衣類","PC","O0185",10,"O0185","m",1,1004,32
"3439","PC_O0185_32_Yellow.xlsx","body_parts","体の部分","PC","O0185",14,"O0185","m",1,1004,32
"3440","PC_O0185_32_Yellow.xlsx","furniture_rooms","家具と部屋","PC","O0185",9,"O0185","m",1,1004,32
"3441","PC_O0185_32_Yellow.xlsx","household","小さな家庭用品","PC","O0185",25,"O0185","m",1,1004,32
"3442","PC_O0185_32_Yellow.xlsx","outside","戸外のもの","PC","O0185",14,"O0185","m",1,1004,32
"3443","PC_O0185_32_Yellow.xlsx","places","おでかけ","PC","O0185",4,"O0185","m",1,1004,32
"3444","PC_O0185_32_Yellow.xlsx","people","人々","PC","O0185",11,"O0185","m",1,1004,32
"3445","PC_O0185_32_Yellow.xlsx","games_routines","日課とあいさつ","PC","O0185",20,"O0185","m",1,1004,32
"3446","PC_O0185_32_Yellow.xlsx","action_words","動作語","PC","O0185",55,"O0185","m",1,1004,32
"3447","PC_O0185_32_Yellow.xlsx","time_words","時間についてのことば","PC","O0185",3,"O0185","m",1,1004,32
"3448","PC_O0185_32_Yellow.xlsx","descriptive_words","ようす・性質","PC","O0185",43,"O0185","m",1,1004,32
"3449","PC_O0185_32_Yellow.xlsx","pronouns","代名詞","PC","O0185",9,"O0185","m",1,1004,32
"3450","PC_O0185_32_Yellow.xlsx","question_words","質問のことば","PC","O0185",6,"O0185","m",1,1004,32
"3451","PC_O0185_32_Yellow.xlsx","locations","位置と場所についてのことば","PC","O0185",9,"O0185","m",1,1004,32
"3452","PC_O0185_32_Yellow.xlsx","quantifiers","数量をあらわすことば","PC","O0185",16,"O0185","m",1,1004,32
"3453","PC_O0185_32_Yellow.xlsx","connecting_words","接続語","PC","O0185",1,"O0185","m",1,1004,32
"3454","PC_O0185_32_Yellow.xlsx","sounds2","幼児語（その２）","PC","O0185",8,"O0185","m",1,1004,32
"3455","PC_O0185_32_Yellow.xlsx","conversations","会話語","PC","O0185",6,"O0185","m",1,1004,32
"3456","PC_O0185_32_Yellow.xlsx","others","その他","PC","O0185",5,"O0185","m",1,1004,32
"3457","PC_O0189_18_Yellow.xlsx","sounds","幼児語","PC","O0189",6,"O0189","m",1,561,18
"3458","PC_O0189_18_Yellow.xlsx","animals","動物の名前","PC","O0189",1,"O0189","m",1,561,18
"3459","PC_O0189_18_Yellow.xlsx","vehicles","乗り物","PC","O0189",0,"O0189","m",1,561,18
"3460","PC_O0189_18_Yellow.xlsx","toys","おもちゃ","PC","O0189",0,"O0189","m",1,561,18
"3461","PC_O0189_18_Yellow.xlsx","food_drink","食べ物と飲み物","PC","O0189",3,"O0189","m",1,561,18
"3462","PC_O0189_18_Yellow.xlsx","clothing","衣類","PC","O0189",0,"O0189","m",1,561,18
"3463","PC_O0189_18_Yellow.xlsx","body_parts","体の部分","PC","O0189",3,"O0189","m",1,561,18
"3464","PC_O0189_18_Yellow.xlsx","furniture_rooms","家具と部屋","PC","O0189",0,"O0189","m",1,561,18
"3465","PC_O0189_18_Yellow.xlsx","household","小さな家庭用品","PC","O0189",1,"O0189","m",1,561,18
"3466","PC_O0189_18_Yellow.xlsx","outside","戸外のもの","PC","O0189",0,"O0189","m",1,561,18
"3467","PC_O0189_18_Yellow.xlsx","places","おでかけ","PC","O0189",0,"O0189","m",1,561,18
"3468","PC_O0189_18_Yellow.xlsx","people","人々","PC","O0189",5,"O0189","m",1,561,18
"3469","PC_O0189_18_Yellow.xlsx","games_routines","日課とあいさつ","PC","O0189",6,"O0189","m",1,561,18
"3470","PC_O0189_18_Yellow.xlsx","action_words","動作語","PC","O0189",2,"O0189","m",1,561,18
"3471","PC_O0189_18_Yellow.xlsx","time_words","時間についてのことば","PC","O0189",0,"O0189","m",1,561,18
"3472","PC_O0189_18_Yellow.xlsx","descriptive_words","ようす・性質","PC","O0189",4,"O0189","m",1,561,18
"3473","PC_O0189_18_Yellow.xlsx","pronouns","代名詞","PC","O0189",1,"O0189","m",1,561,18
"3474","PC_O0189_18_Yellow.xlsx","question_words","質問のことば","PC","O0189",0,"O0189","m",1,561,18
"3475","PC_O0189_18_Yellow.xlsx","locations","位置と場所についてのことば","PC","O0189",0,"O0189","m",1,561,18
"3476","PC_O0189_18_Yellow.xlsx","quantifiers","数量をあらわすことば","PC","O0189",0,"O0189","m",1,561,18
"3477","PC_O0189_18_Yellow.xlsx","connecting_words","接続語","PC","O0189",0,"O0189","m",1,561,18
"3478","PC_O0189_18_Yellow.xlsx","sounds2","幼児語（その２）","PC","O0189",4,"O0189","m",1,561,18
"3479","PC_O0189_18_Yellow.xlsx","conversations","会話語","PC","O0189",5,"O0189","m",1,561,18
"3480","PC_O0189_18_Yellow.xlsx","others","その他","PC","O0189",2,"O0189","m",1,561,18
"3481","PC_O0189_24_Yellow.xlsx","sounds","幼児語","PC","O0189",8,"O0189","m",1,755,24
"3482","PC_O0189_24_Yellow.xlsx","animals","動物の名前","PC","O0189",16,"O0189","m",1,755,24
"3483","PC_O0189_24_Yellow.xlsx","vehicles","乗り物","PC","O0189",12,"O0189","m",1,755,24
"3484","PC_O0189_24_Yellow.xlsx","toys","おもちゃ","PC","O0189",3,"O0189","m",1,755,24
"3485","PC_O0189_24_Yellow.xlsx","food_drink","食べ物と飲み物","PC","O0189",25,"O0189","m",1,755,24
"3486","PC_O0189_24_Yellow.xlsx","clothing","衣類","PC","O0189",6,"O0189","m",1,755,24
"3487","PC_O0189_24_Yellow.xlsx","body_parts","体の部分","PC","O0189",13,"O0189","m",1,755,24
"3488","PC_O0189_24_Yellow.xlsx","furniture_rooms","家具と部屋","PC","O0189",5,"O0189","m",1,755,24
"3489","PC_O0189_24_Yellow.xlsx","household","小さな家庭用品","PC","O0189",10,"O0189","m",1,755,24
"3490","PC_O0189_24_Yellow.xlsx","outside","戸外のもの","PC","O0189",8,"O0189","m",1,755,24
"3491","PC_O0189_24_Yellow.xlsx","places","おでかけ","PC","O0189",3,"O0189","m",1,755,24
"3492","PC_O0189_24_Yellow.xlsx","people","人々","PC","O0189",10,"O0189","m",1,755,24
"3493","PC_O0189_24_Yellow.xlsx","games_routines","日課とあいさつ","PC","O0189",17,"O0189","m",1,755,24
"3494","PC_O0189_24_Yellow.xlsx","action_words","動作語","PC","O0189",17,"O0189","m",1,755,24
"3495","PC_O0189_24_Yellow.xlsx","time_words","時間についてのことば","PC","O0189",3,"O0189","m",1,755,24
"3496","PC_O0189_24_Yellow.xlsx","descriptive_words","ようす・性質","PC","O0189",18,"O0189","m",1,755,24
"3497","PC_O0189_24_Yellow.xlsx","pronouns","代名詞","PC","O0189",1,"O0189","m",1,755,24
"3498","PC_O0189_24_Yellow.xlsx","question_words","質問のことば","PC","O0189",1,"O0189","m",1,755,24
"3499","PC_O0189_24_Yellow.xlsx","locations","位置と場所についてのことば","PC","O0189",0,"O0189","m",1,755,24
"3500","PC_O0189_24_Yellow.xlsx","quantifiers","数量をあらわすことば","PC","O0189",5,"O0189","m",1,755,24
"3501","PC_O0189_24_Yellow.xlsx","connecting_words","接続語","PC","O0189",0,"O0189","m",1,755,24
"3502","PC_O0189_24_Yellow.xlsx","sounds2","幼児語（その２）","PC","O0189",14,"O0189","m",1,755,24
"3503","PC_O0189_24_Yellow.xlsx","conversations","会話語","PC","O0189",9,"O0189","m",1,755,24
"3504","PC_O0189_24_Yellow.xlsx","others","その他","PC","O0189",3,"O0189","m",1,755,24
"3505","PC_O0197_24_Yellow.xlsx","sounds","幼児語","PC","O0197",6,"O0197","m",1,732,24
"3506","PC_O0197_24_Yellow.xlsx","animals","動物の名前","PC","O0197",15,"O0197","m",1,732,24
"3507","PC_O0197_24_Yellow.xlsx","vehicles","乗り物","PC","O0197",7,"O0197","m",1,732,24
"3508","PC_O0197_24_Yellow.xlsx","toys","おもちゃ","PC","O0197",3,"O0197","m",1,732,24
"3509","PC_O0197_24_Yellow.xlsx","food_drink","食べ物と飲み物","PC","O0197",18,"O0197","m",1,732,24
"3510","PC_O0197_24_Yellow.xlsx","clothing","衣類","PC","O0197",7,"O0197","m",1,732,24
"3511","PC_O0197_24_Yellow.xlsx","body_parts","体の部分","PC","O0197",10,"O0197","m",1,732,24
"3512","PC_O0197_24_Yellow.xlsx","furniture_rooms","家具と部屋","PC","O0197",11,"O0197","m",1,732,24
"3513","PC_O0197_24_Yellow.xlsx","household","小さな家庭用品","PC","O0197",17,"O0197","m",1,732,24
"3514","PC_O0197_24_Yellow.xlsx","outside","戸外のもの","PC","O0197",5,"O0197","m",1,732,24
"3515","PC_O0197_24_Yellow.xlsx","places","おでかけ","PC","O0197",3,"O0197","m",1,732,24
"3516","PC_O0197_24_Yellow.xlsx","people","人々","PC","O0197",5,"O0197","m",1,732,24
"3517","PC_O0197_24_Yellow.xlsx","games_routines","日課とあいさつ","PC","O0197",10,"O0197","m",1,732,24
"3518","PC_O0197_24_Yellow.xlsx","action_words","動作語","PC","O0197",20,"O0197","m",1,732,24
"3519","PC_O0197_24_Yellow.xlsx","time_words","時間についてのことば","PC","O0197",4,"O0197","m",1,732,24
"3520","PC_O0197_24_Yellow.xlsx","descriptive_words","ようす・性質","PC","O0197",12,"O0197","m",1,732,24
"3521","PC_O0197_24_Yellow.xlsx","pronouns","代名詞","PC","O0197",5,"O0197","m",1,732,24
"3522","PC_O0197_24_Yellow.xlsx","question_words","質問のことば","PC","O0197",1,"O0197","m",1,732,24
"3523","PC_O0197_24_Yellow.xlsx","locations","位置と場所についてのことば","PC","O0197",1,"O0197","m",1,732,24
"3524","PC_O0197_24_Yellow.xlsx","quantifiers","数量をあらわすことば","PC","O0197",5,"O0197","m",1,732,24
"3525","PC_O0197_24_Yellow.xlsx","connecting_words","接続語","PC","O0197",0,"O0197","m",1,732,24
"3526","PC_O0197_24_Yellow.xlsx","sounds2","幼児語（その２）","PC","O0197",14,"O0197","m",1,732,24
"3527","PC_O0197_24_Yellow.xlsx","conversations","会話語","PC","O0197",4,"O0197","m",1,732,24
"3528","PC_O0197_24_Yellow.xlsx","others","その他","PC","O0197",4,"O0197","m",1,732,24
"3529","PC_O0197_30_Yellow.xlsx","sounds","幼児語","PC","O0197",10,"O0197","m",1,926,30
"3530","PC_O0197_30_Yellow.xlsx","animals","動物の名前","PC","O0197",36,"O0197","m",1,926,30
"3531","PC_O0197_30_Yellow.xlsx","vehicles","乗り物","PC","O0197",14,"O0197","m",1,926,30
"3532","PC_O0197_30_Yellow.xlsx","toys","おもちゃ","PC","O0197",8,"O0197","m",1,926,30
"3533","PC_O0197_30_Yellow.xlsx","food_drink","食べ物と飲み物","PC","O0197",40,"O0197","m",1,926,30
"3534","PC_O0197_30_Yellow.xlsx","clothing","衣類","PC","O0197",11,"O0197","m",1,926,30
"3535","PC_O0197_30_Yellow.xlsx","body_parts","体の部分","PC","O0197",22,"O0197","m",1,926,30
"3536","PC_O0197_30_Yellow.xlsx","furniture_rooms","家具と部屋","PC","O0197",18,"O0197","m",1,926,30
"3537","PC_O0197_30_Yellow.xlsx","household","小さな家庭用品","PC","O0197",27,"O0197","m",1,926,30
"3538","PC_O0197_30_Yellow.xlsx","outside","戸外のもの","PC","O0197",14,"O0197","m",1,926,30
"3539","PC_O0197_30_Yellow.xlsx","places","おでかけ","PC","O0197",9,"O0197","m",1,926,30
"3540","PC_O0197_30_Yellow.xlsx","people","人々","PC","O0197",9,"O0197","m",1,926,30
"3541","PC_O0197_30_Yellow.xlsx","games_routines","日課とあいさつ","PC","O0197",19,"O0197","m",1,926,30
"3542","PC_O0197_30_Yellow.xlsx","action_words","動作語","PC","O0197",53,"O0197","m",1,926,30
"3543","PC_O0197_30_Yellow.xlsx","time_words","時間についてのことば","PC","O0197",7,"O0197","m",1,926,30
"3544","PC_O0197_30_Yellow.xlsx","descriptive_words","ようす・性質","PC","O0197",30,"O0197","m",1,926,30
"3545","PC_O0197_30_Yellow.xlsx","pronouns","代名詞","PC","O0197",12,"O0197","m",1,926,30
"3546","PC_O0197_30_Yellow.xlsx","question_words","質問のことば","PC","O0197",6,"O0197","m",1,926,30
"3547","PC_O0197_30_Yellow.xlsx","locations","位置と場所についてのことば","PC","O0197",4,"O0197","m",1,926,30
"3548","PC_O0197_30_Yellow.xlsx","quantifiers","数量をあらわすことば","PC","O0197",6,"O0197","m",1,926,30
"3549","PC_O0197_30_Yellow.xlsx","connecting_words","接続語","PC","O0197",0,"O0197","m",1,926,30
"3550","PC_O0197_30_Yellow.xlsx","sounds2","幼児語（その２）","PC","O0197",16,"O0197","m",1,926,30
"3551","PC_O0197_30_Yellow.xlsx","conversations","会話語","PC","O0197",6,"O0197","m",1,926,30
"3552","PC_O0197_30_Yellow.xlsx","others","その他","PC","O0197",7,"O0197","m",1,926,30
"3553","PC_O0208_17_Yellow.xlsx","sounds","幼児語","PC","O0208",0,"O0208","m",1,533,17
"3554","PC_O0208_17_Yellow.xlsx","animals","動物の名前","PC","O0208",0,"O0208","m",1,533,17
"3555","PC_O0208_17_Yellow.xlsx","vehicles","乗り物","PC","O0208",0,"O0208","m",1,533,17
"3556","PC_O0208_17_Yellow.xlsx","toys","おもちゃ","PC","O0208",0,"O0208","m",1,533,17
"3557","PC_O0208_17_Yellow.xlsx","food_drink","食べ物と飲み物","PC","O0208",0,"O0208","m",1,533,17
"3558","PC_O0208_17_Yellow.xlsx","clothing","衣類","PC","O0208",0,"O0208","m",1,533,17
"3559","PC_O0208_17_Yellow.xlsx","body_parts","体の部分","PC","O0208",0,"O0208","m",1,533,17
"3560","PC_O0208_17_Yellow.xlsx","furniture_rooms","家具と部屋","PC","O0208",0,"O0208","m",1,533,17
"3561","PC_O0208_17_Yellow.xlsx","household","小さな家庭用品","PC","O0208",0,"O0208","m",1,533,17
"3562","PC_O0208_17_Yellow.xlsx","outside","戸外のもの","PC","O0208",0,"O0208","m",1,533,17
"3563","PC_O0208_17_Yellow.xlsx","places","おでかけ","PC","O0208",0,"O0208","m",1,533,17
"3564","PC_O0208_17_Yellow.xlsx","people","人々","PC","O0208",1,"O0208","m",1,533,17
"3565","PC_O0208_17_Yellow.xlsx","games_routines","日課とあいさつ","PC","O0208",1,"O0208","m",1,533,17
"3566","PC_O0208_17_Yellow.xlsx","action_words","動作語","PC","O0208",0,"O0208","m",1,533,17
"3567","PC_O0208_17_Yellow.xlsx","time_words","時間についてのことば","PC","O0208",0,"O0208","m",1,533,17
"3568","PC_O0208_17_Yellow.xlsx","descriptive_words","ようす・性質","PC","O0208",1,"O0208","m",1,533,17
"3569","PC_O0208_17_Yellow.xlsx","pronouns","代名詞","PC","O0208",0,"O0208","m",1,533,17
"3570","PC_O0208_17_Yellow.xlsx","question_words","質問のことば","PC","O0208",0,"O0208","m",1,533,17
"3571","PC_O0208_17_Yellow.xlsx","locations","位置と場所についてのことば","PC","O0208",0,"O0208","m",1,533,17
"3572","PC_O0208_17_Yellow.xlsx","quantifiers","数量をあらわすことば","PC","O0208",0,"O0208","m",1,533,17
"3573","PC_O0208_17_Yellow.xlsx","connecting_words","接続語","PC","O0208",0,"O0208","m",1,533,17
"3574","PC_O0208_17_Yellow.xlsx","sounds2","幼児語（その２）","PC","O0208",1,"O0208","m",1,533,17
"3575","PC_O0208_17_Yellow.xlsx","conversations","会話語","PC","O0208",0,"O0208","m",1,533,17
"3576","PC_O0208_17_Yellow.xlsx","others","その他","PC","O0208",0,"O0208","m",1,533,17
"3577","PC_O0208_23_Yellow.xlsx","sounds","幼児語","PC","O0208",3,"O0208","m",1,726,23
"3578","PC_O0208_23_Yellow.xlsx","animals","動物の名前","PC","O0208",0,"O0208","m",1,726,23
"3579","PC_O0208_23_Yellow.xlsx","vehicles","乗り物","PC","O0208",0,"O0208","m",1,726,23
"3580","PC_O0208_23_Yellow.xlsx","toys","おもちゃ","PC","O0208",0,"O0208","m",1,726,23
"3581","PC_O0208_23_Yellow.xlsx","food_drink","食べ物と飲み物","PC","O0208",1,"O0208","m",1,726,23
"3582","PC_O0208_23_Yellow.xlsx","clothing","衣類","PC","O0208",0,"O0208","m",1,726,23
"3583","PC_O0208_23_Yellow.xlsx","body_parts","体の部分","PC","O0208",0,"O0208","m",1,726,23
"3584","PC_O0208_23_Yellow.xlsx","furniture_rooms","家具と部屋","PC","O0208",0,"O0208","m",1,726,23
"3585","PC_O0208_23_Yellow.xlsx","household","小さな家庭用品","PC","O0208",0,"O0208","m",1,726,23
"3586","PC_O0208_23_Yellow.xlsx","outside","戸外のもの","PC","O0208",0,"O0208","m",1,726,23
"3587","PC_O0208_23_Yellow.xlsx","places","おでかけ","PC","O0208",0,"O0208","m",1,726,23
"3588","PC_O0208_23_Yellow.xlsx","people","人々","PC","O0208",2,"O0208","m",1,726,23
"3589","PC_O0208_23_Yellow.xlsx","games_routines","日課とあいさつ","PC","O0208",1,"O0208","m",1,726,23
"3590","PC_O0208_23_Yellow.xlsx","action_words","動作語","PC","O0208",0,"O0208","m",1,726,23
"3591","PC_O0208_23_Yellow.xlsx","time_words","時間についてのことば","PC","O0208",0,"O0208","m",1,726,23
"3592","PC_O0208_23_Yellow.xlsx","descriptive_words","ようす・性質","PC","O0208",1,"O0208","m",1,726,23
"3593","PC_O0208_23_Yellow.xlsx","pronouns","代名詞","PC","O0208",0,"O0208","m",1,726,23
"3594","PC_O0208_23_Yellow.xlsx","question_words","質問のことば","PC","O0208",0,"O0208","m",1,726,23
"3595","PC_O0208_23_Yellow.xlsx","locations","位置と場所についてのことば","PC","O0208",0,"O0208","m",1,726,23
"3596","PC_O0208_23_Yellow.xlsx","quantifiers","数量をあらわすことば","PC","O0208",0,"O0208","m",1,726,23
"3597","PC_O0208_23_Yellow.xlsx","connecting_words","接続語","PC","O0208",0,"O0208","m",1,726,23
"3598","PC_O0208_23_Yellow.xlsx","sounds2","幼児語（その２）","PC","O0208",7,"O0208","m",1,726,23
"3599","PC_O0208_23_Yellow.xlsx","conversations","会話語","PC","O0208",0,"O0208","m",1,726,23
"3600","PC_O0208_23_Yellow.xlsx","others","その他","PC","O0208",0,"O0208","m",1,726,23
"3601","PC_O0212_18_Yellow.xlsx","sounds","幼児語","PC","O0212",11,"O0212","f",1,573,18
"3602","PC_O0212_18_Yellow.xlsx","animals","動物の名前","PC","O0212",12,"O0212","f",1,573,18
"3603","PC_O0212_18_Yellow.xlsx","vehicles","乗り物","PC","O0212",1,"O0212","f",1,573,18
"3604","PC_O0212_18_Yellow.xlsx","toys","おもちゃ","PC","O0212",1,"O0212","f",1,573,18
"3605","PC_O0212_18_Yellow.xlsx","food_drink","食べ物と飲み物","PC","O0212",9,"O0212","f",1,573,18
"3606","PC_O0212_18_Yellow.xlsx","clothing","衣類","PC","O0212",0,"O0212","f",1,573,18
"3607","PC_O0212_18_Yellow.xlsx","body_parts","体の部分","PC","O0212",1,"O0212","f",1,573,18
"3608","PC_O0212_18_Yellow.xlsx","furniture_rooms","家具と部屋","PC","O0212",2,"O0212","f",1,573,18
"3609","PC_O0212_18_Yellow.xlsx","household","小さな家庭用品","PC","O0212",0,"O0212","f",1,573,18
"3610","PC_O0212_18_Yellow.xlsx","outside","戸外のもの","PC","O0212",2,"O0212","f",1,573,18
"3611","PC_O0212_18_Yellow.xlsx","places","おでかけ","PC","O0212",0,"O0212","f",1,573,18
"3612","PC_O0212_18_Yellow.xlsx","people","人々","PC","O0212",4,"O0212","f",1,573,18
"3613","PC_O0212_18_Yellow.xlsx","games_routines","日課とあいさつ","PC","O0212",9,"O0212","f",1,573,18
"3614","PC_O0212_18_Yellow.xlsx","action_words","動作語","PC","O0212",0,"O0212","f",1,573,18
"3615","PC_O0212_18_Yellow.xlsx","time_words","時間についてのことば","PC","O0212",0,"O0212","f",1,573,18
"3616","PC_O0212_18_Yellow.xlsx","descriptive_words","ようす・性質","PC","O0212",8,"O0212","f",1,573,18
"3617","PC_O0212_18_Yellow.xlsx","pronouns","代名詞","PC","O0212",2,"O0212","f",1,573,18
"3618","PC_O0212_18_Yellow.xlsx","question_words","質問のことば","PC","O0212",1,"O0212","f",1,573,18
"3619","PC_O0212_18_Yellow.xlsx","locations","位置と場所についてのことば","PC","O0212",0,"O0212","f",1,573,18
"3620","PC_O0212_18_Yellow.xlsx","quantifiers","数量をあらわすことば","PC","O0212",2,"O0212","f",1,573,18
"3621","PC_O0212_18_Yellow.xlsx","connecting_words","接続語","PC","O0212",0,"O0212","f",1,573,18
"3622","PC_O0212_18_Yellow.xlsx","sounds2","幼児語（その２）","PC","O0212",10,"O0212","f",1,573,18
"3623","PC_O0212_18_Yellow.xlsx","conversations","会話語","PC","O0212",5,"O0212","f",1,573,18
"3624","PC_O0212_18_Yellow.xlsx","others","その他","PC","O0212",2,"O0212","f",1,573,18
"3625","PC_O0212_24_Yellow.xlsx","sounds","幼児語","PC","O0212",12,"O0212","f",1,758,24
"3626","PC_O0212_24_Yellow.xlsx","animals","動物の名前","PC","O0212",43,"O0212","f",1,758,24
"3627","PC_O0212_24_Yellow.xlsx","vehicles","乗り物","PC","O0212",11,"O0212","f",1,758,24
"3628","PC_O0212_24_Yellow.xlsx","toys","おもちゃ","PC","O0212",14,"O0212","f",1,758,24
"3629","PC_O0212_24_Yellow.xlsx","food_drink","食べ物と飲み物","PC","O0212",50,"O0212","f",1,758,24
"3630","PC_O0212_24_Yellow.xlsx","clothing","衣類","PC","O0212",10,"O0212","f",1,758,24
"3631","PC_O0212_24_Yellow.xlsx","body_parts","体の部分","PC","O0212",22,"O0212","f",1,758,24
"3632","PC_O0212_24_Yellow.xlsx","furniture_rooms","家具と部屋","PC","O0212",9,"O0212","f",1,758,24
"3633","PC_O0212_24_Yellow.xlsx","household","小さな家庭用品","PC","O0212",18,"O0212","f",1,758,24
"3634","PC_O0212_24_Yellow.xlsx","outside","戸外のもの","PC","O0212",14,"O0212","f",1,758,24
"3635","PC_O0212_24_Yellow.xlsx","places","おでかけ","PC","O0212",3,"O0212","f",1,758,24
"3636","PC_O0212_24_Yellow.xlsx","people","人々","PC","O0212",13,"O0212","f",1,758,24
"3637","PC_O0212_24_Yellow.xlsx","games_routines","日課とあいさつ","PC","O0212",23,"O0212","f",1,758,24
"3638","PC_O0212_24_Yellow.xlsx","action_words","動作語","PC","O0212",35,"O0212","f",1,758,24
"3639","PC_O0212_24_Yellow.xlsx","time_words","時間についてのことば","PC","O0212",3,"O0212","f",1,758,24
"3640","PC_O0212_24_Yellow.xlsx","descriptive_words","ようす・性質","PC","O0212",30,"O0212","f",1,758,24
"3641","PC_O0212_24_Yellow.xlsx","pronouns","代名詞","PC","O0212",5,"O0212","f",1,758,24
"3642","PC_O0212_24_Yellow.xlsx","question_words","質問のことば","PC","O0212",4,"O0212","f",1,758,24
"3643","PC_O0212_24_Yellow.xlsx","locations","位置と場所についてのことば","PC","O0212",7,"O0212","f",1,758,24
"3644","PC_O0212_24_Yellow.xlsx","quantifiers","数量をあらわすことば","PC","O0212",13,"O0212","f",1,758,24
"3645","PC_O0212_24_Yellow.xlsx","connecting_words","接続語","PC","O0212",0,"O0212","f",1,758,24
"3646","PC_O0212_24_Yellow.xlsx","sounds2","幼児語（その２）","PC","O0212",17,"O0212","f",1,758,24
"3647","PC_O0212_24_Yellow.xlsx","conversations","会話語","PC","O0212",9,"O0212","f",1,758,24
"3648","PC_O0212_24_Yellow.xlsx","others","その他","PC","O0212",5,"O0212","f",1,758,24
"3649","PC_O0216_18_Yellow.xlsx","sounds","幼児語","PC","O0216",2,"O0216","m",1,570,18
"3650","PC_O0216_18_Yellow.xlsx","animals","動物の名前","PC","O0216",2,"O0216","m",1,570,18
"3651","PC_O0216_18_Yellow.xlsx","vehicles","乗り物","PC","O0216",4,"O0216","m",1,570,18
"3652","PC_O0216_18_Yellow.xlsx","toys","おもちゃ","PC","O0216",0,"O0216","m",1,570,18
"3653","PC_O0216_18_Yellow.xlsx","food_drink","食べ物と飲み物","PC","O0216",0,"O0216","m",1,570,18
"3654","PC_O0216_18_Yellow.xlsx","clothing","衣類","PC","O0216",0,"O0216","m",1,570,18
"3655","PC_O0216_18_Yellow.xlsx","body_parts","体の部分","PC","O0216",0,"O0216","m",1,570,18
"3656","PC_O0216_18_Yellow.xlsx","furniture_rooms","家具と部屋","PC","O0216",0,"O0216","m",1,570,18
"3657","PC_O0216_18_Yellow.xlsx","household","小さな家庭用品","PC","O0216",0,"O0216","m",1,570,18
"3658","PC_O0216_18_Yellow.xlsx","outside","戸外のもの","PC","O0216",0,"O0216","m",1,570,18
"3659","PC_O0216_18_Yellow.xlsx","places","おでかけ","PC","O0216",0,"O0216","m",1,570,18
"3660","PC_O0216_18_Yellow.xlsx","people","人々","PC","O0216",1,"O0216","m",1,570,18
"3661","PC_O0216_18_Yellow.xlsx","games_routines","日課とあいさつ","PC","O0216",3,"O0216","m",1,570,18
"3662","PC_O0216_18_Yellow.xlsx","action_words","動作語","PC","O0216",0,"O0216","m",1,570,18
"3663","PC_O0216_18_Yellow.xlsx","time_words","時間についてのことば","PC","O0216",0,"O0216","m",1,570,18
"3664","PC_O0216_18_Yellow.xlsx","descriptive_words","ようす・性質","PC","O0216",0,"O0216","m",1,570,18
"3665","PC_O0216_18_Yellow.xlsx","pronouns","代名詞","PC","O0216",1,"O0216","m",1,570,18
"3666","PC_O0216_18_Yellow.xlsx","question_words","質問のことば","PC","O0216",0,"O0216","m",1,570,18
"3667","PC_O0216_18_Yellow.xlsx","locations","位置と場所についてのことば","PC","O0216",0,"O0216","m",1,570,18
"3668","PC_O0216_18_Yellow.xlsx","quantifiers","数量をあらわすことば","PC","O0216",0,"O0216","m",1,570,18
"3669","PC_O0216_18_Yellow.xlsx","connecting_words","接続語","PC","O0216",0,"O0216","m",1,570,18
"3670","PC_O0216_18_Yellow.xlsx","sounds2","幼児語（その２）","PC","O0216",2,"O0216","m",1,570,18
"3671","PC_O0216_18_Yellow.xlsx","conversations","会話語","PC","O0216",1,"O0216","m",1,570,18
"3672","PC_O0216_18_Yellow.xlsx","others","その他","PC","O0216",2,"O0216","m",1,570,18
"3673","PC_O0234_17_Yellow.xlsx","sounds","幼児語","PC","O0234",0,"O0234","f",1,528,17
"3674","PC_O0234_17_Yellow.xlsx","animals","動物の名前","PC","O0234",0,"O0234","f",1,528,17
"3675","PC_O0234_17_Yellow.xlsx","vehicles","乗り物","PC","O0234",0,"O0234","f",1,528,17
"3676","PC_O0234_17_Yellow.xlsx","toys","おもちゃ","PC","O0234",0,"O0234","f",1,528,17
"3677","PC_O0234_17_Yellow.xlsx","food_drink","食べ物と飲み物","PC","O0234",0,"O0234","f",1,528,17
"3678","PC_O0234_17_Yellow.xlsx","clothing","衣類","PC","O0234",0,"O0234","f",1,528,17
"3679","PC_O0234_17_Yellow.xlsx","body_parts","体の部分","PC","O0234",0,"O0234","f",1,528,17
"3680","PC_O0234_17_Yellow.xlsx","furniture_rooms","家具と部屋","PC","O0234",0,"O0234","f",1,528,17
"3681","PC_O0234_17_Yellow.xlsx","household","小さな家庭用品","PC","O0234",0,"O0234","f",1,528,17
"3682","PC_O0234_17_Yellow.xlsx","outside","戸外のもの","PC","O0234",0,"O0234","f",1,528,17
"3683","PC_O0234_17_Yellow.xlsx","places","おでかけ","PC","O0234",0,"O0234","f",1,528,17
"3684","PC_O0234_17_Yellow.xlsx","people","人々","PC","O0234",0,"O0234","f",1,528,17
"3685","PC_O0234_17_Yellow.xlsx","games_routines","日課とあいさつ","PC","O0234",1,"O0234","f",1,528,17
"3686","PC_O0234_17_Yellow.xlsx","action_words","動作語","PC","O0234",1,"O0234","f",1,528,17
"3687","PC_O0234_17_Yellow.xlsx","time_words","時間についてのことば","PC","O0234",0,"O0234","f",1,528,17
"3688","PC_O0234_17_Yellow.xlsx","descriptive_words","ようす・性質","PC","O0234",0,"O0234","f",1,528,17
"3689","PC_O0234_17_Yellow.xlsx","pronouns","代名詞","PC","O0234",1,"O0234","f",1,528,17
"3690","PC_O0234_17_Yellow.xlsx","question_words","質問のことば","PC","O0234",0,"O0234","f",1,528,17
"3691","PC_O0234_17_Yellow.xlsx","locations","位置と場所についてのことば","PC","O0234",0,"O0234","f",1,528,17
"3692","PC_O0234_17_Yellow.xlsx","quantifiers","数量をあらわすことば","PC","O0234",0,"O0234","f",1,528,17
"3693","PC_O0234_17_Yellow.xlsx","connecting_words","接続語","PC","O0234",0,"O0234","f",1,528,17
"3694","PC_O0234_17_Yellow.xlsx","sounds2","幼児語（その２）","PC","O0234",0,"O0234","f",1,528,17
"3695","PC_O0234_17_Yellow.xlsx","conversations","会話語","PC","O0234",1,"O0234","f",1,528,17
"3696","PC_O0234_17_Yellow.xlsx","others","その他","PC","O0234",0,"O0234","f",1,528,17
"3697","PC_O0234_24_Yellow.xlsx","sounds","幼児語","PC","O0234",12,"O0234","f",1,731,24
"3698","PC_O0234_24_Yellow.xlsx","animals","動物の名前","PC","O0234",27,"O0234","f",1,731,24
"3699","PC_O0234_24_Yellow.xlsx","vehicles","乗り物","PC","O0234",5,"O0234","f",1,731,24
"3700","PC_O0234_24_Yellow.xlsx","toys","おもちゃ","PC","O0234",6,"O0234","f",1,731,24
"3701","PC_O0234_24_Yellow.xlsx","food_drink","食べ物と飲み物","PC","O0234",44,"O0234","f",1,731,24
"3702","PC_O0234_24_Yellow.xlsx","clothing","衣類","PC","O0234",5,"O0234","f",1,731,24
"3703","PC_O0234_24_Yellow.xlsx","body_parts","体の部分","PC","O0234",13,"O0234","f",1,731,24
"3704","PC_O0234_24_Yellow.xlsx","furniture_rooms","家具と部屋","PC","O0234",13,"O0234","f",1,731,24
"3705","PC_O0234_24_Yellow.xlsx","household","小さな家庭用品","PC","O0234",14,"O0234","f",1,731,24
"3706","PC_O0234_24_Yellow.xlsx","outside","戸外のもの","PC","O0234",8,"O0234","f",1,731,24
"3707","PC_O0234_24_Yellow.xlsx","places","おでかけ","PC","O0234",4,"O0234","f",1,731,24
"3708","PC_O0234_24_Yellow.xlsx","people","人々","PC","O0234",11,"O0234","f",1,731,24
"3709","PC_O0234_24_Yellow.xlsx","games_routines","日課とあいさつ","PC","O0234",24,"O0234","f",1,731,24
"3710","PC_O0234_24_Yellow.xlsx","action_words","動作語","PC","O0234",20,"O0234","f",1,731,24
"3711","PC_O0234_24_Yellow.xlsx","time_words","時間についてのことば","PC","O0234",0,"O0234","f",1,731,24
"3712","PC_O0234_24_Yellow.xlsx","descriptive_words","ようす・性質","PC","O0234",15,"O0234","f",1,731,24
"3713","PC_O0234_24_Yellow.xlsx","pronouns","代名詞","PC","O0234",5,"O0234","f",1,731,24
"3714","PC_O0234_24_Yellow.xlsx","question_words","質問のことば","PC","O0234",0,"O0234","f",1,731,24
"3715","PC_O0234_24_Yellow.xlsx","locations","位置と場所についてのことば","PC","O0234",0,"O0234","f",1,731,24
"3716","PC_O0234_24_Yellow.xlsx","quantifiers","数量をあらわすことば","PC","O0234",14,"O0234","f",1,731,24
"3717","PC_O0234_24_Yellow.xlsx","connecting_words","接続語","PC","O0234",0,"O0234","f",1,731,24
"3718","PC_O0234_24_Yellow.xlsx","sounds2","幼児語（その２）","PC","O0234",17,"O0234","f",1,731,24
"3719","PC_O0234_24_Yellow.xlsx","conversations","会話語","PC","O0234",5,"O0234","f",1,731,24
"3720","PC_O0234_24_Yellow.xlsx","others","その他","PC","O0234",3,"O0234","f",1,731,24
"3721","PC_O0256_25_Yellow.xlsx","sounds","幼児語","PC","O0256",12,"O0256","m",1,768,25
"3722","PC_O0256_25_Yellow.xlsx","animals","動物の名前","PC","O0256",43,"O0256","m",1,768,25
"3723","PC_O0256_25_Yellow.xlsx","vehicles","乗り物","PC","O0256",13,"O0256","m",1,768,25
"3724","PC_O0256_25_Yellow.xlsx","toys","おもちゃ","PC","O0256",14,"O0256","m",1,768,25
"3725","PC_O0256_25_Yellow.xlsx","food_drink","食べ物と飲み物","PC","O0256",62,"O0256","m",1,768,25
"3726","PC_O0256_25_Yellow.xlsx","clothing","衣類","PC","O0256",22,"O0256","m",1,768,25
"3727","PC_O0256_25_Yellow.xlsx","body_parts","体の部分","PC","O0256",27,"O0256","m",1,768,25
"3728","PC_O0256_25_Yellow.xlsx","furniture_rooms","家具と部屋","PC","O0256",30,"O0256","m",1,768,25
"3729","PC_O0256_25_Yellow.xlsx","household","小さな家庭用品","PC","O0256",49,"O0256","m",1,768,25
"3730","PC_O0256_25_Yellow.xlsx","outside","戸外のもの","PC","O0256",29,"O0256","m",1,768,25
"3731","PC_O0256_25_Yellow.xlsx","places","おでかけ","PC","O0256",15,"O0256","m",1,768,25
"3732","PC_O0256_25_Yellow.xlsx","people","人々","PC","O0256",24,"O0256","m",1,768,25
"3733","PC_O0256_25_Yellow.xlsx","games_routines","日課とあいさつ","PC","O0256",25,"O0256","m",1,768,25
"3734","PC_O0256_25_Yellow.xlsx","action_words","動作語","PC","O0256",100,"O0256","m",1,768,25
"3735","PC_O0256_25_Yellow.xlsx","time_words","時間についてのことば","PC","O0256",12,"O0256","m",1,768,25
"3736","PC_O0256_25_Yellow.xlsx","descriptive_words","ようす・性質","PC","O0256",55,"O0256","m",1,768,25
"3737","PC_O0256_25_Yellow.xlsx","pronouns","代名詞","PC","O0256",16,"O0256","m",1,768,25
"3738","PC_O0256_25_Yellow.xlsx","question_words","質問のことば","PC","O0256",2,"O0256","m",1,768,25
"3739","PC_O0256_25_Yellow.xlsx","locations","位置と場所についてのことば","PC","O0256",20,"O0256","m",1,768,25
"3740","PC_O0256_25_Yellow.xlsx","quantifiers","数量をあらわすことば","PC","O0256",17,"O0256","m",1,768,25
"3741","PC_O0256_25_Yellow.xlsx","connecting_words","接続語","PC","O0256",2,"O0256","m",1,768,25
"3742","PC_O0256_25_Yellow.xlsx","sounds2","幼児語（その２）","PC","O0256",29,"O0256","m",1,768,25
"3743","PC_O0256_25_Yellow.xlsx","conversations","会話語","PC","O0256",14,"O0256","m",1,768,25
"3744","PC_O0256_25_Yellow.xlsx","others","その他","PC","O0256",8,"O0256","m",1,768,25
"3745","PC_O0256_31_Yellow.xlsx","sounds","幼児語","PC","O0256",12,"O0256","m",1,967,31
"3746","PC_O0256_31_Yellow.xlsx","animals","動物の名前","PC","O0256",43,"O0256","m",1,967,31
"3747","PC_O0256_31_Yellow.xlsx","vehicles","乗り物","PC","O0256",14,"O0256","m",1,967,31
"3748","PC_O0256_31_Yellow.xlsx","toys","おもちゃ","PC","O0256",18,"O0256","m",1,967,31
"3749","PC_O0256_31_Yellow.xlsx","food_drink","食べ物と飲み物","PC","O0256",66,"O0256","m",1,967,31
"3750","PC_O0256_31_Yellow.xlsx","clothing","衣類","PC","O0256",24,"O0256","m",1,967,31
"3751","PC_O0256_31_Yellow.xlsx","body_parts","体の部分","PC","O0256",27,"O0256","m",1,967,31
"3752","PC_O0256_31_Yellow.xlsx","furniture_rooms","家具と部屋","PC","O0256",30,"O0256","m",1,967,31
"3753","PC_O0256_31_Yellow.xlsx","household","小さな家庭用品","PC","O0256",50,"O0256","m",1,967,31
"3754","PC_O0256_31_Yellow.xlsx","outside","戸外のもの","PC","O0256",31,"O0256","m",1,967,31
"3755","PC_O0256_31_Yellow.xlsx","places","おでかけ","PC","O0256",18,"O0256","m",1,967,31
"3756","PC_O0256_31_Yellow.xlsx","people","人々","PC","O0256",26,"O0256","m",1,967,31
"3757","PC_O0256_31_Yellow.xlsx","games_routines","日課とあいさつ","PC","O0256",25,"O0256","m",1,967,31
"3758","PC_O0256_31_Yellow.xlsx","action_words","動作語","PC","O0256",103,"O0256","m",1,967,31
"3759","PC_O0256_31_Yellow.xlsx","time_words","時間についてのことば","PC","O0256",12,"O0256","m",1,967,31
"3760","PC_O0256_31_Yellow.xlsx","descriptive_words","ようす・性質","PC","O0256",63,"O0256","m",1,967,31
"3761","PC_O0256_31_Yellow.xlsx","pronouns","代名詞","PC","O0256",19,"O0256","m",1,967,31
"3762","PC_O0256_31_Yellow.xlsx","question_words","質問のことば","PC","O0256",9,"O0256","m",1,967,31
"3763","PC_O0256_31_Yellow.xlsx","locations","位置と場所についてのことば","PC","O0256",25,"O0256","m",1,967,31
"3764","PC_O0256_31_Yellow.xlsx","quantifiers","数量をあらわすことば","PC","O0256",17,"O0256","m",1,967,31
"3765","PC_O0256_31_Yellow.xlsx","connecting_words","接続語","PC","O0256",3,"O0256","m",1,967,31
"3766","PC_O0256_31_Yellow.xlsx","sounds2","幼児語（その２）","PC","O0256",29,"O0256","m",1,967,31
"3767","PC_O0256_31_Yellow.xlsx","conversations","会話語","PC","O0256",14,"O0256","m",1,967,31
"3768","PC_O0256_31_Yellow.xlsx","others","その他","PC","O0256",9,"O0256","m",1,967,31
"3769","PC_O0262_16_Yellow.xlsx","sounds","幼児語","PC","O0262",0,"O0262","m",1,512,16
"3770","PC_O0262_16_Yellow.xlsx","animals","動物の名前","PC","O0262",0,"O0262","m",1,512,16
"3771","PC_O0262_16_Yellow.xlsx","vehicles","乗り物","PC","O0262",0,"O0262","m",1,512,16
"3772","PC_O0262_16_Yellow.xlsx","toys","おもちゃ","PC","O0262",0,"O0262","m",1,512,16
"3773","PC_O0262_16_Yellow.xlsx","food_drink","食べ物と飲み物","PC","O0262",0,"O0262","m",1,512,16
"3774","PC_O0262_16_Yellow.xlsx","clothing","衣類","PC","O0262",0,"O0262","m",1,512,16
"3775","PC_O0262_16_Yellow.xlsx","body_parts","体の部分","PC","O0262",0,"O0262","m",1,512,16
"3776","PC_O0262_16_Yellow.xlsx","furniture_rooms","家具と部屋","PC","O0262",0,"O0262","m",1,512,16
"3777","PC_O0262_16_Yellow.xlsx","household","小さな家庭用品","PC","O0262",0,"O0262","m",1,512,16
"3778","PC_O0262_16_Yellow.xlsx","outside","戸外のもの","PC","O0262",0,"O0262","m",1,512,16
"3779","PC_O0262_16_Yellow.xlsx","places","おでかけ","PC","O0262",0,"O0262","m",1,512,16
"3780","PC_O0262_16_Yellow.xlsx","people","人々","PC","O0262",0,"O0262","m",1,512,16
"3781","PC_O0262_16_Yellow.xlsx","games_routines","日課とあいさつ","PC","O0262",0,"O0262","m",1,512,16
"3782","PC_O0262_16_Yellow.xlsx","action_words","動作語","PC","O0262",0,"O0262","m",1,512,16
"3783","PC_O0262_16_Yellow.xlsx","time_words","時間についてのことば","PC","O0262",0,"O0262","m",1,512,16
"3784","PC_O0262_16_Yellow.xlsx","descriptive_words","ようす・性質","PC","O0262",0,"O0262","m",1,512,16
"3785","PC_O0262_16_Yellow.xlsx","pronouns","代名詞","PC","O0262",0,"O0262","m",1,512,16
"3786","PC_O0262_16_Yellow.xlsx","question_words","質問のことば","PC","O0262",0,"O0262","m",1,512,16
"3787","PC_O0262_16_Yellow.xlsx","locations","位置と場所についてのことば","PC","O0262",0,"O0262","m",1,512,16
"3788","PC_O0262_16_Yellow.xlsx","quantifiers","数量をあらわすことば","PC","O0262",0,"O0262","m",1,512,16
"3789","PC_O0262_16_Yellow.xlsx","connecting_words","接続語","PC","O0262",0,"O0262","m",1,512,16
"3790","PC_O0262_16_Yellow.xlsx","sounds2","幼児語（その２）","PC","O0262",0,"O0262","m",1,512,16
"3791","PC_O0262_16_Yellow.xlsx","conversations","会話語","PC","O0262",0,"O0262","m",1,512,16
"3792","PC_O0262_16_Yellow.xlsx","others","その他","PC","O0262",0,"O0262","m",1,512,16
"3793","PC_O0262_22_Yellow.xlsx","sounds","幼児語","PC","O0262",3,"O0262","m",1,699,22
"3794","PC_O0262_22_Yellow.xlsx","animals","動物の名前","PC","O0262",1,"O0262","m",1,699,22
"3795","PC_O0262_22_Yellow.xlsx","vehicles","乗り物","PC","O0262",1,"O0262","m",1,699,22
"3796","PC_O0262_22_Yellow.xlsx","toys","おもちゃ","PC","O0262",0,"O0262","m",1,699,22
"3797","PC_O0262_22_Yellow.xlsx","food_drink","食べ物と飲み物","PC","O0262",9,"O0262","m",1,699,22
"3798","PC_O0262_22_Yellow.xlsx","clothing","衣類","PC","O0262",0,"O0262","m",1,699,22
"3799","PC_O0262_22_Yellow.xlsx","body_parts","体の部分","PC","O0262",0,"O0262","m",1,699,22
"3800","PC_O0262_22_Yellow.xlsx","furniture_rooms","家具と部屋","PC","O0262",0,"O0262","m",1,699,22
"3801","PC_O0262_22_Yellow.xlsx","household","小さな家庭用品","PC","O0262",0,"O0262","m",1,699,22
"3802","PC_O0262_22_Yellow.xlsx","outside","戸外のもの","PC","O0262",1,"O0262","m",1,699,22
"3803","PC_O0262_22_Yellow.xlsx","places","おでかけ","PC","O0262",0,"O0262","m",1,699,22
"3804","PC_O0262_22_Yellow.xlsx","people","人々","PC","O0262",3,"O0262","m",1,699,22
"3805","PC_O0262_22_Yellow.xlsx","games_routines","日課とあいさつ","PC","O0262",0,"O0262","m",1,699,22
"3806","PC_O0262_22_Yellow.xlsx","action_words","動作語","PC","O0262",3,"O0262","m",1,699,22
"3807","PC_O0262_22_Yellow.xlsx","time_words","時間についてのことば","PC","O0262",0,"O0262","m",1,699,22
"3808","PC_O0262_22_Yellow.xlsx","descriptive_words","ようす・性質","PC","O0262",0,"O0262","m",1,699,22
"3809","PC_O0262_22_Yellow.xlsx","pronouns","代名詞","PC","O0262",2,"O0262","m",1,699,22
"3810","PC_O0262_22_Yellow.xlsx","question_words","質問のことば","PC","O0262",0,"O0262","m",1,699,22
"3811","PC_O0262_22_Yellow.xlsx","locations","位置と場所についてのことば","PC","O0262",0,"O0262","m",1,699,22
"3812","PC_O0262_22_Yellow.xlsx","quantifiers","数量をあらわすことば","PC","O0262",2,"O0262","m",1,699,22
"3813","PC_O0262_22_Yellow.xlsx","connecting_words","接続語","PC","O0262",0,"O0262","m",1,699,22
"3814","PC_O0262_22_Yellow.xlsx","sounds2","幼児語（その２）","PC","O0262",7,"O0262","m",1,699,22
"3815","PC_O0262_22_Yellow.xlsx","conversations","会話語","PC","O0262",0,"O0262","m",1,699,22
"3816","PC_O0262_22_Yellow.xlsx","others","その他","PC","O0262",0,"O0262","m",1,699,22
"3817","PC_O0264_25_Yellow.xlsx","sounds","幼児語","PC","O0264",12,"O0264","f",1,776,25
"3818","PC_O0264_25_Yellow.xlsx","animals","動物の名前","PC","O0264",15,"O0264","f",1,776,25
"3819","PC_O0264_25_Yellow.xlsx","vehicles","乗り物","PC","O0264",3,"O0264","f",1,776,25
"3820","PC_O0264_25_Yellow.xlsx","toys","おもちゃ","PC","O0264",11,"O0264","f",1,776,25
"3821","PC_O0264_25_Yellow.xlsx","food_drink","食べ物と飲み物","PC","O0264",36,"O0264","f",1,776,25
"3822","PC_O0264_25_Yellow.xlsx","clothing","衣類","PC","O0264",7,"O0264","f",1,776,25
"3823","PC_O0264_25_Yellow.xlsx","body_parts","体の部分","PC","O0264",18,"O0264","f",1,776,25
"3824","PC_O0264_25_Yellow.xlsx","furniture_rooms","家具と部屋","PC","O0264",21,"O0264","f",1,776,25
"3825","PC_O0264_25_Yellow.xlsx","household","小さな家庭用品","PC","O0264",35,"O0264","f",1,776,25
"3826","PC_O0264_25_Yellow.xlsx","outside","戸外のもの","PC","O0264",19,"O0264","f",1,776,25
"3827","PC_O0264_25_Yellow.xlsx","places","おでかけ","PC","O0264",11,"O0264","f",1,776,25
"3828","PC_O0264_25_Yellow.xlsx","people","人々","PC","O0264",12,"O0264","f",1,776,25
"3829","PC_O0264_25_Yellow.xlsx","games_routines","日課とあいさつ","PC","O0264",25,"O0264","f",1,776,25
"3830","PC_O0264_25_Yellow.xlsx","action_words","動作語","PC","O0264",17,"O0264","f",1,776,25
"3831","PC_O0264_25_Yellow.xlsx","time_words","時間についてのことば","PC","O0264",0,"O0264","f",1,776,25
"3832","PC_O0264_25_Yellow.xlsx","descriptive_words","ようす・性質","PC","O0264",25,"O0264","f",1,776,25
"3833","PC_O0264_25_Yellow.xlsx","pronouns","代名詞","PC","O0264",4,"O0264","f",1,776,25
"3834","PC_O0264_25_Yellow.xlsx","question_words","質問のことば","PC","O0264",2,"O0264","f",1,776,25
"3835","PC_O0264_25_Yellow.xlsx","locations","位置と場所についてのことば","PC","O0264",0,"O0264","f",1,776,25
"3836","PC_O0264_25_Yellow.xlsx","quantifiers","数量をあらわすことば","PC","O0264",10,"O0264","f",1,776,25
"3837","PC_O0264_25_Yellow.xlsx","connecting_words","接続語","PC","O0264",0,"O0264","f",1,776,25
"3838","PC_O0264_25_Yellow.xlsx","sounds2","幼児語（その２）","PC","O0264",28,"O0264","f",1,776,25
"3839","PC_O0264_25_Yellow.xlsx","conversations","会話語","PC","O0264",9,"O0264","f",1,776,25
"3840","PC_O0264_25_Yellow.xlsx","others","その他","PC","O0264",5,"O0264","f",1,776,25
"3841","PC_O0264_31_Yellow.xlsx","sounds","幼児語","PC","O0264",12,"O0264","f",1,960,31
"3842","PC_O0264_31_Yellow.xlsx","animals","動物の名前","PC","O0264",42,"O0264","f",1,960,31
"3843","PC_O0264_31_Yellow.xlsx","vehicles","乗り物","PC","O0264",12,"O0264","f",1,960,31
"3844","PC_O0264_31_Yellow.xlsx","toys","おもちゃ","PC","O0264",18,"O0264","f",1,960,31
"3845","PC_O0264_31_Yellow.xlsx","food_drink","食べ物と飲み物","PC","O0264",64,"O0264","f",1,960,31
"3846","PC_O0264_31_Yellow.xlsx","clothing","衣類","PC","O0264",21,"O0264","f",1,960,31
"3847","PC_O0264_31_Yellow.xlsx","body_parts","体の部分","PC","O0264",24,"O0264","f",1,960,31
"3848","PC_O0264_31_Yellow.xlsx","furniture_rooms","家具と部屋","PC","O0264",22,"O0264","f",1,960,31
"3849","PC_O0264_31_Yellow.xlsx","household","小さな家庭用品","PC","O0264",47,"O0264","f",1,960,31
"3850","PC_O0264_31_Yellow.xlsx","outside","戸外のもの","PC","O0264",26,"O0264","f",1,960,31
"3851","PC_O0264_31_Yellow.xlsx","places","おでかけ","PC","O0264",12,"O0264","f",1,960,31
"3852","PC_O0264_31_Yellow.xlsx","people","人々","PC","O0264",19,"O0264","f",1,960,31
"3853","PC_O0264_31_Yellow.xlsx","games_routines","日課とあいさつ","PC","O0264",25,"O0264","f",1,960,31
"3854","PC_O0264_31_Yellow.xlsx","action_words","動作語","PC","O0264",102,"O0264","f",1,960,31
"3855","PC_O0264_31_Yellow.xlsx","time_words","時間についてのことば","PC","O0264",12,"O0264","f",1,960,31
"3856","PC_O0264_31_Yellow.xlsx","descriptive_words","ようす・性質","PC","O0264",63,"O0264","f",1,960,31
"3857","PC_O0264_31_Yellow.xlsx","pronouns","代名詞","PC","O0264",16,"O0264","f",1,960,31
"3858","PC_O0264_31_Yellow.xlsx","question_words","質問のことば","PC","O0264",10,"O0264","f",1,960,31
"3859","PC_O0264_31_Yellow.xlsx","locations","位置と場所についてのことば","PC","O0264",17,"O0264","f",1,960,31
"3860","PC_O0264_31_Yellow.xlsx","quantifiers","数量をあらわすことば","PC","O0264",17,"O0264","f",1,960,31
"3861","PC_O0264_31_Yellow.xlsx","connecting_words","接続語","PC","O0264",2,"O0264","f",1,960,31
"3862","PC_O0264_31_Yellow.xlsx","sounds2","幼児語（その２）","PC","O0264",29,"O0264","f",1,960,31
"3863","PC_O0264_31_Yellow.xlsx","conversations","会話語","PC","O0264",13,"O0264","f",1,960,31
"3864","PC_O0264_31_Yellow.xlsx","others","その他","PC","O0264",9,"O0264","f",1,960,31
"3865","PC_O0272_16_Yellow.xlsx","sounds","幼児語","PC","O0272",8,"O0272","m",1,491,16
"3866","PC_O0272_16_Yellow.xlsx","animals","動物の名前","PC","O0272",5,"O0272","m",1,491,16
"3867","PC_O0272_16_Yellow.xlsx","vehicles","乗り物","PC","O0272",8,"O0272","m",1,491,16
"3868","PC_O0272_16_Yellow.xlsx","toys","おもちゃ","PC","O0272",1,"O0272","m",1,491,16
"3869","PC_O0272_16_Yellow.xlsx","food_drink","食べ物と飲み物","PC","O0272",3,"O0272","m",1,491,16
"3870","PC_O0272_16_Yellow.xlsx","clothing","衣類","PC","O0272",1,"O0272","m",1,491,16
"3871","PC_O0272_16_Yellow.xlsx","body_parts","体の部分","PC","O0272",0,"O0272","m",1,491,16
"3872","PC_O0272_16_Yellow.xlsx","furniture_rooms","家具と部屋","PC","O0272",0,"O0272","m",1,491,16
"3873","PC_O0272_16_Yellow.xlsx","household","小さな家庭用品","PC","O0272",0,"O0272","m",1,491,16
"3874","PC_O0272_16_Yellow.xlsx","outside","戸外のもの","PC","O0272",0,"O0272","m",1,491,16
"3875","PC_O0272_16_Yellow.xlsx","places","おでかけ","PC","O0272",0,"O0272","m",1,491,16
"3876","PC_O0272_16_Yellow.xlsx","people","人々","PC","O0272",3,"O0272","m",1,491,16
"3877","PC_O0272_16_Yellow.xlsx","games_routines","日課とあいさつ","PC","O0272",1,"O0272","m",1,491,16
"3878","PC_O0272_16_Yellow.xlsx","action_words","動作語","PC","O0272",3,"O0272","m",1,491,16
"3879","PC_O0272_16_Yellow.xlsx","time_words","時間についてのことば","PC","O0272",0,"O0272","m",1,491,16
"3880","PC_O0272_16_Yellow.xlsx","descriptive_words","ようす・性質","PC","O0272",2,"O0272","m",1,491,16
"3881","PC_O0272_16_Yellow.xlsx","pronouns","代名詞","PC","O0272",0,"O0272","m",1,491,16
"3882","PC_O0272_16_Yellow.xlsx","question_words","質問のことば","PC","O0272",0,"O0272","m",1,491,16
"3883","PC_O0272_16_Yellow.xlsx","locations","位置と場所についてのことば","PC","O0272",0,"O0272","m",1,491,16
"3884","PC_O0272_16_Yellow.xlsx","quantifiers","数量をあらわすことば","PC","O0272",0,"O0272","m",1,491,16
"3885","PC_O0272_16_Yellow.xlsx","connecting_words","接続語","PC","O0272",0,"O0272","m",1,491,16
"3886","PC_O0272_16_Yellow.xlsx","sounds2","幼児語（その２）","PC","O0272",4,"O0272","m",1,491,16
"3887","PC_O0272_16_Yellow.xlsx","conversations","会話語","PC","O0272",0,"O0272","m",1,491,16
"3888","PC_O0272_16_Yellow.xlsx","others","その他","PC","O0272",1,"O0272","m",1,491,16
"3889","PC_O0272_23_Yellow.xlsx","sounds","幼児語","PC","O0272",12,"O0272","m",1,699,23
"3890","PC_O0272_23_Yellow.xlsx","animals","動物の名前","PC","O0272",38,"O0272","m",1,699,23
"3891","PC_O0272_23_Yellow.xlsx","vehicles","乗り物","PC","O0272",14,"O0272","m",1,699,23
"3892","PC_O0272_23_Yellow.xlsx","toys","おもちゃ","PC","O0272",11,"O0272","m",1,699,23
"3893","PC_O0272_23_Yellow.xlsx","food_drink","食べ物と飲み物","PC","O0272",51,"O0272","m",1,699,23
"3894","PC_O0272_23_Yellow.xlsx","clothing","衣類","PC","O0272",17,"O0272","m",1,699,23
"3895","PC_O0272_23_Yellow.xlsx","body_parts","体の部分","PC","O0272",25,"O0272","m",1,699,23
"3896","PC_O0272_23_Yellow.xlsx","furniture_rooms","家具と部屋","PC","O0272",21,"O0272","m",1,699,23
"3897","PC_O0272_23_Yellow.xlsx","household","小さな家庭用品","PC","O0272",34,"O0272","m",1,699,23
"3898","PC_O0272_23_Yellow.xlsx","outside","戸外のもの","PC","O0272",15,"O0272","m",1,699,23
"3899","PC_O0272_23_Yellow.xlsx","places","おでかけ","PC","O0272",10,"O0272","m",1,699,23
"3900","PC_O0272_23_Yellow.xlsx","people","人々","PC","O0272",19,"O0272","m",1,699,23
"3901","PC_O0272_23_Yellow.xlsx","games_routines","日課とあいさつ","PC","O0272",23,"O0272","m",1,699,23
"3902","PC_O0272_23_Yellow.xlsx","action_words","動作語","PC","O0272",85,"O0272","m",1,699,23
"3903","PC_O0272_23_Yellow.xlsx","time_words","時間についてのことば","PC","O0272",9,"O0272","m",1,699,23
"3904","PC_O0272_23_Yellow.xlsx","descriptive_words","ようす・性質","PC","O0272",39,"O0272","m",1,699,23
"3905","PC_O0272_23_Yellow.xlsx","pronouns","代名詞","PC","O0272",12,"O0272","m",1,699,23
"3906","PC_O0272_23_Yellow.xlsx","question_words","質問のことば","PC","O0272",7,"O0272","m",1,699,23
"3907","PC_O0272_23_Yellow.xlsx","locations","位置と場所についてのことば","PC","O0272",15,"O0272","m",1,699,23
"3908","PC_O0272_23_Yellow.xlsx","quantifiers","数量をあらわすことば","PC","O0272",13,"O0272","m",1,699,23
"3909","PC_O0272_23_Yellow.xlsx","connecting_words","接続語","PC","O0272",2,"O0272","m",1,699,23
"3910","PC_O0272_23_Yellow.xlsx","sounds2","幼児語（その２）","PC","O0272",24,"O0272","m",1,699,23
"3911","PC_O0272_23_Yellow.xlsx","conversations","会話語","PC","O0272",5,"O0272","m",1,699,23
"3912","PC_O0272_23_Yellow.xlsx","others","その他","PC","O0272",9,"O0272","m",1,699,23
"3913","PC_O0273_26_Yellow.xlsx","sounds","幼児語","PC","O0273",10,"O0273","f",1,808,26
"3914","PC_O0273_26_Yellow.xlsx","animals","動物の名前","PC","O0273",18,"O0273","f",1,808,26
"3915","PC_O0273_26_Yellow.xlsx","vehicles","乗り物","PC","O0273",5,"O0273","f",1,808,26
"3916","PC_O0273_26_Yellow.xlsx","toys","おもちゃ","PC","O0273",5,"O0273","f",1,808,26
"3917","PC_O0273_26_Yellow.xlsx","food_drink","食べ物と飲み物","PC","O0273",46,"O0273","f",1,808,26
"3918","PC_O0273_26_Yellow.xlsx","clothing","衣類","PC","O0273",5,"O0273","f",1,808,26
"3919","PC_O0273_26_Yellow.xlsx","body_parts","体の部分","PC","O0273",16,"O0273","f",1,808,26
"3920","PC_O0273_26_Yellow.xlsx","furniture_rooms","家具と部屋","PC","O0273",3,"O0273","f",1,808,26
"3921","PC_O0273_26_Yellow.xlsx","household","小さな家庭用品","PC","O0273",11,"O0273","f",1,808,26
"3922","PC_O0273_26_Yellow.xlsx","outside","戸外のもの","PC","O0273",8,"O0273","f",1,808,26
"3923","PC_O0273_26_Yellow.xlsx","places","おでかけ","PC","O0273",0,"O0273","f",1,808,26
"3924","PC_O0273_26_Yellow.xlsx","people","人々","PC","O0273",8,"O0273","f",1,808,26
"3925","PC_O0273_26_Yellow.xlsx","games_routines","日課とあいさつ","PC","O0273",17,"O0273","f",1,808,26
"3926","PC_O0273_26_Yellow.xlsx","action_words","動作語","PC","O0273",9,"O0273","f",1,808,26
"3927","PC_O0273_26_Yellow.xlsx","time_words","時間についてのことば","PC","O0273",0,"O0273","f",1,808,26
"3928","PC_O0273_26_Yellow.xlsx","descriptive_words","ようす・性質","PC","O0273",17,"O0273","f",1,808,26
"3929","PC_O0273_26_Yellow.xlsx","pronouns","代名詞","PC","O0273",3,"O0273","f",1,808,26
"3930","PC_O0273_26_Yellow.xlsx","question_words","質問のことば","PC","O0273",1,"O0273","f",1,808,26
"3931","PC_O0273_26_Yellow.xlsx","locations","位置と場所についてのことば","PC","O0273",3,"O0273","f",1,808,26
"3932","PC_O0273_26_Yellow.xlsx","quantifiers","数量をあらわすことば","PC","O0273",2,"O0273","f",1,808,26
"3933","PC_O0273_26_Yellow.xlsx","connecting_words","接続語","PC","O0273",0,"O0273","f",1,808,26
"3934","PC_O0273_26_Yellow.xlsx","sounds2","幼児語（その２）","PC","O0273",16,"O0273","f",1,808,26
"3935","PC_O0273_26_Yellow.xlsx","conversations","会話語","PC","O0273",5,"O0273","f",1,808,26
"3936","PC_O0273_26_Yellow.xlsx","others","その他","PC","O0273",4,"O0273","f",1,808,26
"3937","PC_O0273_32_Yellow.xlsx","sounds","幼児語","PC","O0273",12,"O0273","f",1,995,32
"3938","PC_O0273_32_Yellow.xlsx","animals","動物の名前","PC","O0273",36,"O0273","f",1,995,32
"3939","PC_O0273_32_Yellow.xlsx","vehicles","乗り物","PC","O0273",10,"O0273","f",1,995,32
"3940","PC_O0273_32_Yellow.xlsx","toys","おもちゃ","PC","O0273",11,"O0273","f",1,995,32
"3941","PC_O0273_32_Yellow.xlsx","food_drink","食べ物と飲み物","PC","O0273",54,"O0273","f",1,995,32
"3942","PC_O0273_32_Yellow.xlsx","clothing","衣類","PC","O0273",9,"O0273","f",1,995,32
"3943","PC_O0273_32_Yellow.xlsx","body_parts","体の部分","PC","O0273",22,"O0273","f",1,995,32
"3944","PC_O0273_32_Yellow.xlsx","furniture_rooms","家具と部屋","PC","O0273",11,"O0273","f",1,995,32
"3945","PC_O0273_32_Yellow.xlsx","household","小さな家庭用品","PC","O0273",35,"O0273","f",1,995,32
"3946","PC_O0273_32_Yellow.xlsx","outside","戸外のもの","PC","O0273",24,"O0273","f",1,995,32
"3947","PC_O0273_32_Yellow.xlsx","places","おでかけ","PC","O0273",13,"O0273","f",1,995,32
"3948","PC_O0273_32_Yellow.xlsx","people","人々","PC","O0273",11,"O0273","f",1,995,32
"3949","PC_O0273_32_Yellow.xlsx","games_routines","日課とあいさつ","PC","O0273",25,"O0273","f",1,995,32
"3950","PC_O0273_32_Yellow.xlsx","action_words","動作語","PC","O0273",66,"O0273","f",1,995,32
"3951","PC_O0273_32_Yellow.xlsx","time_words","時間についてのことば","PC","O0273",5,"O0273","f",1,995,32
"3952","PC_O0273_32_Yellow.xlsx","descriptive_words","ようす・性質","PC","O0273",49,"O0273","f",1,995,32
"3953","PC_O0273_32_Yellow.xlsx","pronouns","代名詞","PC","O0273",4,"O0273","f",1,995,32
"3954","PC_O0273_32_Yellow.xlsx","question_words","質問のことば","PC","O0273",3,"O0273","f",1,995,32
"3955","PC_O0273_32_Yellow.xlsx","locations","位置と場所についてのことば","PC","O0273",6,"O0273","f",1,995,32
"3956","PC_O0273_32_Yellow.xlsx","quantifiers","数量をあらわすことば","PC","O0273",10,"O0273","f",1,995,32
"3957","PC_O0273_32_Yellow.xlsx","connecting_words","接続語","PC","O0273",0,"O0273","f",1,995,32
"3958","PC_O0273_32_Yellow.xlsx","sounds2","幼児語（その２）","PC","O0273",24,"O0273","f",1,995,32
"3959","PC_O0273_32_Yellow.xlsx","conversations","会話語","PC","O0273",8,"O0273","f",1,995,32
"3960","PC_O0273_32_Yellow.xlsx","others","その他","PC","O0273",5,"O0273","f",1,995,32
"3961","PC_O0277_18_Yellow.xlsx","sounds","幼児語","PC","O0277",1,"O0277","m",1,549,18
"3962","PC_O0277_18_Yellow.xlsx","animals","動物の名前","PC","O0277",0,"O0277","m",1,549,18
"3963","PC_O0277_18_Yellow.xlsx","vehicles","乗り物","PC","O0277",0,"O0277","m",1,549,18
"3964","PC_O0277_18_Yellow.xlsx","toys","おもちゃ","PC","O0277",0,"O0277","m",1,549,18
"3965","PC_O0277_18_Yellow.xlsx","food_drink","食べ物と飲み物","PC","O0277",0,"O0277","m",1,549,18
"3966","PC_O0277_18_Yellow.xlsx","clothing","衣類","PC","O0277",0,"O0277","m",1,549,18
"3967","PC_O0277_18_Yellow.xlsx","body_parts","体の部分","PC","O0277",0,"O0277","m",1,549,18
"3968","PC_O0277_18_Yellow.xlsx","furniture_rooms","家具と部屋","PC","O0277",0,"O0277","m",1,549,18
"3969","PC_O0277_18_Yellow.xlsx","household","小さな家庭用品","PC","O0277",0,"O0277","m",1,549,18
"3970","PC_O0277_18_Yellow.xlsx","outside","戸外のもの","PC","O0277",0,"O0277","m",1,549,18
"3971","PC_O0277_18_Yellow.xlsx","places","おでかけ","PC","O0277",0,"O0277","m",1,549,18
"3972","PC_O0277_18_Yellow.xlsx","people","人々","PC","O0277",2,"O0277","m",1,549,18
"3973","PC_O0277_18_Yellow.xlsx","games_routines","日課とあいさつ","PC","O0277",0,"O0277","m",1,549,18
"3974","PC_O0277_18_Yellow.xlsx","action_words","動作語","PC","O0277",1,"O0277","m",1,549,18
"3975","PC_O0277_18_Yellow.xlsx","time_words","時間についてのことば","PC","O0277",0,"O0277","m",1,549,18
"3976","PC_O0277_18_Yellow.xlsx","descriptive_words","ようす・性質","PC","O0277",0,"O0277","m",1,549,18
"3977","PC_O0277_18_Yellow.xlsx","pronouns","代名詞","PC","O0277",0,"O0277","m",1,549,18
"3978","PC_O0277_18_Yellow.xlsx","question_words","質問のことば","PC","O0277",0,"O0277","m",1,549,18
"3979","PC_O0277_18_Yellow.xlsx","locations","位置と場所についてのことば","PC","O0277",0,"O0277","m",1,549,18
"3980","PC_O0277_18_Yellow.xlsx","quantifiers","数量をあらわすことば","PC","O0277",0,"O0277","m",1,549,18
"3981","PC_O0277_18_Yellow.xlsx","connecting_words","接続語","PC","O0277",0,"O0277","m",1,549,18
"3982","PC_O0277_18_Yellow.xlsx","sounds2","幼児語（その２）","PC","O0277",0,"O0277","m",1,549,18
"3983","PC_O0277_18_Yellow.xlsx","conversations","会話語","PC","O0277",1,"O0277","m",1,549,18
"3984","PC_O0277_18_Yellow.xlsx","others","その他","PC","O0277",0,"O0277","m",1,549,18
"3985","PC_O0277_24_Yellow.xlsx","sounds","幼児語","PC","O0277",11,"O0277","m",1,735,24
"3986","PC_O0277_24_Yellow.xlsx","animals","動物の名前","PC","O0277",3,"O0277","m",1,735,24
"3987","PC_O0277_24_Yellow.xlsx","vehicles","乗り物","PC","O0277",6,"O0277","m",1,735,24
"3988","PC_O0277_24_Yellow.xlsx","toys","おもちゃ","PC","O0277",3,"O0277","m",1,735,24
"3989","PC_O0277_24_Yellow.xlsx","food_drink","食べ物と飲み物","PC","O0277",18,"O0277","m",1,735,24
"3990","PC_O0277_24_Yellow.xlsx","clothing","衣類","PC","O0277",3,"O0277","m",1,735,24
"3991","PC_O0277_24_Yellow.xlsx","body_parts","体の部分","PC","O0277",14,"O0277","m",1,735,24
"3992","PC_O0277_24_Yellow.xlsx","furniture_rooms","家具と部屋","PC","O0277",4,"O0277","m",1,735,24
"3993","PC_O0277_24_Yellow.xlsx","household","小さな家庭用品","PC","O0277",7,"O0277","m",1,735,24
"3994","PC_O0277_24_Yellow.xlsx","outside","戸外のもの","PC","O0277",10,"O0277","m",1,735,24
"3995","PC_O0277_24_Yellow.xlsx","places","おでかけ","PC","O0277",0,"O0277","m",1,735,24
"3996","PC_O0277_24_Yellow.xlsx","people","人々","PC","O0277",5,"O0277","m",1,735,24
"3997","PC_O0277_24_Yellow.xlsx","games_routines","日課とあいさつ","PC","O0277",7,"O0277","m",1,735,24
"3998","PC_O0277_24_Yellow.xlsx","action_words","動作語","PC","O0277",15,"O0277","m",1,735,24
"3999","PC_O0277_24_Yellow.xlsx","time_words","時間についてのことば","PC","O0277",0,"O0277","m",1,735,24
"4000","PC_O0277_24_Yellow.xlsx","descriptive_words","ようす・性質","PC","O0277",11,"O0277","m",1,735,24
"4001","PC_O0277_24_Yellow.xlsx","pronouns","代名詞","PC","O0277",6,"O0277","m",1,735,24
"4002","PC_O0277_24_Yellow.xlsx","question_words","質問のことば","PC","O0277",3,"O0277","m",1,735,24
"4003","PC_O0277_24_Yellow.xlsx","locations","位置と場所についてのことば","PC","O0277",6,"O0277","m",1,735,24
"4004","PC_O0277_24_Yellow.xlsx","quantifiers","数量をあらわすことば","PC","O0277",6,"O0277","m",1,735,24
"4005","PC_O0277_24_Yellow.xlsx","connecting_words","接続語","PC","O0277",0,"O0277","m",1,735,24
"4006","PC_O0277_24_Yellow.xlsx","sounds2","幼児語（その２）","PC","O0277",14,"O0277","m",1,735,24
"4007","PC_O0277_24_Yellow.xlsx","conversations","会話語","PC","O0277",5,"O0277","m",1,735,24
"4008","PC_O0277_24_Yellow.xlsx","others","その他","PC","O0277",2,"O0277","m",1,735,24
"4009","PC_O0287_17_Yellow.xlsx","sounds","幼児語","PC","O0287",3,"O0287","f",1,526,17
"4010","PC_O0287_17_Yellow.xlsx","animals","動物の名前","PC","O0287",8,"O0287","f",1,526,17
"4011","PC_O0287_17_Yellow.xlsx","vehicles","乗り物","PC","O0287",2,"O0287","f",1,526,17
"4012","PC_O0287_17_Yellow.xlsx","toys","おもちゃ","PC","O0287",2,"O0287","f",1,526,17
"4013","PC_O0287_17_Yellow.xlsx","food_drink","食べ物と飲み物","PC","O0287",6,"O0287","f",1,526,17
"4014","PC_O0287_17_Yellow.xlsx","clothing","衣類","PC","O0287",2,"O0287","f",1,526,17
"4015","PC_O0287_17_Yellow.xlsx","body_parts","体の部分","PC","O0287",9,"O0287","f",1,526,17
"4016","PC_O0287_17_Yellow.xlsx","furniture_rooms","家具と部屋","PC","O0287",2,"O0287","f",1,526,17
"4017","PC_O0287_17_Yellow.xlsx","household","小さな家庭用品","PC","O0287",2,"O0287","f",1,526,17
"4018","PC_O0287_17_Yellow.xlsx","outside","戸外のもの","PC","O0287",2,"O0287","f",1,526,17
"4019","PC_O0287_17_Yellow.xlsx","places","おでかけ","PC","O0287",1,"O0287","f",1,526,17
"4020","PC_O0287_17_Yellow.xlsx","people","人々","PC","O0287",5,"O0287","f",1,526,17
"4021","PC_O0287_17_Yellow.xlsx","games_routines","日課とあいさつ","PC","O0287",9,"O0287","f",1,526,17
"4022","PC_O0287_17_Yellow.xlsx","action_words","動作語","PC","O0287",2,"O0287","f",1,526,17
"4023","PC_O0287_17_Yellow.xlsx","time_words","時間についてのことば","PC","O0287",0,"O0287","f",1,526,17
"4024","PC_O0287_17_Yellow.xlsx","descriptive_words","ようす・性質","PC","O0287",1,"O0287","f",1,526,17
"4025","PC_O0287_17_Yellow.xlsx","pronouns","代名詞","PC","O0287",3,"O0287","f",1,526,17
"4026","PC_O0287_17_Yellow.xlsx","question_words","質問のことば","PC","O0287",0,"O0287","f",1,526,17
"4027","PC_O0287_17_Yellow.xlsx","locations","位置と場所についてのことば","PC","O0287",0,"O0287","f",1,526,17
"4028","PC_O0287_17_Yellow.xlsx","quantifiers","数量をあらわすことば","PC","O0287",1,"O0287","f",1,526,17
"4029","PC_O0287_17_Yellow.xlsx","connecting_words","接続語","PC","O0287",0,"O0287","f",1,526,17
"4030","PC_O0287_17_Yellow.xlsx","sounds2","幼児語（その２）","PC","O0287",4,"O0287","f",1,526,17
"4031","PC_O0287_17_Yellow.xlsx","conversations","会話語","PC","O0287",1,"O0287","f",1,526,17
"4032","PC_O0287_17_Yellow.xlsx","others","その他","PC","O0287",1,"O0287","f",1,526,17
"4033","PC_O0287_24_Yellow.xlsx","sounds","幼児語","PC","O0287",8,"O0287","f",1,739,24
"4034","PC_O0287_24_Yellow.xlsx","animals","動物の名前","PC","O0287",32,"O0287","f",1,739,24
"4035","PC_O0287_24_Yellow.xlsx","vehicles","乗り物","PC","O0287",8,"O0287","f",1,739,24
"4036","PC_O0287_24_Yellow.xlsx","toys","おもちゃ","PC","O0287",5,"O0287","f",1,739,24
"4037","PC_O0287_24_Yellow.xlsx","food_drink","食べ物と飲み物","PC","O0287",38,"O0287","f",1,739,24
"4038","PC_O0287_24_Yellow.xlsx","clothing","衣類","PC","O0287",6,"O0287","f",1,739,24
"4039","PC_O0287_24_Yellow.xlsx","body_parts","体の部分","PC","O0287",16,"O0287","f",1,739,24
"4040","PC_O0287_24_Yellow.xlsx","furniture_rooms","家具と部屋","PC","O0287",8,"O0287","f",1,739,24
"4041","PC_O0287_24_Yellow.xlsx","household","小さな家庭用品","PC","O0287",6,"O0287","f",1,739,24
"4042","PC_O0287_24_Yellow.xlsx","outside","戸外のもの","PC","O0287",5,"O0287","f",1,739,24
"4043","PC_O0287_24_Yellow.xlsx","places","おでかけ","PC","O0287",6,"O0287","f",1,739,24
"4044","PC_O0287_24_Yellow.xlsx","people","人々","PC","O0287",8,"O0287","f",1,739,24
"4045","PC_O0287_24_Yellow.xlsx","games_routines","日課とあいさつ","PC","O0287",16,"O0287","f",1,739,24
"4046","PC_O0287_24_Yellow.xlsx","action_words","動作語","PC","O0287",28,"O0287","f",1,739,24
"4047","PC_O0287_24_Yellow.xlsx","time_words","時間についてのことば","PC","O0287",1,"O0287","f",1,739,24
"4048","PC_O0287_24_Yellow.xlsx","descriptive_words","ようす・性質","PC","O0287",23,"O0287","f",1,739,24
"4049","PC_O0287_24_Yellow.xlsx","pronouns","代名詞","PC","O0287",4,"O0287","f",1,739,24
"4050","PC_O0287_24_Yellow.xlsx","question_words","質問のことば","PC","O0287",3,"O0287","f",1,739,24
"4051","PC_O0287_24_Yellow.xlsx","locations","位置と場所についてのことば","PC","O0287",0,"O0287","f",1,739,24
"4052","PC_O0287_24_Yellow.xlsx","quantifiers","数量をあらわすことば","PC","O0287",7,"O0287","f",1,739,24
"4053","PC_O0287_24_Yellow.xlsx","connecting_words","接続語","PC","O0287",0,"O0287","f",1,739,24
"4054","PC_O0287_24_Yellow.xlsx","sounds2","幼児語（その２）","PC","O0287",10,"O0287","f",1,739,24
"4055","PC_O0287_24_Yellow.xlsx","conversations","会話語","PC","O0287",7,"O0287","f",1,739,24
"4056","PC_O0287_24_Yellow.xlsx","others","その他","PC","O0287",4,"O0287","f",1,739,24
"4057","PC_O0289_16_Yellow.xlsx","sounds","幼児語","PC","O0289",3,"O0289","m",1,509,16
"4058","PC_O0289_16_Yellow.xlsx","animals","動物の名前","PC","O0289",6,"O0289","m",1,509,16
"4059","PC_O0289_16_Yellow.xlsx","vehicles","乗り物","PC","O0289",0,"O0289","m",1,509,16
"4060","PC_O0289_16_Yellow.xlsx","toys","おもちゃ","PC","O0289",0,"O0289","m",1,509,16
"4061","PC_O0289_16_Yellow.xlsx","food_drink","食べ物と飲み物","PC","O0289",2,"O0289","m",1,509,16
"4062","PC_O0289_16_Yellow.xlsx","clothing","衣類","PC","O0289",0,"O0289","m",1,509,16
"4063","PC_O0289_16_Yellow.xlsx","body_parts","体の部分","PC","O0289",0,"O0289","m",1,509,16
"4064","PC_O0289_16_Yellow.xlsx","furniture_rooms","家具と部屋","PC","O0289",0,"O0289","m",1,509,16
"4065","PC_O0289_16_Yellow.xlsx","household","小さな家庭用品","PC","O0289",0,"O0289","m",1,509,16
"4066","PC_O0289_16_Yellow.xlsx","outside","戸外のもの","PC","O0289",0,"O0289","m",1,509,16
"4067","PC_O0289_16_Yellow.xlsx","places","おでかけ","PC","O0289",0,"O0289","m",1,509,16
"4068","PC_O0289_16_Yellow.xlsx","people","人々","PC","O0289",6,"O0289","m",1,509,16
"4069","PC_O0289_16_Yellow.xlsx","games_routines","日課とあいさつ","PC","O0289",2,"O0289","m",1,509,16
"4070","PC_O0289_16_Yellow.xlsx","action_words","動作語","PC","O0289",0,"O0289","m",1,509,16
"4071","PC_O0289_16_Yellow.xlsx","time_words","時間についてのことば","PC","O0289",0,"O0289","m",1,509,16
"4072","PC_O0289_16_Yellow.xlsx","descriptive_words","ようす・性質","PC","O0289",0,"O0289","m",1,509,16
"4073","PC_O0289_16_Yellow.xlsx","pronouns","代名詞","PC","O0289",1,"O0289","m",1,509,16
"4074","PC_O0289_16_Yellow.xlsx","question_words","質問のことば","PC","O0289",0,"O0289","m",1,509,16
"4075","PC_O0289_16_Yellow.xlsx","locations","位置と場所についてのことば","PC","O0289",0,"O0289","m",1,509,16
"4076","PC_O0289_16_Yellow.xlsx","quantifiers","数量をあらわすことば","PC","O0289",0,"O0289","m",1,509,16
"4077","PC_O0289_16_Yellow.xlsx","connecting_words","接続語","PC","O0289",0,"O0289","m",1,509,16
"4078","PC_O0289_16_Yellow.xlsx","sounds2","幼児語（その２）","PC","O0289",3,"O0289","m",1,509,16
"4079","PC_O0289_16_Yellow.xlsx","conversations","会話語","PC","O0289",3,"O0289","m",1,509,16
"4080","PC_O0289_16_Yellow.xlsx","others","その他","PC","O0289",0,"O0289","m",1,509,16
"4081","PC_O0289_23_Yellow.xlsx","sounds","幼児語","PC","O0289",9,"O0289","m",1,705,23
"4082","PC_O0289_23_Yellow.xlsx","animals","動物の名前","PC","O0289",32,"O0289","m",1,705,23
"4083","PC_O0289_23_Yellow.xlsx","vehicles","乗り物","PC","O0289",9,"O0289","m",1,705,23
"4084","PC_O0289_23_Yellow.xlsx","toys","おもちゃ","PC","O0289",1,"O0289","m",1,705,23
"4085","PC_O0289_23_Yellow.xlsx","food_drink","食べ物と飲み物","PC","O0289",36,"O0289","m",1,705,23
"4086","PC_O0289_23_Yellow.xlsx","clothing","衣類","PC","O0289",7,"O0289","m",1,705,23
"4087","PC_O0289_23_Yellow.xlsx","body_parts","体の部分","PC","O0289",12,"O0289","m",1,705,23
"4088","PC_O0289_23_Yellow.xlsx","furniture_rooms","家具と部屋","PC","O0289",3,"O0289","m",1,705,23
"4089","PC_O0289_23_Yellow.xlsx","household","小さな家庭用品","PC","O0289",5,"O0289","m",1,705,23
"4090","PC_O0289_23_Yellow.xlsx","outside","戸外のもの","PC","O0289",9,"O0289","m",1,705,23
"4091","PC_O0289_23_Yellow.xlsx","places","おでかけ","PC","O0289",3,"O0289","m",1,705,23
"4092","PC_O0289_23_Yellow.xlsx","people","人々","PC","O0289",13,"O0289","m",1,705,23
"4093","PC_O0289_23_Yellow.xlsx","games_routines","日課とあいさつ","PC","O0289",14,"O0289","m",1,705,23
"4094","PC_O0289_23_Yellow.xlsx","action_words","動作語","PC","O0289",22,"O0289","m",1,705,23
"4095","PC_O0289_23_Yellow.xlsx","time_words","時間についてのことば","PC","O0289",1,"O0289","m",1,705,23
"4096","PC_O0289_23_Yellow.xlsx","descriptive_words","ようす・性質","PC","O0289",21,"O0289","m",1,705,23
"4097","PC_O0289_23_Yellow.xlsx","pronouns","代名詞","PC","O0289",6,"O0289","m",1,705,23
"4098","PC_O0289_23_Yellow.xlsx","question_words","質問のことば","PC","O0289",1,"O0289","m",1,705,23
"4099","PC_O0289_23_Yellow.xlsx","locations","位置と場所についてのことば","PC","O0289",3,"O0289","m",1,705,23
"4100","PC_O0289_23_Yellow.xlsx","quantifiers","数量をあらわすことば","PC","O0289",6,"O0289","m",1,705,23
"4101","PC_O0289_23_Yellow.xlsx","connecting_words","接続語","PC","O0289",0,"O0289","m",1,705,23
"4102","PC_O0289_23_Yellow.xlsx","sounds2","幼児語（その２）","PC","O0289",20,"O0289","m",1,705,23
"4103","PC_O0289_23_Yellow.xlsx","conversations","会話語","PC","O0289",5,"O0289","m",1,705,23
"4104","PC_O0289_23_Yellow.xlsx","others","その他","PC","O0289",4,"O0289","m",1,705,23
"4105","PC_O0295_17_Yellow.xlsx","sounds","幼児語","PC","O0295",2,"O0295","f",1,534,17
"4106","PC_O0295_17_Yellow.xlsx","animals","動物の名前","PC","O0295",0,"O0295","f",1,534,17
"4107","PC_O0295_17_Yellow.xlsx","vehicles","乗り物","PC","O0295",0,"O0295","f",1,534,17
"4108","PC_O0295_17_Yellow.xlsx","toys","おもちゃ","PC","O0295",0,"O0295","f",1,534,17
"4109","PC_O0295_17_Yellow.xlsx","food_drink","食べ物と飲み物","PC","O0295",0,"O0295","f",1,534,17
"4110","PC_O0295_17_Yellow.xlsx","clothing","衣類","PC","O0295",0,"O0295","f",1,534,17
"4111","PC_O0295_17_Yellow.xlsx","body_parts","体の部分","PC","O0295",0,"O0295","f",1,534,17
"4112","PC_O0295_17_Yellow.xlsx","furniture_rooms","家具と部屋","PC","O0295",0,"O0295","f",1,534,17
"4113","PC_O0295_17_Yellow.xlsx","household","小さな家庭用品","PC","O0295",0,"O0295","f",1,534,17
"4114","PC_O0295_17_Yellow.xlsx","outside","戸外のもの","PC","O0295",0,"O0295","f",1,534,17
"4115","PC_O0295_17_Yellow.xlsx","places","おでかけ","PC","O0295",0,"O0295","f",1,534,17
"4116","PC_O0295_17_Yellow.xlsx","people","人々","PC","O0295",0,"O0295","f",1,534,17
"4117","PC_O0295_17_Yellow.xlsx","games_routines","日課とあいさつ","PC","O0295",5,"O0295","f",1,534,17
"4118","PC_O0295_17_Yellow.xlsx","action_words","動作語","PC","O0295",1,"O0295","f",1,534,17
"4119","PC_O0295_17_Yellow.xlsx","time_words","時間についてのことば","PC","O0295",0,"O0295","f",1,534,17
"4120","PC_O0295_17_Yellow.xlsx","descriptive_words","ようす・性質","PC","O0295",0,"O0295","f",1,534,17
"4121","PC_O0295_17_Yellow.xlsx","pronouns","代名詞","PC","O0295",2,"O0295","f",1,534,17
"4122","PC_O0295_17_Yellow.xlsx","question_words","質問のことば","PC","O0295",0,"O0295","f",1,534,17
"4123","PC_O0295_17_Yellow.xlsx","locations","位置と場所についてのことば","PC","O0295",0,"O0295","f",1,534,17
"4124","PC_O0295_17_Yellow.xlsx","quantifiers","数量をあらわすことば","PC","O0295",0,"O0295","f",1,534,17
"4125","PC_O0295_17_Yellow.xlsx","connecting_words","接続語","PC","O0295",0,"O0295","f",1,534,17
"4126","PC_O0295_17_Yellow.xlsx","sounds2","幼児語（その２）","PC","O0295",1,"O0295","f",1,534,17
"4127","PC_O0295_17_Yellow.xlsx","conversations","会話語","PC","O0295",1,"O0295","f",1,534,17
"4128","PC_O0295_17_Yellow.xlsx","others","その他","PC","O0295",1,"O0295","f",1,534,17
"4129","PC_O0295_23_Yellow.xlsx","sounds","幼児語","PC","O0295",11,"O0295","f",1,723,23
"4130","PC_O0295_23_Yellow.xlsx","animals","動物の名前","PC","O0295",36,"O0295","f",1,723,23
"4131","PC_O0295_23_Yellow.xlsx","vehicles","乗り物","PC","O0295",11,"O0295","f",1,723,23
"4132","PC_O0295_23_Yellow.xlsx","toys","おもちゃ","PC","O0295",12,"O0295","f",1,723,23
"4133","PC_O0295_23_Yellow.xlsx","food_drink","食べ物と飲み物","PC","O0295",44,"O0295","f",1,723,23
"4134","PC_O0295_23_Yellow.xlsx","clothing","衣類","PC","O0295",14,"O0295","f",1,723,23
"4135","PC_O0295_23_Yellow.xlsx","body_parts","体の部分","PC","O0295",17,"O0295","f",1,723,23
"4136","PC_O0295_23_Yellow.xlsx","furniture_rooms","家具と部屋","PC","O0295",13,"O0295","f",1,723,23
"4137","PC_O0295_23_Yellow.xlsx","household","小さな家庭用品","PC","O0295",24,"O0295","f",1,723,23
"4138","PC_O0295_23_Yellow.xlsx","outside","戸外のもの","PC","O0295",12,"O0295","f",1,723,23
"4139","PC_O0295_23_Yellow.xlsx","places","おでかけ","PC","O0295",6,"O0295","f",1,723,23
"4140","PC_O0295_23_Yellow.xlsx","people","人々","PC","O0295",9,"O0295","f",1,723,23
"4141","PC_O0295_23_Yellow.xlsx","games_routines","日課とあいさつ","PC","O0295",21,"O0295","f",1,723,23
"4142","PC_O0295_23_Yellow.xlsx","action_words","動作語","PC","O0295",62,"O0295","f",1,723,23
"4143","PC_O0295_23_Yellow.xlsx","time_words","時間についてのことば","PC","O0295",3,"O0295","f",1,723,23
"4144","PC_O0295_23_Yellow.xlsx","descriptive_words","ようす・性質","PC","O0295",19,"O0295","f",1,723,23
"4145","PC_O0295_23_Yellow.xlsx","pronouns","代名詞","PC","O0295",3,"O0295","f",1,723,23
"4146","PC_O0295_23_Yellow.xlsx","question_words","質問のことば","PC","O0295",3,"O0295","f",1,723,23
"4147","PC_O0295_23_Yellow.xlsx","locations","位置と場所についてのことば","PC","O0295",0,"O0295","f",1,723,23
"4148","PC_O0295_23_Yellow.xlsx","quantifiers","数量をあらわすことば","PC","O0295",8,"O0295","f",1,723,23
"4149","PC_O0295_23_Yellow.xlsx","connecting_words","接続語","PC","O0295",0,"O0295","f",1,723,23
"4150","PC_O0295_23_Yellow.xlsx","sounds2","幼児語（その２）","PC","O0295",16,"O0295","f",1,723,23
"4151","PC_O0295_23_Yellow.xlsx","conversations","会話語","PC","O0295",7,"O0295","f",1,723,23
"4152","PC_O0295_23_Yellow.xlsx","others","その他","PC","O0295",6,"O0295","f",1,723,23
"4153","PC_O0306_17_Yellow.xlsx","sounds","幼児語","PC","O0306",4,"O0306","f",1,538,17
"4154","PC_O0306_17_Yellow.xlsx","animals","動物の名前","PC","O0306",0,"O0306","f",1,538,17
"4155","PC_O0306_17_Yellow.xlsx","vehicles","乗り物","PC","O0306",0,"O0306","f",1,538,17
"4156","PC_O0306_17_Yellow.xlsx","toys","おもちゃ","PC","O0306",0,"O0306","f",1,538,17
"4157","PC_O0306_17_Yellow.xlsx","food_drink","食べ物と飲み物","PC","O0306",3,"O0306","f",1,538,17
"4158","PC_O0306_17_Yellow.xlsx","clothing","衣類","PC","O0306",0,"O0306","f",1,538,17
"4159","PC_O0306_17_Yellow.xlsx","body_parts","体の部分","PC","O0306",1,"O0306","f",1,538,17
"4160","PC_O0306_17_Yellow.xlsx","furniture_rooms","家具と部屋","PC","O0306",0,"O0306","f",1,538,17
"4161","PC_O0306_17_Yellow.xlsx","household","小さな家庭用品","PC","O0306",0,"O0306","f",1,538,17
"4162","PC_O0306_17_Yellow.xlsx","outside","戸外のもの","PC","O0306",1,"O0306","f",1,538,17
"4163","PC_O0306_17_Yellow.xlsx","places","おでかけ","PC","O0306",0,"O0306","f",1,538,17
"4164","PC_O0306_17_Yellow.xlsx","people","人々","PC","O0306",4,"O0306","f",1,538,17
"4165","PC_O0306_17_Yellow.xlsx","games_routines","日課とあいさつ","PC","O0306",6,"O0306","f",1,538,17
"4166","PC_O0306_17_Yellow.xlsx","action_words","動作語","PC","O0306",0,"O0306","f",1,538,17
"4167","PC_O0306_17_Yellow.xlsx","time_words","時間についてのことば","PC","O0306",0,"O0306","f",1,538,17
"4168","PC_O0306_17_Yellow.xlsx","descriptive_words","ようす・性質","PC","O0306",4,"O0306","f",1,538,17
"4169","PC_O0306_17_Yellow.xlsx","pronouns","代名詞","PC","O0306",0,"O0306","f",1,538,17
"4170","PC_O0306_17_Yellow.xlsx","question_words","質問のことば","PC","O0306",0,"O0306","f",1,538,17
"4171","PC_O0306_17_Yellow.xlsx","locations","位置と場所についてのことば","PC","O0306",0,"O0306","f",1,538,17
"4172","PC_O0306_17_Yellow.xlsx","quantifiers","数量をあらわすことば","PC","O0306",1,"O0306","f",1,538,17
"4173","PC_O0306_17_Yellow.xlsx","connecting_words","接続語","PC","O0306",0,"O0306","f",1,538,17
"4174","PC_O0306_17_Yellow.xlsx","sounds2","幼児語（その２）","PC","O0306",9,"O0306","f",1,538,17
"4175","PC_O0306_17_Yellow.xlsx","conversations","会話語","PC","O0306",4,"O0306","f",1,538,17
"4176","PC_O0306_17_Yellow.xlsx","others","その他","PC","O0306",2,"O0306","f",1,538,17
"4177","PC_O0314_26_Yellow.xlsx","sounds","幼児語","PC","O0314",9,"O0314","m",1,816,26
"4178","PC_O0314_26_Yellow.xlsx","animals","動物の名前","PC","O0314",26,"O0314","m",1,816,26
"4179","PC_O0314_26_Yellow.xlsx","vehicles","乗り物","PC","O0314",13,"O0314","m",1,816,26
"4180","PC_O0314_26_Yellow.xlsx","toys","おもちゃ","PC","O0314",14,"O0314","m",1,816,26
"4181","PC_O0314_26_Yellow.xlsx","food_drink","食べ物と飲み物","PC","O0314",54,"O0314","m",1,816,26
"4182","PC_O0314_26_Yellow.xlsx","clothing","衣類","PC","O0314",14,"O0314","m",1,816,26
"4183","PC_O0314_26_Yellow.xlsx","body_parts","体の部分","PC","O0314",14,"O0314","m",1,816,26
"4184","PC_O0314_26_Yellow.xlsx","furniture_rooms","家具と部屋","PC","O0314",19,"O0314","m",1,816,26
"4185","PC_O0314_26_Yellow.xlsx","household","小さな家庭用品","PC","O0314",30,"O0314","m",1,816,26
"4186","PC_O0314_26_Yellow.xlsx","outside","戸外のもの","PC","O0314",19,"O0314","m",1,816,26
"4187","PC_O0314_26_Yellow.xlsx","places","おでかけ","PC","O0314",10,"O0314","m",1,816,26
"4188","PC_O0314_26_Yellow.xlsx","people","人々","PC","O0314",14,"O0314","m",1,816,26
"4189","PC_O0314_26_Yellow.xlsx","games_routines","日課とあいさつ","PC","O0314",20,"O0314","m",1,816,26
"4190","PC_O0314_26_Yellow.xlsx","action_words","動作語","PC","O0314",37,"O0314","m",1,816,26
"4191","PC_O0314_26_Yellow.xlsx","time_words","時間についてのことば","PC","O0314",4,"O0314","m",1,816,26
"4192","PC_O0314_26_Yellow.xlsx","descriptive_words","ようす・性質","PC","O0314",17,"O0314","m",1,816,26
"4193","PC_O0314_26_Yellow.xlsx","pronouns","代名詞","PC","O0314",4,"O0314","m",1,816,26
"4194","PC_O0314_26_Yellow.xlsx","question_words","質問のことば","PC","O0314",3,"O0314","m",1,816,26
"4195","PC_O0314_26_Yellow.xlsx","locations","位置と場所についてのことば","PC","O0314",6,"O0314","m",1,816,26
"4196","PC_O0314_26_Yellow.xlsx","quantifiers","数量をあらわすことば","PC","O0314",12,"O0314","m",1,816,26
"4197","PC_O0314_26_Yellow.xlsx","connecting_words","接続語","PC","O0314",0,"O0314","m",1,816,26
"4198","PC_O0314_26_Yellow.xlsx","sounds2","幼児語（その２）","PC","O0314",13,"O0314","m",1,816,26
"4199","PC_O0314_26_Yellow.xlsx","conversations","会話語","PC","O0314",7,"O0314","m",1,816,26
"4200","PC_O0314_26_Yellow.xlsx","others","その他","PC","O0314",5,"O0314","m",1,816,26
"4201","PC_O0314_32_Yellow.xlsx","sounds","幼児語","PC","O0314",12,"O0314","m",1,996,32
"4202","PC_O0314_32_Yellow.xlsx","animals","動物の名前","PC","O0314",43,"O0314","m",1,996,32
"4203","PC_O0314_32_Yellow.xlsx","vehicles","乗り物","PC","O0314",13,"O0314","m",1,996,32
"4204","PC_O0314_32_Yellow.xlsx","toys","おもちゃ","PC","O0314",17,"O0314","m",1,996,32
"4205","PC_O0314_32_Yellow.xlsx","food_drink","食べ物と飲み物","PC","O0314",62,"O0314","m",1,996,32
"4206","PC_O0314_32_Yellow.xlsx","clothing","衣類","PC","O0314",28,"O0314","m",1,996,32
"4207","PC_O0314_32_Yellow.xlsx","body_parts","体の部分","PC","O0314",27,"O0314","m",1,996,32
"4208","PC_O0314_32_Yellow.xlsx","furniture_rooms","家具と部屋","PC","O0314",31,"O0314","m",1,996,32
"4209","PC_O0314_32_Yellow.xlsx","household","小さな家庭用品","PC","O0314",49,"O0314","m",1,996,32
"4210","PC_O0314_32_Yellow.xlsx","outside","戸外のもの","PC","O0314",31,"O0314","m",1,996,32
"4211","PC_O0314_32_Yellow.xlsx","places","おでかけ","PC","O0314",21,"O0314","m",1,996,32
"4212","PC_O0314_32_Yellow.xlsx","people","人々","PC","O0314",28,"O0314","m",1,996,32
"4213","PC_O0314_32_Yellow.xlsx","games_routines","日課とあいさつ","PC","O0314",25,"O0314","m",1,996,32
"4214","PC_O0314_32_Yellow.xlsx","action_words","動作語","PC","O0314",102,"O0314","m",1,996,32
"4215","PC_O0314_32_Yellow.xlsx","time_words","時間についてのことば","PC","O0314",12,"O0314","m",1,996,32
"4216","PC_O0314_32_Yellow.xlsx","descriptive_words","ようす・性質","PC","O0314",61,"O0314","m",1,996,32
"4217","PC_O0314_32_Yellow.xlsx","pronouns","代名詞","PC","O0314",22,"O0314","m",1,996,32
"4218","PC_O0314_32_Yellow.xlsx","question_words","質問のことば","PC","O0314",10,"O0314","m",1,996,32
"4219","PC_O0314_32_Yellow.xlsx","locations","位置と場所についてのことば","PC","O0314",25,"O0314","m",1,996,32
"4220","PC_O0314_32_Yellow.xlsx","quantifiers","数量をあらわすことば","PC","O0314",17,"O0314","m",1,996,32
"4221","PC_O0314_32_Yellow.xlsx","connecting_words","接続語","PC","O0314",4,"O0314","m",1,996,32
"4222","PC_O0314_32_Yellow.xlsx","sounds2","幼児語（その２）","PC","O0314",29,"O0314","m",1,996,32
"4223","PC_O0314_32_Yellow.xlsx","conversations","会話語","PC","O0314",14,"O0314","m",1,996,32
"4224","PC_O0314_32_Yellow.xlsx","others","その他","PC","O0314",9,"O0314","m",1,996,32
"4225","PC_O0316_16_Yellow.xlsx","sounds","幼児語","PC","O0316",9,"O0316","f",1,515,16
"4226","PC_O0316_16_Yellow.xlsx","animals","動物の名前","PC","O0316",1,"O0316","f",1,515,16
"4227","PC_O0316_16_Yellow.xlsx","vehicles","乗り物","PC","O0316",0,"O0316","f",1,515,16
"4228","PC_O0316_16_Yellow.xlsx","toys","おもちゃ","PC","O0316",0,"O0316","f",1,515,16
"4229","PC_O0316_16_Yellow.xlsx","food_drink","食べ物と飲み物","PC","O0316",6,"O0316","f",1,515,16
"4230","PC_O0316_16_Yellow.xlsx","clothing","衣類","PC","O0316",1,"O0316","f",1,515,16
"4231","PC_O0316_16_Yellow.xlsx","body_parts","体の部分","PC","O0316",4,"O0316","f",1,515,16
"4232","PC_O0316_16_Yellow.xlsx","furniture_rooms","家具と部屋","PC","O0316",0,"O0316","f",1,515,16
"4233","PC_O0316_16_Yellow.xlsx","household","小さな家庭用品","PC","O0316",0,"O0316","f",1,515,16
"4234","PC_O0316_16_Yellow.xlsx","outside","戸外のもの","PC","O0316",1,"O0316","f",1,515,16
"4235","PC_O0316_16_Yellow.xlsx","places","おでかけ","PC","O0316",0,"O0316","f",1,515,16
"4236","PC_O0316_16_Yellow.xlsx","people","人々","PC","O0316",1,"O0316","f",1,515,16
"4237","PC_O0316_16_Yellow.xlsx","games_routines","日課とあいさつ","PC","O0316",2,"O0316","f",1,515,16
"4238","PC_O0316_16_Yellow.xlsx","action_words","動作語","PC","O0316",1,"O0316","f",1,515,16
"4239","PC_O0316_16_Yellow.xlsx","time_words","時間についてのことば","PC","O0316",0,"O0316","f",1,515,16
"4240","PC_O0316_16_Yellow.xlsx","descriptive_words","ようす・性質","PC","O0316",8,"O0316","f",1,515,16
"4241","PC_O0316_16_Yellow.xlsx","pronouns","代名詞","PC","O0316",1,"O0316","f",1,515,16
"4242","PC_O0316_16_Yellow.xlsx","question_words","質問のことば","PC","O0316",0,"O0316","f",1,515,16
"4243","PC_O0316_16_Yellow.xlsx","locations","位置と場所についてのことば","PC","O0316",0,"O0316","f",1,515,16
"4244","PC_O0316_16_Yellow.xlsx","quantifiers","数量をあらわすことば","PC","O0316",1,"O0316","f",1,515,16
"4245","PC_O0316_16_Yellow.xlsx","connecting_words","接続語","PC","O0316",0,"O0316","f",1,515,16
"4246","PC_O0316_16_Yellow.xlsx","sounds2","幼児語（その２）","PC","O0316",9,"O0316","f",1,515,16
"4247","PC_O0316_16_Yellow.xlsx","conversations","会話語","PC","O0316",1,"O0316","f",1,515,16
"4248","PC_O0316_16_Yellow.xlsx","others","その他","PC","O0316",1,"O0316","f",1,515,16
"4249","PC_O0316_24_Yellow.xlsx","sounds","幼児語","PC","O0316",5,"O0316","f",1,730,24
"4250","PC_O0316_24_Yellow.xlsx","animals","動物の名前","PC","O0316",32,"O0316","f",1,730,24
"4251","PC_O0316_24_Yellow.xlsx","vehicles","乗り物","PC","O0316",10,"O0316","f",1,730,24
"4252","PC_O0316_24_Yellow.xlsx","toys","おもちゃ","PC","O0316",4,"O0316","f",1,730,24
"4253","PC_O0316_24_Yellow.xlsx","food_drink","食べ物と飲み物","PC","O0316",37,"O0316","f",1,730,24
"4254","PC_O0316_24_Yellow.xlsx","clothing","衣類","PC","O0316",11,"O0316","f",1,730,24
"4255","PC_O0316_24_Yellow.xlsx","body_parts","体の部分","PC","O0316",23,"O0316","f",1,730,24
"4256","PC_O0316_24_Yellow.xlsx","furniture_rooms","家具と部屋","PC","O0316",11,"O0316","f",1,730,24
"4257","PC_O0316_24_Yellow.xlsx","household","小さな家庭用品","PC","O0316",18,"O0316","f",1,730,24
"4258","PC_O0316_24_Yellow.xlsx","outside","戸外のもの","PC","O0316",10,"O0316","f",1,730,24
"4259","PC_O0316_24_Yellow.xlsx","places","おでかけ","PC","O0316",7,"O0316","f",1,730,24
"4260","PC_O0316_24_Yellow.xlsx","people","人々","PC","O0316",12,"O0316","f",1,730,24
"4261","PC_O0316_24_Yellow.xlsx","games_routines","日課とあいさつ","PC","O0316",23,"O0316","f",1,730,24
"4262","PC_O0316_24_Yellow.xlsx","action_words","動作語","PC","O0316",60,"O0316","f",1,730,24
"4263","PC_O0316_24_Yellow.xlsx","time_words","時間についてのことば","PC","O0316",3,"O0316","f",1,730,24
"4264","PC_O0316_24_Yellow.xlsx","descriptive_words","ようす・性質","PC","O0316",31,"O0316","f",1,730,24
"4265","PC_O0316_24_Yellow.xlsx","pronouns","代名詞","PC","O0316",7,"O0316","f",1,730,24
"4266","PC_O0316_24_Yellow.xlsx","question_words","質問のことば","PC","O0316",3,"O0316","f",1,730,24
"4267","PC_O0316_24_Yellow.xlsx","locations","位置と場所についてのことば","PC","O0316",6,"O0316","f",1,730,24
"4268","PC_O0316_24_Yellow.xlsx","quantifiers","数量をあらわすことば","PC","O0316",7,"O0316","f",1,730,24
"4269","PC_O0316_24_Yellow.xlsx","connecting_words","接続語","PC","O0316",0,"O0316","f",1,730,24
"4270","PC_O0316_24_Yellow.xlsx","sounds2","幼児語（その２）","PC","O0316",13,"O0316","f",1,730,24
"4271","PC_O0316_24_Yellow.xlsx","conversations","会話語","PC","O0316",6,"O0316","f",1,730,24
"4272","PC_O0316_24_Yellow.xlsx","others","その他","PC","O0316",8,"O0316","f",1,730,24
"4273","PC_O0336_26_Yellow.xlsx","sounds","幼児語","PC","O0336",12,"O0336","f",1,808,26
"4274","PC_O0336_26_Yellow.xlsx","animals","動物の名前","PC","O0336",43,"O0336","f",1,808,26
"4275","PC_O0336_26_Yellow.xlsx","vehicles","乗り物","PC","O0336",12,"O0336","f",1,808,26
"4276","PC_O0336_26_Yellow.xlsx","toys","おもちゃ","PC","O0336",18,"O0336","f",1,808,26
"4277","PC_O0336_26_Yellow.xlsx","food_drink","食べ物と飲み物","PC","O0336",66,"O0336","f",1,808,26
"4278","PC_O0336_26_Yellow.xlsx","clothing","衣類","PC","O0336",18,"O0336","f",1,808,26
"4279","PC_O0336_26_Yellow.xlsx","body_parts","体の部分","PC","O0336",26,"O0336","f",1,808,26
"4280","PC_O0336_26_Yellow.xlsx","furniture_rooms","家具と部屋","PC","O0336",20,"O0336","f",1,808,26
"4281","PC_O0336_26_Yellow.xlsx","household","小さな家庭用品","PC","O0336",38,"O0336","f",1,808,26
"4282","PC_O0336_26_Yellow.xlsx","outside","戸外のもの","PC","O0336",25,"O0336","f",1,808,26
"4283","PC_O0336_26_Yellow.xlsx","places","おでかけ","PC","O0336",17,"O0336","f",1,808,26
"4284","PC_O0336_26_Yellow.xlsx","people","人々","PC","O0336",25,"O0336","f",1,808,26
"4285","PC_O0336_26_Yellow.xlsx","games_routines","日課とあいさつ","PC","O0336",25,"O0336","f",1,808,26
"4286","PC_O0336_26_Yellow.xlsx","action_words","動作語","PC","O0336",99,"O0336","f",1,808,26
"4287","PC_O0336_26_Yellow.xlsx","time_words","時間についてのことば","PC","O0336",4,"O0336","f",1,808,26
"4288","PC_O0336_26_Yellow.xlsx","descriptive_words","ようす・性質","PC","O0336",59,"O0336","f",1,808,26
"4289","PC_O0336_26_Yellow.xlsx","pronouns","代名詞","PC","O0336",18,"O0336","f",1,808,26
"4290","PC_O0336_26_Yellow.xlsx","question_words","質問のことば","PC","O0336",8,"O0336","f",1,808,26
"4291","PC_O0336_26_Yellow.xlsx","locations","位置と場所についてのことば","PC","O0336",15,"O0336","f",1,808,26
"4292","PC_O0336_26_Yellow.xlsx","quantifiers","数量をあらわすことば","PC","O0336",16,"O0336","f",1,808,26
"4293","PC_O0336_26_Yellow.xlsx","connecting_words","接続語","PC","O0336",5,"O0336","f",1,808,26
"4294","PC_O0336_26_Yellow.xlsx","sounds2","幼児語（その２）","PC","O0336",29,"O0336","f",1,808,26
"4295","PC_O0336_26_Yellow.xlsx","conversations","会話語","PC","O0336",14,"O0336","f",1,808,26
"4296","PC_O0336_26_Yellow.xlsx","others","その他","PC","O0336",9,"O0336","f",1,808,26
"4297","PC_O0336_34_Yellow.xlsx","sounds","幼児語","PC","O0336",12,"O0336","f",1,1054,34
"4298","PC_O0336_34_Yellow.xlsx","animals","動物の名前","PC","O0336",43,"O0336","f",1,1054,34
"4299","PC_O0336_34_Yellow.xlsx","vehicles","乗り物","PC","O0336",13,"O0336","f",1,1054,34
"4300","PC_O0336_34_Yellow.xlsx","toys","おもちゃ","PC","O0336",18,"O0336","f",1,1054,34
"4301","PC_O0336_34_Yellow.xlsx","food_drink","食べ物と飲み物","PC","O0336",68,"O0336","f",1,1054,34
"4302","PC_O0336_34_Yellow.xlsx","clothing","衣類","PC","O0336",24,"O0336","f",1,1054,34
"4303","PC_O0336_34_Yellow.xlsx","body_parts","体の部分","PC","O0336",27,"O0336","f",1,1054,34
"4304","PC_O0336_34_Yellow.xlsx","furniture_rooms","家具と部屋","PC","O0336",31,"O0336","f",1,1054,34
"4305","PC_O0336_34_Yellow.xlsx","household","小さな家庭用品","PC","O0336",48,"O0336","f",1,1054,34
"4306","PC_O0336_34_Yellow.xlsx","outside","戸外のもの","PC","O0336",29,"O0336","f",1,1054,34
"4307","PC_O0336_34_Yellow.xlsx","places","おでかけ","PC","O0336",20,"O0336","f",1,1054,34
"4308","PC_O0336_34_Yellow.xlsx","people","人々","PC","O0336",28,"O0336","f",1,1054,34
"4309","PC_O0336_34_Yellow.xlsx","games_routines","日課とあいさつ","PC","O0336",25,"O0336","f",1,1054,34
"4310","PC_O0336_34_Yellow.xlsx","action_words","動作語","PC","O0336",102,"O0336","f",1,1054,34
"4311","PC_O0336_34_Yellow.xlsx","time_words","時間についてのことば","PC","O0336",12,"O0336","f",1,1054,34
"4312","PC_O0336_34_Yellow.xlsx","descriptive_words","ようす・性質","PC","O0336",63,"O0336","f",1,1054,34
"4313","PC_O0336_34_Yellow.xlsx","pronouns","代名詞","PC","O0336",21,"O0336","f",1,1054,34
"4314","PC_O0336_34_Yellow.xlsx","question_words","質問のことば","PC","O0336",10,"O0336","f",1,1054,34
"4315","PC_O0336_34_Yellow.xlsx","locations","位置と場所についてのことば","PC","O0336",25,"O0336","f",1,1054,34
"4316","PC_O0336_34_Yellow.xlsx","quantifiers","数量をあらわすことば","PC","O0336",17,"O0336","f",1,1054,34
"4317","PC_O0336_34_Yellow.xlsx","connecting_words","接続語","PC","O0336",6,"O0336","f",1,1054,34
"4318","PC_O0336_34_Yellow.xlsx","sounds2","幼児語（その２）","PC","O0336",29,"O0336","f",1,1054,34
"4319","PC_O0336_34_Yellow.xlsx","conversations","会話語","PC","O0336",14,"O0336","f",1,1054,34
"4320","PC_O0336_34_Yellow.xlsx","others","その他","PC","O0336",9,"O0336","f",1,1054,34
"4321","PC_O0338_31_Yellow.xlsx","sounds","幼児語","PC","O0338",1,"O0338","f",1,944,31
"4322","PC_O0338_31_Yellow.xlsx","animals","動物の名前","PC","O0338",28,"O0338","f",1,944,31
"4323","PC_O0338_31_Yellow.xlsx","vehicles","乗り物","PC","O0338",8,"O0338","f",1,944,31
"4324","PC_O0338_31_Yellow.xlsx","toys","おもちゃ","PC","O0338",11,"O0338","f",1,944,31
"4325","PC_O0338_31_Yellow.xlsx","food_drink","食べ物と飲み物","PC","O0338",43,"O0338","f",1,944,31
"4326","PC_O0338_31_Yellow.xlsx","clothing","衣類","PC","O0338",9,"O0338","f",1,944,31
"4327","PC_O0338_31_Yellow.xlsx","body_parts","体の部分","PC","O0338",15,"O0338","f",1,944,31
"4328","PC_O0338_31_Yellow.xlsx","furniture_rooms","家具と部屋","PC","O0338",4,"O0338","f",1,944,31
"4329","PC_O0338_31_Yellow.xlsx","household","小さな家庭用品","PC","O0338",11,"O0338","f",1,944,31
"4330","PC_O0338_31_Yellow.xlsx","outside","戸外のもの","PC","O0338",8,"O0338","f",1,944,31
"4331","PC_O0338_31_Yellow.xlsx","places","おでかけ","PC","O0338",9,"O0338","f",1,944,31
"4332","PC_O0338_31_Yellow.xlsx","people","人々","PC","O0338",13,"O0338","f",1,944,31
"4333","PC_O0338_31_Yellow.xlsx","games_routines","日課とあいさつ","PC","O0338",22,"O0338","f",1,944,31
"4334","PC_O0338_31_Yellow.xlsx","action_words","動作語","PC","O0338",73,"O0338","f",1,944,31
"4335","PC_O0338_31_Yellow.xlsx","time_words","時間についてのことば","PC","O0338",1,"O0338","f",1,944,31
"4336","PC_O0338_31_Yellow.xlsx","descriptive_words","ようす・性質","PC","O0338",35,"O0338","f",1,944,31
"4337","PC_O0338_31_Yellow.xlsx","pronouns","代名詞","PC","O0338",3,"O0338","f",1,944,31
"4338","PC_O0338_31_Yellow.xlsx","question_words","質問のことば","PC","O0338",0,"O0338","f",1,944,31
"4339","PC_O0338_31_Yellow.xlsx","locations","位置と場所についてのことば","PC","O0338",2,"O0338","f",1,944,31
"4340","PC_O0338_31_Yellow.xlsx","quantifiers","数量をあらわすことば","PC","O0338",7,"O0338","f",1,944,31
"4341","PC_O0338_31_Yellow.xlsx","connecting_words","接続語","PC","O0338",0,"O0338","f",1,944,31
"4342","PC_O0338_31_Yellow.xlsx","sounds2","幼児語（その２）","PC","O0338",8,"O0338","f",1,944,31
"4343","PC_O0338_31_Yellow.xlsx","conversations","会話語","PC","O0338",6,"O0338","f",1,944,31
"4344","PC_O0338_31_Yellow.xlsx","others","その他","PC","O0338",6,"O0338","f",1,944,31
"4345","PC_O0363_16_Yellow.xlsx","sounds","幼児語","PC","O0363",0,"O0363","f",1,506,16
"4346","PC_O0363_16_Yellow.xlsx","animals","動物の名前","PC","O0363",0,"O0363","f",1,506,16
"4347","PC_O0363_16_Yellow.xlsx","vehicles","乗り物","PC","O0363",0,"O0363","f",1,506,16
"4348","PC_O0363_16_Yellow.xlsx","toys","おもちゃ","PC","O0363",0,"O0363","f",1,506,16
"4349","PC_O0363_16_Yellow.xlsx","food_drink","食べ物と飲み物","PC","O0363",0,"O0363","f",1,506,16
"4350","PC_O0363_16_Yellow.xlsx","clothing","衣類","PC","O0363",0,"O0363","f",1,506,16
"4351","PC_O0363_16_Yellow.xlsx","body_parts","体の部分","PC","O0363",0,"O0363","f",1,506,16
"4352","PC_O0363_16_Yellow.xlsx","furniture_rooms","家具と部屋","PC","O0363",0,"O0363","f",1,506,16
"4353","PC_O0363_16_Yellow.xlsx","household","小さな家庭用品","PC","O0363",0,"O0363","f",1,506,16
"4354","PC_O0363_16_Yellow.xlsx","outside","戸外のもの","PC","O0363",0,"O0363","f",1,506,16
"4355","PC_O0363_16_Yellow.xlsx","places","おでかけ","PC","O0363",0,"O0363","f",1,506,16
"4356","PC_O0363_16_Yellow.xlsx","people","人々","PC","O0363",3,"O0363","f",1,506,16
"4357","PC_O0363_16_Yellow.xlsx","games_routines","日課とあいさつ","PC","O0363",2,"O0363","f",1,506,16
"4358","PC_O0363_16_Yellow.xlsx","action_words","動作語","PC","O0363",1,"O0363","f",1,506,16
"4359","PC_O0363_16_Yellow.xlsx","time_words","時間についてのことば","PC","O0363",0,"O0363","f",1,506,16
"4360","PC_O0363_16_Yellow.xlsx","descriptive_words","ようす・性質","PC","O0363",1,"O0363","f",1,506,16
"4361","PC_O0363_16_Yellow.xlsx","pronouns","代名詞","PC","O0363",0,"O0363","f",1,506,16
"4362","PC_O0363_16_Yellow.xlsx","question_words","質問のことば","PC","O0363",0,"O0363","f",1,506,16
"4363","PC_O0363_16_Yellow.xlsx","locations","位置と場所についてのことば","PC","O0363",0,"O0363","f",1,506,16
"4364","PC_O0363_16_Yellow.xlsx","quantifiers","数量をあらわすことば","PC","O0363",0,"O0363","f",1,506,16
"4365","PC_O0363_16_Yellow.xlsx","connecting_words","接続語","PC","O0363",0,"O0363","f",1,506,16
"4366","PC_O0363_16_Yellow.xlsx","sounds2","幼児語（その２）","PC","O0363",2,"O0363","f",1,506,16
"4367","PC_O0363_16_Yellow.xlsx","conversations","会話語","PC","O0363",2,"O0363","f",1,506,16
"4368","PC_O0363_16_Yellow.xlsx","others","その他","PC","O0363",1,"O0363","f",1,506,16
"4369","PC_O0363_22_Yellow.xlsx","sounds","幼児語","PC","O0363",7,"O0363","f",1,699,22
"4370","PC_O0363_22_Yellow.xlsx","animals","動物の名前","PC","O0363",13,"O0363","f",1,699,22
"4371","PC_O0363_22_Yellow.xlsx","vehicles","乗り物","PC","O0363",6,"O0363","f",1,699,22
"4372","PC_O0363_22_Yellow.xlsx","toys","おもちゃ","PC","O0363",6,"O0363","f",1,699,22
"4373","PC_O0363_22_Yellow.xlsx","food_drink","食べ物と飲み物","PC","O0363",25,"O0363","f",1,699,22
"4374","PC_O0363_22_Yellow.xlsx","clothing","衣類","PC","O0363",3,"O0363","f",1,699,22
"4375","PC_O0363_22_Yellow.xlsx","body_parts","体の部分","PC","O0363",12,"O0363","f",1,699,22
"4376","PC_O0363_22_Yellow.xlsx","furniture_rooms","家具と部屋","PC","O0363",3,"O0363","f",1,699,22
"4377","PC_O0363_22_Yellow.xlsx","household","小さな家庭用品","PC","O0363",1,"O0363","f",1,699,22
"4378","PC_O0363_22_Yellow.xlsx","outside","戸外のもの","PC","O0363",0,"O0363","f",1,699,22
"4379","PC_O0363_22_Yellow.xlsx","places","おでかけ","PC","O0363",0,"O0363","f",1,699,22
"4380","PC_O0363_22_Yellow.xlsx","people","人々","PC","O0363",5,"O0363","f",1,699,22
"4381","PC_O0363_22_Yellow.xlsx","games_routines","日課とあいさつ","PC","O0363",12,"O0363","f",1,699,22
"4382","PC_O0363_22_Yellow.xlsx","action_words","動作語","PC","O0363",7,"O0363","f",1,699,22
"4383","PC_O0363_22_Yellow.xlsx","time_words","時間についてのことば","PC","O0363",1,"O0363","f",1,699,22
"4384","PC_O0363_22_Yellow.xlsx","descriptive_words","ようす・性質","PC","O0363",7,"O0363","f",1,699,22
"4385","PC_O0363_22_Yellow.xlsx","pronouns","代名詞","PC","O0363",5,"O0363","f",1,699,22
"4386","PC_O0363_22_Yellow.xlsx","question_words","質問のことば","PC","O0363",0,"O0363","f",1,699,22
"4387","PC_O0363_22_Yellow.xlsx","locations","位置と場所についてのことば","PC","O0363",4,"O0363","f",1,699,22
"4388","PC_O0363_22_Yellow.xlsx","quantifiers","数量をあらわすことば","PC","O0363",1,"O0363","f",1,699,22
"4389","PC_O0363_22_Yellow.xlsx","connecting_words","接続語","PC","O0363",0,"O0363","f",1,699,22
"4390","PC_O0363_22_Yellow.xlsx","sounds2","幼児語（その２）","PC","O0363",10,"O0363","f",1,699,22
"4391","PC_O0363_22_Yellow.xlsx","conversations","会話語","PC","O0363",5,"O0363","f",1,699,22
"4392","PC_O0363_22_Yellow.xlsx","others","その他","PC","O0363",2,"O0363","f",1,699,22
"4393","PC_O0367_23_Yellow.xlsx","sounds","幼児語","PC","O0367",9,"O0367","f",1,724,23
"4394","PC_O0367_23_Yellow.xlsx","animals","動物の名前","PC","O0367",26,"O0367","f",1,724,23
"4395","PC_O0367_23_Yellow.xlsx","vehicles","乗り物","PC","O0367",8,"O0367","f",1,724,23
"4396","PC_O0367_23_Yellow.xlsx","toys","おもちゃ","PC","O0367",6,"O0367","f",1,724,23
"4397","PC_O0367_23_Yellow.xlsx","food_drink","食べ物と飲み物","PC","O0367",52,"O0367","f",1,724,23
"4398","PC_O0367_23_Yellow.xlsx","clothing","衣類","PC","O0367",5,"O0367","f",1,724,23
"4399","PC_O0367_23_Yellow.xlsx","body_parts","体の部分","PC","O0367",14,"O0367","f",1,724,23
"4400","PC_O0367_23_Yellow.xlsx","furniture_rooms","家具と部屋","PC","O0367",4,"O0367","f",1,724,23
"4401","PC_O0367_23_Yellow.xlsx","household","小さな家庭用品","PC","O0367",12,"O0367","f",1,724,23
"4402","PC_O0367_23_Yellow.xlsx","outside","戸外のもの","PC","O0367",13,"O0367","f",1,724,23
"4403","PC_O0367_23_Yellow.xlsx","places","おでかけ","PC","O0367",5,"O0367","f",1,724,23
"4404","PC_O0367_23_Yellow.xlsx","people","人々","PC","O0367",7,"O0367","f",1,724,23
"4405","PC_O0367_23_Yellow.xlsx","games_routines","日課とあいさつ","PC","O0367",22,"O0367","f",1,724,23
"4406","PC_O0367_23_Yellow.xlsx","action_words","動作語","PC","O0367",24,"O0367","f",1,724,23
"4407","PC_O0367_23_Yellow.xlsx","time_words","時間についてのことば","PC","O0367",3,"O0367","f",1,724,23
"4408","PC_O0367_23_Yellow.xlsx","descriptive_words","ようす・性質","PC","O0367",25,"O0367","f",1,724,23
"4409","PC_O0367_23_Yellow.xlsx","pronouns","代名詞","PC","O0367",5,"O0367","f",1,724,23
"4410","PC_O0367_23_Yellow.xlsx","question_words","質問のことば","PC","O0367",2,"O0367","f",1,724,23
"4411","PC_O0367_23_Yellow.xlsx","locations","位置と場所についてのことば","PC","O0367",1,"O0367","f",1,724,23
"4412","PC_O0367_23_Yellow.xlsx","quantifiers","数量をあらわすことば","PC","O0367",9,"O0367","f",1,724,23
"4413","PC_O0367_23_Yellow.xlsx","connecting_words","接続語","PC","O0367",0,"O0367","f",1,724,23
"4414","PC_O0367_23_Yellow.xlsx","sounds2","幼児語（その２）","PC","O0367",20,"O0367","f",1,724,23
"4415","PC_O0367_23_Yellow.xlsx","conversations","会話語","PC","O0367",2,"O0367","f",1,724,23
"4416","PC_O0367_23_Yellow.xlsx","others","その他","PC","O0367",3,"O0367","f",1,724,23
"4417","PC_O0367_30_Yellow.xlsx","sounds","幼児語","PC","O0367",12,"O0367","f",1,919,30
"4418","PC_O0367_30_Yellow.xlsx","animals","動物の名前","PC","O0367",42,"O0367","f",1,919,30
"4419","PC_O0367_30_Yellow.xlsx","vehicles","乗り物","PC","O0367",12,"O0367","f",1,919,30
"4420","PC_O0367_30_Yellow.xlsx","toys","おもちゃ","PC","O0367",16,"O0367","f",1,919,30
"4421","PC_O0367_30_Yellow.xlsx","food_drink","食べ物と飲み物","PC","O0367",63,"O0367","f",1,919,30
"4422","PC_O0367_30_Yellow.xlsx","clothing","衣類","PC","O0367",13,"O0367","f",1,919,30
"4423","PC_O0367_30_Yellow.xlsx","body_parts","体の部分","PC","O0367",24,"O0367","f",1,919,30
"4424","PC_O0367_30_Yellow.xlsx","furniture_rooms","家具と部屋","PC","O0367",18,"O0367","f",1,919,30
"4425","PC_O0367_30_Yellow.xlsx","household","小さな家庭用品","PC","O0367",35,"O0367","f",1,919,30
"4426","PC_O0367_30_Yellow.xlsx","outside","戸外のもの","PC","O0367",25,"O0367","f",1,919,30
"4427","PC_O0367_30_Yellow.xlsx","places","おでかけ","PC","O0367",14,"O0367","f",1,919,30
"4428","PC_O0367_30_Yellow.xlsx","people","人々","PC","O0367",20,"O0367","f",1,919,30
"4429","PC_O0367_30_Yellow.xlsx","games_routines","日課とあいさつ","PC","O0367",25,"O0367","f",1,919,30
"4430","PC_O0367_30_Yellow.xlsx","action_words","動作語","PC","O0367",84,"O0367","f",1,919,30
"4431","PC_O0367_30_Yellow.xlsx","time_words","時間についてのことば","PC","O0367",9,"O0367","f",1,919,30
"4432","PC_O0367_30_Yellow.xlsx","descriptive_words","ようす・性質","PC","O0367",58,"O0367","f",1,919,30
"4433","PC_O0367_30_Yellow.xlsx","pronouns","代名詞","PC","O0367",15,"O0367","f",1,919,30
"4434","PC_O0367_30_Yellow.xlsx","question_words","質問のことば","PC","O0367",7,"O0367","f",1,919,30
"4435","PC_O0367_30_Yellow.xlsx","locations","位置と場所についてのことば","PC","O0367",11,"O0367","f",1,919,30
"4436","PC_O0367_30_Yellow.xlsx","quantifiers","数量をあらわすことば","PC","O0367",15,"O0367","f",1,919,30
"4437","PC_O0367_30_Yellow.xlsx","connecting_words","接続語","PC","O0367",1,"O0367","f",1,919,30
"4438","PC_O0367_30_Yellow.xlsx","sounds2","幼児語（その２）","PC","O0367",24,"O0367","f",1,919,30
"4439","PC_O0367_30_Yellow.xlsx","conversations","会話語","PC","O0367",9,"O0367","f",1,919,30
"4440","PC_O0367_30_Yellow.xlsx","others","その他","PC","O0367",9,"O0367","f",1,919,30
"4441","PC_O0376_24_Yellow.xlsx","sounds","幼児語","PC","O0376",4,"O0376","m",1,744,24
"4442","PC_O0376_24_Yellow.xlsx","animals","動物の名前","PC","O0376",2,"O0376","m",1,744,24
"4443","PC_O0376_24_Yellow.xlsx","vehicles","乗り物","PC","O0376",0,"O0376","m",1,744,24
"4444","PC_O0376_24_Yellow.xlsx","toys","おもちゃ","PC","O0376",0,"O0376","m",1,744,24
"4445","PC_O0376_24_Yellow.xlsx","food_drink","食べ物と飲み物","PC","O0376",6,"O0376","m",1,744,24
"4446","PC_O0376_24_Yellow.xlsx","clothing","衣類","PC","O0376",1,"O0376","m",1,744,24
"4447","PC_O0376_24_Yellow.xlsx","body_parts","体の部分","PC","O0376",1,"O0376","m",1,744,24
"4448","PC_O0376_24_Yellow.xlsx","furniture_rooms","家具と部屋","PC","O0376",0,"O0376","m",1,744,24
"4449","PC_O0376_24_Yellow.xlsx","household","小さな家庭用品","PC","O0376",1,"O0376","m",1,744,24
"4450","PC_O0376_24_Yellow.xlsx","outside","戸外のもの","PC","O0376",0,"O0376","m",1,744,24
"4451","PC_O0376_24_Yellow.xlsx","places","おでかけ","PC","O0376",0,"O0376","m",1,744,24
"4452","PC_O0376_24_Yellow.xlsx","people","人々","PC","O0376",4,"O0376","m",1,744,24
"4453","PC_O0376_24_Yellow.xlsx","games_routines","日課とあいさつ","PC","O0376",3,"O0376","m",1,744,24
"4454","PC_O0376_24_Yellow.xlsx","action_words","動作語","PC","O0376",0,"O0376","m",1,744,24
"4455","PC_O0376_24_Yellow.xlsx","time_words","時間についてのことば","PC","O0376",0,"O0376","m",1,744,24
"4456","PC_O0376_24_Yellow.xlsx","descriptive_words","ようす・性質","PC","O0376",3,"O0376","m",1,744,24
"4457","PC_O0376_24_Yellow.xlsx","pronouns","代名詞","PC","O0376",0,"O0376","m",1,744,24
"4458","PC_O0376_24_Yellow.xlsx","question_words","質問のことば","PC","O0376",0,"O0376","m",1,744,24
"4459","PC_O0376_24_Yellow.xlsx","locations","位置と場所についてのことば","PC","O0376",0,"O0376","m",1,744,24
"4460","PC_O0376_24_Yellow.xlsx","quantifiers","数量をあらわすことば","PC","O0376",0,"O0376","m",1,744,24
"4461","PC_O0376_24_Yellow.xlsx","connecting_words","接続語","PC","O0376",0,"O0376","m",1,744,24
"4462","PC_O0376_24_Yellow.xlsx","sounds2","幼児語（その２）","PC","O0376",7,"O0376","m",1,744,24
"4463","PC_O0376_24_Yellow.xlsx","conversations","会話語","PC","O0376",0,"O0376","m",1,744,24
"4464","PC_O0376_24_Yellow.xlsx","others","その他","PC","O0376",0,"O0376","m",1,744,24
"4465","PC_O0376_31_Yellow.xlsx","sounds","幼児語","PC","O0376",7,"O0376","m",1,960,31
"4466","PC_O0376_31_Yellow.xlsx","animals","動物の名前","PC","O0376",25,"O0376","m",1,960,31
"4467","PC_O0376_31_Yellow.xlsx","vehicles","乗り物","PC","O0376",12,"O0376","m",1,960,31
"4468","PC_O0376_31_Yellow.xlsx","toys","おもちゃ","PC","O0376",7,"O0376","m",1,960,31
"4469","PC_O0376_31_Yellow.xlsx","food_drink","食べ物と飲み物","PC","O0376",52,"O0376","m",1,960,31
"4470","PC_O0376_31_Yellow.xlsx","clothing","衣類","PC","O0376",12,"O0376","m",1,960,31
"4471","PC_O0376_31_Yellow.xlsx","body_parts","体の部分","PC","O0376",24,"O0376","m",1,960,31
"4472","PC_O0376_31_Yellow.xlsx","furniture_rooms","家具と部屋","PC","O0376",18,"O0376","m",1,960,31
"4473","PC_O0376_31_Yellow.xlsx","household","小さな家庭用品","PC","O0376",29,"O0376","m",1,960,31
"4474","PC_O0376_31_Yellow.xlsx","outside","戸外のもの","PC","O0376",16,"O0376","m",1,960,31
"4475","PC_O0376_31_Yellow.xlsx","places","おでかけ","PC","O0376",13,"O0376","m",1,960,31
"4476","PC_O0376_31_Yellow.xlsx","people","人々","PC","O0376",7,"O0376","m",1,960,31
"4477","PC_O0376_31_Yellow.xlsx","games_routines","日課とあいさつ","PC","O0376",17,"O0376","m",1,960,31
"4478","PC_O0376_31_Yellow.xlsx","action_words","動作語","PC","O0376",47,"O0376","m",1,960,31
"4479","PC_O0376_31_Yellow.xlsx","time_words","時間についてのことば","PC","O0376",6,"O0376","m",1,960,31
"4480","PC_O0376_31_Yellow.xlsx","descriptive_words","ようす・性質","PC","O0376",34,"O0376","m",1,960,31
"4481","PC_O0376_31_Yellow.xlsx","pronouns","代名詞","PC","O0376",7,"O0376","m",1,960,31
"4482","PC_O0376_31_Yellow.xlsx","question_words","質問のことば","PC","O0376",0,"O0376","m",1,960,31
"4483","PC_O0376_31_Yellow.xlsx","locations","位置と場所についてのことば","PC","O0376",5,"O0376","m",1,960,31
"4484","PC_O0376_31_Yellow.xlsx","quantifiers","数量をあらわすことば","PC","O0376",2,"O0376","m",1,960,31
"4485","PC_O0376_31_Yellow.xlsx","connecting_words","接続語","PC","O0376",0,"O0376","m",1,960,31
"4486","PC_O0376_31_Yellow.xlsx","sounds2","幼児語（その２）","PC","O0376",11,"O0376","m",1,960,31
"4487","PC_O0376_31_Yellow.xlsx","conversations","会話語","PC","O0376",1,"O0376","m",1,960,31
"4488","PC_O0376_31_Yellow.xlsx","others","その他","PC","O0376",3,"O0376","m",1,960,31
"4489","PC_O0377_24_Yellow.xlsx","sounds","幼児語","PC","O0377",0,"O0377","m",1,756,24
"4490","PC_O0377_24_Yellow.xlsx","animals","動物の名前","PC","O0377",0,"O0377","m",1,756,24
"4491","PC_O0377_24_Yellow.xlsx","vehicles","乗り物","PC","O0377",0,"O0377","m",1,756,24
"4492","PC_O0377_24_Yellow.xlsx","toys","おもちゃ","PC","O0377",0,"O0377","m",1,756,24
"4493","PC_O0377_24_Yellow.xlsx","food_drink","食べ物と飲み物","PC","O0377",0,"O0377","m",1,756,24
"4494","PC_O0377_24_Yellow.xlsx","clothing","衣類","PC","O0377",0,"O0377","m",1,756,24
"4495","PC_O0377_24_Yellow.xlsx","body_parts","体の部分","PC","O0377",0,"O0377","m",1,756,24
"4496","PC_O0377_24_Yellow.xlsx","furniture_rooms","家具と部屋","PC","O0377",0,"O0377","m",1,756,24
"4497","PC_O0377_24_Yellow.xlsx","household","小さな家庭用品","PC","O0377",0,"O0377","m",1,756,24
"4498","PC_O0377_24_Yellow.xlsx","outside","戸外のもの","PC","O0377",0,"O0377","m",1,756,24
"4499","PC_O0377_24_Yellow.xlsx","places","おでかけ","PC","O0377",0,"O0377","m",1,756,24
"4500","PC_O0377_24_Yellow.xlsx","people","人々","PC","O0377",0,"O0377","m",1,756,24
"4501","PC_O0377_24_Yellow.xlsx","games_routines","日課とあいさつ","PC","O0377",0,"O0377","m",1,756,24
"4502","PC_O0377_24_Yellow.xlsx","action_words","動作語","PC","O0377",0,"O0377","m",1,756,24
"4503","PC_O0377_24_Yellow.xlsx","time_words","時間についてのことば","PC","O0377",0,"O0377","m",1,756,24
"4504","PC_O0377_24_Yellow.xlsx","descriptive_words","ようす・性質","PC","O0377",0,"O0377","m",1,756,24
"4505","PC_O0377_24_Yellow.xlsx","pronouns","代名詞","PC","O0377",0,"O0377","m",1,756,24
"4506","PC_O0377_24_Yellow.xlsx","question_words","質問のことば","PC","O0377",0,"O0377","m",1,756,24
"4507","PC_O0377_24_Yellow.xlsx","locations","位置と場所についてのことば","PC","O0377",0,"O0377","m",1,756,24
"4508","PC_O0377_24_Yellow.xlsx","quantifiers","数量をあらわすことば","PC","O0377",0,"O0377","m",1,756,24
"4509","PC_O0377_24_Yellow.xlsx","connecting_words","接続語","PC","O0377",0,"O0377","m",1,756,24
"4510","PC_O0377_24_Yellow.xlsx","sounds2","幼児語（その２）","PC","O0377",0,"O0377","m",1,756,24
"4511","PC_O0377_24_Yellow.xlsx","conversations","会話語","PC","O0377",0,"O0377","m",1,756,24
"4512","PC_O0377_24_Yellow.xlsx","others","その他","PC","O0377",0,"O0377","m",1,756,24
"4513","PC_O0377_31_Yellow.xlsx","sounds","幼児語","PC","O0377",11,"O0377","m",1,944,31
"4514","PC_O0377_31_Yellow.xlsx","animals","動物の名前","PC","O0377",40,"O0377","m",1,944,31
"4515","PC_O0377_31_Yellow.xlsx","vehicles","乗り物","PC","O0377",9,"O0377","m",1,944,31
"4516","PC_O0377_31_Yellow.xlsx","toys","おもちゃ","PC","O0377",3,"O0377","m",1,944,31
"4517","PC_O0377_31_Yellow.xlsx","food_drink","食べ物と飲み物","PC","O0377",17,"O0377","m",1,944,31
"4518","PC_O0377_31_Yellow.xlsx","clothing","衣類","PC","O0377",6,"O0377","m",1,944,31
"4519","PC_O0377_31_Yellow.xlsx","body_parts","体の部分","PC","O0377",18,"O0377","m",1,944,31
"4520","PC_O0377_31_Yellow.xlsx","furniture_rooms","家具と部屋","PC","O0377",2,"O0377","m",1,944,31
"4521","PC_O0377_31_Yellow.xlsx","household","小さな家庭用品","PC","O0377",2,"O0377","m",1,944,31
"4522","PC_O0377_31_Yellow.xlsx","outside","戸外のもの","PC","O0377",9,"O0377","m",1,944,31
"4523","PC_O0377_31_Yellow.xlsx","places","おでかけ","PC","O0377",2,"O0377","m",1,944,31
"4524","PC_O0377_31_Yellow.xlsx","people","人々","PC","O0377",4,"O0377","m",1,944,31
"4525","PC_O0377_31_Yellow.xlsx","games_routines","日課とあいさつ","PC","O0377",15,"O0377","m",1,944,31
"4526","PC_O0377_31_Yellow.xlsx","action_words","動作語","PC","O0377",8,"O0377","m",1,944,31
"4527","PC_O0377_31_Yellow.xlsx","time_words","時間についてのことば","PC","O0377",1,"O0377","m",1,944,31
"4528","PC_O0377_31_Yellow.xlsx","descriptive_words","ようす・性質","PC","O0377",20,"O0377","m",1,944,31
"4529","PC_O0377_31_Yellow.xlsx","pronouns","代名詞","PC","O0377",2,"O0377","m",1,944,31
"4530","PC_O0377_31_Yellow.xlsx","question_words","質問のことば","PC","O0377",1,"O0377","m",1,944,31
"4531","PC_O0377_31_Yellow.xlsx","locations","位置と場所についてのことば","PC","O0377",0,"O0377","m",1,944,31
"4532","PC_O0377_31_Yellow.xlsx","quantifiers","数量をあらわすことば","PC","O0377",3,"O0377","m",1,944,31
"4533","PC_O0377_31_Yellow.xlsx","connecting_words","接続語","PC","O0377",0,"O0377","m",1,944,31
"4534","PC_O0377_31_Yellow.xlsx","sounds2","幼児語（その２）","PC","O0377",14,"O0377","m",1,944,31
"4535","PC_O0377_31_Yellow.xlsx","conversations","会話語","PC","O0377",3,"O0377","m",1,944,31
"4536","PC_O0377_31_Yellow.xlsx","others","その他","PC","O0377",4,"O0377","m",1,944,31
"4537","PC_O0380_16_Yellow.xlsx","sounds","幼児語","PC","O0380",5,"O0380","m",1,506,16
"4538","PC_O0380_16_Yellow.xlsx","animals","動物の名前","PC","O0380",0,"O0380","m",1,506,16
"4539","PC_O0380_16_Yellow.xlsx","vehicles","乗り物","PC","O0380",0,"O0380","m",1,506,16
"4540","PC_O0380_16_Yellow.xlsx","toys","おもちゃ","PC","O0380",0,"O0380","m",1,506,16
"4541","PC_O0380_16_Yellow.xlsx","food_drink","食べ物と飲み物","PC","O0380",0,"O0380","m",1,506,16
"4542","PC_O0380_16_Yellow.xlsx","clothing","衣類","PC","O0380",0,"O0380","m",1,506,16
"4543","PC_O0380_16_Yellow.xlsx","body_parts","体の部分","PC","O0380",0,"O0380","m",1,506,16
"4544","PC_O0380_16_Yellow.xlsx","furniture_rooms","家具と部屋","PC","O0380",0,"O0380","m",1,506,16
"4545","PC_O0380_16_Yellow.xlsx","household","小さな家庭用品","PC","O0380",0,"O0380","m",1,506,16
"4546","PC_O0380_16_Yellow.xlsx","outside","戸外のもの","PC","O0380",0,"O0380","m",1,506,16
"4547","PC_O0380_16_Yellow.xlsx","places","おでかけ","PC","O0380",0,"O0380","m",1,506,16
"4548","PC_O0380_16_Yellow.xlsx","people","人々","PC","O0380",2,"O0380","m",1,506,16
"4549","PC_O0380_16_Yellow.xlsx","games_routines","日課とあいさつ","PC","O0380",3,"O0380","m",1,506,16
"4550","PC_O0380_16_Yellow.xlsx","action_words","動作語","PC","O0380",0,"O0380","m",1,506,16
"4551","PC_O0380_16_Yellow.xlsx","time_words","時間についてのことば","PC","O0380",0,"O0380","m",1,506,16
"4552","PC_O0380_16_Yellow.xlsx","descriptive_words","ようす・性質","PC","O0380",0,"O0380","m",1,506,16
"4553","PC_O0380_16_Yellow.xlsx","pronouns","代名詞","PC","O0380",0,"O0380","m",1,506,16
"4554","PC_O0380_16_Yellow.xlsx","question_words","質問のことば","PC","O0380",0,"O0380","m",1,506,16
"4555","PC_O0380_16_Yellow.xlsx","locations","位置と場所についてのことば","PC","O0380",0,"O0380","m",1,506,16
"4556","PC_O0380_16_Yellow.xlsx","quantifiers","数量をあらわすことば","PC","O0380",0,"O0380","m",1,506,16
"4557","PC_O0380_16_Yellow.xlsx","connecting_words","接続語","PC","O0380",0,"O0380","m",1,506,16
"4558","PC_O0380_16_Yellow.xlsx","sounds2","幼児語（その２）","PC","O0380",0,"O0380","m",1,506,16
"4559","PC_O0380_16_Yellow.xlsx","conversations","会話語","PC","O0380",2,"O0380","m",1,506,16
"4560","PC_O0380_16_Yellow.xlsx","others","その他","PC","O0380",0,"O0380","m",1,506,16
"4561","PC_O0384_24_Yellow.xlsx","sounds","幼児語","PC","O0384",6,"O0384","m",1,750,24
"4562","PC_O0384_24_Yellow.xlsx","animals","動物の名前","PC","O0384",2,"O0384","m",1,750,24
"4563","PC_O0384_24_Yellow.xlsx","vehicles","乗り物","PC","O0384",1,"O0384","m",1,750,24
"4564","PC_O0384_24_Yellow.xlsx","toys","おもちゃ","PC","O0384",0,"O0384","m",1,750,24
"4565","PC_O0384_24_Yellow.xlsx","food_drink","食べ物と飲み物","PC","O0384",9,"O0384","m",1,750,24
"4566","PC_O0384_24_Yellow.xlsx","clothing","衣類","PC","O0384",0,"O0384","m",1,750,24
"4567","PC_O0384_24_Yellow.xlsx","body_parts","体の部分","PC","O0384",0,"O0384","m",1,750,24
"4568","PC_O0384_24_Yellow.xlsx","furniture_rooms","家具と部屋","PC","O0384",2,"O0384","m",1,750,24
"4569","PC_O0384_24_Yellow.xlsx","household","小さな家庭用品","PC","O0384",1,"O0384","m",1,750,24
"4570","PC_O0384_24_Yellow.xlsx","outside","戸外のもの","PC","O0384",1,"O0384","m",1,750,24
"4571","PC_O0384_24_Yellow.xlsx","places","おでかけ","PC","O0384",0,"O0384","m",1,750,24
"4572","PC_O0384_24_Yellow.xlsx","people","人々","PC","O0384",4,"O0384","m",1,750,24
"4573","PC_O0384_24_Yellow.xlsx","games_routines","日課とあいさつ","PC","O0384",2,"O0384","m",1,750,24
"4574","PC_O0384_24_Yellow.xlsx","action_words","動作語","PC","O0384",0,"O0384","m",1,750,24
"4575","PC_O0384_24_Yellow.xlsx","time_words","時間についてのことば","PC","O0384",0,"O0384","m",1,750,24
"4576","PC_O0384_24_Yellow.xlsx","descriptive_words","ようす・性質","PC","O0384",6,"O0384","m",1,750,24
"4577","PC_O0384_24_Yellow.xlsx","pronouns","代名詞","PC","O0384",1,"O0384","m",1,750,24
"4578","PC_O0384_24_Yellow.xlsx","question_words","質問のことば","PC","O0384",1,"O0384","m",1,750,24
"4579","PC_O0384_24_Yellow.xlsx","locations","位置と場所についてのことば","PC","O0384",4,"O0384","m",1,750,24
"4580","PC_O0384_24_Yellow.xlsx","quantifiers","数量をあらわすことば","PC","O0384",2,"O0384","m",1,750,24
"4581","PC_O0384_24_Yellow.xlsx","connecting_words","接続語","PC","O0384",0,"O0384","m",1,750,24
"4582","PC_O0384_24_Yellow.xlsx","sounds2","幼児語（その２）","PC","O0384",4,"O0384","m",1,750,24
"4583","PC_O0384_24_Yellow.xlsx","conversations","会話語","PC","O0384",3,"O0384","m",1,750,24
"4584","PC_O0384_24_Yellow.xlsx","others","その他","PC","O0384",2,"O0384","m",1,750,24
"4585","PC_O0384_30_Yellow.xlsx","sounds","幼児語","PC","O0384",9,"O0384","m",1,939,30
"4586","PC_O0384_30_Yellow.xlsx","animals","動物の名前","PC","O0384",43,"O0384","m",1,939,30
"4587","PC_O0384_30_Yellow.xlsx","vehicles","乗り物","PC","O0384",13,"O0384","m",1,939,30
"4588","PC_O0384_30_Yellow.xlsx","toys","おもちゃ","PC","O0384",14,"O0384","m",1,939,30
"4589","PC_O0384_30_Yellow.xlsx","food_drink","食べ物と飲み物","PC","O0384",52,"O0384","m",1,939,30
"4590","PC_O0384_30_Yellow.xlsx","clothing","衣類","PC","O0384",20,"O0384","m",1,939,30
"4591","PC_O0384_30_Yellow.xlsx","body_parts","体の部分","PC","O0384",27,"O0384","m",1,939,30
"4592","PC_O0384_30_Yellow.xlsx","furniture_rooms","家具と部屋","PC","O0384",27,"O0384","m",1,939,30
"4593","PC_O0384_30_Yellow.xlsx","household","小さな家庭用品","PC","O0384",41,"O0384","m",1,939,30
"4594","PC_O0384_30_Yellow.xlsx","outside","戸外のもの","PC","O0384",25,"O0384","m",1,939,30
"4595","PC_O0384_30_Yellow.xlsx","places","おでかけ","PC","O0384",17,"O0384","m",1,939,30
"4596","PC_O0384_30_Yellow.xlsx","people","人々","PC","O0384",17,"O0384","m",1,939,30
"4597","PC_O0384_30_Yellow.xlsx","games_routines","日課とあいさつ","PC","O0384",25,"O0384","m",1,939,30
"4598","PC_O0384_30_Yellow.xlsx","action_words","動作語","PC","O0384",93,"O0384","m",1,939,30
"4599","PC_O0384_30_Yellow.xlsx","time_words","時間についてのことば","PC","O0384",10,"O0384","m",1,939,30
"4600","PC_O0384_30_Yellow.xlsx","descriptive_words","ようす・性質","PC","O0384",44,"O0384","m",1,939,30
"4601","PC_O0384_30_Yellow.xlsx","pronouns","代名詞","PC","O0384",14,"O0384","m",1,939,30
"4602","PC_O0384_30_Yellow.xlsx","question_words","質問のことば","PC","O0384",4,"O0384","m",1,939,30
"4603","PC_O0384_30_Yellow.xlsx","locations","位置と場所についてのことば","PC","O0384",20,"O0384","m",1,939,30
"4604","PC_O0384_30_Yellow.xlsx","quantifiers","数量をあらわすことば","PC","O0384",17,"O0384","m",1,939,30
"4605","PC_O0384_30_Yellow.xlsx","connecting_words","接続語","PC","O0384",0,"O0384","m",1,939,30
"4606","PC_O0384_30_Yellow.xlsx","sounds2","幼児語（その２）","PC","O0384",21,"O0384","m",1,939,30
"4607","PC_O0384_30_Yellow.xlsx","conversations","会話語","PC","O0384",9,"O0384","m",1,939,30
"4608","PC_O0384_30_Yellow.xlsx","others","その他","PC","O0384",7,"O0384","m",1,939,30
"4609","PC_O0396_24_Yellow.xlsx","sounds","幼児語","PC","O0396",7,"O0396","m",1,758,24
"4610","PC_O0396_24_Yellow.xlsx","animals","動物の名前","PC","O0396",4,"O0396","m",1,758,24
"4611","PC_O0396_24_Yellow.xlsx","vehicles","乗り物","PC","O0396",5,"O0396","m",1,758,24
"4612","PC_O0396_24_Yellow.xlsx","toys","おもちゃ","PC","O0396",0,"O0396","m",1,758,24
"4613","PC_O0396_24_Yellow.xlsx","food_drink","食べ物と飲み物","PC","O0396",6,"O0396","m",1,758,24
"4614","PC_O0396_24_Yellow.xlsx","clothing","衣類","PC","O0396",2,"O0396","m",1,758,24
"4615","PC_O0396_24_Yellow.xlsx","body_parts","体の部分","PC","O0396",5,"O0396","m",1,758,24
"4616","PC_O0396_24_Yellow.xlsx","furniture_rooms","家具と部屋","PC","O0396",2,"O0396","m",1,758,24
"4617","PC_O0396_24_Yellow.xlsx","household","小さな家庭用品","PC","O0396",0,"O0396","m",1,758,24
"4618","PC_O0396_24_Yellow.xlsx","outside","戸外のもの","PC","O0396",1,"O0396","m",1,758,24
"4619","PC_O0396_24_Yellow.xlsx","places","おでかけ","PC","O0396",1,"O0396","m",1,758,24
"4620","PC_O0396_24_Yellow.xlsx","people","人々","PC","O0396",5,"O0396","m",1,758,24
"4621","PC_O0396_24_Yellow.xlsx","games_routines","日課とあいさつ","PC","O0396",4,"O0396","m",1,758,24
"4622","PC_O0396_24_Yellow.xlsx","action_words","動作語","PC","O0396",2,"O0396","m",1,758,24
"4623","PC_O0396_24_Yellow.xlsx","time_words","時間についてのことば","PC","O0396",0,"O0396","m",1,758,24
"4624","PC_O0396_24_Yellow.xlsx","descriptive_words","ようす・性質","PC","O0396",6,"O0396","m",1,758,24
"4625","PC_O0396_24_Yellow.xlsx","pronouns","代名詞","PC","O0396",3,"O0396","m",1,758,24
"4626","PC_O0396_24_Yellow.xlsx","question_words","質問のことば","PC","O0396",0,"O0396","m",1,758,24
"4627","PC_O0396_24_Yellow.xlsx","locations","位置と場所についてのことば","PC","O0396",1,"O0396","m",1,758,24
"4628","PC_O0396_24_Yellow.xlsx","quantifiers","数量をあらわすことば","PC","O0396",1,"O0396","m",1,758,24
"4629","PC_O0396_24_Yellow.xlsx","connecting_words","接続語","PC","O0396",0,"O0396","m",1,758,24
"4630","PC_O0396_24_Yellow.xlsx","sounds2","幼児語（その２）","PC","O0396",14,"O0396","m",1,758,24
"4631","PC_O0396_24_Yellow.xlsx","conversations","会話語","PC","O0396",3,"O0396","m",1,758,24
"4632","PC_O0396_24_Yellow.xlsx","others","その他","PC","O0396",4,"O0396","m",1,758,24
"4633","PC_O0396_31_Yellow.xlsx","sounds","幼児語","PC","O0396",9,"O0396","m",1,950,31
"4634","PC_O0396_31_Yellow.xlsx","animals","動物の名前","PC","O0396",33,"O0396","m",1,950,31
"4635","PC_O0396_31_Yellow.xlsx","vehicles","乗り物","PC","O0396",14,"O0396","m",1,950,31
"4636","PC_O0396_31_Yellow.xlsx","toys","おもちゃ","PC","O0396",6,"O0396","m",1,950,31
"4637","PC_O0396_31_Yellow.xlsx","food_drink","食べ物と飲み物","PC","O0396",46,"O0396","m",1,950,31
"4638","PC_O0396_31_Yellow.xlsx","clothing","衣類","PC","O0396",11,"O0396","m",1,950,31
"4639","PC_O0396_31_Yellow.xlsx","body_parts","体の部分","PC","O0396",20,"O0396","m",1,950,31
"4640","PC_O0396_31_Yellow.xlsx","furniture_rooms","家具と部屋","PC","O0396",19,"O0396","m",1,950,31
"4641","PC_O0396_31_Yellow.xlsx","household","小さな家庭用品","PC","O0396",16,"O0396","m",1,950,31
"4642","PC_O0396_31_Yellow.xlsx","outside","戸外のもの","PC","O0396",13,"O0396","m",1,950,31
"4643","PC_O0396_31_Yellow.xlsx","places","おでかけ","PC","O0396",8,"O0396","m",1,950,31
"4644","PC_O0396_31_Yellow.xlsx","people","人々","PC","O0396",15,"O0396","m",1,950,31
"4645","PC_O0396_31_Yellow.xlsx","games_routines","日課とあいさつ","PC","O0396",17,"O0396","m",1,950,31
"4646","PC_O0396_31_Yellow.xlsx","action_words","動作語","PC","O0396",36,"O0396","m",1,950,31
"4647","PC_O0396_31_Yellow.xlsx","time_words","時間についてのことば","PC","O0396",4,"O0396","m",1,950,31
"4648","PC_O0396_31_Yellow.xlsx","descriptive_words","ようす・性質","PC","O0396",31,"O0396","m",1,950,31
"4649","PC_O0396_31_Yellow.xlsx","pronouns","代名詞","PC","O0396",11,"O0396","m",1,950,31
"4650","PC_O0396_31_Yellow.xlsx","question_words","質問のことば","PC","O0396",0,"O0396","m",1,950,31
"4651","PC_O0396_31_Yellow.xlsx","locations","位置と場所についてのことば","PC","O0396",9,"O0396","m",1,950,31
"4652","PC_O0396_31_Yellow.xlsx","quantifiers","数量をあらわすことば","PC","O0396",13,"O0396","m",1,950,31
"4653","PC_O0396_31_Yellow.xlsx","connecting_words","接続語","PC","O0396",0,"O0396","m",1,950,31
"4654","PC_O0396_31_Yellow.xlsx","sounds2","幼児語（その２）","PC","O0396",17,"O0396","m",1,950,31
"4655","PC_O0396_31_Yellow.xlsx","conversations","会話語","PC","O0396",5,"O0396","m",1,950,31
"4656","PC_O0396_31_Yellow.xlsx","others","その他","PC","O0396",5,"O0396","m",1,950,31
"4657","PC_O0397_24_Yellow.xlsx","sounds","幼児語","PC","O0397",7,"O0397","m",1,758,24
"4658","PC_O0397_24_Yellow.xlsx","animals","動物の名前","PC","O0397",4,"O0397","m",1,758,24
"4659","PC_O0397_24_Yellow.xlsx","vehicles","乗り物","PC","O0397",6,"O0397","m",1,758,24
"4660","PC_O0397_24_Yellow.xlsx","toys","おもちゃ","PC","O0397",0,"O0397","m",1,758,24
"4661","PC_O0397_24_Yellow.xlsx","food_drink","食べ物と飲み物","PC","O0397",8,"O0397","m",1,758,24
"4662","PC_O0397_24_Yellow.xlsx","clothing","衣類","PC","O0397",2,"O0397","m",1,758,24
"4663","PC_O0397_24_Yellow.xlsx","body_parts","体の部分","PC","O0397",5,"O0397","m",1,758,24
"4664","PC_O0397_24_Yellow.xlsx","furniture_rooms","家具と部屋","PC","O0397",2,"O0397","m",1,758,24
"4665","PC_O0397_24_Yellow.xlsx","household","小さな家庭用品","PC","O0397",0,"O0397","m",1,758,24
"4666","PC_O0397_24_Yellow.xlsx","outside","戸外のもの","PC","O0397",2,"O0397","m",1,758,24
"4667","PC_O0397_24_Yellow.xlsx","places","おでかけ","PC","O0397",1,"O0397","m",1,758,24
"4668","PC_O0397_24_Yellow.xlsx","people","人々","PC","O0397",3,"O0397","m",1,758,24
"4669","PC_O0397_24_Yellow.xlsx","games_routines","日課とあいさつ","PC","O0397",6,"O0397","m",1,758,24
"4670","PC_O0397_24_Yellow.xlsx","action_words","動作語","PC","O0397",3,"O0397","m",1,758,24
"4671","PC_O0397_24_Yellow.xlsx","time_words","時間についてのことば","PC","O0397",0,"O0397","m",1,758,24
"4672","PC_O0397_24_Yellow.xlsx","descriptive_words","ようす・性質","PC","O0397",6,"O0397","m",1,758,24
"4673","PC_O0397_24_Yellow.xlsx","pronouns","代名詞","PC","O0397",3,"O0397","m",1,758,24
"4674","PC_O0397_24_Yellow.xlsx","question_words","質問のことば","PC","O0397",0,"O0397","m",1,758,24
"4675","PC_O0397_24_Yellow.xlsx","locations","位置と場所についてのことば","PC","O0397",2,"O0397","m",1,758,24
"4676","PC_O0397_24_Yellow.xlsx","quantifiers","数量をあらわすことば","PC","O0397",0,"O0397","m",1,758,24
"4677","PC_O0397_24_Yellow.xlsx","connecting_words","接続語","PC","O0397",0,"O0397","m",1,758,24
"4678","PC_O0397_24_Yellow.xlsx","sounds2","幼児語（その２）","PC","O0397",12,"O0397","m",1,758,24
"4679","PC_O0397_24_Yellow.xlsx","conversations","会話語","PC","O0397",3,"O0397","m",1,758,24
"4680","PC_O0397_24_Yellow.xlsx","others","その他","PC","O0397",3,"O0397","m",1,758,24
"4681","PC_O0397_31_Yellow.xlsx","sounds","幼児語","PC","O0397",9,"O0397","m",1,950,31
"4682","PC_O0397_31_Yellow.xlsx","animals","動物の名前","PC","O0397",28,"O0397","m",1,950,31
"4683","PC_O0397_31_Yellow.xlsx","vehicles","乗り物","PC","O0397",13,"O0397","m",1,950,31
"4684","PC_O0397_31_Yellow.xlsx","toys","おもちゃ","PC","O0397",7,"O0397","m",1,950,31
"4685","PC_O0397_31_Yellow.xlsx","food_drink","食べ物と飲み物","PC","O0397",45,"O0397","m",1,950,31
"4686","PC_O0397_31_Yellow.xlsx","clothing","衣類","PC","O0397",9,"O0397","m",1,950,31
"4687","PC_O0397_31_Yellow.xlsx","body_parts","体の部分","PC","O0397",17,"O0397","m",1,950,31
"4688","PC_O0397_31_Yellow.xlsx","furniture_rooms","家具と部屋","PC","O0397",18,"O0397","m",1,950,31
"4689","PC_O0397_31_Yellow.xlsx","household","小さな家庭用品","PC","O0397",17,"O0397","m",1,950,31
"4690","PC_O0397_31_Yellow.xlsx","outside","戸外のもの","PC","O0397",8,"O0397","m",1,950,31
"4691","PC_O0397_31_Yellow.xlsx","places","おでかけ","PC","O0397",8,"O0397","m",1,950,31
"4692","PC_O0397_31_Yellow.xlsx","people","人々","PC","O0397",10,"O0397","m",1,950,31
"4693","PC_O0397_31_Yellow.xlsx","games_routines","日課とあいさつ","PC","O0397",15,"O0397","m",1,950,31
"4694","PC_O0397_31_Yellow.xlsx","action_words","動作語","PC","O0397",33,"O0397","m",1,950,31
"4695","PC_O0397_31_Yellow.xlsx","time_words","時間についてのことば","PC","O0397",3,"O0397","m",1,950,31
"4696","PC_O0397_31_Yellow.xlsx","descriptive_words","ようす・性質","PC","O0397",27,"O0397","m",1,950,31
"4697","PC_O0397_31_Yellow.xlsx","pronouns","代名詞","PC","O0397",9,"O0397","m",1,950,31
"4698","PC_O0397_31_Yellow.xlsx","question_words","質問のことば","PC","O0397",1,"O0397","m",1,950,31
"4699","PC_O0397_31_Yellow.xlsx","locations","位置と場所についてのことば","PC","O0397",9,"O0397","m",1,950,31
"4700","PC_O0397_31_Yellow.xlsx","quantifiers","数量をあらわすことば","PC","O0397",13,"O0397","m",1,950,31
"4701","PC_O0397_31_Yellow.xlsx","connecting_words","接続語","PC","O0397",0,"O0397","m",1,950,31
"4702","PC_O0397_31_Yellow.xlsx","sounds2","幼児語（その２）","PC","O0397",17,"O0397","m",1,950,31
"4703","PC_O0397_31_Yellow.xlsx","conversations","会話語","PC","O0397",4,"O0397","m",1,950,31
"4704","PC_O0397_31_Yellow.xlsx","others","その他","PC","O0397",5,"O0397","m",1,950,31
"4705","PC_O0447_16_Yellow.xlsx","sounds","幼児語","PC","O0447",5,"O0447","m",1,502,16
"4706","PC_O0447_16_Yellow.xlsx","animals","動物の名前","PC","O0447",12,"O0447","m",1,502,16
"4707","PC_O0447_16_Yellow.xlsx","vehicles","乗り物","PC","O0447",6,"O0447","m",1,502,16
"4708","PC_O0447_16_Yellow.xlsx","toys","おもちゃ","PC","O0447",1,"O0447","m",1,502,16
"4709","PC_O0447_16_Yellow.xlsx","food_drink","食べ物と飲み物","PC","O0447",22,"O0447","m",1,502,16
"4710","PC_O0447_16_Yellow.xlsx","clothing","衣類","PC","O0447",1,"O0447","m",1,502,16
"4711","PC_O0447_16_Yellow.xlsx","body_parts","体の部分","PC","O0447",11,"O0447","m",1,502,16
"4712","PC_O0447_16_Yellow.xlsx","furniture_rooms","家具と部屋","PC","O0447",3,"O0447","m",1,502,16
"4713","PC_O0447_16_Yellow.xlsx","household","小さな家庭用品","PC","O0447",0,"O0447","m",1,502,16
"4714","PC_O0447_16_Yellow.xlsx","outside","戸外のもの","PC","O0447",4,"O0447","m",1,502,16
"4715","PC_O0447_16_Yellow.xlsx","places","おでかけ","PC","O0447",0,"O0447","m",1,502,16
"4716","PC_O0447_16_Yellow.xlsx","people","人々","PC","O0447",4,"O0447","m",1,502,16
"4717","PC_O0447_16_Yellow.xlsx","games_routines","日課とあいさつ","PC","O0447",5,"O0447","m",1,502,16
"4718","PC_O0447_16_Yellow.xlsx","action_words","動作語","PC","O0447",3,"O0447","m",1,502,16
"4719","PC_O0447_16_Yellow.xlsx","time_words","時間についてのことば","PC","O0447",0,"O0447","m",1,502,16
"4720","PC_O0447_16_Yellow.xlsx","descriptive_words","ようす・性質","PC","O0447",3,"O0447","m",1,502,16
"4721","PC_O0447_16_Yellow.xlsx","pronouns","代名詞","PC","O0447",1,"O0447","m",1,502,16
"4722","PC_O0447_16_Yellow.xlsx","question_words","質問のことば","PC","O0447",0,"O0447","m",1,502,16
"4723","PC_O0447_16_Yellow.xlsx","locations","位置と場所についてのことば","PC","O0447",0,"O0447","m",1,502,16
"4724","PC_O0447_16_Yellow.xlsx","quantifiers","数量をあらわすことば","PC","O0447",1,"O0447","m",1,502,16
"4725","PC_O0447_16_Yellow.xlsx","connecting_words","接続語","PC","O0447",0,"O0447","m",1,502,16
"4726","PC_O0447_16_Yellow.xlsx","sounds2","幼児語（その２）","PC","O0447",10,"O0447","m",1,502,16
"4727","PC_O0447_16_Yellow.xlsx","conversations","会話語","PC","O0447",0,"O0447","m",1,502,16
"4728","PC_O0447_16_Yellow.xlsx","others","その他","PC","O0447",1,"O0447","m",1,502,16
"4729","PC_O0447_23_Yellow.xlsx","sounds","幼児語","PC","O0447",11,"O0447","m",1,721,23
"4730","PC_O0447_23_Yellow.xlsx","animals","動物の名前","PC","O0447",37,"O0447","m",1,721,23
"4731","PC_O0447_23_Yellow.xlsx","vehicles","乗り物","PC","O0447",12,"O0447","m",1,721,23
"4732","PC_O0447_23_Yellow.xlsx","toys","おもちゃ","PC","O0447",9,"O0447","m",1,721,23
"4733","PC_O0447_23_Yellow.xlsx","food_drink","食べ物と飲み物","PC","O0447",54,"O0447","m",1,721,23
"4734","PC_O0447_23_Yellow.xlsx","clothing","衣類","PC","O0447",9,"O0447","m",1,721,23
"4735","PC_O0447_23_Yellow.xlsx","body_parts","体の部分","PC","O0447",21,"O0447","m",1,721,23
"4736","PC_O0447_23_Yellow.xlsx","furniture_rooms","家具と部屋","PC","O0447",14,"O0447","m",1,721,23
"4737","PC_O0447_23_Yellow.xlsx","household","小さな家庭用品","PC","O0447",18,"O0447","m",1,721,23
"4738","PC_O0447_23_Yellow.xlsx","outside","戸外のもの","PC","O0447",17,"O0447","m",1,721,23
"4739","PC_O0447_23_Yellow.xlsx","places","おでかけ","PC","O0447",6,"O0447","m",1,721,23
"4740","PC_O0447_23_Yellow.xlsx","people","人々","PC","O0447",11,"O0447","m",1,721,23
"4741","PC_O0447_23_Yellow.xlsx","games_routines","日課とあいさつ","PC","O0447",18,"O0447","m",1,721,23
"4742","PC_O0447_23_Yellow.xlsx","action_words","動作語","PC","O0447",56,"O0447","m",1,721,23
"4743","PC_O0447_23_Yellow.xlsx","time_words","時間についてのことば","PC","O0447",0,"O0447","m",1,721,23
"4744","PC_O0447_23_Yellow.xlsx","descriptive_words","ようす・性質","PC","O0447",30,"O0447","m",1,721,23
"4745","PC_O0447_23_Yellow.xlsx","pronouns","代名詞","PC","O0447",2,"O0447","m",1,721,23
"4746","PC_O0447_23_Yellow.xlsx","question_words","質問のことば","PC","O0447",1,"O0447","m",1,721,23
"4747","PC_O0447_23_Yellow.xlsx","locations","位置と場所についてのことば","PC","O0447",5,"O0447","m",1,721,23
"4748","PC_O0447_23_Yellow.xlsx","quantifiers","数量をあらわすことば","PC","O0447",7,"O0447","m",1,721,23
"4749","PC_O0447_23_Yellow.xlsx","connecting_words","接続語","PC","O0447",0,"O0447","m",1,721,23
"4750","PC_O0447_23_Yellow.xlsx","sounds2","幼児語（その２）","PC","O0447",24,"O0447","m",1,721,23
"4751","PC_O0447_23_Yellow.xlsx","conversations","会話語","PC","O0447",0,"O0447","m",1,721,23
"4752","PC_O0447_23_Yellow.xlsx","others","その他","PC","O0447",4,"O0447","m",1,721,23
"4753","PC_O0465_17_Yellow.xlsx","sounds","幼児語","PC","O0465",5,"O0465","m",1,521,17
"4754","PC_O0465_17_Yellow.xlsx","animals","動物の名前","PC","O0465",5,"O0465","m",1,521,17
"4755","PC_O0465_17_Yellow.xlsx","vehicles","乗り物","PC","O0465",2,"O0465","m",1,521,17
"4756","PC_O0465_17_Yellow.xlsx","toys","おもちゃ","PC","O0465",1,"O0465","m",1,521,17
"4757","PC_O0465_17_Yellow.xlsx","food_drink","食べ物と飲み物","PC","O0465",10,"O0465","m",1,521,17
"4758","PC_O0465_17_Yellow.xlsx","clothing","衣類","PC","O0465",2,"O0465","m",1,521,17
"4759","PC_O0465_17_Yellow.xlsx","body_parts","体の部分","PC","O0465",9,"O0465","m",1,521,17
"4760","PC_O0465_17_Yellow.xlsx","furniture_rooms","家具と部屋","PC","O0465",0,"O0465","m",1,521,17
"4761","PC_O0465_17_Yellow.xlsx","household","小さな家庭用品","PC","O0465",1,"O0465","m",1,521,17
"4762","PC_O0465_17_Yellow.xlsx","outside","戸外のもの","PC","O0465",2,"O0465","m",1,521,17
"4763","PC_O0465_17_Yellow.xlsx","places","おでかけ","PC","O0465",0,"O0465","m",1,521,17
"4764","PC_O0465_17_Yellow.xlsx","people","人々","PC","O0465",5,"O0465","m",1,521,17
"4765","PC_O0465_17_Yellow.xlsx","games_routines","日課とあいさつ","PC","O0465",4,"O0465","m",1,521,17
"4766","PC_O0465_17_Yellow.xlsx","action_words","動作語","PC","O0465",9,"O0465","m",1,521,17
"4767","PC_O0465_17_Yellow.xlsx","time_words","時間についてのことば","PC","O0465",0,"O0465","m",1,521,17
"4768","PC_O0465_17_Yellow.xlsx","descriptive_words","ようす・性質","PC","O0465",6,"O0465","m",1,521,17
"4769","PC_O0465_17_Yellow.xlsx","pronouns","代名詞","PC","O0465",1,"O0465","m",1,521,17
"4770","PC_O0465_17_Yellow.xlsx","question_words","質問のことば","PC","O0465",1,"O0465","m",1,521,17
"4771","PC_O0465_17_Yellow.xlsx","locations","位置と場所についてのことば","PC","O0465",0,"O0465","m",1,521,17
"4772","PC_O0465_17_Yellow.xlsx","quantifiers","数量をあらわすことば","PC","O0465",1,"O0465","m",1,521,17
"4773","PC_O0465_17_Yellow.xlsx","connecting_words","接続語","PC","O0465",0,"O0465","m",1,521,17
"4774","PC_O0465_17_Yellow.xlsx","sounds2","幼児語（その２）","PC","O0465",13,"O0465","m",1,521,17
"4775","PC_O0465_17_Yellow.xlsx","conversations","会話語","PC","O0465",2,"O0465","m",1,521,17
"4776","PC_O0465_17_Yellow.xlsx","others","その他","PC","O0465",0,"O0465","m",1,521,17
"4777","PC_O0465_23_Yellow.xlsx","sounds","幼児語","PC","O0465",12,"O0465","m",1,709,23
"4778","PC_O0465_23_Yellow.xlsx","animals","動物の名前","PC","O0465",43,"O0465","m",1,709,23
"4779","PC_O0465_23_Yellow.xlsx","vehicles","乗り物","PC","O0465",14,"O0465","m",1,709,23
"4780","PC_O0465_23_Yellow.xlsx","toys","おもちゃ","PC","O0465",16,"O0465","m",1,709,23
"4781","PC_O0465_23_Yellow.xlsx","food_drink","食べ物と飲み物","PC","O0465",62,"O0465","m",1,709,23
"4782","PC_O0465_23_Yellow.xlsx","clothing","衣類","PC","O0465",14,"O0465","m",1,709,23
"4783","PC_O0465_23_Yellow.xlsx","body_parts","体の部分","PC","O0465",26,"O0465","m",1,709,23
"4784","PC_O0465_23_Yellow.xlsx","furniture_rooms","家具と部屋","PC","O0465",23,"O0465","m",1,709,23
"4785","PC_O0465_23_Yellow.xlsx","household","小さな家庭用品","PC","O0465",36,"O0465","m",1,709,23
"4786","PC_O0465_23_Yellow.xlsx","outside","戸外のもの","PC","O0465",27,"O0465","m",1,709,23
"4787","PC_O0465_23_Yellow.xlsx","places","おでかけ","PC","O0465",16,"O0465","m",1,709,23
"4788","PC_O0465_23_Yellow.xlsx","people","人々","PC","O0465",23,"O0465","m",1,709,23
"4789","PC_O0465_23_Yellow.xlsx","games_routines","日課とあいさつ","PC","O0465",23,"O0465","m",1,709,23
"4790","PC_O0465_23_Yellow.xlsx","action_words","動作語","PC","O0465",96,"O0465","m",1,709,23
"4791","PC_O0465_23_Yellow.xlsx","time_words","時間についてのことば","PC","O0465",3,"O0465","m",1,709,23
"4792","PC_O0465_23_Yellow.xlsx","descriptive_words","ようす・性質","PC","O0465",50,"O0465","m",1,709,23
"4793","PC_O0465_23_Yellow.xlsx","pronouns","代名詞","PC","O0465",9,"O0465","m",1,709,23
"4794","PC_O0465_23_Yellow.xlsx","question_words","質問のことば","PC","O0465",7,"O0465","m",1,709,23
"4795","PC_O0465_23_Yellow.xlsx","locations","位置と場所についてのことば","PC","O0465",12,"O0465","m",1,709,23
"4796","PC_O0465_23_Yellow.xlsx","quantifiers","数量をあらわすことば","PC","O0465",15,"O0465","m",1,709,23
"4797","PC_O0465_23_Yellow.xlsx","connecting_words","接続語","PC","O0465",1,"O0465","m",1,709,23
"4798","PC_O0465_23_Yellow.xlsx","sounds2","幼児語（その２）","PC","O0465",27,"O0465","m",1,709,23
"4799","PC_O0465_23_Yellow.xlsx","conversations","会話語","PC","O0465",10,"O0465","m",1,709,23
"4800","PC_O0465_23_Yellow.xlsx","others","その他","PC","O0465",6,"O0465","m",1,709,23
"4801","PC_O0473_18_Yellow.xlsx","sounds","幼児語","PC","O0473",1,"O0473","m",1,561,18
"4802","PC_O0473_18_Yellow.xlsx","animals","動物の名前","PC","O0473",0,"O0473","m",1,561,18
"4803","PC_O0473_18_Yellow.xlsx","vehicles","乗り物","PC","O0473",0,"O0473","m",1,561,18
"4804","PC_O0473_18_Yellow.xlsx","toys","おもちゃ","PC","O0473",0,"O0473","m",1,561,18
"4805","PC_O0473_18_Yellow.xlsx","food_drink","食べ物と飲み物","PC","O0473",0,"O0473","m",1,561,18
"4806","PC_O0473_18_Yellow.xlsx","clothing","衣類","PC","O0473",0,"O0473","m",1,561,18
"4807","PC_O0473_18_Yellow.xlsx","body_parts","体の部分","PC","O0473",0,"O0473","m",1,561,18
"4808","PC_O0473_18_Yellow.xlsx","furniture_rooms","家具と部屋","PC","O0473",0,"O0473","m",1,561,18
"4809","PC_O0473_18_Yellow.xlsx","household","小さな家庭用品","PC","O0473",0,"O0473","m",1,561,18
"4810","PC_O0473_18_Yellow.xlsx","outside","戸外のもの","PC","O0473",0,"O0473","m",1,561,18
"4811","PC_O0473_18_Yellow.xlsx","places","おでかけ","PC","O0473",0,"O0473","m",1,561,18
"4812","PC_O0473_18_Yellow.xlsx","people","人々","PC","O0473",0,"O0473","m",1,561,18
"4813","PC_O0473_18_Yellow.xlsx","games_routines","日課とあいさつ","PC","O0473",0,"O0473","m",1,561,18
"4814","PC_O0473_18_Yellow.xlsx","action_words","動作語","PC","O0473",0,"O0473","m",1,561,18
"4815","PC_O0473_18_Yellow.xlsx","time_words","時間についてのことば","PC","O0473",0,"O0473","m",1,561,18
"4816","PC_O0473_18_Yellow.xlsx","descriptive_words","ようす・性質","PC","O0473",0,"O0473","m",1,561,18
"4817","PC_O0473_18_Yellow.xlsx","pronouns","代名詞","PC","O0473",0,"O0473","m",1,561,18
"4818","PC_O0473_18_Yellow.xlsx","question_words","質問のことば","PC","O0473",0,"O0473","m",1,561,18
"4819","PC_O0473_18_Yellow.xlsx","locations","位置と場所についてのことば","PC","O0473",0,"O0473","m",1,561,18
"4820","PC_O0473_18_Yellow.xlsx","quantifiers","数量をあらわすことば","PC","O0473",0,"O0473","m",1,561,18
"4821","PC_O0473_18_Yellow.xlsx","connecting_words","接続語","PC","O0473",0,"O0473","m",1,561,18
"4822","PC_O0473_18_Yellow.xlsx","sounds2","幼児語（その２）","PC","O0473",0,"O0473","m",1,561,18
"4823","PC_O0473_18_Yellow.xlsx","conversations","会話語","PC","O0473",1,"O0473","m",1,561,18
"4824","PC_O0473_18_Yellow.xlsx","others","その他","PC","O0473",0,"O0473","m",1,561,18
"4825","PC_O0473_25_Yellow.xlsx","sounds","幼児語","PC","O0473",3,"O0473","m",1,770,25
"4826","PC_O0473_25_Yellow.xlsx","animals","動物の名前","PC","O0473",1,"O0473","m",1,770,25
"4827","PC_O0473_25_Yellow.xlsx","vehicles","乗り物","PC","O0473",0,"O0473","m",1,770,25
"4828","PC_O0473_25_Yellow.xlsx","toys","おもちゃ","PC","O0473",0,"O0473","m",1,770,25
"4829","PC_O0473_25_Yellow.xlsx","food_drink","食べ物と飲み物","PC","O0473",0,"O0473","m",1,770,25
"4830","PC_O0473_25_Yellow.xlsx","clothing","衣類","PC","O0473",0,"O0473","m",1,770,25
"4831","PC_O0473_25_Yellow.xlsx","body_parts","体の部分","PC","O0473",2,"O0473","m",1,770,25
"4832","PC_O0473_25_Yellow.xlsx","furniture_rooms","家具と部屋","PC","O0473",0,"O0473","m",1,770,25
"4833","PC_O0473_25_Yellow.xlsx","household","小さな家庭用品","PC","O0473",1,"O0473","m",1,770,25
"4834","PC_O0473_25_Yellow.xlsx","outside","戸外のもの","PC","O0473",1,"O0473","m",1,770,25
"4835","PC_O0473_25_Yellow.xlsx","places","おでかけ","PC","O0473",0,"O0473","m",1,770,25
"4836","PC_O0473_25_Yellow.xlsx","people","人々","PC","O0473",8,"O0473","m",1,770,25
"4837","PC_O0473_25_Yellow.xlsx","games_routines","日課とあいさつ","PC","O0473",7,"O0473","m",1,770,25
"4838","PC_O0473_25_Yellow.xlsx","action_words","動作語","PC","O0473",1,"O0473","m",1,770,25
"4839","PC_O0473_25_Yellow.xlsx","time_words","時間についてのことば","PC","O0473",0,"O0473","m",1,770,25
"4840","PC_O0473_25_Yellow.xlsx","descriptive_words","ようす・性質","PC","O0473",7,"O0473","m",1,770,25
"4841","PC_O0473_25_Yellow.xlsx","pronouns","代名詞","PC","O0473",2,"O0473","m",1,770,25
"4842","PC_O0473_25_Yellow.xlsx","question_words","質問のことば","PC","O0473",0,"O0473","m",1,770,25
"4843","PC_O0473_25_Yellow.xlsx","locations","位置と場所についてのことば","PC","O0473",0,"O0473","m",1,770,25
"4844","PC_O0473_25_Yellow.xlsx","quantifiers","数量をあらわすことば","PC","O0473",3,"O0473","m",1,770,25
"4845","PC_O0473_25_Yellow.xlsx","connecting_words","接続語","PC","O0473",0,"O0473","m",1,770,25
"4846","PC_O0473_25_Yellow.xlsx","sounds2","幼児語（その２）","PC","O0473",4,"O0473","m",1,770,25
"4847","PC_O0473_25_Yellow.xlsx","conversations","会話語","PC","O0473",4,"O0473","m",1,770,25
"4848","PC_O0473_25_Yellow.xlsx","others","その他","PC","O0473",3,"O0473","m",1,770,25
"4849","PC_O0480_16_Yellow.xlsx","sounds","幼児語","PC","O0480",2,"O0480","f",1,511,16
"4850","PC_O0480_16_Yellow.xlsx","animals","動物の名前","PC","O0480",0,"O0480","f",1,511,16
"4851","PC_O0480_16_Yellow.xlsx","vehicles","乗り物","PC","O0480",0,"O0480","f",1,511,16
"4852","PC_O0480_16_Yellow.xlsx","toys","おもちゃ","PC","O0480",0,"O0480","f",1,511,16
"4853","PC_O0480_16_Yellow.xlsx","food_drink","食べ物と飲み物","PC","O0480",1,"O0480","f",1,511,16
"4854","PC_O0480_16_Yellow.xlsx","clothing","衣類","PC","O0480",0,"O0480","f",1,511,16
"4855","PC_O0480_16_Yellow.xlsx","body_parts","体の部分","PC","O0480",3,"O0480","f",1,511,16
"4856","PC_O0480_16_Yellow.xlsx","furniture_rooms","家具と部屋","PC","O0480",0,"O0480","f",1,511,16
"4857","PC_O0480_16_Yellow.xlsx","household","小さな家庭用品","PC","O0480",0,"O0480","f",1,511,16
"4858","PC_O0480_16_Yellow.xlsx","outside","戸外のもの","PC","O0480",1,"O0480","f",1,511,16
"4859","PC_O0480_16_Yellow.xlsx","places","おでかけ","PC","O0480",0,"O0480","f",1,511,16
"4860","PC_O0480_16_Yellow.xlsx","people","人々","PC","O0480",3,"O0480","f",1,511,16
"4861","PC_O0480_16_Yellow.xlsx","games_routines","日課とあいさつ","PC","O0480",2,"O0480","f",1,511,16
"4862","PC_O0480_16_Yellow.xlsx","action_words","動作語","PC","O0480",0,"O0480","f",1,511,16
"4863","PC_O0480_16_Yellow.xlsx","time_words","時間についてのことば","PC","O0480",0,"O0480","f",1,511,16
"4864","PC_O0480_16_Yellow.xlsx","descriptive_words","ようす・性質","PC","O0480",0,"O0480","f",1,511,16
"4865","PC_O0480_16_Yellow.xlsx","pronouns","代名詞","PC","O0480",1,"O0480","f",1,511,16
"4866","PC_O0480_16_Yellow.xlsx","question_words","質問のことば","PC","O0480",0,"O0480","f",1,511,16
"4867","PC_O0480_16_Yellow.xlsx","locations","位置と場所についてのことば","PC","O0480",0,"O0480","f",1,511,16
"4868","PC_O0480_16_Yellow.xlsx","quantifiers","数量をあらわすことば","PC","O0480",0,"O0480","f",1,511,16
"4869","PC_O0480_16_Yellow.xlsx","connecting_words","接続語","PC","O0480",0,"O0480","f",1,511,16
"4870","PC_O0480_16_Yellow.xlsx","sounds2","幼児語（その２）","PC","O0480",3,"O0480","f",1,511,16
"4871","PC_O0480_16_Yellow.xlsx","conversations","会話語","PC","O0480",0,"O0480","f",1,511,16
"4872","PC_O0480_16_Yellow.xlsx","others","その他","PC","O0480",0,"O0480","f",1,511,16
"4873","PC_O0480_22_Yellow.xlsx","sounds","幼児語","PC","O0480",7,"O0480","f",1,694,22
"4874","PC_O0480_22_Yellow.xlsx","animals","動物の名前","PC","O0480",38,"O0480","f",1,694,22
"4875","PC_O0480_22_Yellow.xlsx","vehicles","乗り物","PC","O0480",4,"O0480","f",1,694,22
"4876","PC_O0480_22_Yellow.xlsx","toys","おもちゃ","PC","O0480",2,"O0480","f",1,694,22
"4877","PC_O0480_22_Yellow.xlsx","food_drink","食べ物と飲み物","PC","O0480",24,"O0480","f",1,694,22
"4878","PC_O0480_22_Yellow.xlsx","clothing","衣類","PC","O0480",5,"O0480","f",1,694,22
"4879","PC_O0480_22_Yellow.xlsx","body_parts","体の部分","PC","O0480",15,"O0480","f",1,694,22
"4880","PC_O0480_22_Yellow.xlsx","furniture_rooms","家具と部屋","PC","O0480",3,"O0480","f",1,694,22
"4881","PC_O0480_22_Yellow.xlsx","household","小さな家庭用品","PC","O0480",9,"O0480","f",1,694,22
"4882","PC_O0480_22_Yellow.xlsx","outside","戸外のもの","PC","O0480",7,"O0480","f",1,694,22
"4883","PC_O0480_22_Yellow.xlsx","places","おでかけ","PC","O0480",3,"O0480","f",1,694,22
"4884","PC_O0480_22_Yellow.xlsx","people","人々","PC","O0480",9,"O0480","f",1,694,22
"4885","PC_O0480_22_Yellow.xlsx","games_routines","日課とあいさつ","PC","O0480",10,"O0480","f",1,694,22
"4886","PC_O0480_22_Yellow.xlsx","action_words","動作語","PC","O0480",22,"O0480","f",1,694,22
"4887","PC_O0480_22_Yellow.xlsx","time_words","時間についてのことば","PC","O0480",0,"O0480","f",1,694,22
"4888","PC_O0480_22_Yellow.xlsx","descriptive_words","ようす・性質","PC","O0480",12,"O0480","f",1,694,22
"4889","PC_O0480_22_Yellow.xlsx","pronouns","代名詞","PC","O0480",4,"O0480","f",1,694,22
"4890","PC_O0480_22_Yellow.xlsx","question_words","質問のことば","PC","O0480",1,"O0480","f",1,694,22
"4891","PC_O0480_22_Yellow.xlsx","locations","位置と場所についてのことば","PC","O0480",0,"O0480","f",1,694,22
"4892","PC_O0480_22_Yellow.xlsx","quantifiers","数量をあらわすことば","PC","O0480",4,"O0480","f",1,694,22
"4893","PC_O0480_22_Yellow.xlsx","connecting_words","接続語","PC","O0480",0,"O0480","f",1,694,22
"4894","PC_O0480_22_Yellow.xlsx","sounds2","幼児語（その２）","PC","O0480",7,"O0480","f",1,694,22
"4895","PC_O0480_22_Yellow.xlsx","conversations","会話語","PC","O0480",5,"O0480","f",1,694,22
"4896","PC_O0480_22_Yellow.xlsx","others","その他","PC","O0480",4,"O0480","f",1,694,22
"4897","PC_O0482_16_Yellow.xlsx","sounds","幼児語","PC","O0482",4,"O0482","m",1,508,16
"4898","PC_O0482_16_Yellow.xlsx","animals","動物の名前","PC","O0482",5,"O0482","m",1,508,16
"4899","PC_O0482_16_Yellow.xlsx","vehicles","乗り物","PC","O0482",0,"O0482","m",1,508,16
"4900","PC_O0482_16_Yellow.xlsx","toys","おもちゃ","PC","O0482",0,"O0482","m",1,508,16
"4901","PC_O0482_16_Yellow.xlsx","food_drink","食べ物と飲み物","PC","O0482",3,"O0482","m",1,508,16
"4902","PC_O0482_16_Yellow.xlsx","clothing","衣類","PC","O0482",0,"O0482","m",1,508,16
"4903","PC_O0482_16_Yellow.xlsx","body_parts","体の部分","PC","O0482",2,"O0482","m",1,508,16
"4904","PC_O0482_16_Yellow.xlsx","furniture_rooms","家具と部屋","PC","O0482",0,"O0482","m",1,508,16
"4905","PC_O0482_16_Yellow.xlsx","household","小さな家庭用品","PC","O0482",0,"O0482","m",1,508,16
"4906","PC_O0482_16_Yellow.xlsx","outside","戸外のもの","PC","O0482",1,"O0482","m",1,508,16
"4907","PC_O0482_16_Yellow.xlsx","places","おでかけ","PC","O0482",0,"O0482","m",1,508,16
"4908","PC_O0482_16_Yellow.xlsx","people","人々","PC","O0482",4,"O0482","m",1,508,16
"4909","PC_O0482_16_Yellow.xlsx","games_routines","日課とあいさつ","PC","O0482",5,"O0482","m",1,508,16
"4910","PC_O0482_16_Yellow.xlsx","action_words","動作語","PC","O0482",0,"O0482","m",1,508,16
"4911","PC_O0482_16_Yellow.xlsx","time_words","時間についてのことば","PC","O0482",0,"O0482","m",1,508,16
"4912","PC_O0482_16_Yellow.xlsx","descriptive_words","ようす・性質","PC","O0482",0,"O0482","m",1,508,16
"4913","PC_O0482_16_Yellow.xlsx","pronouns","代名詞","PC","O0482",0,"O0482","m",1,508,16
"4914","PC_O0482_16_Yellow.xlsx","question_words","質問のことば","PC","O0482",0,"O0482","m",1,508,16
"4915","PC_O0482_16_Yellow.xlsx","locations","位置と場所についてのことば","PC","O0482",0,"O0482","m",1,508,16
"4916","PC_O0482_16_Yellow.xlsx","quantifiers","数量をあらわすことば","PC","O0482",1,"O0482","m",1,508,16
"4917","PC_O0482_16_Yellow.xlsx","connecting_words","接続語","PC","O0482",0,"O0482","m",1,508,16
"4918","PC_O0482_16_Yellow.xlsx","sounds2","幼児語（その２）","PC","O0482",3,"O0482","m",1,508,16
"4919","PC_O0482_16_Yellow.xlsx","conversations","会話語","PC","O0482",6,"O0482","m",1,508,16
"4920","PC_O0482_16_Yellow.xlsx","others","その他","PC","O0482",2,"O0482","m",1,508,16
"4921","PC_O0482_23_Yellow.xlsx","sounds","幼児語","PC","O0482",12,"O0482","m",1,704,23
"4922","PC_O0482_23_Yellow.xlsx","animals","動物の名前","PC","O0482",32,"O0482","m",1,704,23
"4923","PC_O0482_23_Yellow.xlsx","vehicles","乗り物","PC","O0482",9,"O0482","m",1,704,23
"4924","PC_O0482_23_Yellow.xlsx","toys","おもちゃ","PC","O0482",5,"O0482","m",1,704,23
"4925","PC_O0482_23_Yellow.xlsx","food_drink","食べ物と飲み物","PC","O0482",50,"O0482","m",1,704,23
"4926","PC_O0482_23_Yellow.xlsx","clothing","衣類","PC","O0482",9,"O0482","m",1,704,23
"4927","PC_O0482_23_Yellow.xlsx","body_parts","体の部分","PC","O0482",23,"O0482","m",1,704,23
"4928","PC_O0482_23_Yellow.xlsx","furniture_rooms","家具と部屋","PC","O0482",6,"O0482","m",1,704,23
"4929","PC_O0482_23_Yellow.xlsx","household","小さな家庭用品","PC","O0482",12,"O0482","m",1,704,23
"4930","PC_O0482_23_Yellow.xlsx","outside","戸外のもの","PC","O0482",17,"O0482","m",1,704,23
"4931","PC_O0482_23_Yellow.xlsx","places","おでかけ","PC","O0482",3,"O0482","m",1,704,23
"4932","PC_O0482_23_Yellow.xlsx","people","人々","PC","O0482",8,"O0482","m",1,704,23
"4933","PC_O0482_23_Yellow.xlsx","games_routines","日課とあいさつ","PC","O0482",24,"O0482","m",1,704,23
"4934","PC_O0482_23_Yellow.xlsx","action_words","動作語","PC","O0482",34,"O0482","m",1,704,23
"4935","PC_O0482_23_Yellow.xlsx","time_words","時間についてのことば","PC","O0482",3,"O0482","m",1,704,23
"4936","PC_O0482_23_Yellow.xlsx","descriptive_words","ようす・性質","PC","O0482",18,"O0482","m",1,704,23
"4937","PC_O0482_23_Yellow.xlsx","pronouns","代名詞","PC","O0482",7,"O0482","m",1,704,23
"4938","PC_O0482_23_Yellow.xlsx","question_words","質問のことば","PC","O0482",2,"O0482","m",1,704,23
"4939","PC_O0482_23_Yellow.xlsx","locations","位置と場所についてのことば","PC","O0482",1,"O0482","m",1,704,23
"4940","PC_O0482_23_Yellow.xlsx","quantifiers","数量をあらわすことば","PC","O0482",10,"O0482","m",1,704,23
"4941","PC_O0482_23_Yellow.xlsx","connecting_words","接続語","PC","O0482",0,"O0482","m",1,704,23
"4942","PC_O0482_23_Yellow.xlsx","sounds2","幼児語（その２）","PC","O0482",20,"O0482","m",1,704,23
"4943","PC_O0482_23_Yellow.xlsx","conversations","会話語","PC","O0482",10,"O0482","m",1,704,23
"4944","PC_O0482_23_Yellow.xlsx","others","その他","PC","O0482",6,"O0482","m",1,704,23
"4945","PC_O0496_24_Yellow.xlsx","sounds","幼児語","PC","O0496",10,"O0496","m",1,731,24
"4946","PC_O0496_24_Yellow.xlsx","animals","動物の名前","PC","O0496",32,"O0496","m",1,731,24
"4947","PC_O0496_24_Yellow.xlsx","vehicles","乗り物","PC","O0496",8,"O0496","m",1,731,24
"4948","PC_O0496_24_Yellow.xlsx","toys","おもちゃ","PC","O0496",4,"O0496","m",1,731,24
"4949","PC_O0496_24_Yellow.xlsx","food_drink","食べ物と飲み物","PC","O0496",24,"O0496","m",1,731,24
"4950","PC_O0496_24_Yellow.xlsx","clothing","衣類","PC","O0496",4,"O0496","m",1,731,24
"4951","PC_O0496_24_Yellow.xlsx","body_parts","体の部分","PC","O0496",11,"O0496","m",1,731,24
"4952","PC_O0496_24_Yellow.xlsx","furniture_rooms","家具と部屋","PC","O0496",1,"O0496","m",1,731,24
"4953","PC_O0496_24_Yellow.xlsx","household","小さな家庭用品","PC","O0496",7,"O0496","m",1,731,24
"4954","PC_O0496_24_Yellow.xlsx","outside","戸外のもの","PC","O0496",10,"O0496","m",1,731,24
"4955","PC_O0496_24_Yellow.xlsx","places","おでかけ","PC","O0496",1,"O0496","m",1,731,24
"4956","PC_O0496_24_Yellow.xlsx","people","人々","PC","O0496",5,"O0496","m",1,731,24
"4957","PC_O0496_24_Yellow.xlsx","games_routines","日課とあいさつ","PC","O0496",17,"O0496","m",1,731,24
"4958","PC_O0496_24_Yellow.xlsx","action_words","動作語","PC","O0496",7,"O0496","m",1,731,24
"4959","PC_O0496_24_Yellow.xlsx","time_words","時間についてのことば","PC","O0496",0,"O0496","m",1,731,24
"4960","PC_O0496_24_Yellow.xlsx","descriptive_words","ようす・性質","PC","O0496",7,"O0496","m",1,731,24
"4961","PC_O0496_24_Yellow.xlsx","pronouns","代名詞","PC","O0496",2,"O0496","m",1,731,24
"4962","PC_O0496_24_Yellow.xlsx","question_words","質問のことば","PC","O0496",2,"O0496","m",1,731,24
"4963","PC_O0496_24_Yellow.xlsx","locations","位置と場所についてのことば","PC","O0496",0,"O0496","m",1,731,24
"4964","PC_O0496_24_Yellow.xlsx","quantifiers","数量をあらわすことば","PC","O0496",4,"O0496","m",1,731,24
"4965","PC_O0496_24_Yellow.xlsx","connecting_words","接続語","PC","O0496",0,"O0496","m",1,731,24
"4966","PC_O0496_24_Yellow.xlsx","sounds2","幼児語（その２）","PC","O0496",20,"O0496","m",1,731,24
"4967","PC_O0496_24_Yellow.xlsx","conversations","会話語","PC","O0496",3,"O0496","m",1,731,24
"4968","PC_O0496_24_Yellow.xlsx","others","その他","PC","O0496",5,"O0496","m",1,731,24
"4969","PC_O0514_17_Yellow.xlsx","sounds","幼児語","PC","O0514",3,"O0514","f",1,531,17
"4970","PC_O0514_17_Yellow.xlsx","animals","動物の名前","PC","O0514",0,"O0514","f",1,531,17
"4971","PC_O0514_17_Yellow.xlsx","vehicles","乗り物","PC","O0514",0,"O0514","f",1,531,17
"4972","PC_O0514_17_Yellow.xlsx","toys","おもちゃ","PC","O0514",0,"O0514","f",1,531,17
"4973","PC_O0514_17_Yellow.xlsx","food_drink","食べ物と飲み物","PC","O0514",2,"O0514","f",1,531,17
"4974","PC_O0514_17_Yellow.xlsx","clothing","衣類","PC","O0514",2,"O0514","f",1,531,17
"4975","PC_O0514_17_Yellow.xlsx","body_parts","体の部分","PC","O0514",2,"O0514","f",1,531,17
"4976","PC_O0514_17_Yellow.xlsx","furniture_rooms","家具と部屋","PC","O0514",0,"O0514","f",1,531,17
"4977","PC_O0514_17_Yellow.xlsx","household","小さな家庭用品","PC","O0514",0,"O0514","f",1,531,17
"4978","PC_O0514_17_Yellow.xlsx","outside","戸外のもの","PC","O0514",0,"O0514","f",1,531,17
"4979","PC_O0514_17_Yellow.xlsx","places","おでかけ","PC","O0514",0,"O0514","f",1,531,17
"4980","PC_O0514_17_Yellow.xlsx","people","人々","PC","O0514",2,"O0514","f",1,531,17
"4981","PC_O0514_17_Yellow.xlsx","games_routines","日課とあいさつ","PC","O0514",3,"O0514","f",1,531,17
"4982","PC_O0514_17_Yellow.xlsx","action_words","動作語","PC","O0514",0,"O0514","f",1,531,17
"4983","PC_O0514_17_Yellow.xlsx","time_words","時間についてのことば","PC","O0514",0,"O0514","f",1,531,17
"4984","PC_O0514_17_Yellow.xlsx","descriptive_words","ようす・性質","PC","O0514",0,"O0514","f",1,531,17
"4985","PC_O0514_17_Yellow.xlsx","pronouns","代名詞","PC","O0514",2,"O0514","f",1,531,17
"4986","PC_O0514_17_Yellow.xlsx","question_words","質問のことば","PC","O0514",0,"O0514","f",1,531,17
"4987","PC_O0514_17_Yellow.xlsx","locations","位置と場所についてのことば","PC","O0514",0,"O0514","f",1,531,17
"4988","PC_O0514_17_Yellow.xlsx","quantifiers","数量をあらわすことば","PC","O0514",0,"O0514","f",1,531,17
"4989","PC_O0514_17_Yellow.xlsx","connecting_words","接続語","PC","O0514",0,"O0514","f",1,531,17
"4990","PC_O0514_17_Yellow.xlsx","sounds2","幼児語（その２）","PC","O0514",0,"O0514","f",1,531,17
"4991","PC_O0514_17_Yellow.xlsx","conversations","会話語","PC","O0514",0,"O0514","f",1,531,17
"4992","PC_O0514_17_Yellow.xlsx","others","その他","PC","O0514",2,"O0514","f",1,531,17
"4993","PC_O0517_26_Yellow.xlsx","sounds","幼児語","PC","O0517",12,"O0517","m",1,818,26
"4994","PC_O0517_26_Yellow.xlsx","animals","動物の名前","PC","O0517",38,"O0517","m",1,818,26
"4995","PC_O0517_26_Yellow.xlsx","vehicles","乗り物","PC","O0517",14,"O0517","m",1,818,26
"4996","PC_O0517_26_Yellow.xlsx","toys","おもちゃ","PC","O0517",7,"O0517","m",1,818,26
"4997","PC_O0517_26_Yellow.xlsx","food_drink","食べ物と飲み物","PC","O0517",55,"O0517","m",1,818,26
"4998","PC_O0517_26_Yellow.xlsx","clothing","衣類","PC","O0517",8,"O0517","m",1,818,26
"4999","PC_O0517_26_Yellow.xlsx","body_parts","体の部分","PC","O0517",20,"O0517","m",1,818,26
"5000","PC_O0517_26_Yellow.xlsx","furniture_rooms","家具と部屋","PC","O0517",3,"O0517","m",1,818,26
"5001","PC_O0517_26_Yellow.xlsx","household","小さな家庭用品","PC","O0517",10,"O0517","m",1,818,26
"5002","PC_O0517_26_Yellow.xlsx","outside","戸外のもの","PC","O0517",10,"O0517","m",1,818,26
"5003","PC_O0517_26_Yellow.xlsx","places","おでかけ","PC","O0517",4,"O0517","m",1,818,26
"5004","PC_O0517_26_Yellow.xlsx","people","人々","PC","O0517",13,"O0517","m",1,818,26
"5005","PC_O0517_26_Yellow.xlsx","games_routines","日課とあいさつ","PC","O0517",22,"O0517","m",1,818,26
"5006","PC_O0517_26_Yellow.xlsx","action_words","動作語","PC","O0517",35,"O0517","m",1,818,26
"5007","PC_O0517_26_Yellow.xlsx","time_words","時間についてのことば","PC","O0517",0,"O0517","m",1,818,26
"5008","PC_O0517_26_Yellow.xlsx","descriptive_words","ようす・性質","PC","O0517",38,"O0517","m",1,818,26
"5009","PC_O0517_26_Yellow.xlsx","pronouns","代名詞","PC","O0517",5,"O0517","m",1,818,26
"5010","PC_O0517_26_Yellow.xlsx","question_words","質問のことば","PC","O0517",1,"O0517","m",1,818,26
"5011","PC_O0517_26_Yellow.xlsx","locations","位置と場所についてのことば","PC","O0517",4,"O0517","m",1,818,26
"5012","PC_O0517_26_Yellow.xlsx","quantifiers","数量をあらわすことば","PC","O0517",9,"O0517","m",1,818,26
"5013","PC_O0517_26_Yellow.xlsx","connecting_words","接続語","PC","O0517",0,"O0517","m",1,818,26
"5014","PC_O0517_26_Yellow.xlsx","sounds2","幼児語（その２）","PC","O0517",18,"O0517","m",1,818,26
"5015","PC_O0517_26_Yellow.xlsx","conversations","会話語","PC","O0517",7,"O0517","m",1,818,26
"5016","PC_O0517_26_Yellow.xlsx","others","その他","PC","O0517",5,"O0517","m",1,818,26
"5017","PC_O0517_33_Yellow.xlsx","sounds","幼児語","PC","O0517",12,"O0517","m",1,1007,33
"5018","PC_O0517_33_Yellow.xlsx","animals","動物の名前","PC","O0517",43,"O0517","m",1,1007,33
"5019","PC_O0517_33_Yellow.xlsx","vehicles","乗り物","PC","O0517",14,"O0517","m",1,1007,33
"5020","PC_O0517_33_Yellow.xlsx","toys","おもちゃ","PC","O0517",14,"O0517","m",1,1007,33
"5021","PC_O0517_33_Yellow.xlsx","food_drink","食べ物と飲み物","PC","O0517",63,"O0517","m",1,1007,33
"5022","PC_O0517_33_Yellow.xlsx","clothing","衣類","PC","O0517",16,"O0517","m",1,1007,33
"5023","PC_O0517_33_Yellow.xlsx","body_parts","体の部分","PC","O0517",25,"O0517","m",1,1007,33
"5024","PC_O0517_33_Yellow.xlsx","furniture_rooms","家具と部屋","PC","O0517",23,"O0517","m",1,1007,33
"5025","PC_O0517_33_Yellow.xlsx","household","小さな家庭用品","PC","O0517",37,"O0517","m",1,1007,33
"5026","PC_O0517_33_Yellow.xlsx","outside","戸外のもの","PC","O0517",23,"O0517","m",1,1007,33
"5027","PC_O0517_33_Yellow.xlsx","places","おでかけ","PC","O0517",15,"O0517","m",1,1007,33
"5028","PC_O0517_33_Yellow.xlsx","people","人々","PC","O0517",20,"O0517","m",1,1007,33
"5029","PC_O0517_33_Yellow.xlsx","games_routines","日課とあいさつ","PC","O0517",25,"O0517","m",1,1007,33
"5030","PC_O0517_33_Yellow.xlsx","action_words","動作語","PC","O0517",98,"O0517","m",1,1007,33
"5031","PC_O0517_33_Yellow.xlsx","time_words","時間についてのことば","PC","O0517",12,"O0517","m",1,1007,33
"5032","PC_O0517_33_Yellow.xlsx","descriptive_words","ようす・性質","PC","O0517",55,"O0517","m",1,1007,33
"5033","PC_O0517_33_Yellow.xlsx","pronouns","代名詞","PC","O0517",15,"O0517","m",1,1007,33
"5034","PC_O0517_33_Yellow.xlsx","question_words","質問のことば","PC","O0517",5,"O0517","m",1,1007,33
"5035","PC_O0517_33_Yellow.xlsx","locations","位置と場所についてのことば","PC","O0517",16,"O0517","m",1,1007,33
"5036","PC_O0517_33_Yellow.xlsx","quantifiers","数量をあらわすことば","PC","O0517",15,"O0517","m",1,1007,33
"5037","PC_O0517_33_Yellow.xlsx","connecting_words","接続語","PC","O0517",1,"O0517","m",1,1007,33
"5038","PC_O0517_33_Yellow.xlsx","sounds2","幼児語（その２）","PC","O0517",20,"O0517","m",1,1007,33
"5039","PC_O0517_33_Yellow.xlsx","conversations","会話語","PC","O0517",13,"O0517","m",1,1007,33
"5040","PC_O0517_33_Yellow.xlsx","others","その他","PC","O0517",8,"O0517","m",1,1007,33
"5041","PC_O0519_26_Yellow.xlsx","sounds","幼児語","PC","O0519",8,"O0519","m",1,801,26
"5042","PC_O0519_26_Yellow.xlsx","animals","動物の名前","PC","O0519",10,"O0519","m",1,801,26
"5043","PC_O0519_26_Yellow.xlsx","vehicles","乗り物","PC","O0519",13,"O0519","m",1,801,26
"5044","PC_O0519_26_Yellow.xlsx","toys","おもちゃ","PC","O0519",5,"O0519","m",1,801,26
"5045","PC_O0519_26_Yellow.xlsx","food_drink","食べ物と飲み物","PC","O0519",27,"O0519","m",1,801,26
"5046","PC_O0519_26_Yellow.xlsx","clothing","衣類","PC","O0519",4,"O0519","m",1,801,26
"5047","PC_O0519_26_Yellow.xlsx","body_parts","体の部分","PC","O0519",18,"O0519","m",1,801,26
"5048","PC_O0519_26_Yellow.xlsx","furniture_rooms","家具と部屋","PC","O0519",5,"O0519","m",1,801,26
"5049","PC_O0519_26_Yellow.xlsx","household","小さな家庭用品","PC","O0519",8,"O0519","m",1,801,26
"5050","PC_O0519_26_Yellow.xlsx","outside","戸外のもの","PC","O0519",6,"O0519","m",1,801,26
"5051","PC_O0519_26_Yellow.xlsx","places","おでかけ","PC","O0519",4,"O0519","m",1,801,26
"5052","PC_O0519_26_Yellow.xlsx","people","人々","PC","O0519",7,"O0519","m",1,801,26
"5053","PC_O0519_26_Yellow.xlsx","games_routines","日課とあいさつ","PC","O0519",16,"O0519","m",1,801,26
"5054","PC_O0519_26_Yellow.xlsx","action_words","動作語","PC","O0519",7,"O0519","m",1,801,26
"5055","PC_O0519_26_Yellow.xlsx","time_words","時間についてのことば","PC","O0519",4,"O0519","m",1,801,26
"5056","PC_O0519_26_Yellow.xlsx","descriptive_words","ようす・性質","PC","O0519",13,"O0519","m",1,801,26
"5057","PC_O0519_26_Yellow.xlsx","pronouns","代名詞","PC","O0519",0,"O0519","m",1,801,26
"5058","PC_O0519_26_Yellow.xlsx","question_words","質問のことば","PC","O0519",0,"O0519","m",1,801,26
"5059","PC_O0519_26_Yellow.xlsx","locations","位置と場所についてのことば","PC","O0519",0,"O0519","m",1,801,26
"5060","PC_O0519_26_Yellow.xlsx","quantifiers","数量をあらわすことば","PC","O0519",4,"O0519","m",1,801,26
"5061","PC_O0519_26_Yellow.xlsx","connecting_words","接続語","PC","O0519",0,"O0519","m",1,801,26
"5062","PC_O0519_26_Yellow.xlsx","sounds2","幼児語（その２）","PC","O0519",11,"O0519","m",1,801,26
"5063","PC_O0519_26_Yellow.xlsx","conversations","会話語","PC","O0519",4,"O0519","m",1,801,26
"5064","PC_O0519_26_Yellow.xlsx","others","その他","PC","O0519",4,"O0519","m",1,801,26
"5065","PC_O0519_33_Yellow.xlsx","sounds","幼児語","PC","O0519",12,"O0519","m",1,1025,33
"5066","PC_O0519_33_Yellow.xlsx","animals","動物の名前","PC","O0519",42,"O0519","m",1,1025,33
"5067","PC_O0519_33_Yellow.xlsx","vehicles","乗り物","PC","O0519",14,"O0519","m",1,1025,33
"5068","PC_O0519_33_Yellow.xlsx","toys","おもちゃ","PC","O0519",17,"O0519","m",1,1025,33
"5069","PC_O0519_33_Yellow.xlsx","food_drink","食べ物と飲み物","PC","O0519",67,"O0519","m",1,1025,33
"5070","PC_O0519_33_Yellow.xlsx","clothing","衣類","PC","O0519",24,"O0519","m",1,1025,33
"5071","PC_O0519_33_Yellow.xlsx","body_parts","体の部分","PC","O0519",26,"O0519","m",1,1025,33
"5072","PC_O0519_33_Yellow.xlsx","furniture_rooms","家具と部屋","PC","O0519",26,"O0519","m",1,1025,33
"5073","PC_O0519_33_Yellow.xlsx","household","小さな家庭用品","PC","O0519",43,"O0519","m",1,1025,33
"5074","PC_O0519_33_Yellow.xlsx","outside","戸外のもの","PC","O0519",27,"O0519","m",1,1025,33
"5075","PC_O0519_33_Yellow.xlsx","places","おでかけ","PC","O0519",18,"O0519","m",1,1025,33
"5076","PC_O0519_33_Yellow.xlsx","people","人々","PC","O0519",25,"O0519","m",1,1025,33
"5077","PC_O0519_33_Yellow.xlsx","games_routines","日課とあいさつ","PC","O0519",25,"O0519","m",1,1025,33
"5078","PC_O0519_33_Yellow.xlsx","action_words","動作語","PC","O0519",102,"O0519","m",1,1025,33
"5079","PC_O0519_33_Yellow.xlsx","time_words","時間についてのことば","PC","O0519",12,"O0519","m",1,1025,33
"5080","PC_O0519_33_Yellow.xlsx","descriptive_words","ようす・性質","PC","O0519",62,"O0519","m",1,1025,33
"5081","PC_O0519_33_Yellow.xlsx","pronouns","代名詞","PC","O0519",19,"O0519","m",1,1025,33
"5082","PC_O0519_33_Yellow.xlsx","question_words","質問のことば","PC","O0519",10,"O0519","m",1,1025,33
"5083","PC_O0519_33_Yellow.xlsx","locations","位置と場所についてのことば","PC","O0519",22,"O0519","m",1,1025,33
"5084","PC_O0519_33_Yellow.xlsx","quantifiers","数量をあらわすことば","PC","O0519",17,"O0519","m",1,1025,33
"5085","PC_O0519_33_Yellow.xlsx","connecting_words","接続語","PC","O0519",0,"O0519","m",1,1025,33
"5086","PC_O0519_33_Yellow.xlsx","sounds2","幼児語（その２）","PC","O0519",29,"O0519","m",1,1025,33
"5087","PC_O0519_33_Yellow.xlsx","conversations","会話語","PC","O0519",10,"O0519","m",1,1025,33
"5088","PC_O0519_33_Yellow.xlsx","others","その他","PC","O0519",9,"O0519","m",1,1025,33
"5089","PC_O0526_18_Yellow.xlsx","sounds","幼児語","PC","O0526",2,"O0526","m",1,573,18
"5090","PC_O0526_18_Yellow.xlsx","animals","動物の名前","PC","O0526",1,"O0526","m",1,573,18
"5091","PC_O0526_18_Yellow.xlsx","vehicles","乗り物","PC","O0526",2,"O0526","m",1,573,18
"5092","PC_O0526_18_Yellow.xlsx","toys","おもちゃ","PC","O0526",0,"O0526","m",1,573,18
"5093","PC_O0526_18_Yellow.xlsx","food_drink","食べ物と飲み物","PC","O0526",3,"O0526","m",1,573,18
"5094","PC_O0526_18_Yellow.xlsx","clothing","衣類","PC","O0526",1,"O0526","m",1,573,18
"5095","PC_O0526_18_Yellow.xlsx","body_parts","体の部分","PC","O0526",0,"O0526","m",1,573,18
"5096","PC_O0526_18_Yellow.xlsx","furniture_rooms","家具と部屋","PC","O0526",0,"O0526","m",1,573,18
"5097","PC_O0526_18_Yellow.xlsx","household","小さな家庭用品","PC","O0526",0,"O0526","m",1,573,18
"5098","PC_O0526_18_Yellow.xlsx","outside","戸外のもの","PC","O0526",0,"O0526","m",1,573,18
"5099","PC_O0526_18_Yellow.xlsx","places","おでかけ","PC","O0526",0,"O0526","m",1,573,18
"5100","PC_O0526_18_Yellow.xlsx","people","人々","PC","O0526",3,"O0526","m",1,573,18
"5101","PC_O0526_18_Yellow.xlsx","games_routines","日課とあいさつ","PC","O0526",1,"O0526","m",1,573,18
"5102","PC_O0526_18_Yellow.xlsx","action_words","動作語","PC","O0526",0,"O0526","m",1,573,18
"5103","PC_O0526_18_Yellow.xlsx","time_words","時間についてのことば","PC","O0526",0,"O0526","m",1,573,18
"5104","PC_O0526_18_Yellow.xlsx","descriptive_words","ようす・性質","PC","O0526",0,"O0526","m",1,573,18
"5105","PC_O0526_18_Yellow.xlsx","pronouns","代名詞","PC","O0526",1,"O0526","m",1,573,18
"5106","PC_O0526_18_Yellow.xlsx","question_words","質問のことば","PC","O0526",0,"O0526","m",1,573,18
"5107","PC_O0526_18_Yellow.xlsx","locations","位置と場所についてのことば","PC","O0526",0,"O0526","m",1,573,18
"5108","PC_O0526_18_Yellow.xlsx","quantifiers","数量をあらわすことば","PC","O0526",0,"O0526","m",1,573,18
"5109","PC_O0526_18_Yellow.xlsx","connecting_words","接続語","PC","O0526",0,"O0526","m",1,573,18
"5110","PC_O0526_18_Yellow.xlsx","sounds2","幼児語（その２）","PC","O0526",7,"O0526","m",1,573,18
"5111","PC_O0526_18_Yellow.xlsx","conversations","会話語","PC","O0526",0,"O0526","m",1,573,18
"5112","PC_O0526_18_Yellow.xlsx","others","その他","PC","O0526",1,"O0526","m",1,573,18
"5113","PC_O0526_24_Yellow.xlsx","sounds","幼児語","PC","O0526",8,"O0526","m",1,753,24
"5114","PC_O0526_24_Yellow.xlsx","animals","動物の名前","PC","O0526",18,"O0526","m",1,753,24
"5115","PC_O0526_24_Yellow.xlsx","vehicles","乗り物","PC","O0526",13,"O0526","m",1,753,24
"5116","PC_O0526_24_Yellow.xlsx","toys","おもちゃ","PC","O0526",7,"O0526","m",1,753,24
"5117","PC_O0526_24_Yellow.xlsx","food_drink","食べ物と飲み物","PC","O0526",31,"O0526","m",1,753,24
"5118","PC_O0526_24_Yellow.xlsx","clothing","衣類","PC","O0526",7,"O0526","m",1,753,24
"5119","PC_O0526_24_Yellow.xlsx","body_parts","体の部分","PC","O0526",9,"O0526","m",1,753,24
"5120","PC_O0526_24_Yellow.xlsx","furniture_rooms","家具と部屋","PC","O0526",10,"O0526","m",1,753,24
"5121","PC_O0526_24_Yellow.xlsx","household","小さな家庭用品","PC","O0526",12,"O0526","m",1,753,24
"5122","PC_O0526_24_Yellow.xlsx","outside","戸外のもの","PC","O0526",5,"O0526","m",1,753,24
"5123","PC_O0526_24_Yellow.xlsx","places","おでかけ","PC","O0526",3,"O0526","m",1,753,24
"5124","PC_O0526_24_Yellow.xlsx","people","人々","PC","O0526",12,"O0526","m",1,753,24
"5125","PC_O0526_24_Yellow.xlsx","games_routines","日課とあいさつ","PC","O0526",15,"O0526","m",1,753,24
"5126","PC_O0526_24_Yellow.xlsx","action_words","動作語","PC","O0526",28,"O0526","m",1,753,24
"5127","PC_O0526_24_Yellow.xlsx","time_words","時間についてのことば","PC","O0526",3,"O0526","m",1,753,24
"5128","PC_O0526_24_Yellow.xlsx","descriptive_words","ようす・性質","PC","O0526",30,"O0526","m",1,753,24
"5129","PC_O0526_24_Yellow.xlsx","pronouns","代名詞","PC","O0526",3,"O0526","m",1,753,24
"5130","PC_O0526_24_Yellow.xlsx","question_words","質問のことば","PC","O0526",0,"O0526","m",1,753,24
"5131","PC_O0526_24_Yellow.xlsx","locations","位置と場所についてのことば","PC","O0526",2,"O0526","m",1,753,24
"5132","PC_O0526_24_Yellow.xlsx","quantifiers","数量をあらわすことば","PC","O0526",10,"O0526","m",1,753,24
"5133","PC_O0526_24_Yellow.xlsx","connecting_words","接続語","PC","O0526",0,"O0526","m",1,753,24
"5134","PC_O0526_24_Yellow.xlsx","sounds2","幼児語（その２）","PC","O0526",14,"O0526","m",1,753,24
"5135","PC_O0526_24_Yellow.xlsx","conversations","会話語","PC","O0526",4,"O0526","m",1,753,24
"5136","PC_O0526_24_Yellow.xlsx","others","その他","PC","O0526",4,"O0526","m",1,753,24
"5137","PC_O0527_16_Yellow.xlsx","sounds","幼児語","PC","O0527",0,"O0527","m",1,491,16
"5138","PC_O0527_16_Yellow.xlsx","animals","動物の名前","PC","O0527",0,"O0527","m",1,491,16
"5139","PC_O0527_16_Yellow.xlsx","vehicles","乗り物","PC","O0527",0,"O0527","m",1,491,16
"5140","PC_O0527_16_Yellow.xlsx","toys","おもちゃ","PC","O0527",0,"O0527","m",1,491,16
"5141","PC_O0527_16_Yellow.xlsx","food_drink","食べ物と飲み物","PC","O0527",0,"O0527","m",1,491,16
"5142","PC_O0527_16_Yellow.xlsx","clothing","衣類","PC","O0527",0,"O0527","m",1,491,16
"5143","PC_O0527_16_Yellow.xlsx","body_parts","体の部分","PC","O0527",0,"O0527","m",1,491,16
"5144","PC_O0527_16_Yellow.xlsx","furniture_rooms","家具と部屋","PC","O0527",0,"O0527","m",1,491,16
"5145","PC_O0527_16_Yellow.xlsx","household","小さな家庭用品","PC","O0527",0,"O0527","m",1,491,16
"5146","PC_O0527_16_Yellow.xlsx","outside","戸外のもの","PC","O0527",0,"O0527","m",1,491,16
"5147","PC_O0527_16_Yellow.xlsx","places","おでかけ","PC","O0527",0,"O0527","m",1,491,16
"5148","PC_O0527_16_Yellow.xlsx","people","人々","PC","O0527",2,"O0527","m",1,491,16
"5149","PC_O0527_16_Yellow.xlsx","games_routines","日課とあいさつ","PC","O0527",1,"O0527","m",1,491,16
"5150","PC_O0527_16_Yellow.xlsx","action_words","動作語","PC","O0527",0,"O0527","m",1,491,16
"5151","PC_O0527_16_Yellow.xlsx","time_words","時間についてのことば","PC","O0527",0,"O0527","m",1,491,16
"5152","PC_O0527_16_Yellow.xlsx","descriptive_words","ようす・性質","PC","O0527",0,"O0527","m",1,491,16
"5153","PC_O0527_16_Yellow.xlsx","pronouns","代名詞","PC","O0527",0,"O0527","m",1,491,16
"5154","PC_O0527_16_Yellow.xlsx","question_words","質問のことば","PC","O0527",0,"O0527","m",1,491,16
"5155","PC_O0527_16_Yellow.xlsx","locations","位置と場所についてのことば","PC","O0527",0,"O0527","m",1,491,16
"5156","PC_O0527_16_Yellow.xlsx","quantifiers","数量をあらわすことば","PC","O0527",0,"O0527","m",1,491,16
"5157","PC_O0527_16_Yellow.xlsx","connecting_words","接続語","PC","O0527",0,"O0527","m",1,491,16
"5158","PC_O0527_16_Yellow.xlsx","sounds2","幼児語（その２）","PC","O0527",0,"O0527","m",1,491,16
"5159","PC_O0527_16_Yellow.xlsx","conversations","会話語","PC","O0527",0,"O0527","m",1,491,16
"5160","PC_O0527_16_Yellow.xlsx","others","その他","PC","O0527",0,"O0527","m",1,491,16
"5161","PC_O0527_22_Yellow.xlsx","sounds","幼児語","PC","O0527",4,"O0527","m",1,684,22
"5162","PC_O0527_22_Yellow.xlsx","animals","動物の名前","PC","O0527",1,"O0527","m",1,684,22
"5163","PC_O0527_22_Yellow.xlsx","vehicles","乗り物","PC","O0527",1,"O0527","m",1,684,22
"5164","PC_O0527_22_Yellow.xlsx","toys","おもちゃ","PC","O0527",0,"O0527","m",1,684,22
"5165","PC_O0527_22_Yellow.xlsx","food_drink","食べ物と飲み物","PC","O0527",4,"O0527","m",1,684,22
"5166","PC_O0527_22_Yellow.xlsx","clothing","衣類","PC","O0527",1,"O0527","m",1,684,22
"5167","PC_O0527_22_Yellow.xlsx","body_parts","体の部分","PC","O0527",5,"O0527","m",1,684,22
"5168","PC_O0527_22_Yellow.xlsx","furniture_rooms","家具と部屋","PC","O0527",0,"O0527","m",1,684,22
"5169","PC_O0527_22_Yellow.xlsx","household","小さな家庭用品","PC","O0527",0,"O0527","m",1,684,22
"5170","PC_O0527_22_Yellow.xlsx","outside","戸外のもの","PC","O0527",0,"O0527","m",1,684,22
"5171","PC_O0527_22_Yellow.xlsx","places","おでかけ","PC","O0527",0,"O0527","m",1,684,22
"5172","PC_O0527_22_Yellow.xlsx","people","人々","PC","O0527",2,"O0527","m",1,684,22
"5173","PC_O0527_22_Yellow.xlsx","games_routines","日課とあいさつ","PC","O0527",4,"O0527","m",1,684,22
"5174","PC_O0527_22_Yellow.xlsx","action_words","動作語","PC","O0527",0,"O0527","m",1,684,22
"5175","PC_O0527_22_Yellow.xlsx","time_words","時間についてのことば","PC","O0527",0,"O0527","m",1,684,22
"5176","PC_O0527_22_Yellow.xlsx","descriptive_words","ようす・性質","PC","O0527",1,"O0527","m",1,684,22
"5177","PC_O0527_22_Yellow.xlsx","pronouns","代名詞","PC","O0527",1,"O0527","m",1,684,22
"5178","PC_O0527_22_Yellow.xlsx","question_words","質問のことば","PC","O0527",0,"O0527","m",1,684,22
"5179","PC_O0527_22_Yellow.xlsx","locations","位置と場所についてのことば","PC","O0527",0,"O0527","m",1,684,22
"5180","PC_O0527_22_Yellow.xlsx","quantifiers","数量をあらわすことば","PC","O0527",1,"O0527","m",1,684,22
"5181","PC_O0527_22_Yellow.xlsx","connecting_words","接続語","PC","O0527",0,"O0527","m",1,684,22
"5182","PC_O0527_22_Yellow.xlsx","sounds2","幼児語（その２）","PC","O0527",10,"O0527","m",1,684,22
"5183","PC_O0527_22_Yellow.xlsx","conversations","会話語","PC","O0527",1,"O0527","m",1,684,22
"5184","PC_O0527_22_Yellow.xlsx","others","その他","PC","O0527",1,"O0527","m",1,684,22
"5185","PC_O0531_25_Yellow.xlsx","sounds","幼児語","PC","O0531",12,"O0531","m",1,788,25
"5186","PC_O0531_25_Yellow.xlsx","animals","動物の名前","PC","O0531",42,"O0531","m",1,788,25
"5187","PC_O0531_25_Yellow.xlsx","vehicles","乗り物","PC","O0531",13,"O0531","m",1,788,25
"5188","PC_O0531_25_Yellow.xlsx","toys","おもちゃ","PC","O0531",14,"O0531","m",1,788,25
"5189","PC_O0531_25_Yellow.xlsx","food_drink","食べ物と飲み物","PC","O0531",54,"O0531","m",1,788,25
"5190","PC_O0531_25_Yellow.xlsx","clothing","衣類","PC","O0531",13,"O0531","m",1,788,25
"5191","PC_O0531_25_Yellow.xlsx","body_parts","体の部分","PC","O0531",20,"O0531","m",1,788,25
"5192","PC_O0531_25_Yellow.xlsx","furniture_rooms","家具と部屋","PC","O0531",13,"O0531","m",1,788,25
"5193","PC_O0531_25_Yellow.xlsx","household","小さな家庭用品","PC","O0531",21,"O0531","m",1,788,25
"5194","PC_O0531_25_Yellow.xlsx","outside","戸外のもの","PC","O0531",16,"O0531","m",1,788,25
"5195","PC_O0531_25_Yellow.xlsx","places","おでかけ","PC","O0531",8,"O0531","m",1,788,25
"5196","PC_O0531_25_Yellow.xlsx","people","人々","PC","O0531",15,"O0531","m",1,788,25
"5197","PC_O0531_25_Yellow.xlsx","games_routines","日課とあいさつ","PC","O0531",25,"O0531","m",1,788,25
"5198","PC_O0531_25_Yellow.xlsx","action_words","動作語","PC","O0531",80,"O0531","m",1,788,25
"5199","PC_O0531_25_Yellow.xlsx","time_words","時間についてのことば","PC","O0531",2,"O0531","m",1,788,25
"5200","PC_O0531_25_Yellow.xlsx","descriptive_words","ようす・性質","PC","O0531",41,"O0531","m",1,788,25
"5201","PC_O0531_25_Yellow.xlsx","pronouns","代名詞","PC","O0531",13,"O0531","m",1,788,25
"5202","PC_O0531_25_Yellow.xlsx","question_words","質問のことば","PC","O0531",4,"O0531","m",1,788,25
"5203","PC_O0531_25_Yellow.xlsx","locations","位置と場所についてのことば","PC","O0531",15,"O0531","m",1,788,25
"5204","PC_O0531_25_Yellow.xlsx","quantifiers","数量をあらわすことば","PC","O0531",14,"O0531","m",1,788,25
"5205","PC_O0531_25_Yellow.xlsx","connecting_words","接続語","PC","O0531",0,"O0531","m",1,788,25
"5206","PC_O0531_25_Yellow.xlsx","sounds2","幼児語（その２）","PC","O0531",23,"O0531","m",1,788,25
"5207","PC_O0531_25_Yellow.xlsx","conversations","会話語","PC","O0531",11,"O0531","m",1,788,25
"5208","PC_O0531_25_Yellow.xlsx","others","その他","PC","O0531",9,"O0531","m",1,788,25
"5209","PC_O0531_32_Yellow.xlsx","sounds","幼児語","PC","O0531",12,"O0531","m",1,986,32
"5210","PC_O0531_32_Yellow.xlsx","animals","動物の名前","PC","O0531",43,"O0531","m",1,986,32
"5211","PC_O0531_32_Yellow.xlsx","vehicles","乗り物","PC","O0531",13,"O0531","m",1,986,32
"5212","PC_O0531_32_Yellow.xlsx","toys","おもちゃ","PC","O0531",16,"O0531","m",1,986,32
"5213","PC_O0531_32_Yellow.xlsx","food_drink","食べ物と飲み物","PC","O0531",65,"O0531","m",1,986,32
"5214","PC_O0531_32_Yellow.xlsx","clothing","衣類","PC","O0531",16,"O0531","m",1,986,32
"5215","PC_O0531_32_Yellow.xlsx","body_parts","体の部分","PC","O0531",25,"O0531","m",1,986,32
"5216","PC_O0531_32_Yellow.xlsx","furniture_rooms","家具と部屋","PC","O0531",17,"O0531","m",1,986,32
"5217","PC_O0531_32_Yellow.xlsx","household","小さな家庭用品","PC","O0531",35,"O0531","m",1,986,32
"5218","PC_O0531_32_Yellow.xlsx","outside","戸外のもの","PC","O0531",25,"O0531","m",1,986,32
"5219","PC_O0531_32_Yellow.xlsx","places","おでかけ","PC","O0531",14,"O0531","m",1,986,32
"5220","PC_O0531_32_Yellow.xlsx","people","人々","PC","O0531",19,"O0531","m",1,986,32
"5221","PC_O0531_32_Yellow.xlsx","games_routines","日課とあいさつ","PC","O0531",25,"O0531","m",1,986,32
"5222","PC_O0531_32_Yellow.xlsx","action_words","動作語","PC","O0531",99,"O0531","m",1,986,32
"5223","PC_O0531_32_Yellow.xlsx","time_words","時間についてのことば","PC","O0531",8,"O0531","m",1,986,32
"5224","PC_O0531_32_Yellow.xlsx","descriptive_words","ようす・性質","PC","O0531",53,"O0531","m",1,986,32
"5225","PC_O0531_32_Yellow.xlsx","pronouns","代名詞","PC","O0531",15,"O0531","m",1,986,32
"5226","PC_O0531_32_Yellow.xlsx","question_words","質問のことば","PC","O0531",7,"O0531","m",1,986,32
"5227","PC_O0531_32_Yellow.xlsx","locations","位置と場所についてのことば","PC","O0531",18,"O0531","m",1,986,32
"5228","PC_O0531_32_Yellow.xlsx","quantifiers","数量をあらわすことば","PC","O0531",16,"O0531","m",1,986,32
"5229","PC_O0531_32_Yellow.xlsx","connecting_words","接続語","PC","O0531",2,"O0531","m",1,986,32
"5230","PC_O0531_32_Yellow.xlsx","sounds2","幼児語（その２）","PC","O0531",24,"O0531","m",1,986,32
"5231","PC_O0531_32_Yellow.xlsx","conversations","会話語","PC","O0531",14,"O0531","m",1,986,32
"5232","PC_O0531_32_Yellow.xlsx","others","その他","PC","O0531",9,"O0531","m",1,986,32
"5233","PC_O0536_25_Yellow.xlsx","sounds","幼児語","PC","O0536",6,"O0536","f",1,787,25
"5234","PC_O0536_25_Yellow.xlsx","animals","動物の名前","PC","O0536",2,"O0536","f",1,787,25
"5235","PC_O0536_25_Yellow.xlsx","vehicles","乗り物","PC","O0536",1,"O0536","f",1,787,25
"5236","PC_O0536_25_Yellow.xlsx","toys","おもちゃ","PC","O0536",0,"O0536","f",1,787,25
"5237","PC_O0536_25_Yellow.xlsx","food_drink","食べ物と飲み物","PC","O0536",8,"O0536","f",1,787,25
"5238","PC_O0536_25_Yellow.xlsx","clothing","衣類","PC","O0536",0,"O0536","f",1,787,25
"5239","PC_O0536_25_Yellow.xlsx","body_parts","体の部分","PC","O0536",0,"O0536","f",1,787,25
"5240","PC_O0536_25_Yellow.xlsx","furniture_rooms","家具と部屋","PC","O0536",0,"O0536","f",1,787,25
"5241","PC_O0536_25_Yellow.xlsx","household","小さな家庭用品","PC","O0536",0,"O0536","f",1,787,25
"5242","PC_O0536_25_Yellow.xlsx","outside","戸外のもの","PC","O0536",0,"O0536","f",1,787,25
"5243","PC_O0536_25_Yellow.xlsx","places","おでかけ","PC","O0536",0,"O0536","f",1,787,25
"5244","PC_O0536_25_Yellow.xlsx","people","人々","PC","O0536",4,"O0536","f",1,787,25
"5245","PC_O0536_25_Yellow.xlsx","games_routines","日課とあいさつ","PC","O0536",3,"O0536","f",1,787,25
"5246","PC_O0536_25_Yellow.xlsx","action_words","動作語","PC","O0536",0,"O0536","f",1,787,25
"5247","PC_O0536_25_Yellow.xlsx","time_words","時間についてのことば","PC","O0536",0,"O0536","f",1,787,25
"5248","PC_O0536_25_Yellow.xlsx","descriptive_words","ようす・性質","PC","O0536",8,"O0536","f",1,787,25
"5249","PC_O0536_25_Yellow.xlsx","pronouns","代名詞","PC","O0536",0,"O0536","f",1,787,25
"5250","PC_O0536_25_Yellow.xlsx","question_words","質問のことば","PC","O0536",0,"O0536","f",1,787,25
"5251","PC_O0536_25_Yellow.xlsx","locations","位置と場所についてのことば","PC","O0536",0,"O0536","f",1,787,25
"5252","PC_O0536_25_Yellow.xlsx","quantifiers","数量をあらわすことば","PC","O0536",3,"O0536","f",1,787,25
"5253","PC_O0536_25_Yellow.xlsx","connecting_words","接続語","PC","O0536",0,"O0536","f",1,787,25
"5254","PC_O0536_25_Yellow.xlsx","sounds2","幼児語（その２）","PC","O0536",3,"O0536","f",1,787,25
"5255","PC_O0536_25_Yellow.xlsx","conversations","会話語","PC","O0536",2,"O0536","f",1,787,25
"5256","PC_O0536_25_Yellow.xlsx","others","その他","PC","O0536",2,"O0536","f",1,787,25
"5257","PC_O0536_31_Yellow.xlsx","sounds","幼児語","PC","O0536",12,"O0536","f",1,961,31
"5258","PC_O0536_31_Yellow.xlsx","animals","動物の名前","PC","O0536",40,"O0536","f",1,961,31
"5259","PC_O0536_31_Yellow.xlsx","vehicles","乗り物","PC","O0536",12,"O0536","f",1,961,31
"5260","PC_O0536_31_Yellow.xlsx","toys","おもちゃ","PC","O0536",3,"O0536","f",1,961,31
"5261","PC_O0536_31_Yellow.xlsx","food_drink","食べ物と飲み物","PC","O0536",30,"O0536","f",1,961,31
"5262","PC_O0536_31_Yellow.xlsx","clothing","衣類","PC","O0536",5,"O0536","f",1,961,31
"5263","PC_O0536_31_Yellow.xlsx","body_parts","体の部分","PC","O0536",9,"O0536","f",1,961,31
"5264","PC_O0536_31_Yellow.xlsx","furniture_rooms","家具と部屋","PC","O0536",1,"O0536","f",1,961,31
"5265","PC_O0536_31_Yellow.xlsx","household","小さな家庭用品","PC","O0536",5,"O0536","f",1,961,31
"5266","PC_O0536_31_Yellow.xlsx","outside","戸外のもの","PC","O0536",4,"O0536","f",1,961,31
"5267","PC_O0536_31_Yellow.xlsx","places","おでかけ","PC","O0536",1,"O0536","f",1,961,31
"5268","PC_O0536_31_Yellow.xlsx","people","人々","PC","O0536",5,"O0536","f",1,961,31
"5269","PC_O0536_31_Yellow.xlsx","games_routines","日課とあいさつ","PC","O0536",4,"O0536","f",1,961,31
"5270","PC_O0536_31_Yellow.xlsx","action_words","動作語","PC","O0536",0,"O0536","f",1,961,31
"5271","PC_O0536_31_Yellow.xlsx","time_words","時間についてのことば","PC","O0536",0,"O0536","f",1,961,31
"5272","PC_O0536_31_Yellow.xlsx","descriptive_words","ようす・性質","PC","O0536",12,"O0536","f",1,961,31
"5273","PC_O0536_31_Yellow.xlsx","pronouns","代名詞","PC","O0536",0,"O0536","f",1,961,31
"5274","PC_O0536_31_Yellow.xlsx","question_words","質問のことば","PC","O0536",2,"O0536","f",1,961,31
"5275","PC_O0536_31_Yellow.xlsx","locations","位置と場所についてのことば","PC","O0536",0,"O0536","f",1,961,31
"5276","PC_O0536_31_Yellow.xlsx","quantifiers","数量をあらわすことば","PC","O0536",6,"O0536","f",1,961,31
"5277","PC_O0536_31_Yellow.xlsx","connecting_words","接続語","PC","O0536",0,"O0536","f",1,961,31
"5278","PC_O0536_31_Yellow.xlsx","sounds2","幼児語（その２）","PC","O0536",7,"O0536","f",1,961,31
"5279","PC_O0536_31_Yellow.xlsx","conversations","会話語","PC","O0536",5,"O0536","f",1,961,31
"5280","PC_O0536_31_Yellow.xlsx","others","その他","PC","O0536",2,"O0536","f",1,961,31
"5281","PC_O0546_36_Yellow.xlsx","sounds","幼児語","PC","O0546",11,"O0546","m",1,1113,36
"5282","PC_O0546_36_Yellow.xlsx","animals","動物の名前","PC","O0546",39,"O0546","m",1,1113,36
"5283","PC_O0546_36_Yellow.xlsx","vehicles","乗り物","PC","O0546",14,"O0546","m",1,1113,36
"5284","PC_O0546_36_Yellow.xlsx","toys","おもちゃ","PC","O0546",15,"O0546","m",1,1113,36
"5285","PC_O0546_36_Yellow.xlsx","food_drink","食べ物と飲み物","PC","O0546",49,"O0546","m",1,1113,36
"5286","PC_O0546_36_Yellow.xlsx","clothing","衣類","PC","O0546",17,"O0546","m",1,1113,36
"5287","PC_O0546_36_Yellow.xlsx","body_parts","体の部分","PC","O0546",25,"O0546","m",1,1113,36
"5288","PC_O0546_36_Yellow.xlsx","furniture_rooms","家具と部屋","PC","O0546",17,"O0546","m",1,1113,36
"5289","PC_O0546_36_Yellow.xlsx","household","小さな家庭用品","PC","O0546",37,"O0546","m",1,1113,36
"5290","PC_O0546_36_Yellow.xlsx","outside","戸外のもの","PC","O0546",26,"O0546","m",1,1113,36
"5291","PC_O0546_36_Yellow.xlsx","places","おでかけ","PC","O0546",12,"O0546","m",1,1113,36
"5292","PC_O0546_36_Yellow.xlsx","people","人々","PC","O0546",19,"O0546","m",1,1113,36
"5293","PC_O0546_36_Yellow.xlsx","games_routines","日課とあいさつ","PC","O0546",25,"O0546","m",1,1113,36
"5294","PC_O0546_36_Yellow.xlsx","action_words","動作語","PC","O0546",97,"O0546","m",1,1113,36
"5295","PC_O0546_36_Yellow.xlsx","time_words","時間についてのことば","PC","O0546",12,"O0546","m",1,1113,36
"5296","PC_O0546_36_Yellow.xlsx","descriptive_words","ようす・性質","PC","O0546",52,"O0546","m",1,1113,36
"5297","PC_O0546_36_Yellow.xlsx","pronouns","代名詞","PC","O0546",12,"O0546","m",1,1113,36
"5298","PC_O0546_36_Yellow.xlsx","question_words","質問のことば","PC","O0546",7,"O0546","m",1,1113,36
"5299","PC_O0546_36_Yellow.xlsx","locations","位置と場所についてのことば","PC","O0546",12,"O0546","m",1,1113,36
"5300","PC_O0546_36_Yellow.xlsx","quantifiers","数量をあらわすことば","PC","O0546",16,"O0546","m",1,1113,36
"5301","PC_O0546_36_Yellow.xlsx","connecting_words","接続語","PC","O0546",2,"O0546","m",1,1113,36
"5302","PC_O0546_36_Yellow.xlsx","sounds2","幼児語（その２）","PC","O0546",20,"O0546","m",1,1113,36
"5303","PC_O0546_36_Yellow.xlsx","conversations","会話語","PC","O0546",11,"O0546","m",1,1113,36
"5304","PC_O0546_36_Yellow.xlsx","others","その他","PC","O0546",9,"O0546","m",1,1113,36
"5305","PC_O0552_26_Yellow.xlsx","sounds","幼児語","PC","O0552",12,"O0552","f",1,793,26
"5306","PC_O0552_26_Yellow.xlsx","animals","動物の名前","PC","O0552",43,"O0552","f",1,793,26
"5307","PC_O0552_26_Yellow.xlsx","vehicles","乗り物","PC","O0552",12,"O0552","f",1,793,26
"5308","PC_O0552_26_Yellow.xlsx","toys","おもちゃ","PC","O0552",16,"O0552","f",1,793,26
"5309","PC_O0552_26_Yellow.xlsx","food_drink","食べ物と飲み物","PC","O0552",68,"O0552","f",1,793,26
"5310","PC_O0552_26_Yellow.xlsx","clothing","衣類","PC","O0552",24,"O0552","f",1,793,26
"5311","PC_O0552_26_Yellow.xlsx","body_parts","体の部分","PC","O0552",26,"O0552","f",1,793,26
"5312","PC_O0552_26_Yellow.xlsx","furniture_rooms","家具と部屋","PC","O0552",26,"O0552","f",1,793,26
"5313","PC_O0552_26_Yellow.xlsx","household","小さな家庭用品","PC","O0552",41,"O0552","f",1,793,26
"5314","PC_O0552_26_Yellow.xlsx","outside","戸外のもの","PC","O0552",27,"O0552","f",1,793,26
"5315","PC_O0552_26_Yellow.xlsx","places","おでかけ","PC","O0552",15,"O0552","f",1,793,26
"5316","PC_O0552_26_Yellow.xlsx","people","人々","PC","O0552",24,"O0552","f",1,793,26
"5317","PC_O0552_26_Yellow.xlsx","games_routines","日課とあいさつ","PC","O0552",25,"O0552","f",1,793,26
"5318","PC_O0552_26_Yellow.xlsx","action_words","動作語","PC","O0552",102,"O0552","f",1,793,26
"5319","PC_O0552_26_Yellow.xlsx","time_words","時間についてのことば","PC","O0552",9,"O0552","f",1,793,26
"5320","PC_O0552_26_Yellow.xlsx","descriptive_words","ようす・性質","PC","O0552",62,"O0552","f",1,793,26
"5321","PC_O0552_26_Yellow.xlsx","pronouns","代名詞","PC","O0552",19,"O0552","f",1,793,26
"5322","PC_O0552_26_Yellow.xlsx","question_words","質問のことば","PC","O0552",10,"O0552","f",1,793,26
"5323","PC_O0552_26_Yellow.xlsx","locations","位置と場所についてのことば","PC","O0552",23,"O0552","f",1,793,26
"5324","PC_O0552_26_Yellow.xlsx","quantifiers","数量をあらわすことば","PC","O0552",17,"O0552","f",1,793,26
"5325","PC_O0552_26_Yellow.xlsx","connecting_words","接続語","PC","O0552",3,"O0552","f",1,793,26
"5326","PC_O0552_26_Yellow.xlsx","sounds2","幼児語（その２）","PC","O0552",29,"O0552","f",1,793,26
"5327","PC_O0552_26_Yellow.xlsx","conversations","会話語","PC","O0552",10,"O0552","f",1,793,26
"5328","PC_O0552_26_Yellow.xlsx","others","その他","PC","O0552",9,"O0552","f",1,793,26
"5329","PC_O0552_33_Yellow.xlsx","sounds","幼児語","PC","O0552",12,"O0552","f",1,1007,33
"5330","PC_O0552_33_Yellow.xlsx","animals","動物の名前","PC","O0552",43,"O0552","f",1,1007,33
"5331","PC_O0552_33_Yellow.xlsx","vehicles","乗り物","PC","O0552",14,"O0552","f",1,1007,33
"5332","PC_O0552_33_Yellow.xlsx","toys","おもちゃ","PC","O0552",18,"O0552","f",1,1007,33
"5333","PC_O0552_33_Yellow.xlsx","food_drink","食べ物と飲み物","PC","O0552",68,"O0552","f",1,1007,33
"5334","PC_O0552_33_Yellow.xlsx","clothing","衣類","PC","O0552",25,"O0552","f",1,1007,33
"5335","PC_O0552_33_Yellow.xlsx","body_parts","体の部分","PC","O0552",27,"O0552","f",1,1007,33
"5336","PC_O0552_33_Yellow.xlsx","furniture_rooms","家具と部屋","PC","O0552",33,"O0552","f",1,1007,33
"5337","PC_O0552_33_Yellow.xlsx","household","小さな家庭用品","PC","O0552",50,"O0552","f",1,1007,33
"5338","PC_O0552_33_Yellow.xlsx","outside","戸外のもの","PC","O0552",31,"O0552","f",1,1007,33
"5339","PC_O0552_33_Yellow.xlsx","places","おでかけ","PC","O0552",22,"O0552","f",1,1007,33
"5340","PC_O0552_33_Yellow.xlsx","people","人々","PC","O0552",28,"O0552","f",1,1007,33
"5341","PC_O0552_33_Yellow.xlsx","games_routines","日課とあいさつ","PC","O0552",25,"O0552","f",1,1007,33
"5342","PC_O0552_33_Yellow.xlsx","action_words","動作語","PC","O0552",103,"O0552","f",1,1007,33
"5343","PC_O0552_33_Yellow.xlsx","time_words","時間についてのことば","PC","O0552",12,"O0552","f",1,1007,33
"5344","PC_O0552_33_Yellow.xlsx","descriptive_words","ようす・性質","PC","O0552",63,"O0552","f",1,1007,33
"5345","PC_O0552_33_Yellow.xlsx","pronouns","代名詞","PC","O0552",21,"O0552","f",1,1007,33
"5346","PC_O0552_33_Yellow.xlsx","question_words","質問のことば","PC","O0552",10,"O0552","f",1,1007,33
"5347","PC_O0552_33_Yellow.xlsx","locations","位置と場所についてのことば","PC","O0552",26,"O0552","f",1,1007,33
"5348","PC_O0552_33_Yellow.xlsx","quantifiers","数量をあらわすことば","PC","O0552",17,"O0552","f",1,1007,33
"5349","PC_O0552_33_Yellow.xlsx","connecting_words","接続語","PC","O0552",6,"O0552","f",1,1007,33
"5350","PC_O0552_33_Yellow.xlsx","sounds2","幼児語（その２）","PC","O0552",29,"O0552","f",1,1007,33
"5351","PC_O0552_33_Yellow.xlsx","conversations","会話語","PC","O0552",14,"O0552","f",1,1007,33
"5352","PC_O0552_33_Yellow.xlsx","others","その他","PC","O0552",9,"O0552","f",1,1007,33
"5353","PC_O0558_24_Yellow.xlsx","sounds","幼児語","PC","O0558",12,"O0558","f",1,756,24
"5354","PC_O0558_24_Yellow.xlsx","animals","動物の名前","PC","O0558",42,"O0558","f",1,756,24
"5355","PC_O0558_24_Yellow.xlsx","vehicles","乗り物","PC","O0558",13,"O0558","f",1,756,24
"5356","PC_O0558_24_Yellow.xlsx","toys","おもちゃ","PC","O0558",18,"O0558","f",1,756,24
"5357","PC_O0558_24_Yellow.xlsx","food_drink","食べ物と飲み物","PC","O0558",67,"O0558","f",1,756,24
"5358","PC_O0558_24_Yellow.xlsx","clothing","衣類","PC","O0558",26,"O0558","f",1,756,24
"5359","PC_O0558_24_Yellow.xlsx","body_parts","体の部分","PC","O0558",25,"O0558","f",1,756,24
"5360","PC_O0558_24_Yellow.xlsx","furniture_rooms","家具と部屋","PC","O0558",30,"O0558","f",1,756,24
"5361","PC_O0558_24_Yellow.xlsx","household","小さな家庭用品","PC","O0558",50,"O0558","f",1,756,24
"5362","PC_O0558_24_Yellow.xlsx","outside","戸外のもの","PC","O0558",31,"O0558","f",1,756,24
"5363","PC_O0558_24_Yellow.xlsx","places","おでかけ","PC","O0558",21,"O0558","f",1,756,24
"5364","PC_O0558_24_Yellow.xlsx","people","人々","PC","O0558",26,"O0558","f",1,756,24
"5365","PC_O0558_24_Yellow.xlsx","games_routines","日課とあいさつ","PC","O0558",25,"O0558","f",1,756,24
"5366","PC_O0558_24_Yellow.xlsx","action_words","動作語","PC","O0558",102,"O0558","f",1,756,24
"5367","PC_O0558_24_Yellow.xlsx","time_words","時間についてのことば","PC","O0558",12,"O0558","f",1,756,24
"5368","PC_O0558_24_Yellow.xlsx","descriptive_words","ようす・性質","PC","O0558",61,"O0558","f",1,756,24
"5369","PC_O0558_24_Yellow.xlsx","pronouns","代名詞","PC","O0558",15,"O0558","f",1,756,24
"5370","PC_O0558_24_Yellow.xlsx","question_words","質問のことば","PC","O0558",6,"O0558","f",1,756,24
"5371","PC_O0558_24_Yellow.xlsx","locations","位置と場所についてのことば","PC","O0558",21,"O0558","f",1,756,24
"5372","PC_O0558_24_Yellow.xlsx","quantifiers","数量をあらわすことば","PC","O0558",17,"O0558","f",1,756,24
"5373","PC_O0558_24_Yellow.xlsx","connecting_words","接続語","PC","O0558",0,"O0558","f",1,756,24
"5374","PC_O0558_24_Yellow.xlsx","sounds2","幼児語（その２）","PC","O0558",29,"O0558","f",1,756,24
"5375","PC_O0558_24_Yellow.xlsx","conversations","会話語","PC","O0558",14,"O0558","f",1,756,24
"5376","PC_O0558_24_Yellow.xlsx","others","その他","PC","O0558",9,"O0558","f",1,756,24
"5377","PC_O0558_31_Yellow.xlsx","sounds","幼児語","PC","O0558",12,"O0558","f",1,945,31
"5378","PC_O0558_31_Yellow.xlsx","animals","動物の名前","PC","O0558",43,"O0558","f",1,945,31
"5379","PC_O0558_31_Yellow.xlsx","vehicles","乗り物","PC","O0558",13,"O0558","f",1,945,31
"5380","PC_O0558_31_Yellow.xlsx","toys","おもちゃ","PC","O0558",18,"O0558","f",1,945,31
"5381","PC_O0558_31_Yellow.xlsx","food_drink","食べ物と飲み物","PC","O0558",68,"O0558","f",1,945,31
"5382","PC_O0558_31_Yellow.xlsx","clothing","衣類","PC","O0558",27,"O0558","f",1,945,31
"5383","PC_O0558_31_Yellow.xlsx","body_parts","体の部分","PC","O0558",27,"O0558","f",1,945,31
"5384","PC_O0558_31_Yellow.xlsx","furniture_rooms","家具と部屋","PC","O0558",32,"O0558","f",1,945,31
"5385","PC_O0558_31_Yellow.xlsx","household","小さな家庭用品","PC","O0558",50,"O0558","f",1,945,31
"5386","PC_O0558_31_Yellow.xlsx","outside","戸外のもの","PC","O0558",31,"O0558","f",1,945,31
"5387","PC_O0558_31_Yellow.xlsx","places","おでかけ","PC","O0558",22,"O0558","f",1,945,31
"5388","PC_O0558_31_Yellow.xlsx","people","人々","PC","O0558",28,"O0558","f",1,945,31
"5389","PC_O0558_31_Yellow.xlsx","games_routines","日課とあいさつ","PC","O0558",25,"O0558","f",1,945,31
"5390","PC_O0558_31_Yellow.xlsx","action_words","動作語","PC","O0558",103,"O0558","f",1,945,31
"5391","PC_O0558_31_Yellow.xlsx","time_words","時間についてのことば","PC","O0558",12,"O0558","f",1,945,31
"5392","PC_O0558_31_Yellow.xlsx","descriptive_words","ようす・性質","PC","O0558",63,"O0558","f",1,945,31
"5393","PC_O0558_31_Yellow.xlsx","pronouns","代名詞","PC","O0558",22,"O0558","f",1,945,31
"5394","PC_O0558_31_Yellow.xlsx","question_words","質問のことば","PC","O0558",10,"O0558","f",1,945,31
"5395","PC_O0558_31_Yellow.xlsx","locations","位置と場所についてのことば","PC","O0558",25,"O0558","f",1,945,31
"5396","PC_O0558_31_Yellow.xlsx","quantifiers","数量をあらわすことば","PC","O0558",17,"O0558","f",1,945,31
"5397","PC_O0558_31_Yellow.xlsx","connecting_words","接続語","PC","O0558",5,"O0558","f",1,945,31
"5398","PC_O0558_31_Yellow.xlsx","sounds2","幼児語（その２）","PC","O0558",29,"O0558","f",1,945,31
"5399","PC_O0558_31_Yellow.xlsx","conversations","会話語","PC","O0558",14,"O0558","f",1,945,31
"5400","PC_O0558_31_Yellow.xlsx","others","その他","PC","O0558",9,"O0558","f",1,945,31
"5401","PC_O0596_25_Yellow.xlsx","sounds","幼児語","PC","O0596",7,"O0596","f",1,767,25
"5402","PC_O0596_25_Yellow.xlsx","animals","動物の名前","PC","O0596",7,"O0596","f",1,767,25
"5403","PC_O0596_25_Yellow.xlsx","vehicles","乗り物","PC","O0596",3,"O0596","f",1,767,25
"5404","PC_O0596_25_Yellow.xlsx","toys","おもちゃ","PC","O0596",4,"O0596","f",1,767,25
"5405","PC_O0596_25_Yellow.xlsx","food_drink","食べ物と飲み物","PC","O0596",16,"O0596","f",1,767,25
"5406","PC_O0596_25_Yellow.xlsx","clothing","衣類","PC","O0596",2,"O0596","f",1,767,25
"5407","PC_O0596_25_Yellow.xlsx","body_parts","体の部分","PC","O0596",14,"O0596","f",1,767,25
"5408","PC_O0596_25_Yellow.xlsx","furniture_rooms","家具と部屋","PC","O0596",0,"O0596","f",1,767,25
"5409","PC_O0596_25_Yellow.xlsx","household","小さな家庭用品","PC","O0596",5,"O0596","f",1,767,25
"5410","PC_O0596_25_Yellow.xlsx","outside","戸外のもの","PC","O0596",3,"O0596","f",1,767,25
"5411","PC_O0596_25_Yellow.xlsx","places","おでかけ","PC","O0596",2,"O0596","f",1,767,25
"5412","PC_O0596_25_Yellow.xlsx","people","人々","PC","O0596",3,"O0596","f",1,767,25
"5413","PC_O0596_25_Yellow.xlsx","games_routines","日課とあいさつ","PC","O0596",10,"O0596","f",1,767,25
"5414","PC_O0596_25_Yellow.xlsx","action_words","動作語","PC","O0596",2,"O0596","f",1,767,25
"5415","PC_O0596_25_Yellow.xlsx","time_words","時間についてのことば","PC","O0596",1,"O0596","f",1,767,25
"5416","PC_O0596_25_Yellow.xlsx","descriptive_words","ようす・性質","PC","O0596",6,"O0596","f",1,767,25
"5417","PC_O0596_25_Yellow.xlsx","pronouns","代名詞","PC","O0596",2,"O0596","f",1,767,25
"5418","PC_O0596_25_Yellow.xlsx","question_words","質問のことば","PC","O0596",1,"O0596","f",1,767,25
"5419","PC_O0596_25_Yellow.xlsx","locations","位置と場所についてのことば","PC","O0596",1,"O0596","f",1,767,25
"5420","PC_O0596_25_Yellow.xlsx","quantifiers","数量をあらわすことば","PC","O0596",1,"O0596","f",1,767,25
"5421","PC_O0596_25_Yellow.xlsx","connecting_words","接続語","PC","O0596",0,"O0596","f",1,767,25
"5422","PC_O0596_25_Yellow.xlsx","sounds2","幼児語（その２）","PC","O0596",9,"O0596","f",1,767,25
"5423","PC_O0596_25_Yellow.xlsx","conversations","会話語","PC","O0596",2,"O0596","f",1,767,25
"5424","PC_O0596_25_Yellow.xlsx","others","その他","PC","O0596",1,"O0596","f",1,767,25
"5425","PC_O0596_32_Yellow.xlsx","sounds","幼児語","PC","O0596",7,"O0596","f",1,989,32
"5426","PC_O0596_32_Yellow.xlsx","animals","動物の名前","PC","O0596",7,"O0596","f",1,989,32
"5427","PC_O0596_32_Yellow.xlsx","vehicles","乗り物","PC","O0596",3,"O0596","f",1,989,32
"5428","PC_O0596_32_Yellow.xlsx","toys","おもちゃ","PC","O0596",12,"O0596","f",1,989,32
"5429","PC_O0596_32_Yellow.xlsx","food_drink","食べ物と飲み物","PC","O0596",51,"O0596","f",1,989,32
"5430","PC_O0596_32_Yellow.xlsx","clothing","衣類","PC","O0596",13,"O0596","f",1,989,32
"5431","PC_O0596_32_Yellow.xlsx","body_parts","体の部分","PC","O0596",18,"O0596","f",1,989,32
"5432","PC_O0596_32_Yellow.xlsx","furniture_rooms","家具と部屋","PC","O0596",12,"O0596","f",1,989,32
"5433","PC_O0596_32_Yellow.xlsx","household","小さな家庭用品","PC","O0596",20,"O0596","f",1,989,32
"5434","PC_O0596_32_Yellow.xlsx","outside","戸外のもの","PC","O0596",19,"O0596","f",1,989,32
"5435","PC_O0596_32_Yellow.xlsx","places","おでかけ","PC","O0596",12,"O0596","f",1,989,32
"5436","PC_O0596_32_Yellow.xlsx","people","人々","PC","O0596",12,"O0596","f",1,989,32
"5437","PC_O0596_32_Yellow.xlsx","games_routines","日課とあいさつ","PC","O0596",24,"O0596","f",1,989,32
"5438","PC_O0596_32_Yellow.xlsx","action_words","動作語","PC","O0596",64,"O0596","f",1,989,32
"5439","PC_O0596_32_Yellow.xlsx","time_words","時間についてのことば","PC","O0596",6,"O0596","f",1,989,32
"5440","PC_O0596_32_Yellow.xlsx","descriptive_words","ようす・性質","PC","O0596",36,"O0596","f",1,989,32
"5441","PC_O0596_32_Yellow.xlsx","pronouns","代名詞","PC","O0596",10,"O0596","f",1,989,32
"5442","PC_O0596_32_Yellow.xlsx","question_words","質問のことば","PC","O0596",1,"O0596","f",1,989,32
"5443","PC_O0596_32_Yellow.xlsx","locations","位置と場所についてのことば","PC","O0596",2,"O0596","f",1,989,32
"5444","PC_O0596_32_Yellow.xlsx","quantifiers","数量をあらわすことば","PC","O0596",11,"O0596","f",1,989,32
"5445","PC_O0596_32_Yellow.xlsx","connecting_words","接続語","PC","O0596",0,"O0596","f",1,989,32
"5446","PC_O0596_32_Yellow.xlsx","sounds2","幼児語（その２）","PC","O0596",19,"O0596","f",1,989,32
"5447","PC_O0596_32_Yellow.xlsx","conversations","会話語","PC","O0596",9,"O0596","f",1,989,32
"5448","PC_O0596_32_Yellow.xlsx","others","その他","PC","O0596",5,"O0596","f",1,989,32
"5449","PC_O0607_17_Yellow.xlsx","sounds","幼児語","PC","O0607",0,"O0607","f",1,522,17
"5450","PC_O0607_17_Yellow.xlsx","animals","動物の名前","PC","O0607",0,"O0607","f",1,522,17
"5451","PC_O0607_17_Yellow.xlsx","vehicles","乗り物","PC","O0607",0,"O0607","f",1,522,17
"5452","PC_O0607_17_Yellow.xlsx","toys","おもちゃ","PC","O0607",0,"O0607","f",1,522,17
"5453","PC_O0607_17_Yellow.xlsx","food_drink","食べ物と飲み物","PC","O0607",1,"O0607","f",1,522,17
"5454","PC_O0607_17_Yellow.xlsx","clothing","衣類","PC","O0607",2,"O0607","f",1,522,17
"5455","PC_O0607_17_Yellow.xlsx","body_parts","体の部分","PC","O0607",1,"O0607","f",1,522,17
"5456","PC_O0607_17_Yellow.xlsx","furniture_rooms","家具と部屋","PC","O0607",0,"O0607","f",1,522,17
"5457","PC_O0607_17_Yellow.xlsx","household","小さな家庭用品","PC","O0607",0,"O0607","f",1,522,17
"5458","PC_O0607_17_Yellow.xlsx","outside","戸外のもの","PC","O0607",0,"O0607","f",1,522,17
"5459","PC_O0607_17_Yellow.xlsx","places","おでかけ","PC","O0607",0,"O0607","f",1,522,17
"5460","PC_O0607_17_Yellow.xlsx","people","人々","PC","O0607",3,"O0607","f",1,522,17
"5461","PC_O0607_17_Yellow.xlsx","games_routines","日課とあいさつ","PC","O0607",3,"O0607","f",1,522,17
"5462","PC_O0607_17_Yellow.xlsx","action_words","動作語","PC","O0607",0,"O0607","f",1,522,17
"5463","PC_O0607_17_Yellow.xlsx","time_words","時間についてのことば","PC","O0607",0,"O0607","f",1,522,17
"5464","PC_O0607_17_Yellow.xlsx","descriptive_words","ようす・性質","PC","O0607",1,"O0607","f",1,522,17
"5465","PC_O0607_17_Yellow.xlsx","pronouns","代名詞","PC","O0607",0,"O0607","f",1,522,17
"5466","PC_O0607_17_Yellow.xlsx","question_words","質問のことば","PC","O0607",0,"O0607","f",1,522,17
"5467","PC_O0607_17_Yellow.xlsx","locations","位置と場所についてのことば","PC","O0607",0,"O0607","f",1,522,17
"5468","PC_O0607_17_Yellow.xlsx","quantifiers","数量をあらわすことば","PC","O0607",0,"O0607","f",1,522,17
"5469","PC_O0607_17_Yellow.xlsx","connecting_words","接続語","PC","O0607",0,"O0607","f",1,522,17
"5470","PC_O0607_17_Yellow.xlsx","sounds2","幼児語（その２）","PC","O0607",3,"O0607","f",1,522,17
"5471","PC_O0607_17_Yellow.xlsx","conversations","会話語","PC","O0607",0,"O0607","f",1,522,17
"5472","PC_O0607_17_Yellow.xlsx","others","その他","PC","O0607",0,"O0607","f",1,522,17
"5473","PC_O0607_24_Yellow.xlsx","sounds","幼児語","PC","O0607",12,"O0607","f",1,736,24
"5474","PC_O0607_24_Yellow.xlsx","animals","動物の名前","PC","O0607",41,"O0607","f",1,736,24
"5475","PC_O0607_24_Yellow.xlsx","vehicles","乗り物","PC","O0607",8,"O0607","f",1,736,24
"5476","PC_O0607_24_Yellow.xlsx","toys","おもちゃ","PC","O0607",5,"O0607","f",1,736,24
"5477","PC_O0607_24_Yellow.xlsx","food_drink","食べ物と飲み物","PC","O0607",42,"O0607","f",1,736,24
"5478","PC_O0607_24_Yellow.xlsx","clothing","衣類","PC","O0607",9,"O0607","f",1,736,24
"5479","PC_O0607_24_Yellow.xlsx","body_parts","体の部分","PC","O0607",10,"O0607","f",1,736,24
"5480","PC_O0607_24_Yellow.xlsx","furniture_rooms","家具と部屋","PC","O0607",2,"O0607","f",1,736,24
"5481","PC_O0607_24_Yellow.xlsx","household","小さな家庭用品","PC","O0607",2,"O0607","f",1,736,24
"5482","PC_O0607_24_Yellow.xlsx","outside","戸外のもの","PC","O0607",2,"O0607","f",1,736,24
"5483","PC_O0607_24_Yellow.xlsx","places","おでかけ","PC","O0607",3,"O0607","f",1,736,24
"5484","PC_O0607_24_Yellow.xlsx","people","人々","PC","O0607",10,"O0607","f",1,736,24
"5485","PC_O0607_24_Yellow.xlsx","games_routines","日課とあいさつ","PC","O0607",18,"O0607","f",1,736,24
"5486","PC_O0607_24_Yellow.xlsx","action_words","動作語","PC","O0607",12,"O0607","f",1,736,24
"5487","PC_O0607_24_Yellow.xlsx","time_words","時間についてのことば","PC","O0607",0,"O0607","f",1,736,24
"5488","PC_O0607_24_Yellow.xlsx","descriptive_words","ようす・性質","PC","O0607",19,"O0607","f",1,736,24
"5489","PC_O0607_24_Yellow.xlsx","pronouns","代名詞","PC","O0607",5,"O0607","f",1,736,24
"5490","PC_O0607_24_Yellow.xlsx","question_words","質問のことば","PC","O0607",0,"O0607","f",1,736,24
"5491","PC_O0607_24_Yellow.xlsx","locations","位置と場所についてのことば","PC","O0607",1,"O0607","f",1,736,24
"5492","PC_O0607_24_Yellow.xlsx","quantifiers","数量をあらわすことば","PC","O0607",6,"O0607","f",1,736,24
"5493","PC_O0607_24_Yellow.xlsx","connecting_words","接続語","PC","O0607",0,"O0607","f",1,736,24
"5494","PC_O0607_24_Yellow.xlsx","sounds2","幼児語（その２）","PC","O0607",24,"O0607","f",1,736,24
"5495","PC_O0607_24_Yellow.xlsx","conversations","会話語","PC","O0607",10,"O0607","f",1,736,24
"5496","PC_O0607_24_Yellow.xlsx","others","その他","PC","O0607",5,"O0607","f",1,736,24
"5497","PC_O0627_26_Yellow.xlsx","sounds","幼児語","PC","O0627",10,"O0627","f",1,810,26
"5498","PC_O0627_26_Yellow.xlsx","animals","動物の名前","PC","O0627",16,"O0627","f",1,810,26
"5499","PC_O0627_26_Yellow.xlsx","vehicles","乗り物","PC","O0627",1,"O0627","f",1,810,26
"5500","PC_O0627_26_Yellow.xlsx","toys","おもちゃ","PC","O0627",2,"O0627","f",1,810,26
"5501","PC_O0627_26_Yellow.xlsx","food_drink","食べ物と飲み物","PC","O0627",22,"O0627","f",1,810,26
"5502","PC_O0627_26_Yellow.xlsx","clothing","衣類","PC","O0627",2,"O0627","f",1,810,26
"5503","PC_O0627_26_Yellow.xlsx","body_parts","体の部分","PC","O0627",12,"O0627","f",1,810,26
"5504","PC_O0627_26_Yellow.xlsx","furniture_rooms","家具と部屋","PC","O0627",0,"O0627","f",1,810,26
"5505","PC_O0627_26_Yellow.xlsx","household","小さな家庭用品","PC","O0627",6,"O0627","f",1,810,26
"5506","PC_O0627_26_Yellow.xlsx","outside","戸外のもの","PC","O0627",8,"O0627","f",1,810,26
"5507","PC_O0627_26_Yellow.xlsx","places","おでかけ","PC","O0627",1,"O0627","f",1,810,26
"5508","PC_O0627_26_Yellow.xlsx","people","人々","PC","O0627",7,"O0627","f",1,810,26
"5509","PC_O0627_26_Yellow.xlsx","games_routines","日課とあいさつ","PC","O0627",12,"O0627","f",1,810,26
"5510","PC_O0627_26_Yellow.xlsx","action_words","動作語","PC","O0627",10,"O0627","f",1,810,26
"5511","PC_O0627_26_Yellow.xlsx","time_words","時間についてのことば","PC","O0627",2,"O0627","f",1,810,26
"5512","PC_O0627_26_Yellow.xlsx","descriptive_words","ようす・性質","PC","O0627",15,"O0627","f",1,810,26
"5513","PC_O0627_26_Yellow.xlsx","pronouns","代名詞","PC","O0627",2,"O0627","f",1,810,26
"5514","PC_O0627_26_Yellow.xlsx","question_words","質問のことば","PC","O0627",2,"O0627","f",1,810,26
"5515","PC_O0627_26_Yellow.xlsx","locations","位置と場所についてのことば","PC","O0627",0,"O0627","f",1,810,26
"5516","PC_O0627_26_Yellow.xlsx","quantifiers","数量をあらわすことば","PC","O0627",8,"O0627","f",1,810,26
"5517","PC_O0627_26_Yellow.xlsx","connecting_words","接続語","PC","O0627",0,"O0627","f",1,810,26
"5518","PC_O0627_26_Yellow.xlsx","sounds2","幼児語（その２）","PC","O0627",14,"O0627","f",1,810,26
"5519","PC_O0627_26_Yellow.xlsx","conversations","会話語","PC","O0627",9,"O0627","f",1,810,26
"5520","PC_O0627_26_Yellow.xlsx","others","その他","PC","O0627",4,"O0627","f",1,810,26
"5521","PC_O0627_32_Yellow.xlsx","sounds","幼児語","PC","O0627",10,"O0627","f",1,996,32
"5522","PC_O0627_32_Yellow.xlsx","animals","動物の名前","PC","O0627",42,"O0627","f",1,996,32
"5523","PC_O0627_32_Yellow.xlsx","vehicles","乗り物","PC","O0627",10,"O0627","f",1,996,32
"5524","PC_O0627_32_Yellow.xlsx","toys","おもちゃ","PC","O0627",12,"O0627","f",1,996,32
"5525","PC_O0627_32_Yellow.xlsx","food_drink","食べ物と飲み物","PC","O0627",49,"O0627","f",1,996,32
"5526","PC_O0627_32_Yellow.xlsx","clothing","衣類","PC","O0627",15,"O0627","f",1,996,32
"5527","PC_O0627_32_Yellow.xlsx","body_parts","体の部分","PC","O0627",24,"O0627","f",1,996,32
"5528","PC_O0627_32_Yellow.xlsx","furniture_rooms","家具と部屋","PC","O0627",17,"O0627","f",1,996,32
"5529","PC_O0627_32_Yellow.xlsx","household","小さな家庭用品","PC","O0627",25,"O0627","f",1,996,32
"5530","PC_O0627_32_Yellow.xlsx","outside","戸外のもの","PC","O0627",17,"O0627","f",1,996,32
"5531","PC_O0627_32_Yellow.xlsx","places","おでかけ","PC","O0627",12,"O0627","f",1,996,32
"5532","PC_O0627_32_Yellow.xlsx","people","人々","PC","O0627",19,"O0627","f",1,996,32
"5533","PC_O0627_32_Yellow.xlsx","games_routines","日課とあいさつ","PC","O0627",23,"O0627","f",1,996,32
"5534","PC_O0627_32_Yellow.xlsx","action_words","動作語","PC","O0627",86,"O0627","f",1,996,32
"5535","PC_O0627_32_Yellow.xlsx","time_words","時間についてのことば","PC","O0627",5,"O0627","f",1,996,32
"5536","PC_O0627_32_Yellow.xlsx","descriptive_words","ようす・性質","PC","O0627",39,"O0627","f",1,996,32
"5537","PC_O0627_32_Yellow.xlsx","pronouns","代名詞","PC","O0627",8,"O0627","f",1,996,32
"5538","PC_O0627_32_Yellow.xlsx","question_words","質問のことば","PC","O0627",6,"O0627","f",1,996,32
"5539","PC_O0627_32_Yellow.xlsx","locations","位置と場所についてのことば","PC","O0627",3,"O0627","f",1,996,32
"5540","PC_O0627_32_Yellow.xlsx","quantifiers","数量をあらわすことば","PC","O0627",15,"O0627","f",1,996,32
"5541","PC_O0627_32_Yellow.xlsx","connecting_words","接続語","PC","O0627",0,"O0627","f",1,996,32
"5542","PC_O0627_32_Yellow.xlsx","sounds2","幼児語（その２）","PC","O0627",20,"O0627","f",1,996,32
"5543","PC_O0627_32_Yellow.xlsx","conversations","会話語","PC","O0627",14,"O0627","f",1,996,32
"5544","PC_O0627_32_Yellow.xlsx","others","その他","PC","O0627",9,"O0627","f",1,996,32
"5545","PC_O0755_26_Yellow.xlsx","sounds","幼児語","PC","O0755",9,"O0755","m",1,817,26
"5546","PC_O0755_26_Yellow.xlsx","animals","動物の名前","PC","O0755",28,"O0755","m",1,817,26
"5547","PC_O0755_26_Yellow.xlsx","vehicles","乗り物","PC","O0755",10,"O0755","m",1,817,26
"5548","PC_O0755_26_Yellow.xlsx","toys","おもちゃ","PC","O0755",5,"O0755","m",1,817,26
"5549","PC_O0755_26_Yellow.xlsx","food_drink","食べ物と飲み物","PC","O0755",34,"O0755","m",1,817,26
"5550","PC_O0755_26_Yellow.xlsx","clothing","衣類","PC","O0755",6,"O0755","m",1,817,26
"5551","PC_O0755_26_Yellow.xlsx","body_parts","体の部分","PC","O0755",7,"O0755","m",1,817,26
"5552","PC_O0755_26_Yellow.xlsx","furniture_rooms","家具と部屋","PC","O0755",2,"O0755","m",1,817,26
"5553","PC_O0755_26_Yellow.xlsx","household","小さな家庭用品","PC","O0755",6,"O0755","m",1,817,26
"5554","PC_O0755_26_Yellow.xlsx","outside","戸外のもの","PC","O0755",3,"O0755","m",1,817,26
"5555","PC_O0755_26_Yellow.xlsx","places","おでかけ","PC","O0755",1,"O0755","m",1,817,26
"5556","PC_O0755_26_Yellow.xlsx","people","人々","PC","O0755",5,"O0755","m",1,817,26
"5557","PC_O0755_26_Yellow.xlsx","games_routines","日課とあいさつ","PC","O0755",12,"O0755","m",1,817,26
"5558","PC_O0755_26_Yellow.xlsx","action_words","動作語","PC","O0755",9,"O0755","m",1,817,26
"5559","PC_O0755_26_Yellow.xlsx","time_words","時間についてのことば","PC","O0755",1,"O0755","m",1,817,26
"5560","PC_O0755_26_Yellow.xlsx","descriptive_words","ようす・性質","PC","O0755",12,"O0755","m",1,817,26
"5561","PC_O0755_26_Yellow.xlsx","pronouns","代名詞","PC","O0755",3,"O0755","m",1,817,26
"5562","PC_O0755_26_Yellow.xlsx","question_words","質問のことば","PC","O0755",2,"O0755","m",1,817,26
"5563","PC_O0755_26_Yellow.xlsx","locations","位置と場所についてのことば","PC","O0755",0,"O0755","m",1,817,26
"5564","PC_O0755_26_Yellow.xlsx","quantifiers","数量をあらわすことば","PC","O0755",3,"O0755","m",1,817,26
"5565","PC_O0755_26_Yellow.xlsx","connecting_words","接続語","PC","O0755",0,"O0755","m",1,817,26
"5566","PC_O0755_26_Yellow.xlsx","sounds2","幼児語（その２）","PC","O0755",9,"O0755","m",1,817,26
"5567","PC_O0755_26_Yellow.xlsx","conversations","会話語","PC","O0755",3,"O0755","m",1,817,26
"5568","PC_O0755_26_Yellow.xlsx","others","その他","PC","O0755",2,"O0755","m",1,817,26
"5569","PC_O0764_18_Yellow.xlsx","sounds","幼児語","PC","O0764",9,"O0764","f",1,573,18
"5570","PC_O0764_18_Yellow.xlsx","animals","動物の名前","PC","O0764",5,"O0764","f",1,573,18
"5571","PC_O0764_18_Yellow.xlsx","vehicles","乗り物","PC","O0764",0,"O0764","f",1,573,18
"5572","PC_O0764_18_Yellow.xlsx","toys","おもちゃ","PC","O0764",0,"O0764","f",1,573,18
"5573","PC_O0764_18_Yellow.xlsx","food_drink","食べ物と飲み物","PC","O0764",6,"O0764","f",1,573,18
"5574","PC_O0764_18_Yellow.xlsx","clothing","衣類","PC","O0764",1,"O0764","f",1,573,18
"5575","PC_O0764_18_Yellow.xlsx","body_parts","体の部分","PC","O0764",3,"O0764","f",1,573,18
"5576","PC_O0764_18_Yellow.xlsx","furniture_rooms","家具と部屋","PC","O0764",0,"O0764","f",1,573,18
"5577","PC_O0764_18_Yellow.xlsx","household","小さな家庭用品","PC","O0764",3,"O0764","f",1,573,18
"5578","PC_O0764_18_Yellow.xlsx","outside","戸外のもの","PC","O0764",1,"O0764","f",1,573,18
"5579","PC_O0764_18_Yellow.xlsx","places","おでかけ","PC","O0764",0,"O0764","f",1,573,18
"5580","PC_O0764_18_Yellow.xlsx","people","人々","PC","O0764",3,"O0764","f",1,573,18
"5581","PC_O0764_18_Yellow.xlsx","games_routines","日課とあいさつ","PC","O0764",10,"O0764","f",1,573,18
"5582","PC_O0764_18_Yellow.xlsx","action_words","動作語","PC","O0764",2,"O0764","f",1,573,18
"5583","PC_O0764_18_Yellow.xlsx","time_words","時間についてのことば","PC","O0764",0,"O0764","f",1,573,18
"5584","PC_O0764_18_Yellow.xlsx","descriptive_words","ようす・性質","PC","O0764",1,"O0764","f",1,573,18
"5585","PC_O0764_18_Yellow.xlsx","pronouns","代名詞","PC","O0764",2,"O0764","f",1,573,18
"5586","PC_O0764_18_Yellow.xlsx","question_words","質問のことば","PC","O0764",0,"O0764","f",1,573,18
"5587","PC_O0764_18_Yellow.xlsx","locations","位置と場所についてのことば","PC","O0764",0,"O0764","f",1,573,18
"5588","PC_O0764_18_Yellow.xlsx","quantifiers","数量をあらわすことば","PC","O0764",0,"O0764","f",1,573,18
"5589","PC_O0764_18_Yellow.xlsx","connecting_words","接続語","PC","O0764",0,"O0764","f",1,573,18
"5590","PC_O0764_18_Yellow.xlsx","sounds2","幼児語（その２）","PC","O0764",14,"O0764","f",1,573,18
"5591","PC_O0764_18_Yellow.xlsx","conversations","会話語","PC","O0764",5,"O0764","f",1,573,18
"5592","PC_O0764_18_Yellow.xlsx","others","その他","PC","O0764",3,"O0764","f",1,573,18
"5593","PC_O0764_25_Yellow.xlsx","sounds","幼児語","PC","O0764",10,"O0764","f",1,773,25
"5594","PC_O0764_25_Yellow.xlsx","animals","動物の名前","PC","O0764",20,"O0764","f",1,773,25
"5595","PC_O0764_25_Yellow.xlsx","vehicles","乗り物","PC","O0764",9,"O0764","f",1,773,25
"5596","PC_O0764_25_Yellow.xlsx","toys","おもちゃ","PC","O0764",9,"O0764","f",1,773,25
"5597","PC_O0764_25_Yellow.xlsx","food_drink","食べ物と飲み物","PC","O0764",51,"O0764","f",1,773,25
"5598","PC_O0764_25_Yellow.xlsx","clothing","衣類","PC","O0764",12,"O0764","f",1,773,25
"5599","PC_O0764_25_Yellow.xlsx","body_parts","体の部分","PC","O0764",10,"O0764","f",1,773,25
"5600","PC_O0764_25_Yellow.xlsx","furniture_rooms","家具と部屋","PC","O0764",13,"O0764","f",1,773,25
"5601","PC_O0764_25_Yellow.xlsx","household","小さな家庭用品","PC","O0764",21,"O0764","f",1,773,25
"5602","PC_O0764_25_Yellow.xlsx","outside","戸外のもの","PC","O0764",16,"O0764","f",1,773,25
"5603","PC_O0764_25_Yellow.xlsx","places","おでかけ","PC","O0764",5,"O0764","f",1,773,25
"5604","PC_O0764_25_Yellow.xlsx","people","人々","PC","O0764",16,"O0764","f",1,773,25
"5605","PC_O0764_25_Yellow.xlsx","games_routines","日課とあいさつ","PC","O0764",17,"O0764","f",1,773,25
"5606","PC_O0764_25_Yellow.xlsx","action_words","動作語","PC","O0764",40,"O0764","f",1,773,25
"5607","PC_O0764_25_Yellow.xlsx","time_words","時間についてのことば","PC","O0764",1,"O0764","f",1,773,25
"5608","PC_O0764_25_Yellow.xlsx","descriptive_words","ようす・性質","PC","O0764",26,"O0764","f",1,773,25
"5609","PC_O0764_25_Yellow.xlsx","pronouns","代名詞","PC","O0764",3,"O0764","f",1,773,25
"5610","PC_O0764_25_Yellow.xlsx","question_words","質問のことば","PC","O0764",3,"O0764","f",1,773,25
"5611","PC_O0764_25_Yellow.xlsx","locations","位置と場所についてのことば","PC","O0764",0,"O0764","f",1,773,25
"5612","PC_O0764_25_Yellow.xlsx","quantifiers","数量をあらわすことば","PC","O0764",6,"O0764","f",1,773,25
"5613","PC_O0764_25_Yellow.xlsx","connecting_words","接続語","PC","O0764",0,"O0764","f",1,773,25
"5614","PC_O0764_25_Yellow.xlsx","sounds2","幼児語（その２）","PC","O0764",18,"O0764","f",1,773,25
"5615","PC_O0764_25_Yellow.xlsx","conversations","会話語","PC","O0764",7,"O0764","f",1,773,25
"5616","PC_O0764_25_Yellow.xlsx","others","その他","PC","O0764",5,"O0764","f",1,773,25
"5617","PC_O0801_16_Yellow.xlsx","sounds","幼児語","PC","O0801",4,"O0801","f",1,513,16
"5618","PC_O0801_16_Yellow.xlsx","animals","動物の名前","PC","O0801",2,"O0801","f",1,513,16
"5619","PC_O0801_16_Yellow.xlsx","vehicles","乗り物","PC","O0801",1,"O0801","f",1,513,16
"5620","PC_O0801_16_Yellow.xlsx","toys","おもちゃ","PC","O0801",0,"O0801","f",1,513,16
"5621","PC_O0801_16_Yellow.xlsx","food_drink","食べ物と飲み物","PC","O0801",0,"O0801","f",1,513,16
"5622","PC_O0801_16_Yellow.xlsx","clothing","衣類","PC","O0801",0,"O0801","f",1,513,16
"5623","PC_O0801_16_Yellow.xlsx","body_parts","体の部分","PC","O0801",0,"O0801","f",1,513,16
"5624","PC_O0801_16_Yellow.xlsx","furniture_rooms","家具と部屋","PC","O0801",0,"O0801","f",1,513,16
"5625","PC_O0801_16_Yellow.xlsx","household","小さな家庭用品","PC","O0801",0,"O0801","f",1,513,16
"5626","PC_O0801_16_Yellow.xlsx","outside","戸外のもの","PC","O0801",0,"O0801","f",1,513,16
"5627","PC_O0801_16_Yellow.xlsx","places","おでかけ","PC","O0801",0,"O0801","f",1,513,16
"5628","PC_O0801_16_Yellow.xlsx","people","人々","PC","O0801",4,"O0801","f",1,513,16
"5629","PC_O0801_16_Yellow.xlsx","games_routines","日課とあいさつ","PC","O0801",5,"O0801","f",1,513,16
"5630","PC_O0801_16_Yellow.xlsx","action_words","動作語","PC","O0801",0,"O0801","f",1,513,16
"5631","PC_O0801_16_Yellow.xlsx","time_words","時間についてのことば","PC","O0801",0,"O0801","f",1,513,16
"5632","PC_O0801_16_Yellow.xlsx","descriptive_words","ようす・性質","PC","O0801",0,"O0801","f",1,513,16
"5633","PC_O0801_16_Yellow.xlsx","pronouns","代名詞","PC","O0801",0,"O0801","f",1,513,16
"5634","PC_O0801_16_Yellow.xlsx","question_words","質問のことば","PC","O0801",0,"O0801","f",1,513,16
"5635","PC_O0801_16_Yellow.xlsx","locations","位置と場所についてのことば","PC","O0801",0,"O0801","f",1,513,16
"5636","PC_O0801_16_Yellow.xlsx","quantifiers","数量をあらわすことば","PC","O0801",0,"O0801","f",1,513,16
"5637","PC_O0801_16_Yellow.xlsx","connecting_words","接続語","PC","O0801",0,"O0801","f",1,513,16
"5638","PC_O0801_16_Yellow.xlsx","sounds2","幼児語（その２）","PC","O0801",1,"O0801","f",1,513,16
"5639","PC_O0801_16_Yellow.xlsx","conversations","会話語","PC","O0801",1,"O0801","f",1,513,16
"5640","PC_O0801_16_Yellow.xlsx","others","その他","PC","O0801",0,"O0801","f",1,513,16
"5641","PC_O0801_23_Yellow.xlsx","sounds","幼児語","PC","O0801",10,"O0801","f",1,721,23
"5642","PC_O0801_23_Yellow.xlsx","animals","動物の名前","PC","O0801",13,"O0801","f",1,721,23
"5643","PC_O0801_23_Yellow.xlsx","vehicles","乗り物","PC","O0801",6,"O0801","f",1,721,23
"5644","PC_O0801_23_Yellow.xlsx","toys","おもちゃ","PC","O0801",4,"O0801","f",1,721,23
"5645","PC_O0801_23_Yellow.xlsx","food_drink","食べ物と飲み物","PC","O0801",25,"O0801","f",1,721,23
"5646","PC_O0801_23_Yellow.xlsx","clothing","衣類","PC","O0801",7,"O0801","f",1,721,23
"5647","PC_O0801_23_Yellow.xlsx","body_parts","体の部分","PC","O0801",13,"O0801","f",1,721,23
"5648","PC_O0801_23_Yellow.xlsx","furniture_rooms","家具と部屋","PC","O0801",3,"O0801","f",1,721,23
"5649","PC_O0801_23_Yellow.xlsx","household","小さな家庭用品","PC","O0801",6,"O0801","f",1,721,23
"5650","PC_O0801_23_Yellow.xlsx","outside","戸外のもの","PC","O0801",8,"O0801","f",1,721,23
"5651","PC_O0801_23_Yellow.xlsx","places","おでかけ","PC","O0801",1,"O0801","f",1,721,23
"5652","PC_O0801_23_Yellow.xlsx","people","人々","PC","O0801",8,"O0801","f",1,721,23
"5653","PC_O0801_23_Yellow.xlsx","games_routines","日課とあいさつ","PC","O0801",19,"O0801","f",1,721,23
"5654","PC_O0801_23_Yellow.xlsx","action_words","動作語","PC","O0801",13,"O0801","f",1,721,23
"5655","PC_O0801_23_Yellow.xlsx","time_words","時間についてのことば","PC","O0801",2,"O0801","f",1,721,23
"5656","PC_O0801_23_Yellow.xlsx","descriptive_words","ようす・性質","PC","O0801",13,"O0801","f",1,721,23
"5657","PC_O0801_23_Yellow.xlsx","pronouns","代名詞","PC","O0801",3,"O0801","f",1,721,23
"5658","PC_O0801_23_Yellow.xlsx","question_words","質問のことば","PC","O0801",2,"O0801","f",1,721,23
"5659","PC_O0801_23_Yellow.xlsx","locations","位置と場所についてのことば","PC","O0801",0,"O0801","f",1,721,23
"5660","PC_O0801_23_Yellow.xlsx","quantifiers","数量をあらわすことば","PC","O0801",5,"O0801","f",1,721,23
"5661","PC_O0801_23_Yellow.xlsx","connecting_words","接続語","PC","O0801",0,"O0801","f",1,721,23
"5662","PC_O0801_23_Yellow.xlsx","sounds2","幼児語（その２）","PC","O0801",14,"O0801","f",1,721,23
"5663","PC_O0801_23_Yellow.xlsx","conversations","会話語","PC","O0801",4,"O0801","f",1,721,23
"5664","PC_O0801_23_Yellow.xlsx","others","その他","PC","O0801",4,"O0801","f",1,721,23
"5665","PC_O0802_18_Yellow.xlsx","sounds","幼児語","PC","O0802",1,"O0802","f",1,553,18
"5666","PC_O0802_18_Yellow.xlsx","animals","動物の名前","PC","O0802",1,"O0802","f",1,553,18
"5667","PC_O0802_18_Yellow.xlsx","vehicles","乗り物","PC","O0802",0,"O0802","f",1,553,18
"5668","PC_O0802_18_Yellow.xlsx","toys","おもちゃ","PC","O0802",0,"O0802","f",1,553,18
"5669","PC_O0802_18_Yellow.xlsx","food_drink","食べ物と飲み物","PC","O0802",1,"O0802","f",1,553,18
"5670","PC_O0802_18_Yellow.xlsx","clothing","衣類","PC","O0802",0,"O0802","f",1,553,18
"5671","PC_O0802_18_Yellow.xlsx","body_parts","体の部分","PC","O0802",0,"O0802","f",1,553,18
"5672","PC_O0802_18_Yellow.xlsx","furniture_rooms","家具と部屋","PC","O0802",0,"O0802","f",1,553,18
"5673","PC_O0802_18_Yellow.xlsx","household","小さな家庭用品","PC","O0802",0,"O0802","f",1,553,18
"5674","PC_O0802_18_Yellow.xlsx","outside","戸外のもの","PC","O0802",0,"O0802","f",1,553,18
"5675","PC_O0802_18_Yellow.xlsx","places","おでかけ","PC","O0802",0,"O0802","f",1,553,18
"5676","PC_O0802_18_Yellow.xlsx","people","人々","PC","O0802",3,"O0802","f",1,553,18
"5677","PC_O0802_18_Yellow.xlsx","games_routines","日課とあいさつ","PC","O0802",1,"O0802","f",1,553,18
"5678","PC_O0802_18_Yellow.xlsx","action_words","動作語","PC","O0802",2,"O0802","f",1,553,18
"5679","PC_O0802_18_Yellow.xlsx","time_words","時間についてのことば","PC","O0802",0,"O0802","f",1,553,18
"5680","PC_O0802_18_Yellow.xlsx","descriptive_words","ようす・性質","PC","O0802",2,"O0802","f",1,553,18
"5681","PC_O0802_18_Yellow.xlsx","pronouns","代名詞","PC","O0802",0,"O0802","f",1,553,18
"5682","PC_O0802_18_Yellow.xlsx","question_words","質問のことば","PC","O0802",0,"O0802","f",1,553,18
"5683","PC_O0802_18_Yellow.xlsx","locations","位置と場所についてのことば","PC","O0802",0,"O0802","f",1,553,18
"5684","PC_O0802_18_Yellow.xlsx","quantifiers","数量をあらわすことば","PC","O0802",0,"O0802","f",1,553,18
"5685","PC_O0802_18_Yellow.xlsx","connecting_words","接続語","PC","O0802",0,"O0802","f",1,553,18
"5686","PC_O0802_18_Yellow.xlsx","sounds2","幼児語（その２）","PC","O0802",2,"O0802","f",1,553,18
"5687","PC_O0802_18_Yellow.xlsx","conversations","会話語","PC","O0802",1,"O0802","f",1,553,18
"5688","PC_O0802_18_Yellow.xlsx","others","その他","PC","O0802",0,"O0802","f",1,553,18
"5689","PC_O0802_24_Yellow.xlsx","sounds","幼児語","PC","O0802",4,"O0802","f",1,753,24
"5690","PC_O0802_24_Yellow.xlsx","animals","動物の名前","PC","O0802",7,"O0802","f",1,753,24
"5691","PC_O0802_24_Yellow.xlsx","vehicles","乗り物","PC","O0802",3,"O0802","f",1,753,24
"5692","PC_O0802_24_Yellow.xlsx","toys","おもちゃ","PC","O0802",1,"O0802","f",1,753,24
"5693","PC_O0802_24_Yellow.xlsx","food_drink","食べ物と飲み物","PC","O0802",14,"O0802","f",1,753,24
"5694","PC_O0802_24_Yellow.xlsx","clothing","衣類","PC","O0802",4,"O0802","f",1,753,24
"5695","PC_O0802_24_Yellow.xlsx","body_parts","体の部分","PC","O0802",14,"O0802","f",1,753,24
"5696","PC_O0802_24_Yellow.xlsx","furniture_rooms","家具と部屋","PC","O0802",2,"O0802","f",1,753,24
"5697","PC_O0802_24_Yellow.xlsx","household","小さな家庭用品","PC","O0802",2,"O0802","f",1,753,24
"5698","PC_O0802_24_Yellow.xlsx","outside","戸外のもの","PC","O0802",2,"O0802","f",1,753,24
"5699","PC_O0802_24_Yellow.xlsx","places","おでかけ","PC","O0802",1,"O0802","f",1,753,24
"5700","PC_O0802_24_Yellow.xlsx","people","人々","PC","O0802",8,"O0802","f",1,753,24
"5701","PC_O0802_24_Yellow.xlsx","games_routines","日課とあいさつ","PC","O0802",9,"O0802","f",1,753,24
"5702","PC_O0802_24_Yellow.xlsx","action_words","動作語","PC","O0802",10,"O0802","f",1,753,24
"5703","PC_O0802_24_Yellow.xlsx","time_words","時間についてのことば","PC","O0802",0,"O0802","f",1,753,24
"5704","PC_O0802_24_Yellow.xlsx","descriptive_words","ようす・性質","PC","O0802",8,"O0802","f",1,753,24
"5705","PC_O0802_24_Yellow.xlsx","pronouns","代名詞","PC","O0802",3,"O0802","f",1,753,24
"5706","PC_O0802_24_Yellow.xlsx","question_words","質問のことば","PC","O0802",0,"O0802","f",1,753,24
"5707","PC_O0802_24_Yellow.xlsx","locations","位置と場所についてのことば","PC","O0802",0,"O0802","f",1,753,24
"5708","PC_O0802_24_Yellow.xlsx","quantifiers","数量をあらわすことば","PC","O0802",4,"O0802","f",1,753,24
"5709","PC_O0802_24_Yellow.xlsx","connecting_words","接続語","PC","O0802",0,"O0802","f",1,753,24
"5710","PC_O0802_24_Yellow.xlsx","sounds2","幼児語（その２）","PC","O0802",7,"O0802","f",1,753,24
"5711","PC_O0802_24_Yellow.xlsx","conversations","会話語","PC","O0802",2,"O0802","f",1,753,24
"5712","PC_O0802_24_Yellow.xlsx","others","その他","PC","O0802",2,"O0802","f",1,753,24
"5713","PC_O0803_18_Yellow.xlsx","sounds","幼児語","PC","O0803",0,"O0803","f",1,573,18
"5714","PC_O0803_18_Yellow.xlsx","animals","動物の名前","PC","O0803",0,"O0803","f",1,573,18
"5715","PC_O0803_18_Yellow.xlsx","vehicles","乗り物","PC","O0803",0,"O0803","f",1,573,18
"5716","PC_O0803_18_Yellow.xlsx","toys","おもちゃ","PC","O0803",0,"O0803","f",1,573,18
"5717","PC_O0803_18_Yellow.xlsx","food_drink","食べ物と飲み物","PC","O0803",0,"O0803","f",1,573,18
"5718","PC_O0803_18_Yellow.xlsx","clothing","衣類","PC","O0803",0,"O0803","f",1,573,18
"5719","PC_O0803_18_Yellow.xlsx","body_parts","体の部分","PC","O0803",0,"O0803","f",1,573,18
"5720","PC_O0803_18_Yellow.xlsx","furniture_rooms","家具と部屋","PC","O0803",0,"O0803","f",1,573,18
"5721","PC_O0803_18_Yellow.xlsx","household","小さな家庭用品","PC","O0803",0,"O0803","f",1,573,18
"5722","PC_O0803_18_Yellow.xlsx","outside","戸外のもの","PC","O0803",0,"O0803","f",1,573,18
"5723","PC_O0803_18_Yellow.xlsx","places","おでかけ","PC","O0803",0,"O0803","f",1,573,18
"5724","PC_O0803_18_Yellow.xlsx","people","人々","PC","O0803",0,"O0803","f",1,573,18
"5725","PC_O0803_18_Yellow.xlsx","games_routines","日課とあいさつ","PC","O0803",2,"O0803","f",1,573,18
"5726","PC_O0803_18_Yellow.xlsx","action_words","動作語","PC","O0803",0,"O0803","f",1,573,18
"5727","PC_O0803_18_Yellow.xlsx","time_words","時間についてのことば","PC","O0803",0,"O0803","f",1,573,18
"5728","PC_O0803_18_Yellow.xlsx","descriptive_words","ようす・性質","PC","O0803",0,"O0803","f",1,573,18
"5729","PC_O0803_18_Yellow.xlsx","pronouns","代名詞","PC","O0803",0,"O0803","f",1,573,18
"5730","PC_O0803_18_Yellow.xlsx","question_words","質問のことば","PC","O0803",0,"O0803","f",1,573,18
"5731","PC_O0803_18_Yellow.xlsx","locations","位置と場所についてのことば","PC","O0803",0,"O0803","f",1,573,18
"5732","PC_O0803_18_Yellow.xlsx","quantifiers","数量をあらわすことば","PC","O0803",0,"O0803","f",1,573,18
"5733","PC_O0803_18_Yellow.xlsx","connecting_words","接続語","PC","O0803",0,"O0803","f",1,573,18
"5734","PC_O0803_18_Yellow.xlsx","sounds2","幼児語（その２）","PC","O0803",0,"O0803","f",1,573,18
"5735","PC_O0803_18_Yellow.xlsx","conversations","会話語","PC","O0803",0,"O0803","f",1,573,18
"5736","PC_O0803_18_Yellow.xlsx","others","その他","PC","O0803",0,"O0803","f",1,573,18
"5737","PC_O0803_24_Yellow.xlsx","sounds","幼児語","PC","O0803",3,"O0803","f",1,755,24
"5738","PC_O0803_24_Yellow.xlsx","animals","動物の名前","PC","O0803",9,"O0803","f",1,755,24
"5739","PC_O0803_24_Yellow.xlsx","vehicles","乗り物","PC","O0803",2,"O0803","f",1,755,24
"5740","PC_O0803_24_Yellow.xlsx","toys","おもちゃ","PC","O0803",3,"O0803","f",1,755,24
"5741","PC_O0803_24_Yellow.xlsx","food_drink","食べ物と飲み物","PC","O0803",16,"O0803","f",1,755,24
"5742","PC_O0803_24_Yellow.xlsx","clothing","衣類","PC","O0803",1,"O0803","f",1,755,24
"5743","PC_O0803_24_Yellow.xlsx","body_parts","体の部分","PC","O0803",5,"O0803","f",1,755,24
"5744","PC_O0803_24_Yellow.xlsx","furniture_rooms","家具と部屋","PC","O0803",2,"O0803","f",1,755,24
"5745","PC_O0803_24_Yellow.xlsx","household","小さな家庭用品","PC","O0803",1,"O0803","f",1,755,24
"5746","PC_O0803_24_Yellow.xlsx","outside","戸外のもの","PC","O0803",0,"O0803","f",1,755,24
"5747","PC_O0803_24_Yellow.xlsx","places","おでかけ","PC","O0803",0,"O0803","f",1,755,24
"5748","PC_O0803_24_Yellow.xlsx","people","人々","PC","O0803",7,"O0803","f",1,755,24
"5749","PC_O0803_24_Yellow.xlsx","games_routines","日課とあいさつ","PC","O0803",6,"O0803","f",1,755,24
"5750","PC_O0803_24_Yellow.xlsx","action_words","動作語","PC","O0803",5,"O0803","f",1,755,24
"5751","PC_O0803_24_Yellow.xlsx","time_words","時間についてのことば","PC","O0803",0,"O0803","f",1,755,24
"5752","PC_O0803_24_Yellow.xlsx","descriptive_words","ようす・性質","PC","O0803",0,"O0803","f",1,755,24
"5753","PC_O0803_24_Yellow.xlsx","pronouns","代名詞","PC","O0803",0,"O0803","f",1,755,24
"5754","PC_O0803_24_Yellow.xlsx","question_words","質問のことば","PC","O0803",0,"O0803","f",1,755,24
"5755","PC_O0803_24_Yellow.xlsx","locations","位置と場所についてのことば","PC","O0803",0,"O0803","f",1,755,24
"5756","PC_O0803_24_Yellow.xlsx","quantifiers","数量をあらわすことば","PC","O0803",0,"O0803","f",1,755,24
"5757","PC_O0803_24_Yellow.xlsx","connecting_words","接続語","PC","O0803",0,"O0803","f",1,755,24
"5758","PC_O0803_24_Yellow.xlsx","sounds2","幼児語（その２）","PC","O0803",5,"O0803","f",1,755,24
"5759","PC_O0803_24_Yellow.xlsx","conversations","会話語","PC","O0803",2,"O0803","f",1,755,24
"5760","PC_O0803_24_Yellow.xlsx","others","その他","PC","O0803",1,"O0803","f",1,755,24
