"","filename","category_en","category_ja","project","id","produces","ID","Sex.(f/m)","OpenScience.(ok:1/no:0)","AgeD.(days)","AgeM.(months)"
"1","BL_B0025_29_Yellow.xlsx","sounds","幼児語","BL","B0025",12,"B0025","f",1,914,29
"2","BL_B0025_29_Yellow.xlsx","animals","動物の名前","BL","B0025",38,"B0025","f",1,914,29
"3","BL_B0025_29_Yellow.xlsx","vehicles","乗り物","BL","B0025",9,"B0025","f",1,914,29
"4","BL_B0025_29_Yellow.xlsx","toys","おもちゃ","BL","B0025",0,"B0025","f",1,914,29
"5","BL_B0025_29_Yellow.xlsx","food_drink","食べ物と飲み物","BL","B0025",53,"B0025","f",1,914,29
"6","BL_B0025_29_Yellow.xlsx","clothing","衣類","BL","B0025",17,"B0025","f",1,914,29
"7","BL_B0025_29_Yellow.xlsx","body_parts","体の部分","BL","B0025",26,"B0025","f",1,914,29
"8","BL_B0025_29_Yellow.xlsx","furniture_rooms","家具と部屋","BL","B0025",24,"B0025","f",1,914,29
"9","BL_B0025_29_Yellow.xlsx","household","小さな家庭用品","BL","B0025",33,"B0025","f",1,914,29
"10","BL_B0025_29_Yellow.xlsx","outside","戸外のもの","BL","B0025",22,"B0025","f",1,914,29
"11","BL_B0025_29_Yellow.xlsx","places","おでかけ","BL","B0025",7,"B0025","f",1,914,29
"12","BL_B0025_29_Yellow.xlsx","people","人々","BL","B0025",18,"B0025","f",1,914,29
"13","BL_B0025_29_Yellow.xlsx","games_routines","日課とあいさつ","BL","B0025",25,"B0025","f",1,914,29
"14","BL_B0025_29_Yellow.xlsx","action_words","動作語","BL","B0025",91,"B0025","f",1,914,29
"15","BL_B0025_29_Yellow.xlsx","time_words","時間についてのことば","BL","B0025",6,"B0025","f",1,914,29
"16","BL_B0025_29_Yellow.xlsx","descriptive_words","ようす・性質","BL","B0025",51,"B0025","f",1,914,29
"17","BL_B0025_29_Yellow.xlsx","pronouns","代名詞","BL","B0025",6,"B0025","f",1,914,29
"18","BL_B0025_29_Yellow.xlsx","question_words","質問のことば","BL","B0025",4,"B0025","f",1,914,29
"19","BL_B0025_29_Yellow.xlsx","locations","位置と場所についてのことば","BL","B0025",1,"B0025","f",1,914,29
"20","BL_B0025_29_Yellow.xlsx","quantifiers","数量をあらわすことば","BL","B0025",15,"B0025","f",1,914,29
"21","BL_B0025_29_Yellow.xlsx","connecting_words","接続語","BL","B0025",0,"B0025","f",1,914,29
"22","BL_B0025_29_Yellow.xlsx","sounds2","幼児語（その２）","BL","B0025",27,"B0025","f",1,914,29
"23","BL_B0025_29_Yellow.xlsx","conversations","会話語","BL","B0025",11,"B0025","f",1,914,29
"24","BL_B0025_29_Yellow.xlsx","others","その他","BL","B0025",9,"B0025","f",1,914,29
"25","BL_B0026_29_Yellow.xlsx","sounds","幼児語","BL","B0026",6,"B0026","f",1,911,29
"26","BL_B0026_29_Yellow.xlsx","animals","動物の名前","BL","B0026",10,"B0026","f",1,911,29
"27","BL_B0026_29_Yellow.xlsx","vehicles","乗り物","BL","B0026",4,"B0026","f",1,911,29
"28","BL_B0026_29_Yellow.xlsx","toys","おもちゃ","BL","B0026",6,"B0026","f",1,911,29
"29","BL_B0026_29_Yellow.xlsx","food_drink","食べ物と飲み物","BL","B0026",40,"B0026","f",1,911,29
"30","BL_B0026_29_Yellow.xlsx","clothing","衣類","BL","B0026",9,"B0026","f",1,911,29
"31","BL_B0026_29_Yellow.xlsx","body_parts","体の部分","BL","B0026",15,"B0026","f",1,911,29
"32","BL_B0026_29_Yellow.xlsx","furniture_rooms","家具と部屋","BL","B0026",4,"B0026","f",1,911,29
"33","BL_B0026_29_Yellow.xlsx","household","小さな家庭用品","BL","B0026",12,"B0026","f",1,911,29
"34","BL_B0026_29_Yellow.xlsx","outside","戸外のもの","BL","B0026",8,"B0026","f",1,911,29
"35","BL_B0026_29_Yellow.xlsx","places","おでかけ","BL","B0026",5,"B0026","f",1,911,29
"36","BL_B0026_29_Yellow.xlsx","people","人々","BL","B0026",12,"B0026","f",1,911,29
"37","BL_B0026_29_Yellow.xlsx","games_routines","日課とあいさつ","BL","B0026",24,"B0026","f",1,911,29
"38","BL_B0026_29_Yellow.xlsx","action_words","動作語","BL","B0026",14,"B0026","f",1,911,29
"39","BL_B0026_29_Yellow.xlsx","time_words","時間についてのことば","BL","B0026",0,"B0026","f",1,911,29
"40","BL_B0026_29_Yellow.xlsx","descriptive_words","ようす・性質","BL","B0026",11,"B0026","f",1,911,29
"41","BL_B0026_29_Yellow.xlsx","pronouns","代名詞","BL","B0026",1,"B0026","f",1,911,29
"42","BL_B0026_29_Yellow.xlsx","question_words","質問のことば","BL","B0026",2,"B0026","f",1,911,29
"43","BL_B0026_29_Yellow.xlsx","locations","位置と場所についてのことば","BL","B0026",0,"B0026","f",1,911,29
"44","BL_B0026_29_Yellow.xlsx","quantifiers","数量をあらわすことば","BL","B0026",8,"B0026","f",1,911,29
"45","BL_B0026_29_Yellow.xlsx","connecting_words","接続語","BL","B0026",0,"B0026","f",1,911,29
"46","BL_B0026_29_Yellow.xlsx","sounds2","幼児語（その２）","BL","B0026",13,"B0026","f",1,911,29
"47","BL_B0026_29_Yellow.xlsx","conversations","会話語","BL","B0026",3,"B0026","f",1,911,29
"48","BL_B0026_29_Yellow.xlsx","others","その他","BL","B0026",4,"B0026","f",1,911,29
"49","BL_B0027_30_Yellow.xlsx","sounds","幼児語","BL","B0027",11,"B0027","m",1,922,30
"50","BL_B0027_30_Yellow.xlsx","animals","動物の名前","BL","B0027",30,"B0027","m",1,922,30
"51","BL_B0027_30_Yellow.xlsx","vehicles","乗り物","BL","B0027",9,"B0027","m",1,922,30
"52","BL_B0027_30_Yellow.xlsx","toys","おもちゃ","BL","B0027",13,"B0027","m",1,922,30
"53","BL_B0027_30_Yellow.xlsx","food_drink","食べ物と飲み物","BL","B0027",34,"B0027","m",1,922,30
"54","BL_B0027_30_Yellow.xlsx","clothing","衣類","BL","B0027",11,"B0027","m",1,922,30
"55","BL_B0027_30_Yellow.xlsx","body_parts","体の部分","BL","B0027",13,"B0027","m",1,922,30
"56","BL_B0027_30_Yellow.xlsx","furniture_rooms","家具と部屋","BL","B0027",11,"B0027","m",1,922,30
"57","BL_B0027_30_Yellow.xlsx","household","小さな家庭用品","BL","B0027",14,"B0027","m",1,922,30
"58","BL_B0027_30_Yellow.xlsx","outside","戸外のもの","BL","B0027",7,"B0027","m",1,922,30
"59","BL_B0027_30_Yellow.xlsx","places","おでかけ","BL","B0027",9,"B0027","m",1,922,30
"60","BL_B0027_30_Yellow.xlsx","people","人々","BL","B0027",21,"B0027","m",1,922,30
"61","BL_B0027_30_Yellow.xlsx","games_routines","日課とあいさつ","BL","B0027",23,"B0027","m",1,922,30
"62","BL_B0027_30_Yellow.xlsx","action_words","動作語","BL","B0027",34,"B0027","m",1,922,30
"63","BL_B0027_30_Yellow.xlsx","time_words","時間についてのことば","BL","B0027",6,"B0027","m",1,922,30
"64","BL_B0027_30_Yellow.xlsx","descriptive_words","ようす・性質","BL","B0027",27,"B0027","m",1,922,30
"65","BL_B0027_30_Yellow.xlsx","pronouns","代名詞","BL","B0027",5,"B0027","m",1,922,30
"66","BL_B0027_30_Yellow.xlsx","question_words","質問のことば","BL","B0027",5,"B0027","m",1,922,30
"67","BL_B0027_30_Yellow.xlsx","locations","位置と場所についてのことば","BL","B0027",0,"B0027","m",1,922,30
"68","BL_B0027_30_Yellow.xlsx","quantifiers","数量をあらわすことば","BL","B0027",8,"B0027","m",1,922,30
"69","BL_B0027_30_Yellow.xlsx","connecting_words","接続語","BL","B0027",0,"B0027","m",1,922,30
"70","BL_B0027_30_Yellow.xlsx","sounds2","幼児語（その２）","BL","B0027",17,"B0027","m",1,922,30
"71","BL_B0027_30_Yellow.xlsx","conversations","会話語","BL","B0027",6,"B0027","m",1,922,30
"72","BL_B0027_30_Yellow.xlsx","others","その他","BL","B0027",5,"B0027","m",1,922,30
"73","BL_B0028_30_Yellow.xlsx","sounds","幼児語","BL","B0028",11,"B0028","f",1,942,30
"74","BL_B0028_30_Yellow.xlsx","animals","動物の名前","BL","B0028",18,"B0028","f",1,942,30
"75","BL_B0028_30_Yellow.xlsx","vehicles","乗り物","BL","B0028",7,"B0028","f",1,942,30
"76","BL_B0028_30_Yellow.xlsx","toys","おもちゃ","BL","B0028",9,"B0028","f",1,942,30
"77","BL_B0028_30_Yellow.xlsx","food_drink","食べ物と飲み物","BL","B0028",48,"B0028","f",1,942,30
"78","BL_B0028_30_Yellow.xlsx","clothing","衣類","BL","B0028",13,"B0028","f",1,942,30
"79","BL_B0028_30_Yellow.xlsx","body_parts","体の部分","BL","B0028",13,"B0028","f",1,942,30
"80","BL_B0028_30_Yellow.xlsx","furniture_rooms","家具と部屋","BL","B0028",12,"B0028","f",1,942,30
"81","BL_B0028_30_Yellow.xlsx","household","小さな家庭用品","BL","B0028",19,"B0028","f",1,942,30
"82","BL_B0028_30_Yellow.xlsx","outside","戸外のもの","BL","B0028",8,"B0028","f",1,942,30
"83","BL_B0028_30_Yellow.xlsx","places","おでかけ","BL","B0028",6,"B0028","f",1,942,30
"84","BL_B0028_30_Yellow.xlsx","people","人々","BL","B0028",9,"B0028","f",1,942,30
"85","BL_B0028_30_Yellow.xlsx","games_routines","日課とあいさつ","BL","B0028",23,"B0028","f",1,942,30
"86","BL_B0028_30_Yellow.xlsx","action_words","動作語","BL","B0028",54,"B0028","f",1,942,30
"87","BL_B0028_30_Yellow.xlsx","time_words","時間についてのことば","BL","B0028",4,"B0028","f",1,942,30
"88","BL_B0028_30_Yellow.xlsx","descriptive_words","ようす・性質","BL","B0028",31,"B0028","f",1,942,30
"89","BL_B0028_30_Yellow.xlsx","pronouns","代名詞","BL","B0028",7,"B0028","f",1,942,30
"90","BL_B0028_30_Yellow.xlsx","question_words","質問のことば","BL","B0028",3,"B0028","f",1,942,30
"91","BL_B0028_30_Yellow.xlsx","locations","位置と場所についてのことば","BL","B0028",4,"B0028","f",1,942,30
"92","BL_B0028_30_Yellow.xlsx","quantifiers","数量をあらわすことば","BL","B0028",11,"B0028","f",1,942,30
"93","BL_B0028_30_Yellow.xlsx","connecting_words","接続語","BL","B0028",1,"B0028","f",1,942,30
"94","BL_B0028_30_Yellow.xlsx","sounds2","幼児語（その２）","BL","B0028",25,"B0028","f",1,942,30
"95","BL_B0028_30_Yellow.xlsx","conversations","会話語","BL","B0028",8,"B0028","f",1,942,30
"96","BL_B0028_30_Yellow.xlsx","others","その他","BL","B0028",6,"B0028","f",1,942,30
"97","BL_B0030_28_Yellow.xlsx","sounds","幼児語","BL","B0030",3,"B0030","f",1,878.57708333333,28
"98","BL_B0030_28_Yellow.xlsx","animals","動物の名前","BL","B0030",2,"B0030","f",1,878.57708333333,28
"99","BL_B0030_28_Yellow.xlsx","vehicles","乗り物","BL","B0030",1,"B0030","f",1,878.57708333333,28
"100","BL_B0030_28_Yellow.xlsx","toys","おもちゃ","BL","B0030",1,"B0030","f",1,878.57708333333,28
"101","BL_B0030_28_Yellow.xlsx","food_drink","食べ物と飲み物","BL","B0030",12,"B0030","f",1,878.57708333333,28
"102","BL_B0030_28_Yellow.xlsx","clothing","衣類","BL","B0030",5,"B0030","f",1,878.57708333333,28
"103","BL_B0030_28_Yellow.xlsx","body_parts","体の部分","BL","B0030",11,"B0030","f",1,878.57708333333,28
"104","BL_B0030_28_Yellow.xlsx","furniture_rooms","家具と部屋","BL","B0030",7,"B0030","f",1,878.57708333333,28
"105","BL_B0030_28_Yellow.xlsx","household","小さな家庭用品","BL","B0030",8,"B0030","f",1,878.57708333333,28
"106","BL_B0030_28_Yellow.xlsx","outside","戸外のもの","BL","B0030",3,"B0030","f",1,878.57708333333,28
"107","BL_B0030_28_Yellow.xlsx","places","おでかけ","BL","B0030",1,"B0030","f",1,878.57708333333,28
"108","BL_B0030_28_Yellow.xlsx","people","人々","BL","B0030",7,"B0030","f",1,878.57708333333,28
"109","BL_B0030_28_Yellow.xlsx","games_routines","日課とあいさつ","BL","B0030",13,"B0030","f",1,878.57708333333,28
"110","BL_B0030_28_Yellow.xlsx","action_words","動作語","BL","B0030",16,"B0030","f",1,878.57708333333,28
"111","BL_B0030_28_Yellow.xlsx","time_words","時間についてのことば","BL","B0030",1,"B0030","f",1,878.57708333333,28
"112","BL_B0030_28_Yellow.xlsx","descriptive_words","ようす・性質","BL","B0030",15,"B0030","f",1,878.57708333333,28
"113","BL_B0030_28_Yellow.xlsx","pronouns","代名詞","BL","B0030",4,"B0030","f",1,878.57708333333,28
"114","BL_B0030_28_Yellow.xlsx","question_words","質問のことば","BL","B0030",0,"B0030","f",1,878.57708333333,28
"115","BL_B0030_28_Yellow.xlsx","locations","位置と場所についてのことば","BL","B0030",1,"B0030","f",1,878.57708333333,28
"116","BL_B0030_28_Yellow.xlsx","quantifiers","数量をあらわすことば","BL","B0030",3,"B0030","f",1,878.57708333333,28
"117","BL_B0030_28_Yellow.xlsx","connecting_words","接続語","BL","B0030",0,"B0030","f",1,878.57708333333,28
"118","BL_B0030_28_Yellow.xlsx","sounds2","幼児語（その２）","BL","B0030",11,"B0030","f",1,878.57708333333,28
"119","BL_B0030_28_Yellow.xlsx","conversations","会話語","BL","B0030",2,"B0030","f",1,878.57708333333,28
"120","BL_B0030_28_Yellow.xlsx","others","その他","BL","B0030",6,"B0030","f",1,878.57708333333,28
"121","BL_B0031_29_Yellow.xlsx","sounds","幼児語","BL","B0031",6,"B0031","f",1,888,29
"122","BL_B0031_29_Yellow.xlsx","animals","動物の名前","BL","B0031",9,"B0031","f",1,888,29
"123","BL_B0031_29_Yellow.xlsx","vehicles","乗り物","BL","B0031",7,"B0031","f",1,888,29
"124","BL_B0031_29_Yellow.xlsx","toys","おもちゃ","BL","B0031",0,"B0031","f",1,888,29
"125","BL_B0031_29_Yellow.xlsx","food_drink","食べ物と飲み物","BL","B0031",5,"B0031","f",1,888,29
"126","BL_B0031_29_Yellow.xlsx","clothing","衣類","BL","B0031",1,"B0031","f",1,888,29
"127","BL_B0031_29_Yellow.xlsx","body_parts","体の部分","BL","B0031",1,"B0031","f",1,888,29
"128","BL_B0031_29_Yellow.xlsx","furniture_rooms","家具と部屋","BL","B0031",0,"B0031","f",1,888,29
"129","BL_B0031_29_Yellow.xlsx","household","小さな家庭用品","BL","B0031",0,"B0031","f",1,888,29
"130","BL_B0031_29_Yellow.xlsx","outside","戸外のもの","BL","B0031",0,"B0031","f",1,888,29
"131","BL_B0031_29_Yellow.xlsx","places","おでかけ","BL","B0031",0,"B0031","f",1,888,29
"132","BL_B0031_29_Yellow.xlsx","people","人々","BL","B0031",7,"B0031","f",1,888,29
"133","BL_B0031_29_Yellow.xlsx","games_routines","日課とあいさつ","BL","B0031",0,"B0031","f",1,888,29
"134","BL_B0031_29_Yellow.xlsx","action_words","動作語","BL","B0031",1,"B0031","f",1,888,29
"135","BL_B0031_29_Yellow.xlsx","time_words","時間についてのことば","BL","B0031",0,"B0031","f",1,888,29
"136","BL_B0031_29_Yellow.xlsx","descriptive_words","ようす・性質","BL","B0031",1,"B0031","f",1,888,29
"137","BL_B0031_29_Yellow.xlsx","pronouns","代名詞","BL","B0031",1,"B0031","f",1,888,29
"138","BL_B0031_29_Yellow.xlsx","question_words","質問のことば","BL","B0031",0,"B0031","f",1,888,29
"139","BL_B0031_29_Yellow.xlsx","locations","位置と場所についてのことば","BL","B0031",0,"B0031","f",1,888,29
"140","BL_B0031_29_Yellow.xlsx","quantifiers","数量をあらわすことば","BL","B0031",0,"B0031","f",1,888,29
"141","BL_B0031_29_Yellow.xlsx","connecting_words","接続語","BL","B0031",0,"B0031","f",1,888,29
"142","BL_B0031_29_Yellow.xlsx","sounds2","幼児語（その２）","BL","B0031",6,"B0031","f",1,888,29
"143","BL_B0031_29_Yellow.xlsx","conversations","会話語","BL","B0031",1,"B0031","f",1,888,29
"144","BL_B0031_29_Yellow.xlsx","others","その他","BL","B0031",0,"B0031","f",1,888,29
"145","BL_B0032_25_Yellow.xlsx","sounds","幼児語","BL","B0032",12,"B0032","m",1,788,25
"146","BL_B0032_25_Yellow.xlsx","animals","動物の名前","BL","B0032",43,"B0032","m",1,788,25
"147","BL_B0032_25_Yellow.xlsx","vehicles","乗り物","BL","B0032",13,"B0032","m",1,788,25
"148","BL_B0032_25_Yellow.xlsx","toys","おもちゃ","BL","B0032",16,"B0032","m",1,788,25
"149","BL_B0032_25_Yellow.xlsx","food_drink","食べ物と飲み物","BL","B0032",65,"B0032","m",1,788,25
"150","BL_B0032_25_Yellow.xlsx","clothing","衣類","BL","B0032",18,"B0032","m",1,788,25
"151","BL_B0032_25_Yellow.xlsx","body_parts","体の部分","BL","B0032",25,"B0032","m",1,788,25
"152","BL_B0032_25_Yellow.xlsx","furniture_rooms","家具と部屋","BL","B0032",20,"B0032","m",1,788,25
"153","BL_B0032_25_Yellow.xlsx","household","小さな家庭用品","BL","B0032",40,"B0032","m",1,788,25
"154","BL_B0032_25_Yellow.xlsx","outside","戸外のもの","BL","B0032",18,"B0032","m",1,788,25
"155","BL_B0032_25_Yellow.xlsx","places","おでかけ","BL","B0032",9,"B0032","m",1,788,25
"156","BL_B0032_25_Yellow.xlsx","people","人々","BL","B0032",20,"B0032","m",1,788,25
"157","BL_B0032_25_Yellow.xlsx","games_routines","日課とあいさつ","BL","B0032",24,"B0032","m",1,788,25
"158","BL_B0032_25_Yellow.xlsx","action_words","動作語","BL","B0032",78,"B0032","m",1,788,25
"159","BL_B0032_25_Yellow.xlsx","time_words","時間についてのことば","BL","B0032",2,"B0032","m",1,788,25
"160","BL_B0032_25_Yellow.xlsx","descriptive_words","ようす・性質","BL","B0032",48,"B0032","m",1,788,25
"161","BL_B0032_25_Yellow.xlsx","pronouns","代名詞","BL","B0032",8,"B0032","m",1,788,25
"162","BL_B0032_25_Yellow.xlsx","question_words","質問のことば","BL","B0032",3,"B0032","m",1,788,25
"163","BL_B0032_25_Yellow.xlsx","locations","位置と場所についてのことば","BL","B0032",5,"B0032","m",1,788,25
"164","BL_B0032_25_Yellow.xlsx","quantifiers","数量をあらわすことば","BL","B0032",13,"B0032","m",1,788,25
"165","BL_B0032_25_Yellow.xlsx","connecting_words","接続語","BL","B0032",0,"B0032","m",1,788,25
"166","BL_B0032_25_Yellow.xlsx","sounds2","幼児語（その２）","BL","B0032",27,"B0032","m",1,788,25
"167","BL_B0032_25_Yellow.xlsx","conversations","会話語","BL","B0032",9,"B0032","m",1,788,25
"168","BL_B0032_25_Yellow.xlsx","others","その他","BL","B0032",8,"B0032","m",1,788,25
"169","BL_B0033_26_Yellow.xlsx","sounds","幼児語","BL","B0033",12,"B0033","f",1,820,26
"170","BL_B0033_26_Yellow.xlsx","animals","動物の名前","BL","B0033",36,"B0033","f",1,820,26
"171","BL_B0033_26_Yellow.xlsx","vehicles","乗り物","BL","B0033",8,"B0033","f",1,820,26
"172","BL_B0033_26_Yellow.xlsx","toys","おもちゃ","BL","B0033",9,"B0033","f",1,820,26
"173","BL_B0033_26_Yellow.xlsx","food_drink","食べ物と飲み物","BL","B0033",60,"B0033","f",1,820,26
"174","BL_B0033_26_Yellow.xlsx","clothing","衣類","BL","B0033",15,"B0033","f",1,820,26
"175","BL_B0033_26_Yellow.xlsx","body_parts","体の部分","BL","B0033",24,"B0033","f",1,820,26
"176","BL_B0033_26_Yellow.xlsx","furniture_rooms","家具と部屋","BL","B0033",13,"B0033","f",1,820,26
"177","BL_B0033_26_Yellow.xlsx","household","小さな家庭用品","BL","B0033",35,"B0033","f",1,820,26
"178","BL_B0033_26_Yellow.xlsx","outside","戸外のもの","BL","B0033",17,"B0033","f",1,820,26
"179","BL_B0033_26_Yellow.xlsx","places","おでかけ","BL","B0033",10,"B0033","f",1,820,26
"180","BL_B0033_26_Yellow.xlsx","people","人々","BL","B0033",10,"B0033","f",1,820,26
"181","BL_B0033_26_Yellow.xlsx","games_routines","日課とあいさつ","BL","B0033",25,"B0033","f",1,820,26
"182","BL_B0033_26_Yellow.xlsx","action_words","動作語","BL","B0033",87,"B0033","f",1,820,26
"183","BL_B0033_26_Yellow.xlsx","time_words","時間についてのことば","BL","B0033",4,"B0033","f",1,820,26
"184","BL_B0033_26_Yellow.xlsx","descriptive_words","ようす・性質","BL","B0033",42,"B0033","f",1,820,26
"185","BL_B0033_26_Yellow.xlsx","pronouns","代名詞","BL","B0033",8,"B0033","f",1,820,26
"186","BL_B0033_26_Yellow.xlsx","question_words","質問のことば","BL","B0033",6,"B0033","f",1,820,26
"187","BL_B0033_26_Yellow.xlsx","locations","位置と場所についてのことば","BL","B0033",8,"B0033","f",1,820,26
"188","BL_B0033_26_Yellow.xlsx","quantifiers","数量をあらわすことば","BL","B0033",14,"B0033","f",1,820,26
"189","BL_B0033_26_Yellow.xlsx","connecting_words","接続語","BL","B0033",1,"B0033","f",1,820,26
"190","BL_B0033_26_Yellow.xlsx","sounds2","幼児語（その２）","BL","B0033",28,"B0033","f",1,820,26
"191","BL_B0033_26_Yellow.xlsx","conversations","会話語","BL","B0033",7,"B0033","f",1,820,26
"192","BL_B0033_26_Yellow.xlsx","others","その他","BL","B0033",7,"B0033","f",1,820,26
"193","BL_B0034_26_Yellow.xlsx","sounds","幼児語","BL","B0034",8,"B0034","f",1,813,26
"194","BL_B0034_26_Yellow.xlsx","animals","動物の名前","BL","B0034",23,"B0034","f",1,813,26
"195","BL_B0034_26_Yellow.xlsx","vehicles","乗り物","BL","B0034",7,"B0034","f",1,813,26
"196","BL_B0034_26_Yellow.xlsx","toys","おもちゃ","BL","B0034",7,"B0034","f",1,813,26
"197","BL_B0034_26_Yellow.xlsx","food_drink","食べ物と飲み物","BL","B0034",41,"B0034","f",1,813,26
"198","BL_B0034_26_Yellow.xlsx","clothing","衣類","BL","B0034",14,"B0034","f",1,813,26
"199","BL_B0034_26_Yellow.xlsx","body_parts","体の部分","BL","B0034",22,"B0034","f",1,813,26
"200","BL_B0034_26_Yellow.xlsx","furniture_rooms","家具と部屋","BL","B0034",10,"B0034","f",1,813,26
"201","BL_B0034_26_Yellow.xlsx","household","小さな家庭用品","BL","B0034",20,"B0034","f",1,813,26
"202","BL_B0034_26_Yellow.xlsx","outside","戸外のもの","BL","B0034",12,"B0034","f",1,813,26
"203","BL_B0034_26_Yellow.xlsx","places","おでかけ","BL","B0034",10,"B0034","f",1,813,26
"204","BL_B0034_26_Yellow.xlsx","people","人々","BL","B0034",14,"B0034","f",1,813,26
"205","BL_B0034_26_Yellow.xlsx","games_routines","日課とあいさつ","BL","B0034",24,"B0034","f",1,813,26
"206","BL_B0034_26_Yellow.xlsx","action_words","動作語","BL","B0034",44,"B0034","f",1,813,26
"207","BL_B0034_26_Yellow.xlsx","time_words","時間についてのことば","BL","B0034",0,"B0034","f",1,813,26
"208","BL_B0034_26_Yellow.xlsx","descriptive_words","ようす・性質","BL","B0034",26,"B0034","f",1,813,26
"209","BL_B0034_26_Yellow.xlsx","pronouns","代名詞","BL","B0034",4,"B0034","f",1,813,26
"210","BL_B0034_26_Yellow.xlsx","question_words","質問のことば","BL","B0034",0,"B0034","f",1,813,26
"211","BL_B0034_26_Yellow.xlsx","locations","位置と場所についてのことば","BL","B0034",2,"B0034","f",1,813,26
"212","BL_B0034_26_Yellow.xlsx","quantifiers","数量をあらわすことば","BL","B0034",4,"B0034","f",1,813,26
"213","BL_B0034_26_Yellow.xlsx","connecting_words","接続語","BL","B0034",0,"B0034","f",1,813,26
"214","BL_B0034_26_Yellow.xlsx","sounds2","幼児語（その２）","BL","B0034",25,"B0034","f",1,813,26
"215","BL_B0034_26_Yellow.xlsx","conversations","会話語","BL","B0034",4,"B0034","f",1,813,26
"216","BL_B0034_26_Yellow.xlsx","others","その他","BL","B0034",6,"B0034","f",1,813,26
"217","BL_B0035_26_Yellow.xlsx","sounds","幼児語","BL","B0035",12,"B0035","m",1,811,26
"218","BL_B0035_26_Yellow.xlsx","animals","動物の名前","BL","B0035",29,"B0035","m",1,811,26
"219","BL_B0035_26_Yellow.xlsx","vehicles","乗り物","BL","B0035",12,"B0035","m",1,811,26
"220","BL_B0035_26_Yellow.xlsx","toys","おもちゃ","BL","B0035",10,"B0035","m",1,811,26
"221","BL_B0035_26_Yellow.xlsx","food_drink","食べ物と飲み物","BL","B0035",42,"B0035","m",1,811,26
"222","BL_B0035_26_Yellow.xlsx","clothing","衣類","BL","B0035",11,"B0035","m",1,811,26
"223","BL_B0035_26_Yellow.xlsx","body_parts","体の部分","BL","B0035",19,"B0035","m",1,811,26
"224","BL_B0035_26_Yellow.xlsx","furniture_rooms","家具と部屋","BL","B0035",16,"B0035","m",1,811,26
"225","BL_B0035_26_Yellow.xlsx","household","小さな家庭用品","BL","B0035",18,"B0035","m",1,811,26
"226","BL_B0035_26_Yellow.xlsx","outside","戸外のもの","BL","B0035",18,"B0035","m",1,811,26
"227","BL_B0035_26_Yellow.xlsx","places","おでかけ","BL","B0035",8,"B0035","m",1,811,26
"228","BL_B0035_26_Yellow.xlsx","people","人々","BL","B0035",20,"B0035","m",1,811,26
"229","BL_B0035_26_Yellow.xlsx","games_routines","日課とあいさつ","BL","B0035",23,"B0035","m",1,811,26
"230","BL_B0035_26_Yellow.xlsx","action_words","動作語","BL","B0035",50,"B0035","m",1,811,26
"231","BL_B0035_26_Yellow.xlsx","time_words","時間についてのことば","BL","B0035",5,"B0035","m",1,811,26
"232","BL_B0035_26_Yellow.xlsx","descriptive_words","ようす・性質","BL","B0035",40,"B0035","m",1,811,26
"233","BL_B0035_26_Yellow.xlsx","pronouns","代名詞","BL","B0035",6,"B0035","m",1,811,26
"234","BL_B0035_26_Yellow.xlsx","question_words","質問のことば","BL","B0035",1,"B0035","m",1,811,26
"235","BL_B0035_26_Yellow.xlsx","locations","位置と場所についてのことば","BL","B0035",3,"B0035","m",1,811,26
"236","BL_B0035_26_Yellow.xlsx","quantifiers","数量をあらわすことば","BL","B0035",13,"B0035","m",1,811,26
"237","BL_B0035_26_Yellow.xlsx","connecting_words","接続語","BL","B0035",1,"B0035","m",1,811,26
"238","BL_B0035_26_Yellow.xlsx","sounds2","幼児語（その２）","BL","B0035",19,"B0035","m",1,811,26
"239","BL_B0035_26_Yellow.xlsx","conversations","会話語","BL","B0035",5,"B0035","m",1,811,26
"240","BL_B0035_26_Yellow.xlsx","others","その他","BL","B0035",6,"B0035","m",1,811,26
"241","KU_K0061_24_Yellow.xlsx","sounds","幼児語","KU","K0061",5,"K0061","m",1,730,24
"242","KU_K0061_24_Yellow.xlsx","animals","動物の名前","KU","K0061",4,"K0061","m",1,730,24
"243","KU_K0061_24_Yellow.xlsx","vehicles","乗り物","KU","K0061",2,"K0061","m",1,730,24
"244","KU_K0061_24_Yellow.xlsx","toys","おもちゃ","KU","K0061",3,"K0061","m",1,730,24
"245","KU_K0061_24_Yellow.xlsx","food_drink","食べ物と飲み物","KU","K0061",14,"K0061","m",1,730,24
"246","KU_K0061_24_Yellow.xlsx","clothing","衣類","KU","K0061",4,"K0061","m",1,730,24
"247","KU_K0061_24_Yellow.xlsx","body_parts","体の部分","KU","K0061",12,"K0061","m",1,730,24
"248","KU_K0061_24_Yellow.xlsx","furniture_rooms","家具と部屋","KU","K0061",2,"K0061","m",1,730,24
"249","KU_K0061_24_Yellow.xlsx","household","小さな家庭用品","KU","K0061",1,"K0061","m",1,730,24
"250","KU_K0061_24_Yellow.xlsx","outside","戸外のもの","KU","K0061",1,"K0061","m",1,730,24
"251","KU_K0061_24_Yellow.xlsx","places","おでかけ","KU","K0061",1,"K0061","m",1,730,24
"252","KU_K0061_24_Yellow.xlsx","people","人々","KU","K0061",4,"K0061","m",1,730,24
"253","KU_K0061_24_Yellow.xlsx","games_routines","日課とあいさつ","KU","K0061",17,"K0061","m",1,730,24
"254","KU_K0061_24_Yellow.xlsx","action_words","動作語","KU","K0061",3,"K0061","m",1,730,24
"255","KU_K0061_24_Yellow.xlsx","time_words","時間についてのことば","KU","K0061",0,"K0061","m",1,730,24
"256","KU_K0061_24_Yellow.xlsx","descriptive_words","ようす・性質","KU","K0061",2,"K0061","m",1,730,24
"257","KU_K0061_24_Yellow.xlsx","pronouns","代名詞","KU","K0061",3,"K0061","m",1,730,24
"258","KU_K0061_24_Yellow.xlsx","question_words","質問のことば","KU","K0061",0,"K0061","m",1,730,24
"259","KU_K0061_24_Yellow.xlsx","locations","位置と場所についてのことば","KU","K0061",0,"K0061","m",1,730,24
"260","KU_K0061_24_Yellow.xlsx","quantifiers","数量をあらわすことば","KU","K0061",2,"K0061","m",1,730,24
"261","KU_K0061_24_Yellow.xlsx","connecting_words","接続語","KU","K0061",0,"K0061","m",1,730,24
"262","KU_K0061_24_Yellow.xlsx","sounds2","幼児語（その２）","KU","K0061",7,"K0061","m",1,730,24
"263","KU_K0061_24_Yellow.xlsx","conversations","会話語","KU","K0061",3,"K0061","m",1,730,24
"264","KU_K0061_24_Yellow.xlsx","others","その他","KU","K0061",3,"K0061","m",1,730,24
"265","KU_K0062_24_Yellow.xlsx","sounds","幼児語","KU","K0062",7,"K0062","f",1,730,24
"266","KU_K0062_24_Yellow.xlsx","animals","動物の名前","KU","K0062",37,"K0062","f",1,730,24
"267","KU_K0062_24_Yellow.xlsx","vehicles","乗り物","KU","K0062",7,"K0062","f",1,730,24
"268","KU_K0062_24_Yellow.xlsx","toys","おもちゃ","KU","K0062",8,"K0062","f",1,730,24
"269","KU_K0062_24_Yellow.xlsx","food_drink","食べ物と飲み物","KU","K0062",33,"K0062","f",1,730,24
"270","KU_K0062_24_Yellow.xlsx","clothing","衣類","KU","K0062",9,"K0062","f",1,730,24
"271","KU_K0062_24_Yellow.xlsx","body_parts","体の部分","KU","K0062",15,"K0062","f",1,730,24
"272","KU_K0062_24_Yellow.xlsx","furniture_rooms","家具と部屋","KU","K0062",10,"K0062","f",1,730,24
"273","KU_K0062_24_Yellow.xlsx","household","小さな家庭用品","KU","K0062",16,"K0062","f",1,730,24
"274","KU_K0062_24_Yellow.xlsx","outside","戸外のもの","KU","K0062",12,"K0062","f",1,730,24
"275","KU_K0062_24_Yellow.xlsx","places","おでかけ","KU","K0062",6,"K0062","f",1,730,24
"276","KU_K0062_24_Yellow.xlsx","people","人々","KU","K0062",7,"K0062","f",1,730,24
"277","KU_K0062_24_Yellow.xlsx","games_routines","日課とあいさつ","KU","K0062",17,"K0062","f",1,730,24
"278","KU_K0062_24_Yellow.xlsx","action_words","動作語","KU","K0062",0,"K0062","f",1,730,24
"279","KU_K0062_24_Yellow.xlsx","time_words","時間についてのことば","KU","K0062",0,"K0062","f",1,730,24
"280","KU_K0062_24_Yellow.xlsx","descriptive_words","ようす・性質","KU","K0062",0,"K0062","f",1,730,24
"281","KU_K0062_24_Yellow.xlsx","pronouns","代名詞","KU","K0062",0,"K0062","f",1,730,24
"282","KU_K0062_24_Yellow.xlsx","question_words","質問のことば","KU","K0062",0,"K0062","f",1,730,24
"283","KU_K0062_24_Yellow.xlsx","locations","位置と場所についてのことば","KU","K0062",12,"K0062","f",1,730,24
"284","KU_K0062_24_Yellow.xlsx","quantifiers","数量をあらわすことば","KU","K0062",10,"K0062","f",1,730,24
"285","KU_K0062_24_Yellow.xlsx","connecting_words","接続語","KU","K0062",1,"K0062","f",1,730,24
"286","KU_K0062_24_Yellow.xlsx","sounds2","幼児語（その２）","KU","K0062",19,"K0062","f",1,730,24
"287","KU_K0062_24_Yellow.xlsx","conversations","会話語","KU","K0062",7,"K0062","f",1,730,24
"288","KU_K0062_24_Yellow.xlsx","others","その他","KU","K0062",8,"K0062","f",1,730,24
"289","KU_K0063_24_Yellow.xlsx","sounds","幼児語","KU","K0063",9,"K0063","f",1,730,24
"290","KU_K0063_24_Yellow.xlsx","animals","動物の名前","KU","K0063",17,"K0063","f",1,730,24
"291","KU_K0063_24_Yellow.xlsx","vehicles","乗り物","KU","K0063",4,"K0063","f",1,730,24
"292","KU_K0063_24_Yellow.xlsx","toys","おもちゃ","KU","K0063",0,"K0063","f",1,730,24
"293","KU_K0063_24_Yellow.xlsx","food_drink","食べ物と飲み物","KU","K0063",10,"K0063","f",1,730,24
"294","KU_K0063_24_Yellow.xlsx","clothing","衣類","KU","K0063",3,"K0063","f",1,730,24
"295","KU_K0063_24_Yellow.xlsx","body_parts","体の部分","KU","K0063",17,"K0063","f",1,730,24
"296","KU_K0063_24_Yellow.xlsx","furniture_rooms","家具と部屋","KU","K0063",2,"K0063","f",1,730,24
"297","KU_K0063_24_Yellow.xlsx","household","小さな家庭用品","KU","K0063",4,"K0063","f",1,730,24
"298","KU_K0063_24_Yellow.xlsx","outside","戸外のもの","KU","K0063",1,"K0063","f",1,730,24
"299","KU_K0063_24_Yellow.xlsx","places","おでかけ","KU","K0063",1,"K0063","f",1,730,24
"300","KU_K0063_24_Yellow.xlsx","people","人々","KU","K0063",12,"K0063","f",1,730,24
"301","KU_K0063_24_Yellow.xlsx","games_routines","日課とあいさつ","KU","K0063",17,"K0063","f",1,730,24
"302","KU_K0063_24_Yellow.xlsx","action_words","動作語","KU","K0063",16,"K0063","f",1,730,24
"303","KU_K0063_24_Yellow.xlsx","time_words","時間についてのことば","KU","K0063",0,"K0063","f",1,730,24
"304","KU_K0063_24_Yellow.xlsx","descriptive_words","ようす・性質","KU","K0063",6,"K0063","f",1,730,24
"305","KU_K0063_24_Yellow.xlsx","pronouns","代名詞","KU","K0063",0,"K0063","f",1,730,24
"306","KU_K0063_24_Yellow.xlsx","question_words","質問のことば","KU","K0063",3,"K0063","f",1,730,24
"307","KU_K0063_24_Yellow.xlsx","locations","位置と場所についてのことば","KU","K0063",1,"K0063","f",1,730,24
"308","KU_K0063_24_Yellow.xlsx","quantifiers","数量をあらわすことば","KU","K0063",2,"K0063","f",1,730,24
"309","KU_K0063_24_Yellow.xlsx","connecting_words","接続語","KU","K0063",0,"K0063","f",1,730,24
"310","KU_K0063_24_Yellow.xlsx","sounds2","幼児語（その２）","KU","K0063",12,"K0063","f",1,730,24
"311","KU_K0063_24_Yellow.xlsx","conversations","会話語","KU","K0063",6,"K0063","f",1,730,24
"312","KU_K0063_24_Yellow.xlsx","others","その他","KU","K0063",5,"K0063","f",1,730,24
"313","KU_K0064_24_Yellow.xlsx","sounds","幼児語","KU","K0064",9,"K0064","f",1,730,24
"314","KU_K0064_24_Yellow.xlsx","animals","動物の名前","KU","K0064",18,"K0064","f",1,730,24
"315","KU_K0064_24_Yellow.xlsx","vehicles","乗り物","KU","K0064",2,"K0064","f",1,730,24
"316","KU_K0064_24_Yellow.xlsx","toys","おもちゃ","KU","K0064",3,"K0064","f",1,730,24
"317","KU_K0064_24_Yellow.xlsx","food_drink","食べ物と飲み物","KU","K0064",20,"K0064","f",1,730,24
"318","KU_K0064_24_Yellow.xlsx","clothing","衣類","KU","K0064",2,"K0064","f",1,730,24
"319","KU_K0064_24_Yellow.xlsx","body_parts","体の部分","KU","K0064",8,"K0064","f",1,730,24
"320","KU_K0064_24_Yellow.xlsx","furniture_rooms","家具と部屋","KU","K0064",7,"K0064","f",1,730,24
"321","KU_K0064_24_Yellow.xlsx","household","小さな家庭用品","KU","K0064",4,"K0064","f",1,730,24
"322","KU_K0064_24_Yellow.xlsx","outside","戸外のもの","KU","K0064",4,"K0064","f",1,730,24
"323","KU_K0064_24_Yellow.xlsx","places","おでかけ","KU","K0064",1,"K0064","f",1,730,24
"324","KU_K0064_24_Yellow.xlsx","people","人々","KU","K0064",7,"K0064","f",1,730,24
"325","KU_K0064_24_Yellow.xlsx","games_routines","日課とあいさつ","KU","K0064",19,"K0064","f",1,730,24
"326","KU_K0064_24_Yellow.xlsx","action_words","動作語","KU","K0064",11,"K0064","f",1,730,24
"327","KU_K0064_24_Yellow.xlsx","time_words","時間についてのことば","KU","K0064",1,"K0064","f",1,730,24
"328","KU_K0064_24_Yellow.xlsx","descriptive_words","ようす・性質","KU","K0064",13,"K0064","f",1,730,24
"329","KU_K0064_24_Yellow.xlsx","pronouns","代名詞","KU","K0064",3,"K0064","f",1,730,24
"330","KU_K0064_24_Yellow.xlsx","question_words","質問のことば","KU","K0064",1,"K0064","f",1,730,24
"331","KU_K0064_24_Yellow.xlsx","locations","位置と場所についてのことば","KU","K0064",0,"K0064","f",1,730,24
"332","KU_K0064_24_Yellow.xlsx","quantifiers","数量をあらわすことば","KU","K0064",8,"K0064","f",1,730,24
"333","KU_K0064_24_Yellow.xlsx","connecting_words","接続語","KU","K0064",0,"K0064","f",1,730,24
"334","KU_K0064_24_Yellow.xlsx","sounds2","幼児語（その２）","KU","K0064",13,"K0064","f",1,730,24
"335","KU_K0064_24_Yellow.xlsx","conversations","会話語","KU","K0064",4,"K0064","f",1,730,24
"336","KU_K0064_24_Yellow.xlsx","others","その他","KU","K0064",3,"K0064","f",1,730,24
"337","KU_K0065_24_Yellow.xlsx","sounds","幼児語","KU","K0065",5,"K0065","f",1,730,24
"338","KU_K0065_24_Yellow.xlsx","animals","動物の名前","KU","K0065",16,"K0065","f",1,730,24
"339","KU_K0065_24_Yellow.xlsx","vehicles","乗り物","KU","K0065",1,"K0065","f",1,730,24
"340","KU_K0065_24_Yellow.xlsx","toys","おもちゃ","KU","K0065",0,"K0065","f",1,730,24
"341","KU_K0065_24_Yellow.xlsx","food_drink","食べ物と飲み物","KU","K0065",14,"K0065","f",1,730,24
"342","KU_K0065_24_Yellow.xlsx","clothing","衣類","KU","K0065",4,"K0065","f",1,730,24
"343","KU_K0065_24_Yellow.xlsx","body_parts","体の部分","KU","K0065",8,"K0065","f",1,730,24
"344","KU_K0065_24_Yellow.xlsx","furniture_rooms","家具と部屋","KU","K0065",2,"K0065","f",1,730,24
"345","KU_K0065_24_Yellow.xlsx","household","小さな家庭用品","KU","K0065",7,"K0065","f",1,730,24
"346","KU_K0065_24_Yellow.xlsx","outside","戸外のもの","KU","K0065",3,"K0065","f",1,730,24
"347","KU_K0065_24_Yellow.xlsx","places","おでかけ","KU","K0065",0,"K0065","f",1,730,24
"348","KU_K0065_24_Yellow.xlsx","people","人々","KU","K0065",9,"K0065","f",1,730,24
"349","KU_K0065_24_Yellow.xlsx","games_routines","日課とあいさつ","KU","K0065",9,"K0065","f",1,730,24
"350","KU_K0065_24_Yellow.xlsx","action_words","動作語","KU","K0065",0,"K0065","f",1,730,24
"351","KU_K0065_24_Yellow.xlsx","time_words","時間についてのことば","KU","K0065",0,"K0065","f",1,730,24
"352","KU_K0065_24_Yellow.xlsx","descriptive_words","ようす・性質","KU","K0065",3,"K0065","f",1,730,24
"353","KU_K0065_24_Yellow.xlsx","pronouns","代名詞","KU","K0065",1,"K0065","f",1,730,24
"354","KU_K0065_24_Yellow.xlsx","question_words","質問のことば","KU","K0065",0,"K0065","f",1,730,24
"355","KU_K0065_24_Yellow.xlsx","locations","位置と場所についてのことば","KU","K0065",0,"K0065","f",1,730,24
"356","KU_K0065_24_Yellow.xlsx","quantifiers","数量をあらわすことば","KU","K0065",1,"K0065","f",1,730,24
"357","KU_K0065_24_Yellow.xlsx","connecting_words","接続語","KU","K0065",0,"K0065","f",1,730,24
"358","KU_K0065_24_Yellow.xlsx","sounds2","幼児語（その２）","KU","K0065",7,"K0065","f",1,730,24
"359","KU_K0065_24_Yellow.xlsx","conversations","会話語","KU","K0065",3,"K0065","f",1,730,24
"360","KU_K0065_24_Yellow.xlsx","others","その他","KU","K0065",5,"K0065","f",1,730,24
"361","KU_K0066_24_Yellow.xlsx","sounds","幼児語","KU","K0066",10,"K0066","f",1,730,24
"362","KU_K0066_24_Yellow.xlsx","animals","動物の名前","KU","K0066",13,"K0066","f",1,730,24
"363","KU_K0066_24_Yellow.xlsx","vehicles","乗り物","KU","K0066",5,"K0066","f",1,730,24
"364","KU_K0066_24_Yellow.xlsx","toys","おもちゃ","KU","K0066",7,"K0066","f",1,730,24
"365","KU_K0066_24_Yellow.xlsx","food_drink","食べ物と飲み物","KU","K0066",26,"K0066","f",1,730,24
"366","KU_K0066_24_Yellow.xlsx","clothing","衣類","KU","K0066",6,"K0066","f",1,730,24
"367","KU_K0066_24_Yellow.xlsx","body_parts","体の部分","KU","K0066",14,"K0066","f",1,730,24
"368","KU_K0066_24_Yellow.xlsx","furniture_rooms","家具と部屋","KU","K0066",7,"K0066","f",1,730,24
"369","KU_K0066_24_Yellow.xlsx","household","小さな家庭用品","KU","K0066",10,"K0066","f",1,730,24
"370","KU_K0066_24_Yellow.xlsx","outside","戸外のもの","KU","K0066",5,"K0066","f",1,730,24
"371","KU_K0066_24_Yellow.xlsx","places","おでかけ","KU","K0066",6,"K0066","f",1,730,24
"372","KU_K0066_24_Yellow.xlsx","people","人々","KU","K0066",18,"K0066","f",1,730,24
"373","KU_K0066_24_Yellow.xlsx","games_routines","日課とあいさつ","KU","K0066",20,"K0066","f",1,730,24
"374","KU_K0066_24_Yellow.xlsx","action_words","動作語","KU","K0066",38,"K0066","f",1,730,24
"375","KU_K0066_24_Yellow.xlsx","time_words","時間についてのことば","KU","K0066",3,"K0066","f",1,730,24
"376","KU_K0066_24_Yellow.xlsx","descriptive_words","ようす・性質","KU","K0066",27,"K0066","f",1,730,24
"377","KU_K0066_24_Yellow.xlsx","pronouns","代名詞","KU","K0066",4,"K0066","f",1,730,24
"378","KU_K0066_24_Yellow.xlsx","question_words","質問のことば","KU","K0066",4,"K0066","f",1,730,24
"379","KU_K0066_24_Yellow.xlsx","locations","位置と場所についてのことば","KU","K0066",3,"K0066","f",1,730,24
"380","KU_K0066_24_Yellow.xlsx","quantifiers","数量をあらわすことば","KU","K0066",9,"K0066","f",1,730,24
"381","KU_K0066_24_Yellow.xlsx","connecting_words","接続語","KU","K0066",0,"K0066","f",1,730,24
"382","KU_K0066_24_Yellow.xlsx","sounds2","幼児語（その２）","KU","K0066",21,"K0066","f",1,730,24
"383","KU_K0066_24_Yellow.xlsx","conversations","会話語","KU","K0066",9,"K0066","f",1,730,24
"384","KU_K0066_24_Yellow.xlsx","others","その他","KU","K0066",6,"K0066","f",1,730,24
"385","KU_K0067_24_Yellow.xlsx","sounds","幼児語","KU","K0067",8,"K0067","m",1,730,24
"386","KU_K0067_24_Yellow.xlsx","animals","動物の名前","KU","K0067",3,"K0067","m",1,730,24
"387","KU_K0067_24_Yellow.xlsx","vehicles","乗り物","KU","K0067",1,"K0067","m",1,730,24
"388","KU_K0067_24_Yellow.xlsx","toys","おもちゃ","KU","K0067",2,"K0067","m",1,730,24
"389","KU_K0067_24_Yellow.xlsx","food_drink","食べ物と飲み物","KU","K0067",12,"K0067","m",1,730,24
"390","KU_K0067_24_Yellow.xlsx","clothing","衣類","KU","K0067",1,"K0067","m",1,730,24
"391","KU_K0067_24_Yellow.xlsx","body_parts","体の部分","KU","K0067",5,"K0067","m",1,730,24
"392","KU_K0067_24_Yellow.xlsx","furniture_rooms","家具と部屋","KU","K0067",3,"K0067","m",1,730,24
"393","KU_K0067_24_Yellow.xlsx","household","小さな家庭用品","KU","K0067",4,"K0067","m",1,730,24
"394","KU_K0067_24_Yellow.xlsx","outside","戸外のもの","KU","K0067",3,"K0067","m",1,730,24
"395","KU_K0067_24_Yellow.xlsx","places","おでかけ","KU","K0067",0,"K0067","m",1,730,24
"396","KU_K0067_24_Yellow.xlsx","people","人々","KU","K0067",4,"K0067","m",1,730,24
"397","KU_K0067_24_Yellow.xlsx","games_routines","日課とあいさつ","KU","K0067",7,"K0067","m",1,730,24
"398","KU_K0067_24_Yellow.xlsx","action_words","動作語","KU","K0067",1,"K0067","m",1,730,24
"399","KU_K0067_24_Yellow.xlsx","time_words","時間についてのことば","KU","K0067",0,"K0067","m",1,730,24
"400","KU_K0067_24_Yellow.xlsx","descriptive_words","ようす・性質","KU","K0067",8,"K0067","m",1,730,24
"401","KU_K0067_24_Yellow.xlsx","pronouns","代名詞","KU","K0067",0,"K0067","m",1,730,24
"402","KU_K0067_24_Yellow.xlsx","question_words","質問のことば","KU","K0067",2,"K0067","m",1,730,24
"403","KU_K0067_24_Yellow.xlsx","locations","位置と場所についてのことば","KU","K0067",0,"K0067","m",1,730,24
"404","KU_K0067_24_Yellow.xlsx","quantifiers","数量をあらわすことば","KU","K0067",6,"K0067","m",1,730,24
"405","KU_K0067_24_Yellow.xlsx","connecting_words","接続語","KU","K0067",0,"K0067","m",1,730,24
"406","KU_K0067_24_Yellow.xlsx","sounds2","幼児語（その２）","KU","K0067",6,"K0067","m",1,730,24
"407","KU_K0067_24_Yellow.xlsx","conversations","会話語","KU","K0067",7,"K0067","m",1,730,24
"408","KU_K0067_24_Yellow.xlsx","others","その他","KU","K0067",2,"K0067","m",1,730,24
"409","KU_K0068_24_Yellow.xlsx","sounds","幼児語","KU","K0068",8,"K0068","f",1,730,24
"410","KU_K0068_24_Yellow.xlsx","animals","動物の名前","KU","K0068",14,"K0068","f",1,730,24
"411","KU_K0068_24_Yellow.xlsx","vehicles","乗り物","KU","K0068",3,"K0068","f",1,730,24
"412","KU_K0068_24_Yellow.xlsx","toys","おもちゃ","KU","K0068",9,"K0068","f",1,730,24
"413","KU_K0068_24_Yellow.xlsx","food_drink","食べ物と飲み物","KU","K0068",36,"K0068","f",1,730,24
"414","KU_K0068_24_Yellow.xlsx","clothing","衣類","KU","K0068",8,"K0068","f",1,730,24
"415","KU_K0068_24_Yellow.xlsx","body_parts","体の部分","KU","K0068",16,"K0068","f",1,730,24
"416","KU_K0068_24_Yellow.xlsx","furniture_rooms","家具と部屋","KU","K0068",5,"K0068","f",1,730,24
"417","KU_K0068_24_Yellow.xlsx","household","小さな家庭用品","KU","K0068",18,"K0068","f",1,730,24
"418","KU_K0068_24_Yellow.xlsx","outside","戸外のもの","KU","K0068",5,"K0068","f",1,730,24
"419","KU_K0068_24_Yellow.xlsx","places","おでかけ","KU","K0068",3,"K0068","f",1,730,24
"420","KU_K0068_24_Yellow.xlsx","people","人々","KU","K0068",11,"K0068","f",1,730,24
"421","KU_K0068_24_Yellow.xlsx","games_routines","日課とあいさつ","KU","K0068",18,"K0068","f",1,730,24
"422","KU_K0068_24_Yellow.xlsx","action_words","動作語","KU","K0068",43,"K0068","f",1,730,24
"423","KU_K0068_24_Yellow.xlsx","time_words","時間についてのことば","KU","K0068",3,"K0068","f",1,730,24
"424","KU_K0068_24_Yellow.xlsx","descriptive_words","ようす・性質","KU","K0068",19,"K0068","f",1,730,24
"425","KU_K0068_24_Yellow.xlsx","pronouns","代名詞","KU","K0068",3,"K0068","f",1,730,24
"426","KU_K0068_24_Yellow.xlsx","question_words","質問のことば","KU","K0068",2,"K0068","f",1,730,24
"427","KU_K0068_24_Yellow.xlsx","locations","位置と場所についてのことば","KU","K0068",1,"K0068","f",1,730,24
"428","KU_K0068_24_Yellow.xlsx","quantifiers","数量をあらわすことば","KU","K0068",9,"K0068","f",1,730,24
"429","KU_K0068_24_Yellow.xlsx","connecting_words","接続語","KU","K0068",1,"K0068","f",1,730,24
"430","KU_K0068_24_Yellow.xlsx","sounds2","幼児語（その２）","KU","K0068",15,"K0068","f",1,730,24
"431","KU_K0068_24_Yellow.xlsx","conversations","会話語","KU","K0068",5,"K0068","f",1,730,24
"432","KU_K0068_24_Yellow.xlsx","others","その他","KU","K0068",4,"K0068","f",1,730,24
"433","KU_K0069_24_Yellow.xlsx","sounds","幼児語","KU","K0069",10,"K0069","m",1,730,24
"434","KU_K0069_24_Yellow.xlsx","animals","動物の名前","KU","K0069",13,"K0069","m",1,730,24
"435","KU_K0069_24_Yellow.xlsx","vehicles","乗り物","KU","K0069",8,"K0069","m",1,730,24
"436","KU_K0069_24_Yellow.xlsx","toys","おもちゃ","KU","K0069",3,"K0069","m",1,730,24
"437","KU_K0069_24_Yellow.xlsx","food_drink","食べ物と飲み物","KU","K0069",29,"K0069","m",1,730,24
"438","KU_K0069_24_Yellow.xlsx","clothing","衣類","KU","K0069",5,"K0069","m",1,730,24
"439","KU_K0069_24_Yellow.xlsx","body_parts","体の部分","KU","K0069",10,"K0069","m",1,730,24
"440","KU_K0069_24_Yellow.xlsx","furniture_rooms","家具と部屋","KU","K0069",6,"K0069","m",1,730,24
"441","KU_K0069_24_Yellow.xlsx","household","小さな家庭用品","KU","K0069",9,"K0069","m",1,730,24
"442","KU_K0069_24_Yellow.xlsx","outside","戸外のもの","KU","K0069",10,"K0069","m",1,730,24
"443","KU_K0069_24_Yellow.xlsx","places","おでかけ","KU","K0069",5,"K0069","m",1,730,24
"444","KU_K0069_24_Yellow.xlsx","people","人々","KU","K0069",10,"K0069","m",1,730,24
"445","KU_K0069_24_Yellow.xlsx","games_routines","日課とあいさつ","KU","K0069",20,"K0069","m",1,730,24
"446","KU_K0069_24_Yellow.xlsx","action_words","動作語","KU","K0069",30,"K0069","m",1,730,24
"447","KU_K0069_24_Yellow.xlsx","time_words","時間についてのことば","KU","K0069",3,"K0069","m",1,730,24
"448","KU_K0069_24_Yellow.xlsx","descriptive_words","ようす・性質","KU","K0069",14,"K0069","m",1,730,24
"449","KU_K0069_24_Yellow.xlsx","pronouns","代名詞","KU","K0069",6,"K0069","m",1,730,24
"450","KU_K0069_24_Yellow.xlsx","question_words","質問のことば","KU","K0069",0,"K0069","m",1,730,24
"451","KU_K0069_24_Yellow.xlsx","locations","位置と場所についてのことば","KU","K0069",2,"K0069","m",1,730,24
"452","KU_K0069_24_Yellow.xlsx","quantifiers","数量をあらわすことば","KU","K0069",6,"K0069","m",1,730,24
"453","KU_K0069_24_Yellow.xlsx","connecting_words","接続語","KU","K0069",0,"K0069","m",1,730,24
"454","KU_K0069_24_Yellow.xlsx","sounds2","幼児語（その２）","KU","K0069",11,"K0069","m",1,730,24
"455","KU_K0069_24_Yellow.xlsx","conversations","会話語","KU","K0069",2,"K0069","m",1,730,24
"456","KU_K0069_24_Yellow.xlsx","others","その他","KU","K0069",4,"K0069","m",1,730,24
"457","KU_K0070_24_Yellow.xlsx","sounds","幼児語","KU","K0070",7,"K0070","m",1,730,24
"458","KU_K0070_24_Yellow.xlsx","animals","動物の名前","KU","K0070",4,"K0070","m",1,730,24
"459","KU_K0070_24_Yellow.xlsx","vehicles","乗り物","KU","K0070",4,"K0070","m",1,730,24
"460","KU_K0070_24_Yellow.xlsx","toys","おもちゃ","KU","K0070",3,"K0070","m",1,730,24
"461","KU_K0070_24_Yellow.xlsx","food_drink","食べ物と飲み物","KU","K0070",21,"K0070","m",1,730,24
"462","KU_K0070_24_Yellow.xlsx","clothing","衣類","KU","K0070",4,"K0070","m",1,730,24
"463","KU_K0070_24_Yellow.xlsx","body_parts","体の部分","KU","K0070",9,"K0070","m",1,730,24
"464","KU_K0070_24_Yellow.xlsx","furniture_rooms","家具と部屋","KU","K0070",2,"K0070","m",1,730,24
"465","KU_K0070_24_Yellow.xlsx","household","小さな家庭用品","KU","K0070",3,"K0070","m",1,730,24
"466","KU_K0070_24_Yellow.xlsx","outside","戸外のもの","KU","K0070",2,"K0070","m",1,730,24
"467","KU_K0070_24_Yellow.xlsx","places","おでかけ","KU","K0070",0,"K0070","m",1,730,24
"468","KU_K0070_24_Yellow.xlsx","people","人々","KU","K0070",8,"K0070","m",1,730,24
"469","KU_K0070_24_Yellow.xlsx","games_routines","日課とあいさつ","KU","K0070",11,"K0070","m",1,730,24
"470","KU_K0070_24_Yellow.xlsx","action_words","動作語","KU","K0070",2,"K0070","m",1,730,24
"471","KU_K0070_24_Yellow.xlsx","time_words","時間についてのことば","KU","K0070",0,"K0070","m",1,730,24
"472","KU_K0070_24_Yellow.xlsx","descriptive_words","ようす・性質","KU","K0070",9,"K0070","m",1,730,24
"473","KU_K0070_24_Yellow.xlsx","pronouns","代名詞","KU","K0070",6,"K0070","m",1,730,24
"474","KU_K0070_24_Yellow.xlsx","question_words","質問のことば","KU","K0070",0,"K0070","m",1,730,24
"475","KU_K0070_24_Yellow.xlsx","locations","位置と場所についてのことば","KU","K0070",1,"K0070","m",1,730,24
"476","KU_K0070_24_Yellow.xlsx","quantifiers","数量をあらわすことば","KU","K0070",2,"K0070","m",1,730,24
"477","KU_K0070_24_Yellow.xlsx","connecting_words","接続語","KU","K0070",0,"K0070","m",1,730,24
"478","KU_K0070_24_Yellow.xlsx","sounds2","幼児語（その２）","KU","K0070",14,"K0070","m",1,730,24
"479","KU_K0070_24_Yellow.xlsx","conversations","会話語","KU","K0070",4,"K0070","m",1,730,24
"480","KU_K0070_24_Yellow.xlsx","others","その他","KU","K0070",5,"K0070","m",1,730,24
"481","KU_K0071_24_Yellow.xlsx","sounds","幼児語","KU","K0071",12,"K0071","f",1,730,24
"482","KU_K0071_24_Yellow.xlsx","animals","動物の名前","KU","K0071",38,"K0071","f",1,730,24
"483","KU_K0071_24_Yellow.xlsx","vehicles","乗り物","KU","K0071",8,"K0071","f",1,730,24
"484","KU_K0071_24_Yellow.xlsx","toys","おもちゃ","KU","K0071",11,"K0071","f",1,730,24
"485","KU_K0071_24_Yellow.xlsx","food_drink","食べ物と飲み物","KU","K0071",46,"K0071","f",1,730,24
"486","KU_K0071_24_Yellow.xlsx","clothing","衣類","KU","K0071",13,"K0071","f",1,730,24
"487","KU_K0071_24_Yellow.xlsx","body_parts","体の部分","KU","K0071",26,"K0071","f",1,730,24
"488","KU_K0071_24_Yellow.xlsx","furniture_rooms","家具と部屋","KU","K0071",22,"K0071","f",1,730,24
"489","KU_K0071_24_Yellow.xlsx","household","小さな家庭用品","KU","K0071",41,"K0071","f",1,730,24
"490","KU_K0071_24_Yellow.xlsx","outside","戸外のもの","KU","K0071",17,"K0071","f",1,730,24
"491","KU_K0071_24_Yellow.xlsx","places","おでかけ","KU","K0071",10,"K0071","f",1,730,24
"492","KU_K0071_24_Yellow.xlsx","people","人々","KU","K0071",17,"K0071","f",1,730,24
"493","KU_K0071_24_Yellow.xlsx","games_routines","日課とあいさつ","KU","K0071",17,"K0071","f",1,730,24
"494","KU_K0071_24_Yellow.xlsx","action_words","動作語","KU","K0071",48,"K0071","f",1,730,24
"495","KU_K0071_24_Yellow.xlsx","time_words","時間についてのことば","KU","K0071",2,"K0071","f",1,730,24
"496","KU_K0071_24_Yellow.xlsx","descriptive_words","ようす・性質","KU","K0071",29,"K0071","f",1,730,24
"497","KU_K0071_24_Yellow.xlsx","pronouns","代名詞","KU","K0071",6,"K0071","f",1,730,24
"498","KU_K0071_24_Yellow.xlsx","question_words","質問のことば","KU","K0071",4,"K0071","f",1,730,24
"499","KU_K0071_24_Yellow.xlsx","locations","位置と場所についてのことば","KU","K0071",2,"K0071","f",1,730,24
"500","KU_K0071_24_Yellow.xlsx","quantifiers","数量をあらわすことば","KU","K0071",16,"K0071","f",1,730,24
"501","KU_K0071_24_Yellow.xlsx","connecting_words","接続語","KU","K0071",0,"K0071","f",1,730,24
"502","KU_K0071_24_Yellow.xlsx","sounds2","幼児語（その２）","KU","K0071",10,"K0071","f",1,730,24
"503","KU_K0071_24_Yellow.xlsx","conversations","会話語","KU","K0071",2,"K0071","f",1,730,24
"504","KU_K0071_24_Yellow.xlsx","others","その他","KU","K0071",9,"K0071","f",1,730,24
"505","KU_K0072_24_Yellow.xlsx","sounds","幼児語","KU","K0072",10,"K0072","f",1,730,24
"506","KU_K0072_24_Yellow.xlsx","animals","動物の名前","KU","K0072",37,"K0072","f",1,730,24
"507","KU_K0072_24_Yellow.xlsx","vehicles","乗り物","KU","K0072",11,"K0072","f",1,730,24
"508","KU_K0072_24_Yellow.xlsx","toys","おもちゃ","KU","K0072",9,"K0072","f",1,730,24
"509","KU_K0072_24_Yellow.xlsx","food_drink","食べ物と飲み物","KU","K0072",39,"K0072","f",1,730,24
"510","KU_K0072_24_Yellow.xlsx","clothing","衣類","KU","K0072",17,"K0072","f",1,730,24
"511","KU_K0072_24_Yellow.xlsx","body_parts","体の部分","KU","K0072",17,"K0072","f",1,730,24
"512","KU_K0072_24_Yellow.xlsx","furniture_rooms","家具と部屋","KU","K0072",11,"K0072","f",1,730,24
"513","KU_K0072_24_Yellow.xlsx","household","小さな家庭用品","KU","K0072",21,"K0072","f",1,730,24
"514","KU_K0072_24_Yellow.xlsx","outside","戸外のもの","KU","K0072",11,"K0072","f",1,730,24
"515","KU_K0072_24_Yellow.xlsx","places","おでかけ","KU","K0072",6,"K0072","f",1,730,24
"516","KU_K0072_24_Yellow.xlsx","people","人々","KU","K0072",14,"K0072","f",1,730,24
"517","KU_K0072_24_Yellow.xlsx","games_routines","日課とあいさつ","KU","K0072",21,"K0072","f",1,730,24
"518","KU_K0072_24_Yellow.xlsx","action_words","動作語","KU","K0072",37,"K0072","f",1,730,24
"519","KU_K0072_24_Yellow.xlsx","time_words","時間についてのことば","KU","K0072",6,"K0072","f",1,730,24
"520","KU_K0072_24_Yellow.xlsx","descriptive_words","ようす・性質","KU","K0072",21,"K0072","f",1,730,24
"521","KU_K0072_24_Yellow.xlsx","pronouns","代名詞","KU","K0072",4,"K0072","f",1,730,24
"522","KU_K0072_24_Yellow.xlsx","question_words","質問のことば","KU","K0072",2,"K0072","f",1,730,24
"523","KU_K0072_24_Yellow.xlsx","locations","位置と場所についてのことば","KU","K0072",9,"K0072","f",1,730,24
"524","KU_K0072_24_Yellow.xlsx","quantifiers","数量をあらわすことば","KU","K0072",10,"K0072","f",1,730,24
"525","KU_K0072_24_Yellow.xlsx","connecting_words","接続語","KU","K0072",1,"K0072","f",1,730,24
"526","KU_K0072_24_Yellow.xlsx","sounds2","幼児語（その２）","KU","K0072",16,"K0072","f",1,730,24
"527","KU_K0072_24_Yellow.xlsx","conversations","会話語","KU","K0072",7,"K0072","f",1,730,24
"528","KU_K0072_24_Yellow.xlsx","others","その他","KU","K0072",5,"K0072","f",1,730,24
"529","KU_K0073_24_Yellow.xlsx","sounds","幼児語","KU","K0073",8,"K0073","m",1,730,24
"530","KU_K0073_24_Yellow.xlsx","animals","動物の名前","KU","K0073",1,"K0073","m",1,730,24
"531","KU_K0073_24_Yellow.xlsx","vehicles","乗り物","KU","K0073",8,"K0073","m",1,730,24
"532","KU_K0073_24_Yellow.xlsx","toys","おもちゃ","KU","K0073",1,"K0073","m",1,730,24
"533","KU_K0073_24_Yellow.xlsx","food_drink","食べ物と飲み物","KU","K0073",4,"K0073","m",1,730,24
"534","KU_K0073_24_Yellow.xlsx","clothing","衣類","KU","K0073",0,"K0073","m",1,730,24
"535","KU_K0073_24_Yellow.xlsx","body_parts","体の部分","KU","K0073",0,"K0073","m",1,730,24
"536","KU_K0073_24_Yellow.xlsx","furniture_rooms","家具と部屋","KU","K0073",0,"K0073","m",1,730,24
"537","KU_K0073_24_Yellow.xlsx","household","小さな家庭用品","KU","K0073",0,"K0073","m",1,730,24
"538","KU_K0073_24_Yellow.xlsx","outside","戸外のもの","KU","K0073",0,"K0073","m",1,730,24
"539","KU_K0073_24_Yellow.xlsx","places","おでかけ","KU","K0073",0,"K0073","m",1,730,24
"540","KU_K0073_24_Yellow.xlsx","people","人々","KU","K0073",7,"K0073","m",1,730,24
"541","KU_K0073_24_Yellow.xlsx","games_routines","日課とあいさつ","KU","K0073",6,"K0073","m",1,730,24
"542","KU_K0073_24_Yellow.xlsx","action_words","動作語","KU","K0073",0,"K0073","m",1,730,24
"543","KU_K0073_24_Yellow.xlsx","time_words","時間についてのことば","KU","K0073",0,"K0073","m",1,730,24
"544","KU_K0073_24_Yellow.xlsx","descriptive_words","ようす・性質","KU","K0073",7,"K0073","m",1,730,24
"545","KU_K0073_24_Yellow.xlsx","pronouns","代名詞","KU","K0073",0,"K0073","m",1,730,24
"546","KU_K0073_24_Yellow.xlsx","question_words","質問のことば","KU","K0073",0,"K0073","m",1,730,24
"547","KU_K0073_24_Yellow.xlsx","locations","位置と場所についてのことば","KU","K0073",0,"K0073","m",1,730,24
"548","KU_K0073_24_Yellow.xlsx","quantifiers","数量をあらわすことば","KU","K0073",1,"K0073","m",1,730,24
"549","KU_K0073_24_Yellow.xlsx","connecting_words","接続語","KU","K0073",0,"K0073","m",1,730,24
"550","KU_K0073_24_Yellow.xlsx","sounds2","幼児語（その２）","KU","K0073",7,"K0073","m",1,730,24
"551","KU_K0073_24_Yellow.xlsx","conversations","会話語","KU","K0073",0,"K0073","m",1,730,24
"552","KU_K0073_24_Yellow.xlsx","others","その他","KU","K0073",3,"K0073","m",1,730,24
"553","KU_K0074_24_Yellow.xlsx","sounds","幼児語","KU","K0074",12,"K0074","f",1,730,24
"554","KU_K0074_24_Yellow.xlsx","animals","動物の名前","KU","K0074",39,"K0074","f",1,730,24
"555","KU_K0074_24_Yellow.xlsx","vehicles","乗り物","KU","K0074",12,"K0074","f",1,730,24
"556","KU_K0074_24_Yellow.xlsx","toys","おもちゃ","KU","K0074",13,"K0074","f",1,730,24
"557","KU_K0074_24_Yellow.xlsx","food_drink","食べ物と飲み物","KU","K0074",55,"K0074","f",1,730,24
"558","KU_K0074_24_Yellow.xlsx","clothing","衣類","KU","K0074",14,"K0074","f",1,730,24
"559","KU_K0074_24_Yellow.xlsx","body_parts","体の部分","KU","K0074",24,"K0074","f",1,730,24
"560","KU_K0074_24_Yellow.xlsx","furniture_rooms","家具と部屋","KU","K0074",9,"K0074","f",1,730,24
"561","KU_K0074_24_Yellow.xlsx","household","小さな家庭用品","KU","K0074",32,"K0074","f",1,730,24
"562","KU_K0074_24_Yellow.xlsx","outside","戸外のもの","KU","K0074",18,"K0074","f",1,730,24
"563","KU_K0074_24_Yellow.xlsx","places","おでかけ","KU","K0074",10,"K0074","f",1,730,24
"564","KU_K0074_24_Yellow.xlsx","people","人々","KU","K0074",19,"K0074","f",1,730,24
"565","KU_K0074_24_Yellow.xlsx","games_routines","日課とあいさつ","KU","K0074",18,"K0074","f",1,730,24
"566","KU_K0074_24_Yellow.xlsx","action_words","動作語","KU","K0074",53,"K0074","f",1,730,24
"567","KU_K0074_24_Yellow.xlsx","time_words","時間についてのことば","KU","K0074",4,"K0074","f",1,730,24
"568","KU_K0074_24_Yellow.xlsx","descriptive_words","ようす・性質","KU","K0074",44,"K0074","f",1,730,24
"569","KU_K0074_24_Yellow.xlsx","pronouns","代名詞","KU","K0074",9,"K0074","f",1,730,24
"570","KU_K0074_24_Yellow.xlsx","question_words","質問のことば","KU","K0074",3,"K0074","f",1,730,24
"571","KU_K0074_24_Yellow.xlsx","locations","位置と場所についてのことば","KU","K0074",10,"K0074","f",1,730,24
"572","KU_K0074_24_Yellow.xlsx","quantifiers","数量をあらわすことば","KU","K0074",16,"K0074","f",1,730,24
"573","KU_K0074_24_Yellow.xlsx","connecting_words","接続語","KU","K0074",0,"K0074","f",1,730,24
"574","KU_K0074_24_Yellow.xlsx","sounds2","幼児語（その２）","KU","K0074",26,"K0074","f",1,730,24
"575","KU_K0074_24_Yellow.xlsx","conversations","会話語","KU","K0074",6,"K0074","f",1,730,24
"576","KU_K0074_24_Yellow.xlsx","others","その他","KU","K0074",7,"K0074","f",1,730,24
"577","KU_K0075_24_Yellow.xlsx","sounds","幼児語","KU","K0075",8,"K0075","f",1,730,24
"578","KU_K0075_24_Yellow.xlsx","animals","動物の名前","KU","K0075",6,"K0075","f",1,730,24
"579","KU_K0075_24_Yellow.xlsx","vehicles","乗り物","KU","K0075",2,"K0075","f",1,730,24
"580","KU_K0075_24_Yellow.xlsx","toys","おもちゃ","KU","K0075",2,"K0075","f",1,730,24
"581","KU_K0075_24_Yellow.xlsx","food_drink","食べ物と飲み物","KU","K0075",14,"K0075","f",1,730,24
"582","KU_K0075_24_Yellow.xlsx","clothing","衣類","KU","K0075",6,"K0075","f",1,730,24
"583","KU_K0075_24_Yellow.xlsx","body_parts","体の部分","KU","K0075",8,"K0075","f",1,730,24
"584","KU_K0075_24_Yellow.xlsx","furniture_rooms","家具と部屋","KU","K0075",1,"K0075","f",1,730,24
"585","KU_K0075_24_Yellow.xlsx","household","小さな家庭用品","KU","K0075",8,"K0075","f",1,730,24
"586","KU_K0075_24_Yellow.xlsx","outside","戸外のもの","KU","K0075",3,"K0075","f",1,730,24
"587","KU_K0075_24_Yellow.xlsx","places","おでかけ","KU","K0075",0,"K0075","f",1,730,24
"588","KU_K0075_24_Yellow.xlsx","people","人々","KU","K0075",7,"K0075","f",1,730,24
"589","KU_K0075_24_Yellow.xlsx","games_routines","日課とあいさつ","KU","K0075",18,"K0075","f",1,730,24
"590","KU_K0075_24_Yellow.xlsx","action_words","動作語","KU","K0075",8,"K0075","f",1,730,24
"591","KU_K0075_24_Yellow.xlsx","time_words","時間についてのことば","KU","K0075",1,"K0075","f",1,730,24
"592","KU_K0075_24_Yellow.xlsx","descriptive_words","ようす・性質","KU","K0075",16,"K0075","f",1,730,24
"593","KU_K0075_24_Yellow.xlsx","pronouns","代名詞","KU","K0075",4,"K0075","f",1,730,24
"594","KU_K0075_24_Yellow.xlsx","question_words","質問のことば","KU","K0075",1,"K0075","f",1,730,24
"595","KU_K0075_24_Yellow.xlsx","locations","位置と場所についてのことば","KU","K0075",0,"K0075","f",1,730,24
"596","KU_K0075_24_Yellow.xlsx","quantifiers","数量をあらわすことば","KU","K0075",3,"K0075","f",1,730,24
"597","KU_K0075_24_Yellow.xlsx","connecting_words","接続語","KU","K0075",0,"K0075","f",1,730,24
"598","KU_K0075_24_Yellow.xlsx","sounds2","幼児語（その２）","KU","K0075",12,"K0075","f",1,730,24
"599","KU_K0075_24_Yellow.xlsx","conversations","会話語","KU","K0075",3,"K0075","f",1,730,24
"600","KU_K0075_24_Yellow.xlsx","others","その他","KU","K0075",2,"K0075","f",1,730,24
"601","KU_K0076_24_Yellow.xlsx","sounds","幼児語","KU","K0076",7,"K0076","f",1,730,24
"602","KU_K0076_24_Yellow.xlsx","animals","動物の名前","KU","K0076",29,"K0076","f",1,730,24
"603","KU_K0076_24_Yellow.xlsx","vehicles","乗り物","KU","K0076",11,"K0076","f",1,730,24
"604","KU_K0076_24_Yellow.xlsx","toys","おもちゃ","KU","K0076",11,"K0076","f",1,730,24
"605","KU_K0076_24_Yellow.xlsx","food_drink","食べ物と飲み物","KU","K0076",42,"K0076","f",1,730,24
"606","KU_K0076_24_Yellow.xlsx","clothing","衣類","KU","K0076",11,"K0076","f",1,730,24
"607","KU_K0076_24_Yellow.xlsx","body_parts","体の部分","KU","K0076",22,"K0076","f",1,730,24
"608","KU_K0076_24_Yellow.xlsx","furniture_rooms","家具と部屋","KU","K0076",12,"K0076","f",1,730,24
"609","KU_K0076_24_Yellow.xlsx","household","小さな家庭用品","KU","K0076",17,"K0076","f",1,730,24
"610","KU_K0076_24_Yellow.xlsx","outside","戸外のもの","KU","K0076",5,"K0076","f",1,730,24
"611","KU_K0076_24_Yellow.xlsx","places","おでかけ","KU","K0076",5,"K0076","f",1,730,24
"612","KU_K0076_24_Yellow.xlsx","people","人々","KU","K0076",7,"K0076","f",1,730,24
"613","KU_K0076_24_Yellow.xlsx","games_routines","日課とあいさつ","KU","K0076",21,"K0076","f",1,730,24
"614","KU_K0076_24_Yellow.xlsx","action_words","動作語","KU","K0076",18,"K0076","f",1,730,24
"615","KU_K0076_24_Yellow.xlsx","time_words","時間についてのことば","KU","K0076",4,"K0076","f",1,730,24
"616","KU_K0076_24_Yellow.xlsx","descriptive_words","ようす・性質","KU","K0076",9,"K0076","f",1,730,24
"617","KU_K0076_24_Yellow.xlsx","pronouns","代名詞","KU","K0076",2,"K0076","f",1,730,24
"618","KU_K0076_24_Yellow.xlsx","question_words","質問のことば","KU","K0076",1,"K0076","f",1,730,24
"619","KU_K0076_24_Yellow.xlsx","locations","位置と場所についてのことば","KU","K0076",3,"K0076","f",1,730,24
"620","KU_K0076_24_Yellow.xlsx","quantifiers","数量をあらわすことば","KU","K0076",6,"K0076","f",1,730,24
"621","KU_K0076_24_Yellow.xlsx","connecting_words","接続語","KU","K0076",0,"K0076","f",1,730,24
"622","KU_K0076_24_Yellow.xlsx","sounds2","幼児語（その２）","KU","K0076",11,"K0076","f",1,730,24
"623","KU_K0076_24_Yellow.xlsx","conversations","会話語","KU","K0076",6,"K0076","f",1,730,24
"624","KU_K0076_24_Yellow.xlsx","others","その他","KU","K0076",4,"K0076","f",1,730,24
"625","KU_K0077_24_Yellow.xlsx","sounds","幼児語","KU","K0077",7,"K0077","m",1,730,24
"626","KU_K0077_24_Yellow.xlsx","animals","動物の名前","KU","K0077",0,"K0077","m",1,730,24
"627","KU_K0077_24_Yellow.xlsx","vehicles","乗り物","KU","K0077",2,"K0077","m",1,730,24
"628","KU_K0077_24_Yellow.xlsx","toys","おもちゃ","KU","K0077",0,"K0077","m",1,730,24
"629","KU_K0077_24_Yellow.xlsx","food_drink","食べ物と飲み物","KU","K0077",3,"K0077","m",1,730,24
"630","KU_K0077_24_Yellow.xlsx","clothing","衣類","KU","K0077",0,"K0077","m",1,730,24
"631","KU_K0077_24_Yellow.xlsx","body_parts","体の部分","KU","K0077",3,"K0077","m",1,730,24
"632","KU_K0077_24_Yellow.xlsx","furniture_rooms","家具と部屋","KU","K0077",0,"K0077","m",1,730,24
"633","KU_K0077_24_Yellow.xlsx","household","小さな家庭用品","KU","K0077",0,"K0077","m",1,730,24
"634","KU_K0077_24_Yellow.xlsx","outside","戸外のもの","KU","K0077",0,"K0077","m",1,730,24
"635","KU_K0077_24_Yellow.xlsx","places","おでかけ","KU","K0077",0,"K0077","m",1,730,24
"636","KU_K0077_24_Yellow.xlsx","people","人々","KU","K0077",4,"K0077","m",1,730,24
"637","KU_K0077_24_Yellow.xlsx","games_routines","日課とあいさつ","KU","K0077",5,"K0077","m",1,730,24
"638","KU_K0077_24_Yellow.xlsx","action_words","動作語","KU","K0077",0,"K0077","m",1,730,24
"639","KU_K0077_24_Yellow.xlsx","time_words","時間についてのことば","KU","K0077",0,"K0077","m",1,730,24
"640","KU_K0077_24_Yellow.xlsx","descriptive_words","ようす・性質","KU","K0077",0,"K0077","m",1,730,24
"641","KU_K0077_24_Yellow.xlsx","pronouns","代名詞","KU","K0077",0,"K0077","m",1,730,24
"642","KU_K0077_24_Yellow.xlsx","question_words","質問のことば","KU","K0077",0,"K0077","m",1,730,24
"643","KU_K0077_24_Yellow.xlsx","locations","位置と場所についてのことば","KU","K0077",0,"K0077","m",1,730,24
"644","KU_K0077_24_Yellow.xlsx","quantifiers","数量をあらわすことば","KU","K0077",1,"K0077","m",1,730,24
"645","KU_K0077_24_Yellow.xlsx","connecting_words","接続語","KU","K0077",0,"K0077","m",1,730,24
"646","KU_K0077_24_Yellow.xlsx","sounds2","幼児語（その２）","KU","K0077",0,"K0077","m",1,730,24
"647","KU_K0077_24_Yellow.xlsx","conversations","会話語","KU","K0077",4,"K0077","m",1,730,24
"648","KU_K0077_24_Yellow.xlsx","others","その他","KU","K0077",1,"K0077","m",1,730,24
"649","KU_K0078_24_Yellow.xlsx","sounds","幼児語","KU","K0078",0,"K0078","f",1,730,24
"650","KU_K0078_24_Yellow.xlsx","animals","動物の名前","KU","K0078",0,"K0078","f",1,730,24
"651","KU_K0078_24_Yellow.xlsx","vehicles","乗り物","KU","K0078",0,"K0078","f",1,730,24
"652","KU_K0078_24_Yellow.xlsx","toys","おもちゃ","KU","K0078",0,"K0078","f",1,730,24
"653","KU_K0078_24_Yellow.xlsx","food_drink","食べ物と飲み物","KU","K0078",0,"K0078","f",1,730,24
"654","KU_K0078_24_Yellow.xlsx","clothing","衣類","KU","K0078",0,"K0078","f",1,730,24
"655","KU_K0078_24_Yellow.xlsx","body_parts","体の部分","KU","K0078",0,"K0078","f",1,730,24
"656","KU_K0078_24_Yellow.xlsx","furniture_rooms","家具と部屋","KU","K0078",0,"K0078","f",1,730,24
"657","KU_K0078_24_Yellow.xlsx","household","小さな家庭用品","KU","K0078",0,"K0078","f",1,730,24
"658","KU_K0078_24_Yellow.xlsx","outside","戸外のもの","KU","K0078",0,"K0078","f",1,730,24
"659","KU_K0078_24_Yellow.xlsx","places","おでかけ","KU","K0078",0,"K0078","f",1,730,24
"660","KU_K0078_24_Yellow.xlsx","people","人々","KU","K0078",3,"K0078","f",1,730,24
"661","KU_K0078_24_Yellow.xlsx","games_routines","日課とあいさつ","KU","K0078",1,"K0078","f",1,730,24
"662","KU_K0078_24_Yellow.xlsx","action_words","動作語","KU","K0078",0,"K0078","f",1,730,24
"663","KU_K0078_24_Yellow.xlsx","time_words","時間についてのことば","KU","K0078",0,"K0078","f",1,730,24
"664","KU_K0078_24_Yellow.xlsx","descriptive_words","ようす・性質","KU","K0078",0,"K0078","f",1,730,24
"665","KU_K0078_24_Yellow.xlsx","pronouns","代名詞","KU","K0078",0,"K0078","f",1,730,24
"666","KU_K0078_24_Yellow.xlsx","question_words","質問のことば","KU","K0078",0,"K0078","f",1,730,24
"667","KU_K0078_24_Yellow.xlsx","locations","位置と場所についてのことば","KU","K0078",0,"K0078","f",1,730,24
"668","KU_K0078_24_Yellow.xlsx","quantifiers","数量をあらわすことば","KU","K0078",0,"K0078","f",1,730,24
"669","KU_K0078_24_Yellow.xlsx","connecting_words","接続語","KU","K0078",0,"K0078","f",1,730,24
"670","KU_K0078_24_Yellow.xlsx","sounds2","幼児語（その２）","KU","K0078",1,"K0078","f",1,730,24
"671","KU_K0078_24_Yellow.xlsx","conversations","会話語","KU","K0078",1,"K0078","f",1,730,24
"672","KU_K0078_24_Yellow.xlsx","others","その他","KU","K0078",0,"K0078","f",1,730,24
"673","KU_K0079_24_Yellow.xlsx","sounds","幼児語","KU","K0079",7,"K0079","m",1,730,24
"674","KU_K0079_24_Yellow.xlsx","animals","動物の名前","KU","K0079",1,"K0079","m",1,730,24
"675","KU_K0079_24_Yellow.xlsx","vehicles","乗り物","KU","K0079",2,"K0079","m",1,730,24
"676","KU_K0079_24_Yellow.xlsx","toys","おもちゃ","KU","K0079",0,"K0079","m",1,730,24
"677","KU_K0079_24_Yellow.xlsx","food_drink","食べ物と飲み物","KU","K0079",2,"K0079","m",1,730,24
"678","KU_K0079_24_Yellow.xlsx","clothing","衣類","KU","K0079",0,"K0079","m",1,730,24
"679","KU_K0079_24_Yellow.xlsx","body_parts","体の部分","KU","K0079",3,"K0079","m",1,730,24
"680","KU_K0079_24_Yellow.xlsx","furniture_rooms","家具と部屋","KU","K0079",0,"K0079","m",1,730,24
"681","KU_K0079_24_Yellow.xlsx","household","小さな家庭用品","KU","K0079",0,"K0079","m",1,730,24
"682","KU_K0079_24_Yellow.xlsx","outside","戸外のもの","KU","K0079",0,"K0079","m",1,730,24
"683","KU_K0079_24_Yellow.xlsx","places","おでかけ","KU","K0079",0,"K0079","m",1,730,24
"684","KU_K0079_24_Yellow.xlsx","people","人々","KU","K0079",1,"K0079","m",1,730,24
"685","KU_K0079_24_Yellow.xlsx","games_routines","日課とあいさつ","KU","K0079",4,"K0079","m",1,730,24
"686","KU_K0079_24_Yellow.xlsx","action_words","動作語","KU","K0079",3,"K0079","m",1,730,24
"687","KU_K0079_24_Yellow.xlsx","time_words","時間についてのことば","KU","K0079",0,"K0079","m",1,730,24
"688","KU_K0079_24_Yellow.xlsx","descriptive_words","ようす・性質","KU","K0079",0,"K0079","m",1,730,24
"689","KU_K0079_24_Yellow.xlsx","pronouns","代名詞","KU","K0079",5,"K0079","m",1,730,24
"690","KU_K0079_24_Yellow.xlsx","question_words","質問のことば","KU","K0079",0,"K0079","m",1,730,24
"691","KU_K0079_24_Yellow.xlsx","locations","位置と場所についてのことば","KU","K0079",0,"K0079","m",1,730,24
"692","KU_K0079_24_Yellow.xlsx","quantifiers","数量をあらわすことば","KU","K0079",0,"K0079","m",1,730,24
"693","KU_K0079_24_Yellow.xlsx","connecting_words","接続語","KU","K0079",0,"K0079","m",1,730,24
"694","KU_K0079_24_Yellow.xlsx","sounds2","幼児語（その２）","KU","K0079",7,"K0079","m",1,730,24
"695","KU_K0079_24_Yellow.xlsx","conversations","会話語","KU","K0079",1,"K0079","m",1,730,24
"696","KU_K0079_24_Yellow.xlsx","others","その他","KU","K0079",3,"K0079","m",1,730,24
"697","KU_K0080_24_Yellow.xlsx","sounds","幼児語","KU","K0080",11,"K0080","m",1,730,24
"698","KU_K0080_24_Yellow.xlsx","animals","動物の名前","KU","K0080",40,"K0080","m",1,730,24
"699","KU_K0080_24_Yellow.xlsx","vehicles","乗り物","KU","K0080",13,"K0080","m",1,730,24
"700","KU_K0080_24_Yellow.xlsx","toys","おもちゃ","KU","K0080",14,"K0080","m",1,730,24
"701","KU_K0080_24_Yellow.xlsx","food_drink","食べ物と飲み物","KU","K0080",63,"K0080","m",1,730,24
"702","KU_K0080_24_Yellow.xlsx","clothing","衣類","KU","K0080",17,"K0080","m",1,730,24
"703","KU_K0080_24_Yellow.xlsx","body_parts","体の部分","KU","K0080",24,"K0080","m",1,730,24
"704","KU_K0080_24_Yellow.xlsx","furniture_rooms","家具と部屋","KU","K0080",23,"K0080","m",1,730,24
"705","KU_K0080_24_Yellow.xlsx","household","小さな家庭用品","KU","K0080",41,"K0080","m",1,730,24
"706","KU_K0080_24_Yellow.xlsx","outside","戸外のもの","KU","K0080",25,"K0080","m",1,730,24
"707","KU_K0080_24_Yellow.xlsx","places","おでかけ","KU","K0080",11,"K0080","m",1,730,24
"708","KU_K0080_24_Yellow.xlsx","people","人々","KU","K0080",24,"K0080","m",1,730,24
"709","KU_K0080_24_Yellow.xlsx","games_routines","日課とあいさつ","KU","K0080",25,"K0080","m",1,730,24
"710","KU_K0080_24_Yellow.xlsx","action_words","動作語","KU","K0080",32,"K0080","m",1,730,24
"711","KU_K0080_24_Yellow.xlsx","time_words","時間についてのことば","KU","K0080",9,"K0080","m",1,730,24
"712","KU_K0080_24_Yellow.xlsx","descriptive_words","ようす・性質","KU","K0080",9,"K0080","m",1,730,24
"713","KU_K0080_24_Yellow.xlsx","pronouns","代名詞","KU","K0080",6,"K0080","m",1,730,24
"714","KU_K0080_24_Yellow.xlsx","question_words","質問のことば","KU","K0080",4,"K0080","m",1,730,24
"715","KU_K0080_24_Yellow.xlsx","locations","位置と場所についてのことば","KU","K0080",1,"K0080","m",1,730,24
"716","KU_K0080_24_Yellow.xlsx","quantifiers","数量をあらわすことば","KU","K0080",5,"K0080","m",1,730,24
"717","KU_K0080_24_Yellow.xlsx","connecting_words","接続語","KU","K0080",0,"K0080","m",1,730,24
"718","KU_K0080_24_Yellow.xlsx","sounds2","幼児語（その２）","KU","K0080",28,"K0080","m",1,730,24
"719","KU_K0080_24_Yellow.xlsx","conversations","会話語","KU","K0080",7,"K0080","m",1,730,24
"720","KU_K0080_24_Yellow.xlsx","others","その他","KU","K0080",1,"K0080","m",1,730,24
"721","KU_K0081_24_Yellow.xlsx","sounds","幼児語","KU","K0081",12,"K0081","f",1,730,24
"722","KU_K0081_24_Yellow.xlsx","animals","動物の名前","KU","K0081",42,"K0081","f",1,730,24
"723","KU_K0081_24_Yellow.xlsx","vehicles","乗り物","KU","K0081",11,"K0081","f",1,730,24
"724","KU_K0081_24_Yellow.xlsx","toys","おもちゃ","KU","K0081",11,"K0081","f",1,730,24
"725","KU_K0081_24_Yellow.xlsx","food_drink","食べ物と飲み物","KU","K0081",57,"K0081","f",1,730,24
"726","KU_K0081_24_Yellow.xlsx","clothing","衣類","KU","K0081",14,"K0081","f",1,730,24
"727","KU_K0081_24_Yellow.xlsx","body_parts","体の部分","KU","K0081",23,"K0081","f",1,730,24
"728","KU_K0081_24_Yellow.xlsx","furniture_rooms","家具と部屋","KU","K0081",13,"K0081","f",1,730,24
"729","KU_K0081_24_Yellow.xlsx","household","小さな家庭用品","KU","K0081",18,"K0081","f",1,730,24
"730","KU_K0081_24_Yellow.xlsx","outside","戸外のもの","KU","K0081",10,"K0081","f",1,730,24
"731","KU_K0081_24_Yellow.xlsx","places","おでかけ","KU","K0081",7,"K0081","f",1,730,24
"732","KU_K0081_24_Yellow.xlsx","people","人々","KU","K0081",19,"K0081","f",1,730,24
"733","KU_K0081_24_Yellow.xlsx","games_routines","日課とあいさつ","KU","K0081",25,"K0081","f",1,730,24
"734","KU_K0081_24_Yellow.xlsx","action_words","動作語","KU","K0081",44,"K0081","f",1,730,24
"735","KU_K0081_24_Yellow.xlsx","time_words","時間についてのことば","KU","K0081",7,"K0081","f",1,730,24
"736","KU_K0081_24_Yellow.xlsx","descriptive_words","ようす・性質","KU","K0081",34,"K0081","f",1,730,24
"737","KU_K0081_24_Yellow.xlsx","pronouns","代名詞","KU","K0081",4,"K0081","f",1,730,24
"738","KU_K0081_24_Yellow.xlsx","question_words","質問のことば","KU","K0081",1,"K0081","f",1,730,24
"739","KU_K0081_24_Yellow.xlsx","locations","位置と場所についてのことば","KU","K0081",2,"K0081","f",1,730,24
"740","KU_K0081_24_Yellow.xlsx","quantifiers","数量をあらわすことば","KU","K0081",3,"K0081","f",1,730,24
"741","KU_K0081_24_Yellow.xlsx","connecting_words","接続語","KU","K0081",0,"K0081","f",1,730,24
"742","KU_K0081_24_Yellow.xlsx","sounds2","幼児語（その２）","KU","K0081",23,"K0081","f",1,730,24
"743","KU_K0081_24_Yellow.xlsx","conversations","会話語","KU","K0081",5,"K0081","f",1,730,24
"744","KU_K0081_24_Yellow.xlsx","others","その他","KU","K0081",5,"K0081","f",1,730,24
"745","KU_K0082_24_Yellow.xlsx","sounds","幼児語","KU","K0082",9,"K0082","f",1,730,24
"746","KU_K0082_24_Yellow.xlsx","animals","動物の名前","KU","K0082",35,"K0082","f",1,730,24
"747","KU_K0082_24_Yellow.xlsx","vehicles","乗り物","KU","K0082",10,"K0082","f",1,730,24
"748","KU_K0082_24_Yellow.xlsx","toys","おもちゃ","KU","K0082",12,"K0082","f",1,730,24
"749","KU_K0082_24_Yellow.xlsx","food_drink","食べ物と飲み物","KU","K0082",50,"K0082","f",1,730,24
"750","KU_K0082_24_Yellow.xlsx","clothing","衣類","KU","K0082",11,"K0082","f",1,730,24
"751","KU_K0082_24_Yellow.xlsx","body_parts","体の部分","KU","K0082",12,"K0082","f",1,730,24
"752","KU_K0082_24_Yellow.xlsx","furniture_rooms","家具と部屋","KU","K0082",9,"K0082","f",1,730,24
"753","KU_K0082_24_Yellow.xlsx","household","小さな家庭用品","KU","K0082",28,"K0082","f",1,730,24
"754","KU_K0082_24_Yellow.xlsx","outside","戸外のもの","KU","K0082",8,"K0082","f",1,730,24
"755","KU_K0082_24_Yellow.xlsx","places","おでかけ","KU","K0082",4,"K0082","f",1,730,24
"756","KU_K0082_24_Yellow.xlsx","people","人々","KU","K0082",10,"K0082","f",1,730,24
"757","KU_K0082_24_Yellow.xlsx","games_routines","日課とあいさつ","KU","K0082",14,"K0082","f",1,730,24
"758","KU_K0082_24_Yellow.xlsx","action_words","動作語","KU","K0082",27,"K0082","f",1,730,24
"759","KU_K0082_24_Yellow.xlsx","time_words","時間についてのことば","KU","K0082",2,"K0082","f",1,730,24
"760","KU_K0082_24_Yellow.xlsx","descriptive_words","ようす・性質","KU","K0082",19,"K0082","f",1,730,24
"761","KU_K0082_24_Yellow.xlsx","pronouns","代名詞","KU","K0082",5,"K0082","f",1,730,24
"762","KU_K0082_24_Yellow.xlsx","question_words","質問のことば","KU","K0082",2,"K0082","f",1,730,24
"763","KU_K0082_24_Yellow.xlsx","locations","位置と場所についてのことば","KU","K0082",1,"K0082","f",1,730,24
"764","KU_K0082_24_Yellow.xlsx","quantifiers","数量をあらわすことば","KU","K0082",8,"K0082","f",1,730,24
"765","KU_K0082_24_Yellow.xlsx","connecting_words","接続語","KU","K0082",0,"K0082","f",1,730,24
"766","KU_K0082_24_Yellow.xlsx","sounds2","幼児語（その２）","KU","K0082",12,"K0082","f",1,730,24
"767","KU_K0082_24_Yellow.xlsx","conversations","会話語","KU","K0082",3,"K0082","f",1,730,24
"768","KU_K0082_24_Yellow.xlsx","others","その他","KU","K0082",5,"K0082","f",1,730,24
"769","KU_K0083_24_Yellow.xlsx","sounds","幼児語","KU","K0083",6,"K0083","m",1,730,24
"770","KU_K0083_24_Yellow.xlsx","animals","動物の名前","KU","K0083",14,"K0083","m",1,730,24
"771","KU_K0083_24_Yellow.xlsx","vehicles","乗り物","KU","K0083",7,"K0083","m",1,730,24
"772","KU_K0083_24_Yellow.xlsx","toys","おもちゃ","KU","K0083",2,"K0083","m",1,730,24
"773","KU_K0083_24_Yellow.xlsx","food_drink","食べ物と飲み物","KU","K0083",9,"K0083","m",1,730,24
"774","KU_K0083_24_Yellow.xlsx","clothing","衣類","KU","K0083",6,"K0083","m",1,730,24
"775","KU_K0083_24_Yellow.xlsx","body_parts","体の部分","KU","K0083",16,"K0083","m",1,730,24
"776","KU_K0083_24_Yellow.xlsx","furniture_rooms","家具と部屋","KU","K0083",4,"K0083","m",1,730,24
"777","KU_K0083_24_Yellow.xlsx","household","小さな家庭用品","KU","K0083",13,"K0083","m",1,730,24
"778","KU_K0083_24_Yellow.xlsx","outside","戸外のもの","KU","K0083",3,"K0083","m",1,730,24
"779","KU_K0083_24_Yellow.xlsx","places","おでかけ","KU","K0083",2,"K0083","m",1,730,24
"780","KU_K0083_24_Yellow.xlsx","people","人々","KU","K0083",7,"K0083","m",1,730,24
"781","KU_K0083_24_Yellow.xlsx","games_routines","日課とあいさつ","KU","K0083",16,"K0083","m",1,730,24
"782","KU_K0083_24_Yellow.xlsx","action_words","動作語","KU","K0083",20,"K0083","m",1,730,24
"783","KU_K0083_24_Yellow.xlsx","time_words","時間についてのことば","KU","K0083",2,"K0083","m",1,730,24
"784","KU_K0083_24_Yellow.xlsx","descriptive_words","ようす・性質","KU","K0083",7,"K0083","m",1,730,24
"785","KU_K0083_24_Yellow.xlsx","pronouns","代名詞","KU","K0083",3,"K0083","m",1,730,24
"786","KU_K0083_24_Yellow.xlsx","question_words","質問のことば","KU","K0083",0,"K0083","m",1,730,24
"787","KU_K0083_24_Yellow.xlsx","locations","位置と場所についてのことば","KU","K0083",1,"K0083","m",1,730,24
"788","KU_K0083_24_Yellow.xlsx","quantifiers","数量をあらわすことば","KU","K0083",8,"K0083","m",1,730,24
"789","KU_K0083_24_Yellow.xlsx","connecting_words","接続語","KU","K0083",0,"K0083","m",1,730,24
"790","KU_K0083_24_Yellow.xlsx","sounds2","幼児語（その２）","KU","K0083",13,"K0083","m",1,730,24
"791","KU_K0083_24_Yellow.xlsx","conversations","会話語","KU","K0083",6,"K0083","m",1,730,24
"792","KU_K0083_24_Yellow.xlsx","others","その他","KU","K0083",6,"K0083","m",1,730,24
"793","KU_K0084_24_Yellow.xlsx","sounds","幼児語","KU","K0084",12,"K0084","m",1,730,24
"794","KU_K0084_24_Yellow.xlsx","animals","動物の名前","KU","K0084",42,"K0084","m",1,730,24
"795","KU_K0084_24_Yellow.xlsx","vehicles","乗り物","KU","K0084",14,"K0084","m",1,730,24
"796","KU_K0084_24_Yellow.xlsx","toys","おもちゃ","KU","K0084",13,"K0084","m",1,730,24
"797","KU_K0084_24_Yellow.xlsx","food_drink","食べ物と飲み物","KU","K0084",55,"K0084","m",1,730,24
"798","KU_K0084_24_Yellow.xlsx","clothing","衣類","KU","K0084",11,"K0084","m",1,730,24
"799","KU_K0084_24_Yellow.xlsx","body_parts","体の部分","KU","K0084",21,"K0084","m",1,730,24
"800","KU_K0084_24_Yellow.xlsx","furniture_rooms","家具と部屋","KU","K0084",10,"K0084","m",1,730,24
"801","KU_K0084_24_Yellow.xlsx","household","小さな家庭用品","KU","K0084",24,"K0084","m",1,730,24
"802","KU_K0084_24_Yellow.xlsx","outside","戸外のもの","KU","K0084",15,"K0084","m",1,730,24
"803","KU_K0084_24_Yellow.xlsx","places","おでかけ","KU","K0084",9,"K0084","m",1,730,24
"804","KU_K0084_24_Yellow.xlsx","people","人々","KU","K0084",18,"K0084","m",1,730,24
"805","KU_K0084_24_Yellow.xlsx","games_routines","日課とあいさつ","KU","K0084",24,"K0084","m",1,730,24
"806","KU_K0084_24_Yellow.xlsx","action_words","動作語","KU","K0084",48,"K0084","m",1,730,24
"807","KU_K0084_24_Yellow.xlsx","time_words","時間についてのことば","KU","K0084",5,"K0084","m",1,730,24
"808","KU_K0084_24_Yellow.xlsx","descriptive_words","ようす・性質","KU","K0084",46,"K0084","m",1,730,24
"809","KU_K0084_24_Yellow.xlsx","pronouns","代名詞","KU","K0084",14,"K0084","m",1,730,24
"810","KU_K0084_24_Yellow.xlsx","question_words","質問のことば","KU","K0084",5,"K0084","m",1,730,24
"811","KU_K0084_24_Yellow.xlsx","locations","位置と場所についてのことば","KU","K0084",8,"K0084","m",1,730,24
"812","KU_K0084_24_Yellow.xlsx","quantifiers","数量をあらわすことば","KU","K0084",17,"K0084","m",1,730,24
"813","KU_K0084_24_Yellow.xlsx","connecting_words","接続語","KU","K0084",0,"K0084","m",1,730,24
"814","KU_K0084_24_Yellow.xlsx","sounds2","幼児語（その２）","KU","K0084",28,"K0084","m",1,730,24
"815","KU_K0084_24_Yellow.xlsx","conversations","会話語","KU","K0084",12,"K0084","m",1,730,24
"816","KU_K0084_24_Yellow.xlsx","others","その他","KU","K0084",9,"K0084","m",1,730,24
"817","KU_K0085_24_Yellow.xlsx","sounds","幼児語","KU","K0085",7,"K0085","f",1,730,24
"818","KU_K0085_24_Yellow.xlsx","animals","動物の名前","KU","K0085",3,"K0085","f",1,730,24
"819","KU_K0085_24_Yellow.xlsx","vehicles","乗り物","KU","K0085",4,"K0085","f",1,730,24
"820","KU_K0085_24_Yellow.xlsx","toys","おもちゃ","KU","K0085",3,"K0085","f",1,730,24
"821","KU_K0085_24_Yellow.xlsx","food_drink","食べ物と飲み物","KU","K0085",27,"K0085","f",1,730,24
"822","KU_K0085_24_Yellow.xlsx","clothing","衣類","KU","K0085",7,"K0085","f",1,730,24
"823","KU_K0085_24_Yellow.xlsx","body_parts","体の部分","KU","K0085",9,"K0085","f",1,730,24
"824","KU_K0085_24_Yellow.xlsx","furniture_rooms","家具と部屋","KU","K0085",3,"K0085","f",1,730,24
"825","KU_K0085_24_Yellow.xlsx","household","小さな家庭用品","KU","K0085",9,"K0085","f",1,730,24
"826","KU_K0085_24_Yellow.xlsx","outside","戸外のもの","KU","K0085",9,"K0085","f",1,730,24
"827","KU_K0085_24_Yellow.xlsx","places","おでかけ","KU","K0085",3,"K0085","f",1,730,24
"828","KU_K0085_24_Yellow.xlsx","people","人々","KU","K0085",12,"K0085","f",1,730,24
"829","KU_K0085_24_Yellow.xlsx","games_routines","日課とあいさつ","KU","K0085",23,"K0085","f",1,730,24
"830","KU_K0085_24_Yellow.xlsx","action_words","動作語","KU","K0085",26,"K0085","f",1,730,24
"831","KU_K0085_24_Yellow.xlsx","time_words","時間についてのことば","KU","K0085",3,"K0085","f",1,730,24
"832","KU_K0085_24_Yellow.xlsx","descriptive_words","ようす・性質","KU","K0085",31,"K0085","f",1,730,24
"833","KU_K0085_24_Yellow.xlsx","pronouns","代名詞","KU","K0085",4,"K0085","f",1,730,24
"834","KU_K0085_24_Yellow.xlsx","question_words","質問のことば","KU","K0085",4,"K0085","f",1,730,24
"835","KU_K0085_24_Yellow.xlsx","locations","位置と場所についてのことば","KU","K0085",1,"K0085","f",1,730,24
"836","KU_K0085_24_Yellow.xlsx","quantifiers","数量をあらわすことば","KU","K0085",5,"K0085","f",1,730,24
"837","KU_K0085_24_Yellow.xlsx","connecting_words","接続語","KU","K0085",0,"K0085","f",1,730,24
"838","KU_K0085_24_Yellow.xlsx","sounds2","幼児語（その２）","KU","K0085",18,"K0085","f",1,730,24
"839","KU_K0085_24_Yellow.xlsx","conversations","会話語","KU","K0085",7,"K0085","f",1,730,24
"840","KU_K0085_24_Yellow.xlsx","others","その他","KU","K0085",4,"K0085","f",1,730,24
"841","KU_K0086_24_Yellow.xlsx","sounds","幼児語","KU","K0086",5,"K0086","f",1,730,24
"842","KU_K0086_24_Yellow.xlsx","animals","動物の名前","KU","K0086",27,"K0086","f",1,730,24
"843","KU_K0086_24_Yellow.xlsx","vehicles","乗り物","KU","K0086",8,"K0086","f",1,730,24
"844","KU_K0086_24_Yellow.xlsx","toys","おもちゃ","KU","K0086",9,"K0086","f",1,730,24
"845","KU_K0086_24_Yellow.xlsx","food_drink","食べ物と飲み物","KU","K0086",26,"K0086","f",1,730,24
"846","KU_K0086_24_Yellow.xlsx","clothing","衣類","KU","K0086",8,"K0086","f",1,730,24
"847","KU_K0086_24_Yellow.xlsx","body_parts","体の部分","KU","K0086",12,"K0086","f",1,730,24
"848","KU_K0086_24_Yellow.xlsx","furniture_rooms","家具と部屋","KU","K0086",8,"K0086","f",1,730,24
"849","KU_K0086_24_Yellow.xlsx","household","小さな家庭用品","KU","K0086",14,"K0086","f",1,730,24
"850","KU_K0086_24_Yellow.xlsx","outside","戸外のもの","KU","K0086",11,"K0086","f",1,730,24
"851","KU_K0086_24_Yellow.xlsx","places","おでかけ","KU","K0086",4,"K0086","f",1,730,24
"852","KU_K0086_24_Yellow.xlsx","people","人々","KU","K0086",8,"K0086","f",1,730,24
"853","KU_K0086_24_Yellow.xlsx","games_routines","日課とあいさつ","KU","K0086",13,"K0086","f",1,730,24
"854","KU_K0086_24_Yellow.xlsx","action_words","動作語","KU","K0086",22,"K0086","f",1,730,24
"855","KU_K0086_24_Yellow.xlsx","time_words","時間についてのことば","KU","K0086",0,"K0086","f",1,730,24
"856","KU_K0086_24_Yellow.xlsx","descriptive_words","ようす・性質","KU","K0086",17,"K0086","f",1,730,24
"857","KU_K0086_24_Yellow.xlsx","pronouns","代名詞","KU","K0086",1,"K0086","f",1,730,24
"858","KU_K0086_24_Yellow.xlsx","question_words","質問のことば","KU","K0086",2,"K0086","f",1,730,24
"859","KU_K0086_24_Yellow.xlsx","locations","位置と場所についてのことば","KU","K0086",0,"K0086","f",1,730,24
"860","KU_K0086_24_Yellow.xlsx","quantifiers","数量をあらわすことば","KU","K0086",9,"K0086","f",1,730,24
"861","KU_K0086_24_Yellow.xlsx","connecting_words","接続語","KU","K0086",0,"K0086","f",1,730,24
"862","KU_K0086_24_Yellow.xlsx","sounds2","幼児語（その２）","KU","K0086",13,"K0086","f",1,730,24
"863","KU_K0086_24_Yellow.xlsx","conversations","会話語","KU","K0086",2,"K0086","f",1,730,24
"864","KU_K0086_24_Yellow.xlsx","others","その他","KU","K0086",4,"K0086","f",1,730,24
"865","KU_K0087_24_Yellow.xlsx","sounds","幼児語","KU","K0087",4,"K0087","f",1,730,24
"866","KU_K0087_24_Yellow.xlsx","animals","動物の名前","KU","K0087",3,"K0087","f",1,730,24
"867","KU_K0087_24_Yellow.xlsx","vehicles","乗り物","KU","K0087",0,"K0087","f",1,730,24
"868","KU_K0087_24_Yellow.xlsx","toys","おもちゃ","KU","K0087",1,"K0087","f",1,730,24
"869","KU_K0087_24_Yellow.xlsx","food_drink","食べ物と飲み物","KU","K0087",7,"K0087","f",1,730,24
"870","KU_K0087_24_Yellow.xlsx","clothing","衣類","KU","K0087",1,"K0087","f",1,730,24
"871","KU_K0087_24_Yellow.xlsx","body_parts","体の部分","KU","K0087",8,"K0087","f",1,730,24
"872","KU_K0087_24_Yellow.xlsx","furniture_rooms","家具と部屋","KU","K0087",0,"K0087","f",1,730,24
"873","KU_K0087_24_Yellow.xlsx","household","小さな家庭用品","KU","K0087",0,"K0087","f",1,730,24
"874","KU_K0087_24_Yellow.xlsx","outside","戸外のもの","KU","K0087",1,"K0087","f",1,730,24
"875","KU_K0087_24_Yellow.xlsx","places","おでかけ","KU","K0087",0,"K0087","f",1,730,24
"876","KU_K0087_24_Yellow.xlsx","people","人々","KU","K0087",0,"K0087","f",1,730,24
"877","KU_K0087_24_Yellow.xlsx","games_routines","日課とあいさつ","KU","K0087",4,"K0087","f",1,730,24
"878","KU_K0087_24_Yellow.xlsx","action_words","動作語","KU","K0087",0,"K0087","f",1,730,24
"879","KU_K0087_24_Yellow.xlsx","time_words","時間についてのことば","KU","K0087",0,"K0087","f",1,730,24
"880","KU_K0087_24_Yellow.xlsx","descriptive_words","ようす・性質","KU","K0087",2,"K0087","f",1,730,24
"881","KU_K0087_24_Yellow.xlsx","pronouns","代名詞","KU","K0087",0,"K0087","f",1,730,24
"882","KU_K0087_24_Yellow.xlsx","question_words","質問のことば","KU","K0087",0,"K0087","f",1,730,24
"883","KU_K0087_24_Yellow.xlsx","locations","位置と場所についてのことば","KU","K0087",0,"K0087","f",1,730,24
"884","KU_K0087_24_Yellow.xlsx","quantifiers","数量をあらわすことば","KU","K0087",3,"K0087","f",1,730,24
"885","KU_K0087_24_Yellow.xlsx","connecting_words","接続語","KU","K0087",0,"K0087","f",1,730,24
"886","KU_K0087_24_Yellow.xlsx","sounds2","幼児語（その２）","KU","K0087",8,"K0087","f",1,730,24
"887","KU_K0087_24_Yellow.xlsx","conversations","会話語","KU","K0087",0,"K0087","f",1,730,24
"888","KU_K0087_24_Yellow.xlsx","others","その他","KU","K0087",2,"K0087","f",1,730,24
"889","KU_K0088_24_Yellow.xlsx","sounds","幼児語","KU","K0088",9,"K0088","m",1,730,24
"890","KU_K0088_24_Yellow.xlsx","animals","動物の名前","KU","K0088",31,"K0088","m",1,730,24
"891","KU_K0088_24_Yellow.xlsx","vehicles","乗り物","KU","K0088",8,"K0088","m",1,730,24
"892","KU_K0088_24_Yellow.xlsx","toys","おもちゃ","KU","K0088",8,"K0088","m",1,730,24
"893","KU_K0088_24_Yellow.xlsx","food_drink","食べ物と飲み物","KU","K0088",48,"K0088","m",1,730,24
"894","KU_K0088_24_Yellow.xlsx","clothing","衣類","KU","K0088",7,"K0088","m",1,730,24
"895","KU_K0088_24_Yellow.xlsx","body_parts","体の部分","KU","K0088",17,"K0088","m",1,730,24
"896","KU_K0088_24_Yellow.xlsx","furniture_rooms","家具と部屋","KU","K0088",7,"K0088","m",1,730,24
"897","KU_K0088_24_Yellow.xlsx","household","小さな家庭用品","KU","K0088",13,"K0088","m",1,730,24
"898","KU_K0088_24_Yellow.xlsx","outside","戸外のもの","KU","K0088",13,"K0088","m",1,730,24
"899","KU_K0088_24_Yellow.xlsx","places","おでかけ","KU","K0088",6,"K0088","m",1,730,24
"900","KU_K0088_24_Yellow.xlsx","people","人々","KU","K0088",12,"K0088","m",1,730,24
"901","KU_K0088_24_Yellow.xlsx","games_routines","日課とあいさつ","KU","K0088",24,"K0088","m",1,730,24
"902","KU_K0088_24_Yellow.xlsx","action_words","動作語","KU","K0088",54,"K0088","m",1,730,24
"903","KU_K0088_24_Yellow.xlsx","time_words","時間についてのことば","KU","K0088",4,"K0088","m",1,730,24
"904","KU_K0088_24_Yellow.xlsx","descriptive_words","ようす・性質","KU","K0088",20,"K0088","m",1,730,24
"905","KU_K0088_24_Yellow.xlsx","pronouns","代名詞","KU","K0088",3,"K0088","m",1,730,24
"906","KU_K0088_24_Yellow.xlsx","question_words","質問のことば","KU","K0088",1,"K0088","m",1,730,24
"907","KU_K0088_24_Yellow.xlsx","locations","位置と場所についてのことば","KU","K0088",8,"K0088","m",1,730,24
"908","KU_K0088_24_Yellow.xlsx","quantifiers","数量をあらわすことば","KU","K0088",9,"K0088","m",1,730,24
"909","KU_K0088_24_Yellow.xlsx","connecting_words","接続語","KU","K0088",1,"K0088","m",1,730,24
"910","KU_K0088_24_Yellow.xlsx","sounds2","幼児語（その２）","KU","K0088",17,"K0088","m",1,730,24
"911","KU_K0088_24_Yellow.xlsx","conversations","会話語","KU","K0088",13,"K0088","m",1,730,24
"912","KU_K0088_24_Yellow.xlsx","others","その他","KU","K0088",7,"K0088","m",1,730,24
"913","KU_K0089_24_Yellow.xlsx","sounds","幼児語","KU","K0089",7,"K0089","f",1,730,24
"914","KU_K0089_24_Yellow.xlsx","animals","動物の名前","KU","K0089",3,"K0089","f",1,730,24
"915","KU_K0089_24_Yellow.xlsx","vehicles","乗り物","KU","K0089",0,"K0089","f",1,730,24
"916","KU_K0089_24_Yellow.xlsx","toys","おもちゃ","KU","K0089",1,"K0089","f",1,730,24
"917","KU_K0089_24_Yellow.xlsx","food_drink","食べ物と飲み物","KU","K0089",1,"K0089","f",1,730,24
"918","KU_K0089_24_Yellow.xlsx","clothing","衣類","KU","K0089",3,"K0089","f",1,730,24
"919","KU_K0089_24_Yellow.xlsx","body_parts","体の部分","KU","K0089",6,"K0089","f",1,730,24
"920","KU_K0089_24_Yellow.xlsx","furniture_rooms","家具と部屋","KU","K0089",0,"K0089","f",1,730,24
"921","KU_K0089_24_Yellow.xlsx","household","小さな家庭用品","KU","K0089",1,"K0089","f",1,730,24
"922","KU_K0089_24_Yellow.xlsx","outside","戸外のもの","KU","K0089",0,"K0089","f",1,730,24
"923","KU_K0089_24_Yellow.xlsx","places","おでかけ","KU","K0089",0,"K0089","f",1,730,24
"924","KU_K0089_24_Yellow.xlsx","people","人々","KU","K0089",3,"K0089","f",1,730,24
"925","KU_K0089_24_Yellow.xlsx","games_routines","日課とあいさつ","KU","K0089",4,"K0089","f",1,730,24
"926","KU_K0089_24_Yellow.xlsx","action_words","動作語","KU","K0089",0,"K0089","f",1,730,24
"927","KU_K0089_24_Yellow.xlsx","time_words","時間についてのことば","KU","K0089",0,"K0089","f",1,730,24
"928","KU_K0089_24_Yellow.xlsx","descriptive_words","ようす・性質","KU","K0089",2,"K0089","f",1,730,24
"929","KU_K0089_24_Yellow.xlsx","pronouns","代名詞","KU","K0089",1,"K0089","f",1,730,24
"930","KU_K0089_24_Yellow.xlsx","question_words","質問のことば","KU","K0089",0,"K0089","f",1,730,24
"931","KU_K0089_24_Yellow.xlsx","locations","位置と場所についてのことば","KU","K0089",0,"K0089","f",1,730,24
"932","KU_K0089_24_Yellow.xlsx","quantifiers","数量をあらわすことば","KU","K0089",3,"K0089","f",1,730,24
"933","KU_K0089_24_Yellow.xlsx","connecting_words","接続語","KU","K0089",0,"K0089","f",1,730,24
"934","KU_K0089_24_Yellow.xlsx","sounds2","幼児語（その２）","KU","K0089",4,"K0089","f",1,730,24
"935","KU_K0089_24_Yellow.xlsx","conversations","会話語","KU","K0089",2,"K0089","f",1,730,24
"936","KU_K0089_24_Yellow.xlsx","others","その他","KU","K0089",0,"K0089","f",1,730,24
"937","KU_K0090_36_Yellow.xlsx","sounds","幼児語","KU","K0090",2,"K0090","m",1,1095,36
"938","KU_K0090_36_Yellow.xlsx","animals","動物の名前","KU","K0090",8,"K0090","m",1,1095,36
"939","KU_K0090_36_Yellow.xlsx","vehicles","乗り物","KU","K0090",8,"K0090","m",1,1095,36
"940","KU_K0090_36_Yellow.xlsx","toys","おもちゃ","KU","K0090",11,"K0090","m",1,1095,36
"941","KU_K0090_36_Yellow.xlsx","food_drink","食べ物と飲み物","KU","K0090",52,"K0090","m",1,1095,36
"942","KU_K0090_36_Yellow.xlsx","clothing","衣類","KU","K0090",12,"K0090","m",1,1095,36
"943","KU_K0090_36_Yellow.xlsx","body_parts","体の部分","KU","K0090",18,"K0090","m",1,1095,36
"944","KU_K0090_36_Yellow.xlsx","furniture_rooms","家具と部屋","KU","K0090",12,"K0090","m",1,1095,36
"945","KU_K0090_36_Yellow.xlsx","household","小さな家庭用品","KU","K0090",23,"K0090","m",1,1095,36
"946","KU_K0090_36_Yellow.xlsx","outside","戸外のもの","KU","K0090",14,"K0090","m",1,1095,36
"947","KU_K0090_36_Yellow.xlsx","places","おでかけ","KU","K0090",10,"K0090","m",1,1095,36
"948","KU_K0090_36_Yellow.xlsx","people","人々","KU","K0090",12,"K0090","m",1,1095,36
"949","KU_K0090_36_Yellow.xlsx","games_routines","日課とあいさつ","KU","K0090",25,"K0090","m",1,1095,36
"950","KU_K0090_36_Yellow.xlsx","action_words","動作語","KU","K0090",91,"K0090","m",1,1095,36
"951","KU_K0090_36_Yellow.xlsx","time_words","時間についてのことば","KU","K0090",7,"K0090","m",1,1095,36
"952","KU_K0090_36_Yellow.xlsx","descriptive_words","ようす・性質","KU","K0090",50,"K0090","m",1,1095,36
"953","KU_K0090_36_Yellow.xlsx","pronouns","代名詞","KU","K0090",13,"K0090","m",1,1095,36
"954","KU_K0090_36_Yellow.xlsx","question_words","質問のことば","KU","K0090",7,"K0090","m",1,1095,36
"955","KU_K0090_36_Yellow.xlsx","locations","位置と場所についてのことば","KU","K0090",11,"K0090","m",1,1095,36
"956","KU_K0090_36_Yellow.xlsx","quantifiers","数量をあらわすことば","KU","K0090",12,"K0090","m",1,1095,36
"957","KU_K0090_36_Yellow.xlsx","connecting_words","接続語","KU","K0090",0,"K0090","m",1,1095,36
"958","KU_K0090_36_Yellow.xlsx","sounds2","幼児語（その２）","KU","K0090",8,"K0090","m",1,1095,36
"959","KU_K0090_36_Yellow.xlsx","conversations","会話語","KU","K0090",5,"K0090","m",1,1095,36
"960","KU_K0090_36_Yellow.xlsx","others","その他","KU","K0090",7,"K0090","m",1,1095,36
"961","KU_K0091_36_Yellow.xlsx","sounds","幼児語","KU","K0091",12,"K0091","f",1,1095,36
"962","KU_K0091_36_Yellow.xlsx","animals","動物の名前","KU","K0091",40,"K0091","f",1,1095,36
"963","KU_K0091_36_Yellow.xlsx","vehicles","乗り物","KU","K0091",10,"K0091","f",1,1095,36
"964","KU_K0091_36_Yellow.xlsx","toys","おもちゃ","KU","K0091",12,"K0091","f",1,1095,36
"965","KU_K0091_36_Yellow.xlsx","food_drink","食べ物と飲み物","KU","K0091",51,"K0091","f",1,1095,36
"966","KU_K0091_36_Yellow.xlsx","clothing","衣類","KU","K0091",15,"K0091","f",1,1095,36
"967","KU_K0091_36_Yellow.xlsx","body_parts","体の部分","KU","K0091",26,"K0091","f",1,1095,36
"968","KU_K0091_36_Yellow.xlsx","furniture_rooms","家具と部屋","KU","K0091",11,"K0091","f",1,1095,36
"969","KU_K0091_36_Yellow.xlsx","household","小さな家庭用品","KU","K0091",22,"K0091","f",1,1095,36
"970","KU_K0091_36_Yellow.xlsx","outside","戸外のもの","KU","K0091",16,"K0091","f",1,1095,36
"971","KU_K0091_36_Yellow.xlsx","places","おでかけ","KU","K0091",11,"K0091","f",1,1095,36
"972","KU_K0091_36_Yellow.xlsx","people","人々","KU","K0091",20,"K0091","f",1,1095,36
"973","KU_K0091_36_Yellow.xlsx","games_routines","日課とあいさつ","KU","K0091",25,"K0091","f",1,1095,36
"974","KU_K0091_36_Yellow.xlsx","action_words","動作語","KU","K0091",80,"K0091","f",1,1095,36
"975","KU_K0091_36_Yellow.xlsx","time_words","時間についてのことば","KU","K0091",3,"K0091","f",1,1095,36
"976","KU_K0091_36_Yellow.xlsx","descriptive_words","ようす・性質","KU","K0091",58,"K0091","f",1,1095,36
"977","KU_K0091_36_Yellow.xlsx","pronouns","代名詞","KU","K0091",7,"K0091","f",1,1095,36
"978","KU_K0091_36_Yellow.xlsx","question_words","質問のことば","KU","K0091",7,"K0091","f",1,1095,36
"979","KU_K0091_36_Yellow.xlsx","locations","位置と場所についてのことば","KU","K0091",14,"K0091","f",1,1095,36
"980","KU_K0091_36_Yellow.xlsx","quantifiers","数量をあらわすことば","KU","K0091",14,"K0091","f",1,1095,36
"981","KU_K0091_36_Yellow.xlsx","connecting_words","接続語","KU","K0091",1,"K0091","f",1,1095,36
"982","KU_K0091_36_Yellow.xlsx","sounds2","幼児語（その２）","KU","K0091",27,"K0091","f",1,1095,36
"983","KU_K0091_36_Yellow.xlsx","conversations","会話語","KU","K0091",10,"K0091","f",1,1095,36
"984","KU_K0091_36_Yellow.xlsx","others","その他","KU","K0091",8,"K0091","f",1,1095,36
"985","KU_K0092_36_Yellow.xlsx","sounds","幼児語","KU","K0092",2,"K0092","f",1,1095,36
"986","KU_K0092_36_Yellow.xlsx","animals","動物の名前","KU","K0092",19,"K0092","f",1,1095,36
"987","KU_K0092_36_Yellow.xlsx","vehicles","乗り物","KU","K0092",7,"K0092","f",1,1095,36
"988","KU_K0092_36_Yellow.xlsx","toys","おもちゃ","KU","K0092",6,"K0092","f",1,1095,36
"989","KU_K0092_36_Yellow.xlsx","food_drink","食べ物と飲み物","KU","K0092",30,"K0092","f",1,1095,36
"990","KU_K0092_36_Yellow.xlsx","clothing","衣類","KU","K0092",8,"K0092","f",1,1095,36
"991","KU_K0092_36_Yellow.xlsx","body_parts","体の部分","KU","K0092",14,"K0092","f",1,1095,36
"992","KU_K0092_36_Yellow.xlsx","furniture_rooms","家具と部屋","KU","K0092",9,"K0092","f",1,1095,36
"993","KU_K0092_36_Yellow.xlsx","household","小さな家庭用品","KU","K0092",14,"K0092","f",1,1095,36
"994","KU_K0092_36_Yellow.xlsx","outside","戸外のもの","KU","K0092",9,"K0092","f",1,1095,36
"995","KU_K0092_36_Yellow.xlsx","places","おでかけ","KU","K0092",5,"K0092","f",1,1095,36
"996","KU_K0092_36_Yellow.xlsx","people","人々","KU","K0092",18,"K0092","f",1,1095,36
"997","KU_K0092_36_Yellow.xlsx","games_routines","日課とあいさつ","KU","K0092",22,"K0092","f",1,1095,36
"998","KU_K0092_36_Yellow.xlsx","action_words","動作語","KU","K0092",25,"K0092","f",1,1095,36
"999","KU_K0092_36_Yellow.xlsx","time_words","時間についてのことば","KU","K0092",4,"K0092","f",1,1095,36
"1000","KU_K0092_36_Yellow.xlsx","descriptive_words","ようす・性質","KU","K0092",42,"K0092","f",1,1095,36
"1001","KU_K0092_36_Yellow.xlsx","pronouns","代名詞","KU","K0092",10,"K0092","f",1,1095,36
"1002","KU_K0092_36_Yellow.xlsx","question_words","質問のことば","KU","K0092",3,"K0092","f",1,1095,36
"1003","KU_K0092_36_Yellow.xlsx","locations","位置と場所についてのことば","KU","K0092",3,"K0092","f",1,1095,36
"1004","KU_K0092_36_Yellow.xlsx","quantifiers","数量をあらわすことば","KU","K0092",9,"K0092","f",1,1095,36
"1005","KU_K0092_36_Yellow.xlsx","connecting_words","接続語","KU","K0092",0,"K0092","f",1,1095,36
"1006","KU_K0092_36_Yellow.xlsx","sounds2","幼児語（その２）","KU","K0092",15,"K0092","f",1,1095,36
"1007","KU_K0092_36_Yellow.xlsx","conversations","会話語","KU","K0092",8,"K0092","f",1,1095,36
"1008","KU_K0092_36_Yellow.xlsx","others","その他","KU","K0092",5,"K0092","f",1,1095,36
"1009","KU_K0093_36_Yellow.xlsx","sounds","幼児語","KU","K0093",1,"K0093","f",1,1095,36
"1010","KU_K0093_36_Yellow.xlsx","animals","動物の名前","KU","K0093",35,"K0093","f",1,1095,36
"1011","KU_K0093_36_Yellow.xlsx","vehicles","乗り物","KU","K0093",7,"K0093","f",1,1095,36
"1012","KU_K0093_36_Yellow.xlsx","toys","おもちゃ","KU","K0093",11,"K0093","f",1,1095,36
"1013","KU_K0093_36_Yellow.xlsx","food_drink","食べ物と飲み物","KU","K0093",54,"K0093","f",1,1095,36
"1014","KU_K0093_36_Yellow.xlsx","clothing","衣類","KU","K0093",13,"K0093","f",1,1095,36
"1015","KU_K0093_36_Yellow.xlsx","body_parts","体の部分","KU","K0093",20,"K0093","f",1,1095,36
"1016","KU_K0093_36_Yellow.xlsx","furniture_rooms","家具と部屋","KU","K0093",9,"K0093","f",1,1095,36
"1017","KU_K0093_36_Yellow.xlsx","household","小さな家庭用品","KU","K0093",25,"K0093","f",1,1095,36
"1018","KU_K0093_36_Yellow.xlsx","outside","戸外のもの","KU","K0093",6,"K0093","f",1,1095,36
"1019","KU_K0093_36_Yellow.xlsx","places","おでかけ","KU","K0093",7,"K0093","f",1,1095,36
"1020","KU_K0093_36_Yellow.xlsx","people","人々","KU","K0093",11,"K0093","f",1,1095,36
"1021","KU_K0093_36_Yellow.xlsx","games_routines","日課とあいさつ","KU","K0093",23,"K0093","f",1,1095,36
"1022","KU_K0093_36_Yellow.xlsx","action_words","動作語","KU","K0093",54,"K0093","f",1,1095,36
"1023","KU_K0093_36_Yellow.xlsx","time_words","時間についてのことば","KU","K0093",4,"K0093","f",1,1095,36
"1024","KU_K0093_36_Yellow.xlsx","descriptive_words","ようす・性質","KU","K0093",20,"K0093","f",1,1095,36
"1025","KU_K0093_36_Yellow.xlsx","pronouns","代名詞","KU","K0093",1,"K0093","f",1,1095,36
"1026","KU_K0093_36_Yellow.xlsx","question_words","質問のことば","KU","K0093",1,"K0093","f",1,1095,36
"1027","KU_K0093_36_Yellow.xlsx","locations","位置と場所についてのことば","KU","K0093",1,"K0093","f",1,1095,36
"1028","KU_K0093_36_Yellow.xlsx","quantifiers","数量をあらわすことば","KU","K0093",3,"K0093","f",1,1095,36
"1029","KU_K0093_36_Yellow.xlsx","connecting_words","接続語","KU","K0093",0,"K0093","f",1,1095,36
"1030","KU_K0093_36_Yellow.xlsx","sounds2","幼児語（その２）","KU","K0093",1,"K0093","f",1,1095,36
"1031","KU_K0093_36_Yellow.xlsx","conversations","会話語","KU","K0093",4,"K0093","f",1,1095,36
"1032","KU_K0093_36_Yellow.xlsx","others","その他","KU","K0093",7,"K0093","f",1,1095,36
"1033","KU_K0094_36_Yellow.xlsx","sounds","幼児語","KU","K0094",12,"K0094","f",1,1095,36
"1034","KU_K0094_36_Yellow.xlsx","animals","動物の名前","KU","K0094",40,"K0094","f",1,1095,36
"1035","KU_K0094_36_Yellow.xlsx","vehicles","乗り物","KU","K0094",13,"K0094","f",1,1095,36
"1036","KU_K0094_36_Yellow.xlsx","toys","おもちゃ","KU","K0094",16,"K0094","f",1,1095,36
"1037","KU_K0094_36_Yellow.xlsx","food_drink","食べ物と飲み物","KU","K0094",65,"K0094","f",1,1095,36
"1038","KU_K0094_36_Yellow.xlsx","clothing","衣類","KU","K0094",22,"K0094","f",1,1095,36
"1039","KU_K0094_36_Yellow.xlsx","body_parts","体の部分","KU","K0094",27,"K0094","f",1,1095,36
"1040","KU_K0094_36_Yellow.xlsx","furniture_rooms","家具と部屋","KU","K0094",22,"K0094","f",1,1095,36
"1041","KU_K0094_36_Yellow.xlsx","household","小さな家庭用品","KU","K0094",42,"K0094","f",1,1095,36
"1042","KU_K0094_36_Yellow.xlsx","outside","戸外のもの","KU","K0094",23,"K0094","f",1,1095,36
"1043","KU_K0094_36_Yellow.xlsx","places","おでかけ","KU","K0094",14,"K0094","f",1,1095,36
"1044","KU_K0094_36_Yellow.xlsx","people","人々","KU","K0094",27,"K0094","f",1,1095,36
"1045","KU_K0094_36_Yellow.xlsx","games_routines","日課とあいさつ","KU","K0094",25,"K0094","f",1,1095,36
"1046","KU_K0094_36_Yellow.xlsx","action_words","動作語","KU","K0094",102,"K0094","f",1,1095,36
"1047","KU_K0094_36_Yellow.xlsx","time_words","時間についてのことば","KU","K0094",11,"K0094","f",1,1095,36
"1048","KU_K0094_36_Yellow.xlsx","descriptive_words","ようす・性質","KU","K0094",62,"K0094","f",1,1095,36
"1049","KU_K0094_36_Yellow.xlsx","pronouns","代名詞","KU","K0094",13,"K0094","f",1,1095,36
"1050","KU_K0094_36_Yellow.xlsx","question_words","質問のことば","KU","K0094",10,"K0094","f",1,1095,36
"1051","KU_K0094_36_Yellow.xlsx","locations","位置と場所についてのことば","KU","K0094",18,"K0094","f",1,1095,36
"1052","KU_K0094_36_Yellow.xlsx","quantifiers","数量をあらわすことば","KU","K0094",17,"K0094","f",1,1095,36
"1053","KU_K0094_36_Yellow.xlsx","connecting_words","接続語","KU","K0094",4,"K0094","f",1,1095,36
"1054","KU_K0094_36_Yellow.xlsx","sounds2","幼児語（その２）","KU","K0094",29,"K0094","f",1,1095,36
"1055","KU_K0094_36_Yellow.xlsx","conversations","会話語","KU","K0094",13,"K0094","f",1,1095,36
"1056","KU_K0094_36_Yellow.xlsx","others","その他","KU","K0094",9,"K0094","f",1,1095,36
"1057","KU_K0095_36_Yellow.xlsx","sounds","幼児語","KU","K0095",2,"K0095","m",1,1095,36
"1058","KU_K0095_36_Yellow.xlsx","animals","動物の名前","KU","K0095",43,"K0095","m",1,1095,36
"1059","KU_K0095_36_Yellow.xlsx","vehicles","乗り物","KU","K0095",12,"K0095","m",1,1095,36
"1060","KU_K0095_36_Yellow.xlsx","toys","おもちゃ","KU","K0095",14,"K0095","m",1,1095,36
"1061","KU_K0095_36_Yellow.xlsx","food_drink","食べ物と飲み物","KU","K0095",57,"K0095","m",1,1095,36
"1062","KU_K0095_36_Yellow.xlsx","clothing","衣類","KU","K0095",7,"K0095","m",1,1095,36
"1063","KU_K0095_36_Yellow.xlsx","body_parts","体の部分","KU","K0095",18,"K0095","m",1,1095,36
"1064","KU_K0095_36_Yellow.xlsx","furniture_rooms","家具と部屋","KU","K0095",11,"K0095","m",1,1095,36
"1065","KU_K0095_36_Yellow.xlsx","household","小さな家庭用品","KU","K0095",26,"K0095","m",1,1095,36
"1066","KU_K0095_36_Yellow.xlsx","outside","戸外のもの","KU","K0095",17,"K0095","m",1,1095,36
"1067","KU_K0095_36_Yellow.xlsx","places","おでかけ","KU","K0095",8,"K0095","m",1,1095,36
"1068","KU_K0095_36_Yellow.xlsx","people","人々","KU","K0095",14,"K0095","m",1,1095,36
"1069","KU_K0095_36_Yellow.xlsx","games_routines","日課とあいさつ","KU","K0095",25,"K0095","m",1,1095,36
"1070","KU_K0095_36_Yellow.xlsx","action_words","動作語","KU","K0095",43,"K0095","m",1,1095,36
"1071","KU_K0095_36_Yellow.xlsx","time_words","時間についてのことば","KU","K0095",5,"K0095","m",1,1095,36
"1072","KU_K0095_36_Yellow.xlsx","descriptive_words","ようす・性質","KU","K0095",35,"K0095","m",1,1095,36
"1073","KU_K0095_36_Yellow.xlsx","pronouns","代名詞","KU","K0095",7,"K0095","m",1,1095,36
"1074","KU_K0095_36_Yellow.xlsx","question_words","質問のことば","KU","K0095",4,"K0095","m",1,1095,36
"1075","KU_K0095_36_Yellow.xlsx","locations","位置と場所についてのことば","KU","K0095",2,"K0095","m",1,1095,36
"1076","KU_K0095_36_Yellow.xlsx","quantifiers","数量をあらわすことば","KU","K0095",12,"K0095","m",1,1095,36
"1077","KU_K0095_36_Yellow.xlsx","connecting_words","接続語","KU","K0095",1,"K0095","m",1,1095,36
"1078","KU_K0095_36_Yellow.xlsx","sounds2","幼児語（その２）","KU","K0095",3,"K0095","m",1,1095,36
"1079","KU_K0095_36_Yellow.xlsx","conversations","会話語","KU","K0095",5,"K0095","m",1,1095,36
"1080","KU_K0095_36_Yellow.xlsx","others","その他","KU","K0095",4,"K0095","m",1,1095,36
"1081","KU_K0096_36_Yellow.xlsx","sounds","幼児語","KU","K0096",11,"K0096","f",1,1095,36
"1082","KU_K0096_36_Yellow.xlsx","animals","動物の名前","KU","K0096",40,"K0096","f",1,1095,36
"1083","KU_K0096_36_Yellow.xlsx","vehicles","乗り物","KU","K0096",6,"K0096","f",1,1095,36
"1084","KU_K0096_36_Yellow.xlsx","toys","おもちゃ","KU","K0096",17,"K0096","f",1,1095,36
"1085","KU_K0096_36_Yellow.xlsx","food_drink","食べ物と飲み物","KU","K0096",62,"K0096","f",1,1095,36
"1086","KU_K0096_36_Yellow.xlsx","clothing","衣類","KU","K0096",16,"K0096","f",1,1095,36
"1087","KU_K0096_36_Yellow.xlsx","body_parts","体の部分","KU","K0096",25,"K0096","f",1,1095,36
"1088","KU_K0096_36_Yellow.xlsx","furniture_rooms","家具と部屋","KU","K0096",20,"K0096","f",1,1095,36
"1089","KU_K0096_36_Yellow.xlsx","household","小さな家庭用品","KU","K0096",40,"K0096","f",1,1095,36
"1090","KU_K0096_36_Yellow.xlsx","outside","戸外のもの","KU","K0096",25,"K0096","f",1,1095,36
"1091","KU_K0096_36_Yellow.xlsx","places","おでかけ","KU","K0096",14,"K0096","f",1,1095,36
"1092","KU_K0096_36_Yellow.xlsx","people","人々","KU","K0096",20,"K0096","f",1,1095,36
"1093","KU_K0096_36_Yellow.xlsx","games_routines","日課とあいさつ","KU","K0096",25,"K0096","f",1,1095,36
"1094","KU_K0096_36_Yellow.xlsx","action_words","動作語","KU","K0096",102,"K0096","f",1,1095,36
"1095","KU_K0096_36_Yellow.xlsx","time_words","時間についてのことば","KU","K0096",8,"K0096","f",1,1095,36
"1096","KU_K0096_36_Yellow.xlsx","descriptive_words","ようす・性質","KU","K0096",57,"K0096","f",1,1095,36
"1097","KU_K0096_36_Yellow.xlsx","pronouns","代名詞","KU","K0096",12,"K0096","f",1,1095,36
"1098","KU_K0096_36_Yellow.xlsx","question_words","質問のことば","KU","K0096",5,"K0096","f",1,1095,36
"1099","KU_K0096_36_Yellow.xlsx","locations","位置と場所についてのことば","KU","K0096",13,"K0096","f",1,1095,36
"1100","KU_K0096_36_Yellow.xlsx","quantifiers","数量をあらわすことば","KU","K0096",16,"K0096","f",1,1095,36
"1101","KU_K0096_36_Yellow.xlsx","connecting_words","接続語","KU","K0096",3,"K0096","f",1,1095,36
"1102","KU_K0096_36_Yellow.xlsx","sounds2","幼児語（その２）","KU","K0096",21,"K0096","f",1,1095,36
"1103","KU_K0096_36_Yellow.xlsx","conversations","会話語","KU","K0096",13,"K0096","f",1,1095,36
"1104","KU_K0096_36_Yellow.xlsx","others","その他","KU","K0096",9,"K0096","f",1,1095,36
"1105","KU_K0097_36_Yellow.xlsx","sounds","幼児語","KU","K0097",12,"K0097","m",1,1095,36
"1106","KU_K0097_36_Yellow.xlsx","animals","動物の名前","KU","K0097",41,"K0097","m",1,1095,36
"1107","KU_K0097_36_Yellow.xlsx","vehicles","乗り物","KU","K0097",0,"K0097","m",1,1095,36
"1108","KU_K0097_36_Yellow.xlsx","toys","おもちゃ","KU","K0097",0,"K0097","m",1,1095,36
"1109","KU_K0097_36_Yellow.xlsx","food_drink","食べ物と飲み物","KU","K0097",68,"K0097","m",1,1095,36
"1110","KU_K0097_36_Yellow.xlsx","clothing","衣類","KU","K0097",11,"K0097","m",1,1095,36
"1111","KU_K0097_36_Yellow.xlsx","body_parts","体の部分","KU","K0097",15,"K0097","m",1,1095,36
"1112","KU_K0097_36_Yellow.xlsx","furniture_rooms","家具と部屋","KU","K0097",19,"K0097","m",1,1095,36
"1113","KU_K0097_36_Yellow.xlsx","household","小さな家庭用品","KU","K0097",34,"K0097","m",1,1095,36
"1114","KU_K0097_36_Yellow.xlsx","outside","戸外のもの","KU","K0097",19,"K0097","m",1,1095,36
"1115","KU_K0097_36_Yellow.xlsx","places","おでかけ","KU","K0097",17,"K0097","m",1,1095,36
"1116","KU_K0097_36_Yellow.xlsx","people","人々","KU","K0097",19,"K0097","m",1,1095,36
"1117","KU_K0097_36_Yellow.xlsx","games_routines","日課とあいさつ","KU","K0097",25,"K0097","m",1,1095,36
"1118","KU_K0097_36_Yellow.xlsx","action_words","動作語","KU","K0097",95,"K0097","m",1,1095,36
"1119","KU_K0097_36_Yellow.xlsx","time_words","時間についてのことば","KU","K0097",12,"K0097","m",1,1095,36
"1120","KU_K0097_36_Yellow.xlsx","descriptive_words","ようす・性質","KU","K0097",52,"K0097","m",1,1095,36
"1121","KU_K0097_36_Yellow.xlsx","pronouns","代名詞","KU","K0097",18,"K0097","m",1,1095,36
"1122","KU_K0097_36_Yellow.xlsx","question_words","質問のことば","KU","K0097",4,"K0097","m",1,1095,36
"1123","KU_K0097_36_Yellow.xlsx","locations","位置と場所についてのことば","KU","K0097",10,"K0097","m",1,1095,36
"1124","KU_K0097_36_Yellow.xlsx","quantifiers","数量をあらわすことば","KU","K0097",12,"K0097","m",1,1095,36
"1125","KU_K0097_36_Yellow.xlsx","connecting_words","接続語","KU","K0097",0,"K0097","m",1,1095,36
"1126","KU_K0097_36_Yellow.xlsx","sounds2","幼児語（その２）","KU","K0097",15,"K0097","m",1,1095,36
"1127","KU_K0097_36_Yellow.xlsx","conversations","会話語","KU","K0097",9,"K0097","m",1,1095,36
"1128","KU_K0097_36_Yellow.xlsx","others","その他","KU","K0097",7,"K0097","m",1,1095,36
"1129","KU_K0098_36_Yellow.xlsx","sounds","幼児語","KU","K0098",9,"K0098","m",1,1095,36
"1130","KU_K0098_36_Yellow.xlsx","animals","動物の名前","KU","K0098",36,"K0098","m",1,1095,36
"1131","KU_K0098_36_Yellow.xlsx","vehicles","乗り物","KU","K0098",13,"K0098","m",1,1095,36
"1132","KU_K0098_36_Yellow.xlsx","toys","おもちゃ","KU","K0098",16,"K0098","m",1,1095,36
"1133","KU_K0098_36_Yellow.xlsx","food_drink","食べ物と飲み物","KU","K0098",52,"K0098","m",1,1095,36
"1134","KU_K0098_36_Yellow.xlsx","clothing","衣類","KU","K0098",11,"K0098","m",1,1095,36
"1135","KU_K0098_36_Yellow.xlsx","body_parts","体の部分","KU","K0098",19,"K0098","m",1,1095,36
"1136","KU_K0098_36_Yellow.xlsx","furniture_rooms","家具と部屋","KU","K0098",8,"K0098","m",1,1095,36
"1137","KU_K0098_36_Yellow.xlsx","household","小さな家庭用品","KU","K0098",9,"K0098","m",1,1095,36
"1138","KU_K0098_36_Yellow.xlsx","outside","戸外のもの","KU","K0098",10,"K0098","m",1,1095,36
"1139","KU_K0098_36_Yellow.xlsx","places","おでかけ","KU","K0098",6,"K0098","m",1,1095,36
"1140","KU_K0098_36_Yellow.xlsx","people","人々","KU","K0098",12,"K0098","m",1,1095,36
"1141","KU_K0098_36_Yellow.xlsx","games_routines","日課とあいさつ","KU","K0098",21,"K0098","m",1,1095,36
"1142","KU_K0098_36_Yellow.xlsx","action_words","動作語","KU","K0098",40,"K0098","m",1,1095,36
"1143","KU_K0098_36_Yellow.xlsx","time_words","時間についてのことば","KU","K0098",4,"K0098","m",1,1095,36
"1144","KU_K0098_36_Yellow.xlsx","descriptive_words","ようす・性質","KU","K0098",20,"K0098","m",1,1095,36
"1145","KU_K0098_36_Yellow.xlsx","pronouns","代名詞","KU","K0098",7,"K0098","m",1,1095,36
"1146","KU_K0098_36_Yellow.xlsx","question_words","質問のことば","KU","K0098",1,"K0098","m",1,1095,36
"1147","KU_K0098_36_Yellow.xlsx","locations","位置と場所についてのことば","KU","K0098",1,"K0098","m",1,1095,36
"1148","KU_K0098_36_Yellow.xlsx","quantifiers","数量をあらわすことば","KU","K0098",5,"K0098","m",1,1095,36
"1149","KU_K0098_36_Yellow.xlsx","connecting_words","接続語","KU","K0098",0,"K0098","m",1,1095,36
"1150","KU_K0098_36_Yellow.xlsx","sounds2","幼児語（その２）","KU","K0098",12,"K0098","m",1,1095,36
"1151","KU_K0098_36_Yellow.xlsx","conversations","会話語","KU","K0098",3,"K0098","m",1,1095,36
"1152","KU_K0098_36_Yellow.xlsx","others","その他","KU","K0098",3,"K0098","m",1,1095,36
"1153","KU_K0099_36_Yellow.xlsx","sounds","幼児語","KU","K0099",0,"K0099","f",1,1095,36
"1154","KU_K0099_36_Yellow.xlsx","animals","動物の名前","KU","K0099",33,"K0099","f",1,1095,36
"1155","KU_K0099_36_Yellow.xlsx","vehicles","乗り物","KU","K0099",8,"K0099","f",1,1095,36
"1156","KU_K0099_36_Yellow.xlsx","toys","おもちゃ","KU","K0099",13,"K0099","f",1,1095,36
"1157","KU_K0099_36_Yellow.xlsx","food_drink","食べ物と飲み物","KU","K0099",52,"K0099","f",1,1095,36
"1158","KU_K0099_36_Yellow.xlsx","clothing","衣類","KU","K0099",19,"K0099","f",1,1095,36
"1159","KU_K0099_36_Yellow.xlsx","body_parts","体の部分","KU","K0099",25,"K0099","f",1,1095,36
"1160","KU_K0099_36_Yellow.xlsx","furniture_rooms","家具と部屋","KU","K0099",19,"K0099","f",1,1095,36
"1161","KU_K0099_36_Yellow.xlsx","household","小さな家庭用品","KU","K0099",30,"K0099","f",1,1095,36
"1162","KU_K0099_36_Yellow.xlsx","outside","戸外のもの","KU","K0099",18,"K0099","f",1,1095,36
"1163","KU_K0099_36_Yellow.xlsx","places","おでかけ","KU","K0099",9,"K0099","f",1,1095,36
"1164","KU_K0099_36_Yellow.xlsx","people","人々","KU","K0099",16,"K0099","f",1,1095,36
"1165","KU_K0099_36_Yellow.xlsx","games_routines","日課とあいさつ","KU","K0099",25,"K0099","f",1,1095,36
"1166","KU_K0099_36_Yellow.xlsx","action_words","動作語","KU","K0099",90,"K0099","f",1,1095,36
"1167","KU_K0099_36_Yellow.xlsx","time_words","時間についてのことば","KU","K0099",9,"K0099","f",1,1095,36
"1168","KU_K0099_36_Yellow.xlsx","descriptive_words","ようす・性質","KU","K0099",47,"K0099","f",1,1095,36
"1169","KU_K0099_36_Yellow.xlsx","pronouns","代名詞","KU","K0099",8,"K0099","f",1,1095,36
"1170","KU_K0099_36_Yellow.xlsx","question_words","質問のことば","KU","K0099",6,"K0099","f",1,1095,36
"1171","KU_K0099_36_Yellow.xlsx","locations","位置と場所についてのことば","KU","K0099",8,"K0099","f",1,1095,36
"1172","KU_K0099_36_Yellow.xlsx","quantifiers","数量をあらわすことば","KU","K0099",12,"K0099","f",1,1095,36
"1173","KU_K0099_36_Yellow.xlsx","connecting_words","接続語","KU","K0099",2,"K0099","f",1,1095,36
"1174","KU_K0099_36_Yellow.xlsx","sounds2","幼児語（その２）","KU","K0099",3,"K0099","f",1,1095,36
"1175","KU_K0099_36_Yellow.xlsx","conversations","会話語","KU","K0099",9,"K0099","f",1,1095,36
"1176","KU_K0099_36_Yellow.xlsx","others","その他","KU","K0099",8,"K0099","f",1,1095,36
"1177","KU_K0100_36_Yellow.xlsx","sounds","幼児語","KU","K0100",12,"K0100","f",1,1095,36
"1178","KU_K0100_36_Yellow.xlsx","animals","動物の名前","KU","K0100",40,"K0100","f",1,1095,36
"1179","KU_K0100_36_Yellow.xlsx","vehicles","乗り物","KU","K0100",13,"K0100","f",1,1095,36
"1180","KU_K0100_36_Yellow.xlsx","toys","おもちゃ","KU","K0100",17,"K0100","f",1,1095,36
"1181","KU_K0100_36_Yellow.xlsx","food_drink","食べ物と飲み物","KU","K0100",58,"K0100","f",1,1095,36
"1182","KU_K0100_36_Yellow.xlsx","clothing","衣類","KU","K0100",25,"K0100","f",1,1095,36
"1183","KU_K0100_36_Yellow.xlsx","body_parts","体の部分","KU","K0100",27,"K0100","f",1,1095,36
"1184","KU_K0100_36_Yellow.xlsx","furniture_rooms","家具と部屋","KU","K0100",26,"K0100","f",1,1095,36
"1185","KU_K0100_36_Yellow.xlsx","household","小さな家庭用品","KU","K0100",50,"K0100","f",1,1095,36
"1186","KU_K0100_36_Yellow.xlsx","outside","戸外のもの","KU","K0100",31,"K0100","f",1,1095,36
"1187","KU_K0100_36_Yellow.xlsx","places","おでかけ","KU","K0100",18,"K0100","f",1,1095,36
"1188","KU_K0100_36_Yellow.xlsx","people","人々","KU","K0100",29,"K0100","f",1,1095,36
"1189","KU_K0100_36_Yellow.xlsx","games_routines","日課とあいさつ","KU","K0100",25,"K0100","f",1,1095,36
"1190","KU_K0100_36_Yellow.xlsx","action_words","動作語","KU","K0100",102,"K0100","f",1,1095,36
"1191","KU_K0100_36_Yellow.xlsx","time_words","時間についてのことば","KU","K0100",12,"K0100","f",1,1095,36
"1192","KU_K0100_36_Yellow.xlsx","descriptive_words","ようす・性質","KU","K0100",62,"K0100","f",1,1095,36
"1193","KU_K0100_36_Yellow.xlsx","pronouns","代名詞","KU","K0100",21,"K0100","f",1,1095,36
"1194","KU_K0100_36_Yellow.xlsx","question_words","質問のことば","KU","K0100",10,"K0100","f",1,1095,36
"1195","KU_K0100_36_Yellow.xlsx","locations","位置と場所についてのことば","KU","K0100",21,"K0100","f",1,1095,36
"1196","KU_K0100_36_Yellow.xlsx","quantifiers","数量をあらわすことば","KU","K0100",17,"K0100","f",1,1095,36
"1197","KU_K0100_36_Yellow.xlsx","connecting_words","接続語","KU","K0100",1,"K0100","f",1,1095,36
"1198","KU_K0100_36_Yellow.xlsx","sounds2","幼児語（その２）","KU","K0100",28,"K0100","f",1,1095,36
"1199","KU_K0100_36_Yellow.xlsx","conversations","会話語","KU","K0100",13,"K0100","f",1,1095,36
"1200","KU_K0100_36_Yellow.xlsx","others","その他","KU","K0100",9,"K0100","f",1,1095,36
"1201","KU_K0101_36_Yellow.xlsx","sounds","幼児語","KU","K0101",12,"K0101","f",1,1095,36
"1202","KU_K0101_36_Yellow.xlsx","animals","動物の名前","KU","K0101",38,"K0101","f",1,1095,36
"1203","KU_K0101_36_Yellow.xlsx","vehicles","乗り物","KU","K0101",12,"K0101","f",1,1095,36
"1204","KU_K0101_36_Yellow.xlsx","toys","おもちゃ","KU","K0101",17,"K0101","f",1,1095,36
"1205","KU_K0101_36_Yellow.xlsx","food_drink","食べ物と飲み物","KU","K0101",42,"K0101","f",1,1095,36
"1206","KU_K0101_36_Yellow.xlsx","clothing","衣類","KU","K0101",14,"K0101","f",1,1095,36
"1207","KU_K0101_36_Yellow.xlsx","body_parts","体の部分","KU","K0101",20,"K0101","f",1,1095,36
"1208","KU_K0101_36_Yellow.xlsx","furniture_rooms","家具と部屋","KU","K0101",15,"K0101","f",1,1095,36
"1209","KU_K0101_36_Yellow.xlsx","household","小さな家庭用品","KU","K0101",24,"K0101","f",1,1095,36
"1210","KU_K0101_36_Yellow.xlsx","outside","戸外のもの","KU","K0101",16,"K0101","f",1,1095,36
"1211","KU_K0101_36_Yellow.xlsx","places","おでかけ","KU","K0101",8,"K0101","f",1,1095,36
"1212","KU_K0101_36_Yellow.xlsx","people","人々","KU","K0101",15,"K0101","f",1,1095,36
"1213","KU_K0101_36_Yellow.xlsx","games_routines","日課とあいさつ","KU","K0101",23,"K0101","f",1,1095,36
"1214","KU_K0101_36_Yellow.xlsx","action_words","動作語","KU","K0101",69,"K0101","f",1,1095,36
"1215","KU_K0101_36_Yellow.xlsx","time_words","時間についてのことば","KU","K0101",9,"K0101","f",1,1095,36
"1216","KU_K0101_36_Yellow.xlsx","descriptive_words","ようす・性質","KU","K0101",28,"K0101","f",1,1095,36
"1217","KU_K0101_36_Yellow.xlsx","pronouns","代名詞","KU","K0101",12,"K0101","f",1,1095,36
"1218","KU_K0101_36_Yellow.xlsx","question_words","質問のことば","KU","K0101",2,"K0101","f",1,1095,36
"1219","KU_K0101_36_Yellow.xlsx","locations","位置と場所についてのことば","KU","K0101",15,"K0101","f",1,1095,36
"1220","KU_K0101_36_Yellow.xlsx","quantifiers","数量をあらわすことば","KU","K0101",16,"K0101","f",1,1095,36
"1221","KU_K0101_36_Yellow.xlsx","connecting_words","接続語","KU","K0101",2,"K0101","f",1,1095,36
"1222","KU_K0101_36_Yellow.xlsx","sounds2","幼児語（その２）","KU","K0101",10,"K0101","f",1,1095,36
"1223","KU_K0101_36_Yellow.xlsx","conversations","会話語","KU","K0101",10,"K0101","f",1,1095,36
"1224","KU_K0101_36_Yellow.xlsx","others","その他","KU","K0101",5,"K0101","f",1,1095,36
"1225","KU_K0102_36_Yellow.xlsx","sounds","幼児語","KU","K0102",3,"K0102","f",1,1095,36
"1226","KU_K0102_36_Yellow.xlsx","animals","動物の名前","KU","K0102",37,"K0102","f",1,1095,36
"1227","KU_K0102_36_Yellow.xlsx","vehicles","乗り物","KU","K0102",14,"K0102","f",1,1095,36
"1228","KU_K0102_36_Yellow.xlsx","toys","おもちゃ","KU","K0102",17,"K0102","f",1,1095,36
"1229","KU_K0102_36_Yellow.xlsx","food_drink","食べ物と飲み物","KU","K0102",57,"K0102","f",1,1095,36
"1230","KU_K0102_36_Yellow.xlsx","clothing","衣類","KU","K0102",21,"K0102","f",1,1095,36
"1231","KU_K0102_36_Yellow.xlsx","body_parts","体の部分","KU","K0102",26,"K0102","f",1,1095,36
"1232","KU_K0102_36_Yellow.xlsx","furniture_rooms","家具と部屋","KU","K0102",24,"K0102","f",1,1095,36
"1233","KU_K0102_36_Yellow.xlsx","household","小さな家庭用品","KU","K0102",40,"K0102","f",1,1095,36
"1234","KU_K0102_36_Yellow.xlsx","outside","戸外のもの","KU","K0102",22,"K0102","f",1,1095,36
"1235","KU_K0102_36_Yellow.xlsx","places","おでかけ","KU","K0102",17,"K0102","f",1,1095,36
"1236","KU_K0102_36_Yellow.xlsx","people","人々","KU","K0102",23,"K0102","f",1,1095,36
"1237","KU_K0102_36_Yellow.xlsx","games_routines","日課とあいさつ","KU","K0102",25,"K0102","f",1,1095,36
"1238","KU_K0102_36_Yellow.xlsx","action_words","動作語","KU","K0102",101,"K0102","f",1,1095,36
"1239","KU_K0102_36_Yellow.xlsx","time_words","時間についてのことば","KU","K0102",6,"K0102","f",1,1095,36
"1240","KU_K0102_36_Yellow.xlsx","descriptive_words","ようす・性質","KU","K0102",58,"K0102","f",1,1095,36
"1241","KU_K0102_36_Yellow.xlsx","pronouns","代名詞","KU","K0102",7,"K0102","f",1,1095,36
"1242","KU_K0102_36_Yellow.xlsx","question_words","質問のことば","KU","K0102",8,"K0102","f",1,1095,36
"1243","KU_K0102_36_Yellow.xlsx","locations","位置と場所についてのことば","KU","K0102",12,"K0102","f",1,1095,36
"1244","KU_K0102_36_Yellow.xlsx","quantifiers","数量をあらわすことば","KU","K0102",14,"K0102","f",1,1095,36
"1245","KU_K0102_36_Yellow.xlsx","connecting_words","接続語","KU","K0102",0,"K0102","f",1,1095,36
"1246","KU_K0102_36_Yellow.xlsx","sounds2","幼児語（その２）","KU","K0102",9,"K0102","f",1,1095,36
"1247","KU_K0102_36_Yellow.xlsx","conversations","会話語","KU","K0102",8,"K0102","f",1,1095,36
"1248","KU_K0102_36_Yellow.xlsx","others","その他","KU","K0102",6,"K0102","f",1,1095,36
"1249","KU_K0103_36_Yellow.xlsx","sounds","幼児語","KU","K0103",12,"K0103","f",1,1095,36
"1250","KU_K0103_36_Yellow.xlsx","animals","動物の名前","KU","K0103",43,"K0103","f",1,1095,36
"1251","KU_K0103_36_Yellow.xlsx","vehicles","乗り物","KU","K0103",13,"K0103","f",1,1095,36
"1252","KU_K0103_36_Yellow.xlsx","toys","おもちゃ","KU","K0103",17,"K0103","f",1,1095,36
"1253","KU_K0103_36_Yellow.xlsx","food_drink","食べ物と飲み物","KU","K0103",65,"K0103","f",1,1095,36
"1254","KU_K0103_36_Yellow.xlsx","clothing","衣類","KU","K0103",22,"K0103","f",1,1095,36
"1255","KU_K0103_36_Yellow.xlsx","body_parts","体の部分","KU","K0103",26,"K0103","f",1,1095,36
"1256","KU_K0103_36_Yellow.xlsx","furniture_rooms","家具と部屋","KU","K0103",25,"K0103","f",1,1095,36
"1257","KU_K0103_36_Yellow.xlsx","household","小さな家庭用品","KU","K0103",45,"K0103","f",1,1095,36
"1258","KU_K0103_36_Yellow.xlsx","outside","戸外のもの","KU","K0103",27,"K0103","f",1,1095,36
"1259","KU_K0103_36_Yellow.xlsx","places","おでかけ","KU","K0103",19,"K0103","f",1,1095,36
"1260","KU_K0103_36_Yellow.xlsx","people","人々","KU","K0103",28,"K0103","f",1,1095,36
"1261","KU_K0103_36_Yellow.xlsx","games_routines","日課とあいさつ","KU","K0103",25,"K0103","f",1,1095,36
"1262","KU_K0103_36_Yellow.xlsx","action_words","動作語","KU","K0103",102,"K0103","f",1,1095,36
"1263","KU_K0103_36_Yellow.xlsx","time_words","時間についてのことば","KU","K0103",12,"K0103","f",1,1095,36
"1264","KU_K0103_36_Yellow.xlsx","descriptive_words","ようす・性質","KU","K0103",62,"K0103","f",1,1095,36
"1265","KU_K0103_36_Yellow.xlsx","pronouns","代名詞","KU","K0103",21,"K0103","f",1,1095,36
"1266","KU_K0103_36_Yellow.xlsx","question_words","質問のことば","KU","K0103",9,"K0103","f",1,1095,36
"1267","KU_K0103_36_Yellow.xlsx","locations","位置と場所についてのことば","KU","K0103",18,"K0103","f",1,1095,36
"1268","KU_K0103_36_Yellow.xlsx","quantifiers","数量をあらわすことば","KU","K0103",17,"K0103","f",1,1095,36
"1269","KU_K0103_36_Yellow.xlsx","connecting_words","接続語","KU","K0103",3,"K0103","f",1,1095,36
"1270","KU_K0103_36_Yellow.xlsx","sounds2","幼児語（その２）","KU","K0103",26,"K0103","f",1,1095,36
"1271","KU_K0103_36_Yellow.xlsx","conversations","会話語","KU","K0103",14,"K0103","f",1,1095,36
"1272","KU_K0103_36_Yellow.xlsx","others","その他","KU","K0103",9,"K0103","f",1,1095,36
"1273","KU_K0104_36_Yellow.xlsx","sounds","幼児語","KU","K0104",12,"K0104","f",1,1095,36
"1274","KU_K0104_36_Yellow.xlsx","animals","動物の名前","KU","K0104",24,"K0104","f",1,1095,36
"1275","KU_K0104_36_Yellow.xlsx","vehicles","乗り物","KU","K0104",7,"K0104","f",1,1095,36
"1276","KU_K0104_36_Yellow.xlsx","toys","おもちゃ","KU","K0104",12,"K0104","f",1,1095,36
"1277","KU_K0104_36_Yellow.xlsx","food_drink","食べ物と飲み物","KU","K0104",56,"K0104","f",1,1095,36
"1278","KU_K0104_36_Yellow.xlsx","clothing","衣類","KU","K0104",17,"K0104","f",1,1095,36
"1279","KU_K0104_36_Yellow.xlsx","body_parts","体の部分","KU","K0104",22,"K0104","f",1,1095,36
"1280","KU_K0104_36_Yellow.xlsx","furniture_rooms","家具と部屋","KU","K0104",16,"K0104","f",1,1095,36
"1281","KU_K0104_36_Yellow.xlsx","household","小さな家庭用品","KU","K0104",23,"K0104","f",1,1095,36
"1282","KU_K0104_36_Yellow.xlsx","outside","戸外のもの","KU","K0104",13,"K0104","f",1,1095,36
"1283","KU_K0104_36_Yellow.xlsx","places","おでかけ","KU","K0104",8,"K0104","f",1,1095,36
"1284","KU_K0104_36_Yellow.xlsx","people","人々","KU","K0104",12,"K0104","f",1,1095,36
"1285","KU_K0104_36_Yellow.xlsx","games_routines","日課とあいさつ","KU","K0104",25,"K0104","f",1,1095,36
"1286","KU_K0104_36_Yellow.xlsx","action_words","動作語","KU","K0104",70,"K0104","f",1,1095,36
"1287","KU_K0104_36_Yellow.xlsx","time_words","時間についてのことば","KU","K0104",2,"K0104","f",1,1095,36
"1288","KU_K0104_36_Yellow.xlsx","descriptive_words","ようす・性質","KU","K0104",43,"K0104","f",1,1095,36
"1289","KU_K0104_36_Yellow.xlsx","pronouns","代名詞","KU","K0104",11,"K0104","f",1,1095,36
"1290","KU_K0104_36_Yellow.xlsx","question_words","質問のことば","KU","K0104",6,"K0104","f",1,1095,36
"1291","KU_K0104_36_Yellow.xlsx","locations","位置と場所についてのことば","KU","K0104",9,"K0104","f",1,1095,36
"1292","KU_K0104_36_Yellow.xlsx","quantifiers","数量をあらわすことば","KU","K0104",12,"K0104","f",1,1095,36
"1293","KU_K0104_36_Yellow.xlsx","connecting_words","接続語","KU","K0104",4,"K0104","f",1,1095,36
"1294","KU_K0104_36_Yellow.xlsx","sounds2","幼児語（その２）","KU","K0104",23,"K0104","f",1,1095,36
"1295","KU_K0104_36_Yellow.xlsx","conversations","会話語","KU","K0104",14,"K0104","f",1,1095,36
"1296","KU_K0104_36_Yellow.xlsx","others","その他","KU","K0104",6,"K0104","f",1,1095,36
"1297","KU_K0105_36_Yellow.xlsx","sounds","幼児語","KU","K0105",1,"K0105","f",1,1095,36
"1298","KU_K0105_36_Yellow.xlsx","animals","動物の名前","KU","K0105",43,"K0105","f",1,1095,36
"1299","KU_K0105_36_Yellow.xlsx","vehicles","乗り物","KU","K0105",12,"K0105","f",1,1095,36
"1300","KU_K0105_36_Yellow.xlsx","toys","おもちゃ","KU","K0105",17,"K0105","f",1,1095,36
"1301","KU_K0105_36_Yellow.xlsx","food_drink","食べ物と飲み物","KU","K0105",63,"K0105","f",1,1095,36
"1302","KU_K0105_36_Yellow.xlsx","clothing","衣類","KU","K0105",20,"K0105","f",1,1095,36
"1303","KU_K0105_36_Yellow.xlsx","body_parts","体の部分","KU","K0105",27,"K0105","f",1,1095,36
"1304","KU_K0105_36_Yellow.xlsx","furniture_rooms","家具と部屋","KU","K0105",24,"K0105","f",1,1095,36
"1305","KU_K0105_36_Yellow.xlsx","household","小さな家庭用品","KU","K0105",45,"K0105","f",1,1095,36
"1306","KU_K0105_36_Yellow.xlsx","outside","戸外のもの","KU","K0105",22,"K0105","f",1,1095,36
"1307","KU_K0105_36_Yellow.xlsx","places","おでかけ","KU","K0105",16,"K0105","f",1,1095,36
"1308","KU_K0105_36_Yellow.xlsx","people","人々","KU","K0105",22,"K0105","f",1,1095,36
"1309","KU_K0105_36_Yellow.xlsx","games_routines","日課とあいさつ","KU","K0105",24,"K0105","f",1,1095,36
"1310","KU_K0105_36_Yellow.xlsx","action_words","動作語","KU","K0105",86,"K0105","f",1,1095,36
"1311","KU_K0105_36_Yellow.xlsx","time_words","時間についてのことば","KU","K0105",7,"K0105","f",1,1095,36
"1312","KU_K0105_36_Yellow.xlsx","descriptive_words","ようす・性質","KU","K0105",59,"K0105","f",1,1095,36
"1313","KU_K0105_36_Yellow.xlsx","pronouns","代名詞","KU","K0105",9,"K0105","f",1,1095,36
"1314","KU_K0105_36_Yellow.xlsx","question_words","質問のことば","KU","K0105",4,"K0105","f",1,1095,36
"1315","KU_K0105_36_Yellow.xlsx","locations","位置と場所についてのことば","KU","K0105",15,"K0105","f",1,1095,36
"1316","KU_K0105_36_Yellow.xlsx","quantifiers","数量をあらわすことば","KU","K0105",10,"K0105","f",1,1095,36
"1317","KU_K0105_36_Yellow.xlsx","connecting_words","接続語","KU","K0105",3,"K0105","f",1,1095,36
"1318","KU_K0105_36_Yellow.xlsx","sounds2","幼児語（その２）","KU","K0105",7,"K0105","f",1,1095,36
"1319","KU_K0105_36_Yellow.xlsx","conversations","会話語","KU","K0105",3,"K0105","f",1,1095,36
"1320","KU_K0105_36_Yellow.xlsx","others","その他","KU","K0105",6,"K0105","f",1,1095,36
"1321","KU_K0106_36_Yellow.xlsx","sounds","幼児語","KU","K0106",3,"K0106","f",1,1095,36
"1322","KU_K0106_36_Yellow.xlsx","animals","動物の名前","KU","K0106",42,"K0106","f",1,1095,36
"1323","KU_K0106_36_Yellow.xlsx","vehicles","乗り物","KU","K0106",12,"K0106","f",1,1095,36
"1324","KU_K0106_36_Yellow.xlsx","toys","おもちゃ","KU","K0106",11,"K0106","f",1,1095,36
"1325","KU_K0106_36_Yellow.xlsx","food_drink","食べ物と飲み物","KU","K0106",44,"K0106","f",1,1095,36
"1326","KU_K0106_36_Yellow.xlsx","clothing","衣類","KU","K0106",11,"K0106","f",1,1095,36
"1327","KU_K0106_36_Yellow.xlsx","body_parts","体の部分","KU","K0106",19,"K0106","f",1,1095,36
"1328","KU_K0106_36_Yellow.xlsx","furniture_rooms","家具と部屋","KU","K0106",13,"K0106","f",1,1095,36
"1329","KU_K0106_36_Yellow.xlsx","household","小さな家庭用品","KU","K0106",18,"K0106","f",1,1095,36
"1330","KU_K0106_36_Yellow.xlsx","outside","戸外のもの","KU","K0106",16,"K0106","f",1,1095,36
"1331","KU_K0106_36_Yellow.xlsx","places","おでかけ","KU","K0106",8,"K0106","f",1,1095,36
"1332","KU_K0106_36_Yellow.xlsx","people","人々","KU","K0106",14,"K0106","f",1,1095,36
"1333","KU_K0106_36_Yellow.xlsx","games_routines","日課とあいさつ","KU","K0106",21,"K0106","f",1,1095,36
"1334","KU_K0106_36_Yellow.xlsx","action_words","動作語","KU","K0106",88,"K0106","f",1,1095,36
"1335","KU_K0106_36_Yellow.xlsx","time_words","時間についてのことば","KU","K0106",4,"K0106","f",1,1095,36
"1336","KU_K0106_36_Yellow.xlsx","descriptive_words","ようす・性質","KU","K0106",40,"K0106","f",1,1095,36
"1337","KU_K0106_36_Yellow.xlsx","pronouns","代名詞","KU","K0106",5,"K0106","f",1,1095,36
"1338","KU_K0106_36_Yellow.xlsx","question_words","質問のことば","KU","K0106",9,"K0106","f",1,1095,36
"1339","KU_K0106_36_Yellow.xlsx","locations","位置と場所についてのことば","KU","K0106",7,"K0106","f",1,1095,36
"1340","KU_K0106_36_Yellow.xlsx","quantifiers","数量をあらわすことば","KU","K0106",14,"K0106","f",1,1095,36
"1341","KU_K0106_36_Yellow.xlsx","connecting_words","接続語","KU","K0106",1,"K0106","f",1,1095,36
"1342","KU_K0106_36_Yellow.xlsx","sounds2","幼児語（その２）","KU","K0106",17,"K0106","f",1,1095,36
"1343","KU_K0106_36_Yellow.xlsx","conversations","会話語","KU","K0106",10,"K0106","f",1,1095,36
"1344","KU_K0106_36_Yellow.xlsx","others","その他","KU","K0106",9,"K0106","f",1,1095,36
"1345","KU_K0107_24_Yellow.xlsx","sounds","幼児語","KU","K0107",9,"K0107","m",1,730,24
"1346","KU_K0107_24_Yellow.xlsx","animals","動物の名前","KU","K0107",11,"K0107","m",1,730,24
"1347","KU_K0107_24_Yellow.xlsx","vehicles","乗り物","KU","K0107",9,"K0107","m",1,730,24
"1348","KU_K0107_24_Yellow.xlsx","toys","おもちゃ","KU","K0107",1,"K0107","m",1,730,24
"1349","KU_K0107_24_Yellow.xlsx","food_drink","食べ物と飲み物","KU","K0107",6,"K0107","m",1,730,24
"1350","KU_K0107_24_Yellow.xlsx","clothing","衣類","KU","K0107",0,"K0107","m",1,730,24
"1351","KU_K0107_24_Yellow.xlsx","body_parts","体の部分","KU","K0107",6,"K0107","m",1,730,24
"1352","KU_K0107_24_Yellow.xlsx","furniture_rooms","家具と部屋","KU","K0107",0,"K0107","m",1,730,24
"1353","KU_K0107_24_Yellow.xlsx","household","小さな家庭用品","KU","K0107",4,"K0107","m",1,730,24
"1354","KU_K0107_24_Yellow.xlsx","outside","戸外のもの","KU","K0107",5,"K0107","m",1,730,24
"1355","KU_K0107_24_Yellow.xlsx","places","おでかけ","KU","K0107",0,"K0107","m",1,730,24
"1356","KU_K0107_24_Yellow.xlsx","people","人々","KU","K0107",7,"K0107","m",1,730,24
"1357","KU_K0107_24_Yellow.xlsx","games_routines","日課とあいさつ","KU","K0107",5,"K0107","m",1,730,24
"1358","KU_K0107_24_Yellow.xlsx","action_words","動作語","KU","K0107",0,"K0107","m",1,730,24
"1359","KU_K0107_24_Yellow.xlsx","time_words","時間についてのことば","KU","K0107",1,"K0107","m",1,730,24
"1360","KU_K0107_24_Yellow.xlsx","descriptive_words","ようす・性質","KU","K0107",5,"K0107","m",1,730,24
"1361","KU_K0107_24_Yellow.xlsx","pronouns","代名詞","KU","K0107",4,"K0107","m",1,730,24
"1362","KU_K0107_24_Yellow.xlsx","question_words","質問のことば","KU","K0107",0,"K0107","m",1,730,24
"1363","KU_K0107_24_Yellow.xlsx","locations","位置と場所についてのことば","KU","K0107",0,"K0107","m",1,730,24
"1364","KU_K0107_24_Yellow.xlsx","quantifiers","数量をあらわすことば","KU","K0107",3,"K0107","m",1,730,24
"1365","KU_K0107_24_Yellow.xlsx","connecting_words","接続語","KU","K0107",0,"K0107","m",1,730,24
"1366","KU_K0107_24_Yellow.xlsx","sounds2","幼児語（その２）","KU","K0107",14,"K0107","m",1,730,24
"1367","KU_K0107_24_Yellow.xlsx","conversations","会話語","KU","K0107",7,"K0107","m",1,730,24
"1368","KU_K0107_24_Yellow.xlsx","others","その他","KU","K0107",2,"K0107","m",1,730,24
"1369","KU_K0108_36_Yellow.xlsx","sounds","幼児語","KU","K0108",12,"K0108","m",1,1095,36
"1370","KU_K0108_36_Yellow.xlsx","animals","動物の名前","KU","K0108",28,"K0108","m",1,1095,36
"1371","KU_K0108_36_Yellow.xlsx","vehicles","乗り物","KU","K0108",14,"K0108","m",1,1095,36
"1372","KU_K0108_36_Yellow.xlsx","toys","おもちゃ","KU","K0108",17,"K0108","m",1,1095,36
"1373","KU_K0108_36_Yellow.xlsx","food_drink","食べ物と飲み物","KU","K0108",44,"K0108","m",1,1095,36
"1374","KU_K0108_36_Yellow.xlsx","clothing","衣類","KU","K0108",14,"K0108","m",1,1095,36
"1375","KU_K0108_36_Yellow.xlsx","body_parts","体の部分","KU","K0108",25,"K0108","m",1,1095,36
"1376","KU_K0108_36_Yellow.xlsx","furniture_rooms","家具と部屋","KU","K0108",11,"K0108","m",1,1095,36
"1377","KU_K0108_36_Yellow.xlsx","household","小さな家庭用品","KU","K0108",35,"K0108","m",1,1095,36
"1378","KU_K0108_36_Yellow.xlsx","outside","戸外のもの","KU","K0108",19,"K0108","m",1,1095,36
"1379","KU_K0108_36_Yellow.xlsx","places","おでかけ","KU","K0108",11,"K0108","m",1,1095,36
"1380","KU_K0108_36_Yellow.xlsx","people","人々","KU","K0108",18,"K0108","m",1,1095,36
"1381","KU_K0108_36_Yellow.xlsx","games_routines","日課とあいさつ","KU","K0108",25,"K0108","m",1,1095,36
"1382","KU_K0108_36_Yellow.xlsx","action_words","動作語","KU","K0108",53,"K0108","m",1,1095,36
"1383","KU_K0108_36_Yellow.xlsx","time_words","時間についてのことば","KU","K0108",11,"K0108","m",1,1095,36
"1384","KU_K0108_36_Yellow.xlsx","descriptive_words","ようす・性質","KU","K0108",62,"K0108","m",1,1095,36
"1385","KU_K0108_36_Yellow.xlsx","pronouns","代名詞","KU","K0108",8,"K0108","m",1,1095,36
"1386","KU_K0108_36_Yellow.xlsx","question_words","質問のことば","KU","K0108",6,"K0108","m",1,1095,36
"1387","KU_K0108_36_Yellow.xlsx","locations","位置と場所についてのことば","KU","K0108",4,"K0108","m",1,1095,36
"1388","KU_K0108_36_Yellow.xlsx","quantifiers","数量をあらわすことば","KU","K0108",17,"K0108","m",1,1095,36
"1389","KU_K0108_36_Yellow.xlsx","connecting_words","接続語","KU","K0108",0,"K0108","m",1,1095,36
"1390","KU_K0108_36_Yellow.xlsx","sounds2","幼児語（その２）","KU","K0108",23,"K0108","m",1,1095,36
"1391","KU_K0108_36_Yellow.xlsx","conversations","会話語","KU","K0108",8,"K0108","m",1,1095,36
"1392","KU_K0108_36_Yellow.xlsx","others","その他","KU","K0108",7,"K0108","m",1,1095,36
"1393","KU_K0109_36_Yellow.xlsx","sounds","幼児語","KU","K0109",12,"K0109","m",1,1095,36
"1394","KU_K0109_36_Yellow.xlsx","animals","動物の名前","KU","K0109",36,"K0109","m",1,1095,36
"1395","KU_K0109_36_Yellow.xlsx","vehicles","乗り物","KU","K0109",12,"K0109","m",1,1095,36
"1396","KU_K0109_36_Yellow.xlsx","toys","おもちゃ","KU","K0109",14,"K0109","m",1,1095,36
"1397","KU_K0109_36_Yellow.xlsx","food_drink","食べ物と飲み物","KU","K0109",56,"K0109","m",1,1095,36
"1398","KU_K0109_36_Yellow.xlsx","clothing","衣類","KU","K0109",14,"K0109","m",1,1095,36
"1399","KU_K0109_36_Yellow.xlsx","body_parts","体の部分","KU","K0109",25,"K0109","m",1,1095,36
"1400","KU_K0109_36_Yellow.xlsx","furniture_rooms","家具と部屋","KU","K0109",13,"K0109","m",1,1095,36
"1401","KU_K0109_36_Yellow.xlsx","household","小さな家庭用品","KU","K0109",22,"K0109","m",1,1095,36
"1402","KU_K0109_36_Yellow.xlsx","outside","戸外のもの","KU","K0109",16,"K0109","m",1,1095,36
"1403","KU_K0109_36_Yellow.xlsx","places","おでかけ","KU","K0109",9,"K0109","m",1,1095,36
"1404","KU_K0109_36_Yellow.xlsx","people","人々","KU","K0109",16,"K0109","m",1,1095,36
"1405","KU_K0109_36_Yellow.xlsx","games_routines","日課とあいさつ","KU","K0109",25,"K0109","m",1,1095,36
"1406","KU_K0109_36_Yellow.xlsx","action_words","動作語","KU","K0109",82,"K0109","m",1,1095,36
"1407","KU_K0109_36_Yellow.xlsx","time_words","時間についてのことば","KU","K0109",8,"K0109","m",1,1095,36
"1408","KU_K0109_36_Yellow.xlsx","descriptive_words","ようす・性質","KU","K0109",49,"K0109","m",1,1095,36
"1409","KU_K0109_36_Yellow.xlsx","pronouns","代名詞","KU","K0109",9,"K0109","m",1,1095,36
"1410","KU_K0109_36_Yellow.xlsx","question_words","質問のことば","KU","K0109",8,"K0109","m",1,1095,36
"1411","KU_K0109_36_Yellow.xlsx","locations","位置と場所についてのことば","KU","K0109",7,"K0109","m",1,1095,36
"1412","KU_K0109_36_Yellow.xlsx","quantifiers","数量をあらわすことば","KU","K0109",11,"K0109","m",1,1095,36
"1413","KU_K0109_36_Yellow.xlsx","connecting_words","接続語","KU","K0109",2,"K0109","m",1,1095,36
"1414","KU_K0109_36_Yellow.xlsx","sounds2","幼児語（その２）","KU","K0109",25,"K0109","m",1,1095,36
"1415","KU_K0109_36_Yellow.xlsx","conversations","会話語","KU","K0109",12,"K0109","m",1,1095,36
"1416","KU_K0109_36_Yellow.xlsx","others","その他","KU","K0109",9,"K0109","m",1,1095,36
"1417","KU_K0110_36_Yellow.xlsx","sounds","幼児語","KU","K0110",5,"K0110","m",1,1095,36
"1418","KU_K0110_36_Yellow.xlsx","animals","動物の名前","KU","K0110",36,"K0110","m",1,1095,36
"1419","KU_K0110_36_Yellow.xlsx","vehicles","乗り物","KU","K0110",11,"K0110","m",1,1095,36
"1420","KU_K0110_36_Yellow.xlsx","toys","おもちゃ","KU","K0110",11,"K0110","m",1,1095,36
"1421","KU_K0110_36_Yellow.xlsx","food_drink","食べ物と飲み物","KU","K0110",62,"K0110","m",1,1095,36
"1422","KU_K0110_36_Yellow.xlsx","clothing","衣類","KU","K0110",16,"K0110","m",1,1095,36
"1423","KU_K0110_36_Yellow.xlsx","body_parts","体の部分","KU","K0110",13,"K0110","m",1,1095,36
"1424","KU_K0110_36_Yellow.xlsx","furniture_rooms","家具と部屋","KU","K0110",11,"K0110","m",1,1095,36
"1425","KU_K0110_36_Yellow.xlsx","household","小さな家庭用品","KU","K0110",18,"K0110","m",1,1095,36
"1426","KU_K0110_36_Yellow.xlsx","outside","戸外のもの","KU","K0110",17,"K0110","m",1,1095,36
"1427","KU_K0110_36_Yellow.xlsx","places","おでかけ","KU","K0110",13,"K0110","m",1,1095,36
"1428","KU_K0110_36_Yellow.xlsx","people","人々","KU","K0110",12,"K0110","m",1,1095,36
"1429","KU_K0110_36_Yellow.xlsx","games_routines","日課とあいさつ","KU","K0110",25,"K0110","m",1,1095,36
"1430","KU_K0110_36_Yellow.xlsx","action_words","動作語","KU","K0110",85,"K0110","m",1,1095,36
"1431","KU_K0110_36_Yellow.xlsx","time_words","時間についてのことば","KU","K0110",12,"K0110","m",1,1095,36
"1432","KU_K0110_36_Yellow.xlsx","descriptive_words","ようす・性質","KU","K0110",57,"K0110","m",1,1095,36
"1433","KU_K0110_36_Yellow.xlsx","pronouns","代名詞","KU","K0110",15,"K0110","m",1,1095,36
"1434","KU_K0110_36_Yellow.xlsx","question_words","質問のことば","KU","K0110",4,"K0110","m",1,1095,36
"1435","KU_K0110_36_Yellow.xlsx","locations","位置と場所についてのことば","KU","K0110",8,"K0110","m",1,1095,36
"1436","KU_K0110_36_Yellow.xlsx","quantifiers","数量をあらわすことば","KU","K0110",17,"K0110","m",1,1095,36
"1437","KU_K0110_36_Yellow.xlsx","connecting_words","接続語","KU","K0110",0,"K0110","m",1,1095,36
"1438","KU_K0110_36_Yellow.xlsx","sounds2","幼児語（その２）","KU","K0110",10,"K0110","m",1,1095,36
"1439","KU_K0110_36_Yellow.xlsx","conversations","会話語","KU","K0110",8,"K0110","m",1,1095,36
"1440","KU_K0110_36_Yellow.xlsx","others","その他","KU","K0110",8,"K0110","m",1,1095,36
"1441","KU_K0111_36_Yellow.xlsx","sounds","幼児語","KU","K0111",0,"K0111","m",1,1095,36
"1442","KU_K0111_36_Yellow.xlsx","animals","動物の名前","KU","K0111",43,"K0111","m",1,1095,36
"1443","KU_K0111_36_Yellow.xlsx","vehicles","乗り物","KU","K0111",13,"K0111","m",1,1095,36
"1444","KU_K0111_36_Yellow.xlsx","toys","おもちゃ","KU","K0111",17,"K0111","m",1,1095,36
"1445","KU_K0111_36_Yellow.xlsx","food_drink","食べ物と飲み物","KU","K0111",66,"K0111","m",1,1095,36
"1446","KU_K0111_36_Yellow.xlsx","clothing","衣類","KU","K0111",23,"K0111","m",1,1095,36
"1447","KU_K0111_36_Yellow.xlsx","body_parts","体の部分","KU","K0111",25,"K0111","m",1,1095,36
"1448","KU_K0111_36_Yellow.xlsx","furniture_rooms","家具と部屋","KU","K0111",33,"K0111","m",1,1095,36
"1449","KU_K0111_36_Yellow.xlsx","household","小さな家庭用品","KU","K0111",49,"K0111","m",1,1095,36
"1450","KU_K0111_36_Yellow.xlsx","outside","戸外のもの","KU","K0111",29,"K0111","m",1,1095,36
"1451","KU_K0111_36_Yellow.xlsx","places","おでかけ","KU","K0111",20,"K0111","m",1,1095,36
"1452","KU_K0111_36_Yellow.xlsx","people","人々","KU","K0111",26,"K0111","m",1,1095,36
"1453","KU_K0111_36_Yellow.xlsx","games_routines","日課とあいさつ","KU","K0111",25,"K0111","m",1,1095,36
"1454","KU_K0111_36_Yellow.xlsx","action_words","動作語","KU","K0111",50,"K0111","m",1,1095,36
"1455","KU_K0111_36_Yellow.xlsx","time_words","時間についてのことば","KU","K0111",12,"K0111","m",1,1095,36
"1456","KU_K0111_36_Yellow.xlsx","descriptive_words","ようす・性質","KU","K0111",63,"K0111","m",1,1095,36
"1457","KU_K0111_36_Yellow.xlsx","pronouns","代名詞","KU","K0111",21,"K0111","m",1,1095,36
"1458","KU_K0111_36_Yellow.xlsx","question_words","質問のことば","KU","K0111",9,"K0111","m",1,1095,36
"1459","KU_K0111_36_Yellow.xlsx","locations","位置と場所についてのことば","KU","K0111",20,"K0111","m",1,1095,36
"1460","KU_K0111_36_Yellow.xlsx","quantifiers","数量をあらわすことば","KU","K0111",17,"K0111","m",1,1095,36
"1461","KU_K0111_36_Yellow.xlsx","connecting_words","接続語","KU","K0111",6,"K0111","m",1,1095,36
"1462","KU_K0111_36_Yellow.xlsx","sounds2","幼児語（その２）","KU","K0111",0,"K0111","m",1,1095,36
"1463","KU_K0111_36_Yellow.xlsx","conversations","会話語","KU","K0111",14,"K0111","m",1,1095,36
"1464","KU_K0111_36_Yellow.xlsx","others","その他","KU","K0111",9,"K0111","m",1,1095,36
"1465","KU_K0112_36_Yellow.xlsx","sounds","幼児語","KU","K0112",12,"K0112","f",1,1095,36
"1466","KU_K0112_36_Yellow.xlsx","animals","動物の名前","KU","K0112",37,"K0112","f",1,1095,36
"1467","KU_K0112_36_Yellow.xlsx","vehicles","乗り物","KU","K0112",9,"K0112","f",1,1095,36
"1468","KU_K0112_36_Yellow.xlsx","toys","おもちゃ","KU","K0112",17,"K0112","f",1,1095,36
"1469","KU_K0112_36_Yellow.xlsx","food_drink","食べ物と飲み物","KU","K0112",64,"K0112","f",1,1095,36
"1470","KU_K0112_36_Yellow.xlsx","clothing","衣類","KU","K0112",17,"K0112","f",1,1095,36
"1471","KU_K0112_36_Yellow.xlsx","body_parts","体の部分","KU","K0112",27,"K0112","f",1,1095,36
"1472","KU_K0112_36_Yellow.xlsx","furniture_rooms","家具と部屋","KU","K0112",25,"K0112","f",1,1095,36
"1473","KU_K0112_36_Yellow.xlsx","household","小さな家庭用品","KU","K0112",48,"K0112","f",1,1095,36
"1474","KU_K0112_36_Yellow.xlsx","outside","戸外のもの","KU","K0112",27,"K0112","f",1,1095,36
"1475","KU_K0112_36_Yellow.xlsx","places","おでかけ","KU","K0112",14,"K0112","f",1,1095,36
"1476","KU_K0112_36_Yellow.xlsx","people","人々","KU","K0112",22,"K0112","f",1,1095,36
"1477","KU_K0112_36_Yellow.xlsx","games_routines","日課とあいさつ","KU","K0112",25,"K0112","f",1,1095,36
"1478","KU_K0112_36_Yellow.xlsx","action_words","動作語","KU","K0112",102,"K0112","f",1,1095,36
"1479","KU_K0112_36_Yellow.xlsx","time_words","時間についてのことば","KU","K0112",11,"K0112","f",1,1095,36
"1480","KU_K0112_36_Yellow.xlsx","descriptive_words","ようす・性質","KU","K0112",59,"K0112","f",1,1095,36
"1481","KU_K0112_36_Yellow.xlsx","pronouns","代名詞","KU","K0112",15,"K0112","f",1,1095,36
"1482","KU_K0112_36_Yellow.xlsx","question_words","質問のことば","KU","K0112",10,"K0112","f",1,1095,36
"1483","KU_K0112_36_Yellow.xlsx","locations","位置と場所についてのことば","KU","K0112",12,"K0112","f",1,1095,36
"1484","KU_K0112_36_Yellow.xlsx","quantifiers","数量をあらわすことば","KU","K0112",15,"K0112","f",1,1095,36
"1485","KU_K0112_36_Yellow.xlsx","connecting_words","接続語","KU","K0112",3,"K0112","f",1,1095,36
"1486","KU_K0112_36_Yellow.xlsx","sounds2","幼児語（その２）","KU","K0112",22,"K0112","f",1,1095,36
"1487","KU_K0112_36_Yellow.xlsx","conversations","会話語","KU","K0112",4,"K0112","f",1,1095,36
"1488","KU_K0112_36_Yellow.xlsx","others","その他","KU","K0112",9,"K0112","f",1,1095,36
"1489","LT_S0109_18_Yellow.xlsx","sounds","幼児語","LT","S0109",6,"S0109","f",1,554,18
"1490","LT_S0109_18_Yellow.xlsx","animals","動物の名前","LT","S0109",0,"S0109","f",1,554,18
"1491","LT_S0109_18_Yellow.xlsx","vehicles","乗り物","LT","S0109",0,"S0109","f",1,554,18
"1492","LT_S0109_18_Yellow.xlsx","toys","おもちゃ","LT","S0109",0,"S0109","f",1,554,18
"1493","LT_S0109_18_Yellow.xlsx","food_drink","食べ物と飲み物","LT","S0109",0,"S0109","f",1,554,18
"1494","LT_S0109_18_Yellow.xlsx","clothing","衣類","LT","S0109",0,"S0109","f",1,554,18
"1495","LT_S0109_18_Yellow.xlsx","body_parts","体の部分","LT","S0109",0,"S0109","f",1,554,18
"1496","LT_S0109_18_Yellow.xlsx","furniture_rooms","家具と部屋","LT","S0109",0,"S0109","f",1,554,18
"1497","LT_S0109_18_Yellow.xlsx","household","小さな家庭用品","LT","S0109",0,"S0109","f",1,554,18
"1498","LT_S0109_18_Yellow.xlsx","outside","戸外のもの","LT","S0109",0,"S0109","f",1,554,18
"1499","LT_S0109_18_Yellow.xlsx","places","おでかけ","LT","S0109",0,"S0109","f",1,554,18
"1500","LT_S0109_18_Yellow.xlsx","people","人々","LT","S0109",3,"S0109","f",1,554,18
"1501","LT_S0109_18_Yellow.xlsx","games_routines","日課とあいさつ","LT","S0109",0,"S0109","f",1,554,18
"1502","LT_S0109_18_Yellow.xlsx","action_words","動作語","LT","S0109",0,"S0109","f",1,554,18
"1503","LT_S0109_18_Yellow.xlsx","time_words","時間についてのことば","LT","S0109",0,"S0109","f",1,554,18
"1504","LT_S0109_18_Yellow.xlsx","descriptive_words","ようす・性質","LT","S0109",0,"S0109","f",1,554,18
"1505","LT_S0109_18_Yellow.xlsx","pronouns","代名詞","LT","S0109",0,"S0109","f",1,554,18
"1506","LT_S0109_18_Yellow.xlsx","question_words","質問のことば","LT","S0109",0,"S0109","f",1,554,18
"1507","LT_S0109_18_Yellow.xlsx","locations","位置と場所についてのことば","LT","S0109",0,"S0109","f",1,554,18
"1508","LT_S0109_18_Yellow.xlsx","quantifiers","数量をあらわすことば","LT","S0109",1,"S0109","f",1,554,18
"1509","LT_S0109_18_Yellow.xlsx","connecting_words","接続語","LT","S0109",0,"S0109","f",1,554,18
"1510","LT_S0109_18_Yellow.xlsx","sounds2","幼児語（その２）","LT","S0109",3,"S0109","f",1,554,18
"1511","LT_S0109_18_Yellow.xlsx","conversations","会話語","LT","S0109",1,"S0109","f",1,554,18
"1512","LT_S0109_18_Yellow.xlsx","others","その他","LT","S0109",1,"S0109","f",1,554,18
"1513","LT_S0112_18_Yellow.xlsx","sounds","幼児語","LT","S0112",7,"S0112","f",1,560,18
"1514","LT_S0112_18_Yellow.xlsx","animals","動物の名前","LT","S0112",2,"S0112","f",1,560,18
"1515","LT_S0112_18_Yellow.xlsx","vehicles","乗り物","LT","S0112",2,"S0112","f",1,560,18
"1516","LT_S0112_18_Yellow.xlsx","toys","おもちゃ","LT","S0112",0,"S0112","f",1,560,18
"1517","LT_S0112_18_Yellow.xlsx","food_drink","食べ物と飲み物","LT","S0112",5,"S0112","f",1,560,18
"1518","LT_S0112_18_Yellow.xlsx","clothing","衣類","LT","S0112",3,"S0112","f",1,560,18
"1519","LT_S0112_18_Yellow.xlsx","body_parts","体の部分","LT","S0112",3,"S0112","f",1,560,18
"1520","LT_S0112_18_Yellow.xlsx","furniture_rooms","家具と部屋","LT","S0112",2,"S0112","f",1,560,18
"1521","LT_S0112_18_Yellow.xlsx","household","小さな家庭用品","LT","S0112",1,"S0112","f",1,560,18
"1522","LT_S0112_18_Yellow.xlsx","outside","戸外のもの","LT","S0112",1,"S0112","f",1,560,18
"1523","LT_S0112_18_Yellow.xlsx","places","おでかけ","LT","S0112",1,"S0112","f",1,560,18
"1524","LT_S0112_18_Yellow.xlsx","people","人々","LT","S0112",7,"S0112","f",1,560,18
"1525","LT_S0112_18_Yellow.xlsx","games_routines","日課とあいさつ","LT","S0112",5,"S0112","f",1,560,18
"1526","LT_S0112_18_Yellow.xlsx","action_words","動作語","LT","S0112",4,"S0112","f",1,560,18
"1527","LT_S0112_18_Yellow.xlsx","time_words","時間についてのことば","LT","S0112",0,"S0112","f",1,560,18
"1528","LT_S0112_18_Yellow.xlsx","descriptive_words","ようす・性質","LT","S0112",3,"S0112","f",1,560,18
"1529","LT_S0112_18_Yellow.xlsx","pronouns","代名詞","LT","S0112",0,"S0112","f",1,560,18
"1530","LT_S0112_18_Yellow.xlsx","question_words","質問のことば","LT","S0112",1,"S0112","f",1,560,18
"1531","LT_S0112_18_Yellow.xlsx","locations","位置と場所についてのことば","LT","S0112",0,"S0112","f",1,560,18
"1532","LT_S0112_18_Yellow.xlsx","quantifiers","数量をあらわすことば","LT","S0112",0,"S0112","f",1,560,18
"1533","LT_S0112_18_Yellow.xlsx","connecting_words","接続語","LT","S0112",0,"S0112","f",1,560,18
"1534","LT_S0112_18_Yellow.xlsx","sounds2","幼児語（その２）","LT","S0112",10,"S0112","f",1,560,18
"1535","LT_S0112_18_Yellow.xlsx","conversations","会話語","LT","S0112",4,"S0112","f",1,560,18
"1536","LT_S0112_18_Yellow.xlsx","others","その他","LT","S0112",2,"S0112","f",1,560,18
"1537","LT_S0144_18_Yellow.xlsx","sounds","幼児語","LT","S0144",6,"S0144","f",1,558,18
"1538","LT_S0144_18_Yellow.xlsx","animals","動物の名前","LT","S0144",3,"S0144","f",1,558,18
"1539","LT_S0144_18_Yellow.xlsx","vehicles","乗り物","LT","S0144",3,"S0144","f",1,558,18
"1540","LT_S0144_18_Yellow.xlsx","toys","おもちゃ","LT","S0144",1,"S0144","f",1,558,18
"1541","LT_S0144_18_Yellow.xlsx","food_drink","食べ物と飲み物","LT","S0144",11,"S0144","f",1,558,18
"1542","LT_S0144_18_Yellow.xlsx","clothing","衣類","LT","S0144",1,"S0144","f",1,558,18
"1543","LT_S0144_18_Yellow.xlsx","body_parts","体の部分","LT","S0144",0,"S0144","f",1,558,18
"1544","LT_S0144_18_Yellow.xlsx","furniture_rooms","家具と部屋","LT","S0144",3,"S0144","f",1,558,18
"1545","LT_S0144_18_Yellow.xlsx","household","小さな家庭用品","LT","S0144",2,"S0144","f",1,558,18
"1546","LT_S0144_18_Yellow.xlsx","outside","戸外のもの","LT","S0144",1,"S0144","f",1,558,18
"1547","LT_S0144_18_Yellow.xlsx","places","おでかけ","LT","S0144",0,"S0144","f",1,558,18
"1548","LT_S0144_18_Yellow.xlsx","people","人々","LT","S0144",7,"S0144","f",1,558,18
"1549","LT_S0144_18_Yellow.xlsx","games_routines","日課とあいさつ","LT","S0144",7,"S0144","f",1,558,18
"1550","LT_S0144_18_Yellow.xlsx","action_words","動作語","LT","S0144",5,"S0144","f",1,558,18
"1551","LT_S0144_18_Yellow.xlsx","time_words","時間についてのことば","LT","S0144",0,"S0144","f",1,558,18
"1552","LT_S0144_18_Yellow.xlsx","descriptive_words","ようす・性質","LT","S0144",3,"S0144","f",1,558,18
"1553","LT_S0144_18_Yellow.xlsx","pronouns","代名詞","LT","S0144",0,"S0144","f",1,558,18
"1554","LT_S0144_18_Yellow.xlsx","question_words","質問のことば","LT","S0144",0,"S0144","f",1,558,18
"1555","LT_S0144_18_Yellow.xlsx","locations","位置と場所についてのことば","LT","S0144",0,"S0144","f",1,558,18
"1556","LT_S0144_18_Yellow.xlsx","quantifiers","数量をあらわすことば","LT","S0144",2,"S0144","f",1,558,18
"1557","LT_S0144_18_Yellow.xlsx","connecting_words","接続語","LT","S0144",0,"S0144","f",1,558,18
"1558","LT_S0144_18_Yellow.xlsx","sounds2","幼児語（その２）","LT","S0144",11,"S0144","f",1,558,18
"1559","LT_S0144_18_Yellow.xlsx","conversations","会話語","LT","S0144",8,"S0144","f",1,558,18
"1560","LT_S0144_18_Yellow.xlsx","others","その他","LT","S0144",2,"S0144","f",1,558,18
"1561","LT_S0147_18_Yellow.xlsx","sounds","幼児語","LT","S0147",4,"S0147","m",1,573,18
"1562","LT_S0147_18_Yellow.xlsx","animals","動物の名前","LT","S0147",0,"S0147","m",1,573,18
"1563","LT_S0147_18_Yellow.xlsx","vehicles","乗り物","LT","S0147",1,"S0147","m",1,573,18
"1564","LT_S0147_18_Yellow.xlsx","toys","おもちゃ","LT","S0147",0,"S0147","m",1,573,18
"1565","LT_S0147_18_Yellow.xlsx","food_drink","食べ物と飲み物","LT","S0147",2,"S0147","m",1,573,18
"1566","LT_S0147_18_Yellow.xlsx","clothing","衣類","LT","S0147",0,"S0147","m",1,573,18
"1567","LT_S0147_18_Yellow.xlsx","body_parts","体の部分","LT","S0147",1,"S0147","m",1,573,18
"1568","LT_S0147_18_Yellow.xlsx","furniture_rooms","家具と部屋","LT","S0147",0,"S0147","m",1,573,18
"1569","LT_S0147_18_Yellow.xlsx","household","小さな家庭用品","LT","S0147",0,"S0147","m",1,573,18
"1570","LT_S0147_18_Yellow.xlsx","outside","戸外のもの","LT","S0147",0,"S0147","m",1,573,18
"1571","LT_S0147_18_Yellow.xlsx","places","おでかけ","LT","S0147",0,"S0147","m",1,573,18
"1572","LT_S0147_18_Yellow.xlsx","people","人々","LT","S0147",4,"S0147","m",1,573,18
"1573","LT_S0147_18_Yellow.xlsx","games_routines","日課とあいさつ","LT","S0147",2,"S0147","m",1,573,18
"1574","LT_S0147_18_Yellow.xlsx","action_words","動作語","LT","S0147",0,"S0147","m",1,573,18
"1575","LT_S0147_18_Yellow.xlsx","time_words","時間についてのことば","LT","S0147",0,"S0147","m",1,573,18
"1576","LT_S0147_18_Yellow.xlsx","descriptive_words","ようす・性質","LT","S0147",2,"S0147","m",1,573,18
"1577","LT_S0147_18_Yellow.xlsx","pronouns","代名詞","LT","S0147",0,"S0147","m",1,573,18
"1578","LT_S0147_18_Yellow.xlsx","question_words","質問のことば","LT","S0147",0,"S0147","m",1,573,18
"1579","LT_S0147_18_Yellow.xlsx","locations","位置と場所についてのことば","LT","S0147",0,"S0147","m",1,573,18
"1580","LT_S0147_18_Yellow.xlsx","quantifiers","数量をあらわすことば","LT","S0147",2,"S0147","m",1,573,18
"1581","LT_S0147_18_Yellow.xlsx","connecting_words","接続語","LT","S0147",0,"S0147","m",1,573,18
"1582","LT_S0147_18_Yellow.xlsx","sounds2","幼児語（その２）","LT","S0147",3,"S0147","m",1,573,18
"1583","LT_S0147_18_Yellow.xlsx","conversations","会話語","LT","S0147",3,"S0147","m",1,573,18
"1584","LT_S0147_18_Yellow.xlsx","others","その他","LT","S0147",1,"S0147","m",1,573,18
"1585","LT_S0169_18_Yellow.xlsx","sounds","幼児語","LT","S0169",3,"S0169","m",1,553,18
"1586","LT_S0169_18_Yellow.xlsx","animals","動物の名前","LT","S0169",0,"S0169","m",1,553,18
"1587","LT_S0169_18_Yellow.xlsx","vehicles","乗り物","LT","S0169",3,"S0169","m",1,553,18
"1588","LT_S0169_18_Yellow.xlsx","toys","おもちゃ","LT","S0169",0,"S0169","m",1,553,18
"1589","LT_S0169_18_Yellow.xlsx","food_drink","食べ物と飲み物","LT","S0169",4,"S0169","m",1,553,18
"1590","LT_S0169_18_Yellow.xlsx","clothing","衣類","LT","S0169",0,"S0169","m",1,553,18
"1591","LT_S0169_18_Yellow.xlsx","body_parts","体の部分","LT","S0169",0,"S0169","m",1,553,18
"1592","LT_S0169_18_Yellow.xlsx","furniture_rooms","家具と部屋","LT","S0169",0,"S0169","m",1,553,18
"1593","LT_S0169_18_Yellow.xlsx","household","小さな家庭用品","LT","S0169",0,"S0169","m",1,553,18
"1594","LT_S0169_18_Yellow.xlsx","outside","戸外のもの","LT","S0169",1,"S0169","m",1,553,18
"1595","LT_S0169_18_Yellow.xlsx","places","おでかけ","LT","S0169",0,"S0169","m",1,553,18
"1596","LT_S0169_18_Yellow.xlsx","people","人々","LT","S0169",2,"S0169","m",1,553,18
"1597","LT_S0169_18_Yellow.xlsx","games_routines","日課とあいさつ","LT","S0169",1,"S0169","m",1,553,18
"1598","LT_S0169_18_Yellow.xlsx","action_words","動作語","LT","S0169",2,"S0169","m",1,553,18
"1599","LT_S0169_18_Yellow.xlsx","time_words","時間についてのことば","LT","S0169",0,"S0169","m",1,553,18
"1600","LT_S0169_18_Yellow.xlsx","descriptive_words","ようす・性質","LT","S0169",0,"S0169","m",1,553,18
"1601","LT_S0169_18_Yellow.xlsx","pronouns","代名詞","LT","S0169",1,"S0169","m",1,553,18
"1602","LT_S0169_18_Yellow.xlsx","question_words","質問のことば","LT","S0169",0,"S0169","m",1,553,18
"1603","LT_S0169_18_Yellow.xlsx","locations","位置と場所についてのことば","LT","S0169",0,"S0169","m",1,553,18
"1604","LT_S0169_18_Yellow.xlsx","quantifiers","数量をあらわすことば","LT","S0169",0,"S0169","m",1,553,18
"1605","LT_S0169_18_Yellow.xlsx","connecting_words","接続語","LT","S0169",0,"S0169","m",1,553,18
"1606","LT_S0169_18_Yellow.xlsx","sounds2","幼児語（その２）","LT","S0169",3,"S0169","m",1,553,18
"1607","LT_S0169_18_Yellow.xlsx","conversations","会話語","LT","S0169",0,"S0169","m",1,553,18
"1608","LT_S0169_18_Yellow.xlsx","others","その他","LT","S0169",2,"S0169","m",1,553,18
"1609","LT_S0175_18_Yellow.xlsx","sounds","幼児語","LT","S0175",8,"S0175","m",1,546,18
"1610","LT_S0175_18_Yellow.xlsx","animals","動物の名前","LT","S0175",0,"S0175","m",1,546,18
"1611","LT_S0175_18_Yellow.xlsx","vehicles","乗り物","LT","S0175",1,"S0175","m",1,546,18
"1612","LT_S0175_18_Yellow.xlsx","toys","おもちゃ","LT","S0175",0,"S0175","m",1,546,18
"1613","LT_S0175_18_Yellow.xlsx","food_drink","食べ物と飲み物","LT","S0175",0,"S0175","m",1,546,18
"1614","LT_S0175_18_Yellow.xlsx","clothing","衣類","LT","S0175",0,"S0175","m",1,546,18
"1615","LT_S0175_18_Yellow.xlsx","body_parts","体の部分","LT","S0175",3,"S0175","m",1,546,18
"1616","LT_S0175_18_Yellow.xlsx","furniture_rooms","家具と部屋","LT","S0175",0,"S0175","m",1,546,18
"1617","LT_S0175_18_Yellow.xlsx","household","小さな家庭用品","LT","S0175",0,"S0175","m",1,546,18
"1618","LT_S0175_18_Yellow.xlsx","outside","戸外のもの","LT","S0175",1,"S0175","m",1,546,18
"1619","LT_S0175_18_Yellow.xlsx","places","おでかけ","LT","S0175",0,"S0175","m",1,546,18
"1620","LT_S0175_18_Yellow.xlsx","people","人々","LT","S0175",3,"S0175","m",1,546,18
"1621","LT_S0175_18_Yellow.xlsx","games_routines","日課とあいさつ","LT","S0175",5,"S0175","m",1,546,18
"1622","LT_S0175_18_Yellow.xlsx","action_words","動作語","LT","S0175",0,"S0175","m",1,546,18
"1623","LT_S0175_18_Yellow.xlsx","time_words","時間についてのことば","LT","S0175",0,"S0175","m",1,546,18
"1624","LT_S0175_18_Yellow.xlsx","descriptive_words","ようす・性質","LT","S0175",2,"S0175","m",1,546,18
"1625","LT_S0175_18_Yellow.xlsx","pronouns","代名詞","LT","S0175",0,"S0175","m",1,546,18
"1626","LT_S0175_18_Yellow.xlsx","question_words","質問のことば","LT","S0175",0,"S0175","m",1,546,18
"1627","LT_S0175_18_Yellow.xlsx","locations","位置と場所についてのことば","LT","S0175",0,"S0175","m",1,546,18
"1628","LT_S0175_18_Yellow.xlsx","quantifiers","数量をあらわすことば","LT","S0175",0,"S0175","m",1,546,18
"1629","LT_S0175_18_Yellow.xlsx","connecting_words","接続語","LT","S0175",0,"S0175","m",1,546,18
"1630","LT_S0175_18_Yellow.xlsx","sounds2","幼児語（その２）","LT","S0175",0,"S0175","m",1,546,18
"1631","LT_S0175_18_Yellow.xlsx","conversations","会話語","LT","S0175",1,"S0175","m",1,546,18
"1632","LT_S0175_18_Yellow.xlsx","others","その他","LT","S0175",2,"S0175","m",1,546,18
"1633","LT_S0307_18_Yellow.xlsx","sounds","幼児語","LT","S0307",8,"S0307","f",1,546,18
"1634","LT_S0307_18_Yellow.xlsx","animals","動物の名前","LT","S0307",8,"S0307","f",1,546,18
"1635","LT_S0307_18_Yellow.xlsx","vehicles","乗り物","LT","S0307",1,"S0307","f",1,546,18
"1636","LT_S0307_18_Yellow.xlsx","toys","おもちゃ","LT","S0307",1,"S0307","f",1,546,18
"1637","LT_S0307_18_Yellow.xlsx","food_drink","食べ物と飲み物","LT","S0307",6,"S0307","f",1,546,18
"1638","LT_S0307_18_Yellow.xlsx","clothing","衣類","LT","S0307",0,"S0307","f",1,546,18
"1639","LT_S0307_18_Yellow.xlsx","body_parts","体の部分","LT","S0307",0,"S0307","f",1,546,18
"1640","LT_S0307_18_Yellow.xlsx","furniture_rooms","家具と部屋","LT","S0307",0,"S0307","f",1,546,18
"1641","LT_S0307_18_Yellow.xlsx","household","小さな家庭用品","LT","S0307",0,"S0307","f",1,546,18
"1642","LT_S0307_18_Yellow.xlsx","outside","戸外のもの","LT","S0307",2,"S0307","f",1,546,18
"1643","LT_S0307_18_Yellow.xlsx","places","おでかけ","LT","S0307",0,"S0307","f",1,546,18
"1644","LT_S0307_18_Yellow.xlsx","people","人々","LT","S0307",4,"S0307","f",1,546,18
"1645","LT_S0307_18_Yellow.xlsx","games_routines","日課とあいさつ","LT","S0307",14,"S0307","f",1,546,18
"1646","LT_S0307_18_Yellow.xlsx","action_words","動作語","LT","S0307",3,"S0307","f",1,546,18
"1647","LT_S0307_18_Yellow.xlsx","time_words","時間についてのことば","LT","S0307",0,"S0307","f",1,546,18
"1648","LT_S0307_18_Yellow.xlsx","descriptive_words","ようす・性質","LT","S0307",6,"S0307","f",1,546,18
"1649","LT_S0307_18_Yellow.xlsx","pronouns","代名詞","LT","S0307",1,"S0307","f",1,546,18
"1650","LT_S0307_18_Yellow.xlsx","question_words","質問のことば","LT","S0307",0,"S0307","f",1,546,18
"1651","LT_S0307_18_Yellow.xlsx","locations","位置と場所についてのことば","LT","S0307",0,"S0307","f",1,546,18
"1652","LT_S0307_18_Yellow.xlsx","quantifiers","数量をあらわすことば","LT","S0307",1,"S0307","f",1,546,18
"1653","LT_S0307_18_Yellow.xlsx","connecting_words","接続語","LT","S0307",0,"S0307","f",1,546,18
"1654","LT_S0307_18_Yellow.xlsx","sounds2","幼児語（その２）","LT","S0307",14,"S0307","f",1,546,18
"1655","LT_S0307_18_Yellow.xlsx","conversations","会話語","LT","S0307",1,"S0307","f",1,546,18
"1656","LT_S0307_18_Yellow.xlsx","others","その他","LT","S0307",4,"S0307","f",1,546,18
"1657","LT_S0340_19_Yellow.xlsx","sounds","幼児語","LT","S0340",5,"S0340","m",1,581,19
"1658","LT_S0340_19_Yellow.xlsx","animals","動物の名前","LT","S0340",0,"S0340","m",1,581,19
"1659","LT_S0340_19_Yellow.xlsx","vehicles","乗り物","LT","S0340",0,"S0340","m",1,581,19
"1660","LT_S0340_19_Yellow.xlsx","toys","おもちゃ","LT","S0340",0,"S0340","m",1,581,19
"1661","LT_S0340_19_Yellow.xlsx","food_drink","食べ物と飲み物","LT","S0340",4,"S0340","m",1,581,19
"1662","LT_S0340_19_Yellow.xlsx","clothing","衣類","LT","S0340",0,"S0340","m",1,581,19
"1663","LT_S0340_19_Yellow.xlsx","body_parts","体の部分","LT","S0340",0,"S0340","m",1,581,19
"1664","LT_S0340_19_Yellow.xlsx","furniture_rooms","家具と部屋","LT","S0340",0,"S0340","m",1,581,19
"1665","LT_S0340_19_Yellow.xlsx","household","小さな家庭用品","LT","S0340",0,"S0340","m",1,581,19
"1666","LT_S0340_19_Yellow.xlsx","outside","戸外のもの","LT","S0340",0,"S0340","m",1,581,19
"1667","LT_S0340_19_Yellow.xlsx","places","おでかけ","LT","S0340",0,"S0340","m",1,581,19
"1668","LT_S0340_19_Yellow.xlsx","people","人々","LT","S0340",3,"S0340","m",1,581,19
"1669","LT_S0340_19_Yellow.xlsx","games_routines","日課とあいさつ","LT","S0340",5,"S0340","m",1,581,19
"1670","LT_S0340_19_Yellow.xlsx","action_words","動作語","LT","S0340",0,"S0340","m",1,581,19
"1671","LT_S0340_19_Yellow.xlsx","time_words","時間についてのことば","LT","S0340",0,"S0340","m",1,581,19
"1672","LT_S0340_19_Yellow.xlsx","descriptive_words","ようす・性質","LT","S0340",0,"S0340","m",1,581,19
"1673","LT_S0340_19_Yellow.xlsx","pronouns","代名詞","LT","S0340",0,"S0340","m",1,581,19
"1674","LT_S0340_19_Yellow.xlsx","question_words","質問のことば","LT","S0340",0,"S0340","m",1,581,19
"1675","LT_S0340_19_Yellow.xlsx","locations","位置と場所についてのことば","LT","S0340",0,"S0340","m",1,581,19
"1676","LT_S0340_19_Yellow.xlsx","quantifiers","数量をあらわすことば","LT","S0340",0,"S0340","m",1,581,19
"1677","LT_S0340_19_Yellow.xlsx","connecting_words","接続語","LT","S0340",0,"S0340","m",1,581,19
"1678","LT_S0340_19_Yellow.xlsx","sounds2","幼児語（その２）","LT","S0340",5,"S0340","m",1,581,19
"1679","LT_S0340_19_Yellow.xlsx","conversations","会話語","LT","S0340",1,"S0340","m",1,581,19
"1680","LT_S0340_19_Yellow.xlsx","others","その他","LT","S0340",0,"S0340","m",1,581,19
"1681","LT_S0389_18_Yellow.xlsx","sounds","幼児語","LT","S0389",2,"S0389","m",1,555,18
"1682","LT_S0389_18_Yellow.xlsx","animals","動物の名前","LT","S0389",0,"S0389","m",1,555,18
"1683","LT_S0389_18_Yellow.xlsx","vehicles","乗り物","LT","S0389",0,"S0389","m",1,555,18
"1684","LT_S0389_18_Yellow.xlsx","toys","おもちゃ","LT","S0389",0,"S0389","m",1,555,18
"1685","LT_S0389_18_Yellow.xlsx","food_drink","食べ物と飲み物","LT","S0389",0,"S0389","m",1,555,18
"1686","LT_S0389_18_Yellow.xlsx","clothing","衣類","LT","S0389",0,"S0389","m",1,555,18
"1687","LT_S0389_18_Yellow.xlsx","body_parts","体の部分","LT","S0389",0,"S0389","m",1,555,18
"1688","LT_S0389_18_Yellow.xlsx","furniture_rooms","家具と部屋","LT","S0389",0,"S0389","m",1,555,18
"1689","LT_S0389_18_Yellow.xlsx","household","小さな家庭用品","LT","S0389",0,"S0389","m",1,555,18
"1690","LT_S0389_18_Yellow.xlsx","outside","戸外のもの","LT","S0389",0,"S0389","m",1,555,18
"1691","LT_S0389_18_Yellow.xlsx","places","おでかけ","LT","S0389",0,"S0389","m",1,555,18
"1692","LT_S0389_18_Yellow.xlsx","people","人々","LT","S0389",0,"S0389","m",1,555,18
"1693","LT_S0389_18_Yellow.xlsx","games_routines","日課とあいさつ","LT","S0389",2,"S0389","m",1,555,18
"1694","LT_S0389_18_Yellow.xlsx","action_words","動作語","LT","S0389",0,"S0389","m",1,555,18
"1695","LT_S0389_18_Yellow.xlsx","time_words","時間についてのことば","LT","S0389",0,"S0389","m",1,555,18
"1696","LT_S0389_18_Yellow.xlsx","descriptive_words","ようす・性質","LT","S0389",0,"S0389","m",1,555,18
"1697","LT_S0389_18_Yellow.xlsx","pronouns","代名詞","LT","S0389",0,"S0389","m",1,555,18
"1698","LT_S0389_18_Yellow.xlsx","question_words","質問のことば","LT","S0389",0,"S0389","m",1,555,18
"1699","LT_S0389_18_Yellow.xlsx","locations","位置と場所についてのことば","LT","S0389",0,"S0389","m",1,555,18
"1700","LT_S0389_18_Yellow.xlsx","quantifiers","数量をあらわすことば","LT","S0389",0,"S0389","m",1,555,18
"1701","LT_S0389_18_Yellow.xlsx","connecting_words","接続語","LT","S0389",0,"S0389","m",1,555,18
"1702","LT_S0389_18_Yellow.xlsx","sounds2","幼児語（その２）","LT","S0389",0,"S0389","m",1,555,18
"1703","LT_S0389_18_Yellow.xlsx","conversations","会話語","LT","S0389",1,"S0389","m",1,555,18
"1704","LT_S0389_18_Yellow.xlsx","others","その他","LT","S0389",0,"S0389","m",1,555,18
"1705","LT_S0402_18_Yellow.xlsx","sounds","幼児語","LT","S0402",4,"S0402","f",1,547,18
"1706","LT_S0402_18_Yellow.xlsx","animals","動物の名前","LT","S0402",4,"S0402","f",1,547,18
"1707","LT_S0402_18_Yellow.xlsx","vehicles","乗り物","LT","S0402",1,"S0402","f",1,547,18
"1708","LT_S0402_18_Yellow.xlsx","toys","おもちゃ","LT","S0402",0,"S0402","f",1,547,18
"1709","LT_S0402_18_Yellow.xlsx","food_drink","食べ物と飲み物","LT","S0402",4,"S0402","f",1,547,18
"1710","LT_S0402_18_Yellow.xlsx","clothing","衣類","LT","S0402",0,"S0402","f",1,547,18
"1711","LT_S0402_18_Yellow.xlsx","body_parts","体の部分","LT","S0402",1,"S0402","f",1,547,18
"1712","LT_S0402_18_Yellow.xlsx","furniture_rooms","家具と部屋","LT","S0402",0,"S0402","f",1,547,18
"1713","LT_S0402_18_Yellow.xlsx","household","小さな家庭用品","LT","S0402",0,"S0402","f",1,547,18
"1714","LT_S0402_18_Yellow.xlsx","outside","戸外のもの","LT","S0402",0,"S0402","f",1,547,18
"1715","LT_S0402_18_Yellow.xlsx","places","おでかけ","LT","S0402",0,"S0402","f",1,547,18
"1716","LT_S0402_18_Yellow.xlsx","people","人々","LT","S0402",1,"S0402","f",1,547,18
"1717","LT_S0402_18_Yellow.xlsx","games_routines","日課とあいさつ","LT","S0402",2,"S0402","f",1,547,18
"1718","LT_S0402_18_Yellow.xlsx","action_words","動作語","LT","S0402",2,"S0402","f",1,547,18
"1719","LT_S0402_18_Yellow.xlsx","time_words","時間についてのことば","LT","S0402",0,"S0402","f",1,547,18
"1720","LT_S0402_18_Yellow.xlsx","descriptive_words","ようす・性質","LT","S0402",2,"S0402","f",1,547,18
"1721","LT_S0402_18_Yellow.xlsx","pronouns","代名詞","LT","S0402",1,"S0402","f",1,547,18
"1722","LT_S0402_18_Yellow.xlsx","question_words","質問のことば","LT","S0402",0,"S0402","f",1,547,18
"1723","LT_S0402_18_Yellow.xlsx","locations","位置と場所についてのことば","LT","S0402",0,"S0402","f",1,547,18
"1724","LT_S0402_18_Yellow.xlsx","quantifiers","数量をあらわすことば","LT","S0402",0,"S0402","f",1,547,18
"1725","LT_S0402_18_Yellow.xlsx","connecting_words","接続語","LT","S0402",0,"S0402","f",1,547,18
"1726","LT_S0402_18_Yellow.xlsx","sounds2","幼児語（その２）","LT","S0402",6,"S0402","f",1,547,18
"1727","LT_S0402_18_Yellow.xlsx","conversations","会話語","LT","S0402",0,"S0402","f",1,547,18
"1728","LT_S0402_18_Yellow.xlsx","others","その他","LT","S0402",0,"S0402","f",1,547,18
"1729","LT_S0414_18_Yellow.xlsx","sounds","幼児語","LT","S0414",9,"S0414","f",1,549,18
"1730","LT_S0414_18_Yellow.xlsx","animals","動物の名前","LT","S0414",8,"S0414","f",1,549,18
"1731","LT_S0414_18_Yellow.xlsx","vehicles","乗り物","LT","S0414",0,"S0414","f",1,549,18
"1732","LT_S0414_18_Yellow.xlsx","toys","おもちゃ","LT","S0414",2,"S0414","f",1,549,18
"1733","LT_S0414_18_Yellow.xlsx","food_drink","食べ物と飲み物","LT","S0414",7,"S0414","f",1,549,18
"1734","LT_S0414_18_Yellow.xlsx","clothing","衣類","LT","S0414",3,"S0414","f",1,549,18
"1735","LT_S0414_18_Yellow.xlsx","body_parts","体の部分","LT","S0414",9,"S0414","f",1,549,18
"1736","LT_S0414_18_Yellow.xlsx","furniture_rooms","家具と部屋","LT","S0414",2,"S0414","f",1,549,18
"1737","LT_S0414_18_Yellow.xlsx","household","小さな家庭用品","LT","S0414",3,"S0414","f",1,549,18
"1738","LT_S0414_18_Yellow.xlsx","outside","戸外のもの","LT","S0414",5,"S0414","f",1,549,18
"1739","LT_S0414_18_Yellow.xlsx","places","おでかけ","LT","S0414",0,"S0414","f",1,549,18
"1740","LT_S0414_18_Yellow.xlsx","people","人々","LT","S0414",2,"S0414","f",1,549,18
"1741","LT_S0414_18_Yellow.xlsx","games_routines","日課とあいさつ","LT","S0414",6,"S0414","f",1,549,18
"1742","LT_S0414_18_Yellow.xlsx","action_words","動作語","LT","S0414",2,"S0414","f",1,549,18
"1743","LT_S0414_18_Yellow.xlsx","time_words","時間についてのことば","LT","S0414",0,"S0414","f",1,549,18
"1744","LT_S0414_18_Yellow.xlsx","descriptive_words","ようす・性質","LT","S0414",5,"S0414","f",1,549,18
"1745","LT_S0414_18_Yellow.xlsx","pronouns","代名詞","LT","S0414",2,"S0414","f",1,549,18
"1746","LT_S0414_18_Yellow.xlsx","question_words","質問のことば","LT","S0414",0,"S0414","f",1,549,18
"1747","LT_S0414_18_Yellow.xlsx","locations","位置と場所についてのことば","LT","S0414",0,"S0414","f",1,549,18
"1748","LT_S0414_18_Yellow.xlsx","quantifiers","数量をあらわすことば","LT","S0414",1,"S0414","f",1,549,18
"1749","LT_S0414_18_Yellow.xlsx","connecting_words","接続語","LT","S0414",0,"S0414","f",1,549,18
"1750","LT_S0414_18_Yellow.xlsx","sounds2","幼児語（その２）","LT","S0414",11,"S0414","f",1,549,18
"1751","LT_S0414_18_Yellow.xlsx","conversations","会話語","LT","S0414",0,"S0414","f",1,549,18
"1752","LT_S0414_18_Yellow.xlsx","others","その他","LT","S0414",2,"S0414","f",1,549,18
"1753","LT_S0421_18_Yellow.xlsx","sounds","幼児語","LT","S0421",7,"S0421","m",1,553,18
"1754","LT_S0421_18_Yellow.xlsx","animals","動物の名前","LT","S0421",3,"S0421","m",1,553,18
"1755","LT_S0421_18_Yellow.xlsx","vehicles","乗り物","LT","S0421",7,"S0421","m",1,553,18
"1756","LT_S0421_18_Yellow.xlsx","toys","おもちゃ","LT","S0421",1,"S0421","m",1,553,18
"1757","LT_S0421_18_Yellow.xlsx","food_drink","食べ物と飲み物","LT","S0421",8,"S0421","m",1,553,18
"1758","LT_S0421_18_Yellow.xlsx","clothing","衣類","LT","S0421",1,"S0421","m",1,553,18
"1759","LT_S0421_18_Yellow.xlsx","body_parts","体の部分","LT","S0421",6,"S0421","m",1,553,18
"1760","LT_S0421_18_Yellow.xlsx","furniture_rooms","家具と部屋","LT","S0421",0,"S0421","m",1,553,18
"1761","LT_S0421_18_Yellow.xlsx","household","小さな家庭用品","LT","S0421",1,"S0421","m",1,553,18
"1762","LT_S0421_18_Yellow.xlsx","outside","戸外のもの","LT","S0421",4,"S0421","m",1,553,18
"1763","LT_S0421_18_Yellow.xlsx","places","おでかけ","LT","S0421",0,"S0421","m",1,553,18
"1764","LT_S0421_18_Yellow.xlsx","people","人々","LT","S0421",1,"S0421","m",1,553,18
"1765","LT_S0421_18_Yellow.xlsx","games_routines","日課とあいさつ","LT","S0421",4,"S0421","m",1,553,18
"1766","LT_S0421_18_Yellow.xlsx","action_words","動作語","LT","S0421",5,"S0421","m",1,553,18
"1767","LT_S0421_18_Yellow.xlsx","time_words","時間についてのことば","LT","S0421",0,"S0421","m",1,553,18
"1768","LT_S0421_18_Yellow.xlsx","descriptive_words","ようす・性質","LT","S0421",4,"S0421","m",1,553,18
"1769","LT_S0421_18_Yellow.xlsx","pronouns","代名詞","LT","S0421",2,"S0421","m",1,553,18
"1770","LT_S0421_18_Yellow.xlsx","question_words","質問のことば","LT","S0421",1,"S0421","m",1,553,18
"1771","LT_S0421_18_Yellow.xlsx","locations","位置と場所についてのことば","LT","S0421",0,"S0421","m",1,553,18
"1772","LT_S0421_18_Yellow.xlsx","quantifiers","数量をあらわすことば","LT","S0421",1,"S0421","m",1,553,18
"1773","LT_S0421_18_Yellow.xlsx","connecting_words","接続語","LT","S0421",0,"S0421","m",1,553,18
"1774","LT_S0421_18_Yellow.xlsx","sounds2","幼児語（その２）","LT","S0421",4,"S0421","m",1,553,18
"1775","LT_S0421_18_Yellow.xlsx","conversations","会話語","LT","S0421",1,"S0421","m",1,553,18
"1776","LT_S0421_18_Yellow.xlsx","others","その他","LT","S0421",2,"S0421","m",1,553,18
"1777","LT_S0467_18_Yellow.xlsx","sounds","幼児語","LT","S0467",0,"S0467","f",1,548,18
"1778","LT_S0467_18_Yellow.xlsx","animals","動物の名前","LT","S0467",0,"S0467","f",1,548,18
"1779","LT_S0467_18_Yellow.xlsx","vehicles","乗り物","LT","S0467",0,"S0467","f",1,548,18
"1780","LT_S0467_18_Yellow.xlsx","toys","おもちゃ","LT","S0467",0,"S0467","f",1,548,18
"1781","LT_S0467_18_Yellow.xlsx","food_drink","食べ物と飲み物","LT","S0467",0,"S0467","f",1,548,18
"1782","LT_S0467_18_Yellow.xlsx","clothing","衣類","LT","S0467",0,"S0467","f",1,548,18
"1783","LT_S0467_18_Yellow.xlsx","body_parts","体の部分","LT","S0467",0,"S0467","f",1,548,18
"1784","LT_S0467_18_Yellow.xlsx","furniture_rooms","家具と部屋","LT","S0467",0,"S0467","f",1,548,18
"1785","LT_S0467_18_Yellow.xlsx","household","小さな家庭用品","LT","S0467",0,"S0467","f",1,548,18
"1786","LT_S0467_18_Yellow.xlsx","outside","戸外のもの","LT","S0467",0,"S0467","f",1,548,18
"1787","LT_S0467_18_Yellow.xlsx","places","おでかけ","LT","S0467",0,"S0467","f",1,548,18
"1788","LT_S0467_18_Yellow.xlsx","people","人々","LT","S0467",0,"S0467","f",1,548,18
"1789","LT_S0467_18_Yellow.xlsx","games_routines","日課とあいさつ","LT","S0467",5,"S0467","f",1,548,18
"1790","LT_S0467_18_Yellow.xlsx","action_words","動作語","LT","S0467",0,"S0467","f",1,548,18
"1791","LT_S0467_18_Yellow.xlsx","time_words","時間についてのことば","LT","S0467",0,"S0467","f",1,548,18
"1792","LT_S0467_18_Yellow.xlsx","descriptive_words","ようす・性質","LT","S0467",0,"S0467","f",1,548,18
"1793","LT_S0467_18_Yellow.xlsx","pronouns","代名詞","LT","S0467",0,"S0467","f",1,548,18
"1794","LT_S0467_18_Yellow.xlsx","question_words","質問のことば","LT","S0467",0,"S0467","f",1,548,18
"1795","LT_S0467_18_Yellow.xlsx","locations","位置と場所についてのことば","LT","S0467",0,"S0467","f",1,548,18
"1796","LT_S0467_18_Yellow.xlsx","quantifiers","数量をあらわすことば","LT","S0467",0,"S0467","f",1,548,18
"1797","LT_S0467_18_Yellow.xlsx","connecting_words","接続語","LT","S0467",0,"S0467","f",1,548,18
"1798","LT_S0467_18_Yellow.xlsx","sounds2","幼児語（その２）","LT","S0467",1,"S0467","f",1,548,18
"1799","LT_S0467_18_Yellow.xlsx","conversations","会話語","LT","S0467",3,"S0467","f",1,548,18
"1800","LT_S0467_18_Yellow.xlsx","others","その他","LT","S0467",0,"S0467","f",1,548,18
"1801","LT_S0477_18_Yellow.xlsx","sounds","幼児語","LT","S0477",2,"S0477","f",1,553,18
"1802","LT_S0477_18_Yellow.xlsx","animals","動物の名前","LT","S0477",0,"S0477","f",1,553,18
"1803","LT_S0477_18_Yellow.xlsx","vehicles","乗り物","LT","S0477",0,"S0477","f",1,553,18
"1804","LT_S0477_18_Yellow.xlsx","toys","おもちゃ","LT","S0477",0,"S0477","f",1,553,18
"1805","LT_S0477_18_Yellow.xlsx","food_drink","食べ物と飲み物","LT","S0477",1,"S0477","f",1,553,18
"1806","LT_S0477_18_Yellow.xlsx","clothing","衣類","LT","S0477",1,"S0477","f",1,553,18
"1807","LT_S0477_18_Yellow.xlsx","body_parts","体の部分","LT","S0477",0,"S0477","f",1,553,18
"1808","LT_S0477_18_Yellow.xlsx","furniture_rooms","家具と部屋","LT","S0477",0,"S0477","f",1,553,18
"1809","LT_S0477_18_Yellow.xlsx","household","小さな家庭用品","LT","S0477",0,"S0477","f",1,553,18
"1810","LT_S0477_18_Yellow.xlsx","outside","戸外のもの","LT","S0477",1,"S0477","f",1,553,18
"1811","LT_S0477_18_Yellow.xlsx","places","おでかけ","LT","S0477",0,"S0477","f",1,553,18
"1812","LT_S0477_18_Yellow.xlsx","people","人々","LT","S0477",2,"S0477","f",1,553,18
"1813","LT_S0477_18_Yellow.xlsx","games_routines","日課とあいさつ","LT","S0477",3,"S0477","f",1,553,18
"1814","LT_S0477_18_Yellow.xlsx","action_words","動作語","LT","S0477",4,"S0477","f",1,553,18
"1815","LT_S0477_18_Yellow.xlsx","time_words","時間についてのことば","LT","S0477",0,"S0477","f",1,553,18
"1816","LT_S0477_18_Yellow.xlsx","descriptive_words","ようす・性質","LT","S0477",0,"S0477","f",1,553,18
"1817","LT_S0477_18_Yellow.xlsx","pronouns","代名詞","LT","S0477",0,"S0477","f",1,553,18
"1818","LT_S0477_18_Yellow.xlsx","question_words","質問のことば","LT","S0477",0,"S0477","f",1,553,18
"1819","LT_S0477_18_Yellow.xlsx","locations","位置と場所についてのことば","LT","S0477",0,"S0477","f",1,553,18
"1820","LT_S0477_18_Yellow.xlsx","quantifiers","数量をあらわすことば","LT","S0477",0,"S0477","f",1,553,18
"1821","LT_S0477_18_Yellow.xlsx","connecting_words","接続語","LT","S0477",0,"S0477","f",1,553,18
"1822","LT_S0477_18_Yellow.xlsx","sounds2","幼児語（その２）","LT","S0477",1,"S0477","f",1,553,18
"1823","LT_S0477_18_Yellow.xlsx","conversations","会話語","LT","S0477",0,"S0477","f",1,553,18
"1824","LT_S0477_18_Yellow.xlsx","others","その他","LT","S0477",0,"S0477","f",1,553,18
"1825","LT_S0513_18_Yellow.xlsx","sounds","幼児語","LT","S0513",8,"S0513","m",1,546,18
"1826","LT_S0513_18_Yellow.xlsx","animals","動物の名前","LT","S0513",18,"S0513","m",1,546,18
"1827","LT_S0513_18_Yellow.xlsx","vehicles","乗り物","LT","S0513",4,"S0513","m",1,546,18
"1828","LT_S0513_18_Yellow.xlsx","toys","おもちゃ","LT","S0513",0,"S0513","m",1,546,18
"1829","LT_S0513_18_Yellow.xlsx","food_drink","食べ物と飲み物","LT","S0513",14,"S0513","m",1,546,18
"1830","LT_S0513_18_Yellow.xlsx","clothing","衣類","LT","S0513",2,"S0513","m",1,546,18
"1831","LT_S0513_18_Yellow.xlsx","body_parts","体の部分","LT","S0513",3,"S0513","m",1,546,18
"1832","LT_S0513_18_Yellow.xlsx","furniture_rooms","家具と部屋","LT","S0513",0,"S0513","m",1,546,18
"1833","LT_S0513_18_Yellow.xlsx","household","小さな家庭用品","LT","S0513",1,"S0513","m",1,546,18
"1834","LT_S0513_18_Yellow.xlsx","outside","戸外のもの","LT","S0513",4,"S0513","m",1,546,18
"1835","LT_S0513_18_Yellow.xlsx","places","おでかけ","LT","S0513",0,"S0513","m",1,546,18
"1836","LT_S0513_18_Yellow.xlsx","people","人々","LT","S0513",4,"S0513","m",1,546,18
"1837","LT_S0513_18_Yellow.xlsx","games_routines","日課とあいさつ","LT","S0513",4,"S0513","m",1,546,18
"1838","LT_S0513_18_Yellow.xlsx","action_words","動作語","LT","S0513",1,"S0513","m",1,546,18
"1839","LT_S0513_18_Yellow.xlsx","time_words","時間についてのことば","LT","S0513",0,"S0513","m",1,546,18
"1840","LT_S0513_18_Yellow.xlsx","descriptive_words","ようす・性質","LT","S0513",2,"S0513","m",1,546,18
"1841","LT_S0513_18_Yellow.xlsx","pronouns","代名詞","LT","S0513",0,"S0513","m",1,546,18
"1842","LT_S0513_18_Yellow.xlsx","question_words","質問のことば","LT","S0513",0,"S0513","m",1,546,18
"1843","LT_S0513_18_Yellow.xlsx","locations","位置と場所についてのことば","LT","S0513",0,"S0513","m",1,546,18
"1844","LT_S0513_18_Yellow.xlsx","quantifiers","数量をあらわすことば","LT","S0513",0,"S0513","m",1,546,18
"1845","LT_S0513_18_Yellow.xlsx","connecting_words","接続語","LT","S0513",0,"S0513","m",1,546,18
"1846","LT_S0513_18_Yellow.xlsx","sounds2","幼児語（その２）","LT","S0513",10,"S0513","m",1,546,18
"1847","LT_S0513_18_Yellow.xlsx","conversations","会話語","LT","S0513",0,"S0513","m",1,546,18
"1848","LT_S0513_18_Yellow.xlsx","others","その他","LT","S0513",1,"S0513","m",1,546,18
"1849","LT_S0527_18_Yellow.xlsx","sounds","幼児語","LT","S0527",6,"S0527","m",1,560,18
"1850","LT_S0527_18_Yellow.xlsx","animals","動物の名前","LT","S0527",2,"S0527","m",1,560,18
"1851","LT_S0527_18_Yellow.xlsx","vehicles","乗り物","LT","S0527",4,"S0527","m",1,560,18
"1852","LT_S0527_18_Yellow.xlsx","toys","おもちゃ","LT","S0527",0,"S0527","m",1,560,18
"1853","LT_S0527_18_Yellow.xlsx","food_drink","食べ物と飲み物","LT","S0527",4,"S0527","m",1,560,18
"1854","LT_S0527_18_Yellow.xlsx","clothing","衣類","LT","S0527",2,"S0527","m",1,560,18
"1855","LT_S0527_18_Yellow.xlsx","body_parts","体の部分","LT","S0527",0,"S0527","m",1,560,18
"1856","LT_S0527_18_Yellow.xlsx","furniture_rooms","家具と部屋","LT","S0527",0,"S0527","m",1,560,18
"1857","LT_S0527_18_Yellow.xlsx","household","小さな家庭用品","LT","S0527",0,"S0527","m",1,560,18
"1858","LT_S0527_18_Yellow.xlsx","outside","戸外のもの","LT","S0527",1,"S0527","m",1,560,18
"1859","LT_S0527_18_Yellow.xlsx","places","おでかけ","LT","S0527",0,"S0527","m",1,560,18
"1860","LT_S0527_18_Yellow.xlsx","people","人々","LT","S0527",3,"S0527","m",1,560,18
"1861","LT_S0527_18_Yellow.xlsx","games_routines","日課とあいさつ","LT","S0527",5,"S0527","m",1,560,18
"1862","LT_S0527_18_Yellow.xlsx","action_words","動作語","LT","S0527",1,"S0527","m",1,560,18
"1863","LT_S0527_18_Yellow.xlsx","time_words","時間についてのことば","LT","S0527",0,"S0527","m",1,560,18
"1864","LT_S0527_18_Yellow.xlsx","descriptive_words","ようす・性質","LT","S0527",4,"S0527","m",1,560,18
"1865","LT_S0527_18_Yellow.xlsx","pronouns","代名詞","LT","S0527",0,"S0527","m",1,560,18
"1866","LT_S0527_18_Yellow.xlsx","question_words","質問のことば","LT","S0527",0,"S0527","m",1,560,18
"1867","LT_S0527_18_Yellow.xlsx","locations","位置と場所についてのことば","LT","S0527",0,"S0527","m",1,560,18
"1868","LT_S0527_18_Yellow.xlsx","quantifiers","数量をあらわすことば","LT","S0527",2,"S0527","m",1,560,18
"1869","LT_S0527_18_Yellow.xlsx","connecting_words","接続語","LT","S0527",0,"S0527","m",1,560,18
"1870","LT_S0527_18_Yellow.xlsx","sounds2","幼児語（その２）","LT","S0527",10,"S0527","m",1,560,18
"1871","LT_S0527_18_Yellow.xlsx","conversations","会話語","LT","S0527",3,"S0527","m",1,560,18
"1872","LT_S0527_18_Yellow.xlsx","others","その他","LT","S0527",2,"S0527","m",1,560,18
"1873","LT_S0559_18_Yellow.xlsx","sounds","幼児語","LT","S0559",3,"S0559","m",1,551,18
"1874","LT_S0559_18_Yellow.xlsx","animals","動物の名前","LT","S0559",4,"S0559","m",1,551,18
"1875","LT_S0559_18_Yellow.xlsx","vehicles","乗り物","LT","S0559",3,"S0559","m",1,551,18
"1876","LT_S0559_18_Yellow.xlsx","toys","おもちゃ","LT","S0559",0,"S0559","m",1,551,18
"1877","LT_S0559_18_Yellow.xlsx","food_drink","食べ物と飲み物","LT","S0559",3,"S0559","m",1,551,18
"1878","LT_S0559_18_Yellow.xlsx","clothing","衣類","LT","S0559",1,"S0559","m",1,551,18
"1879","LT_S0559_18_Yellow.xlsx","body_parts","体の部分","LT","S0559",1,"S0559","m",1,551,18
"1880","LT_S0559_18_Yellow.xlsx","furniture_rooms","家具と部屋","LT","S0559",0,"S0559","m",1,551,18
"1881","LT_S0559_18_Yellow.xlsx","household","小さな家庭用品","LT","S0559",2,"S0559","m",1,551,18
"1882","LT_S0559_18_Yellow.xlsx","outside","戸外のもの","LT","S0559",4,"S0559","m",1,551,18
"1883","LT_S0559_18_Yellow.xlsx","places","おでかけ","LT","S0559",0,"S0559","m",1,551,18
"1884","LT_S0559_18_Yellow.xlsx","people","人々","LT","S0559",4,"S0559","m",1,551,18
"1885","LT_S0559_18_Yellow.xlsx","games_routines","日課とあいさつ","LT","S0559",6,"S0559","m",1,551,18
"1886","LT_S0559_18_Yellow.xlsx","action_words","動作語","LT","S0559",3,"S0559","m",1,551,18
"1887","LT_S0559_18_Yellow.xlsx","time_words","時間についてのことば","LT","S0559",0,"S0559","m",1,551,18
"1888","LT_S0559_18_Yellow.xlsx","descriptive_words","ようす・性質","LT","S0559",1,"S0559","m",1,551,18
"1889","LT_S0559_18_Yellow.xlsx","pronouns","代名詞","LT","S0559",2,"S0559","m",1,551,18
"1890","LT_S0559_18_Yellow.xlsx","question_words","質問のことば","LT","S0559",0,"S0559","m",1,551,18
"1891","LT_S0559_18_Yellow.xlsx","locations","位置と場所についてのことば","LT","S0559",0,"S0559","m",1,551,18
"1892","LT_S0559_18_Yellow.xlsx","quantifiers","数量をあらわすことば","LT","S0559",2,"S0559","m",1,551,18
"1893","LT_S0559_18_Yellow.xlsx","connecting_words","接続語","LT","S0559",0,"S0559","m",1,551,18
"1894","LT_S0559_18_Yellow.xlsx","sounds2","幼児語（その２）","LT","S0559",8,"S0559","m",1,551,18
"1895","LT_S0559_18_Yellow.xlsx","conversations","会話語","LT","S0559",4,"S0559","m",1,551,18
"1896","LT_S0559_18_Yellow.xlsx","others","その他","LT","S0559",4,"S0559","m",1,551,18
"1897","LT_S0564_18_Yellow.xlsx","sounds","幼児語","LT","S0564",4,"S0564","m",1,557,18
"1898","LT_S0564_18_Yellow.xlsx","animals","動物の名前","LT","S0564",3,"S0564","m",1,557,18
"1899","LT_S0564_18_Yellow.xlsx","vehicles","乗り物","LT","S0564",1,"S0564","m",1,557,18
"1900","LT_S0564_18_Yellow.xlsx","toys","おもちゃ","LT","S0564",0,"S0564","m",1,557,18
"1901","LT_S0564_18_Yellow.xlsx","food_drink","食べ物と飲み物","LT","S0564",3,"S0564","m",1,557,18
"1902","LT_S0564_18_Yellow.xlsx","clothing","衣類","LT","S0564",1,"S0564","m",1,557,18
"1903","LT_S0564_18_Yellow.xlsx","body_parts","体の部分","LT","S0564",3,"S0564","m",1,557,18
"1904","LT_S0564_18_Yellow.xlsx","furniture_rooms","家具と部屋","LT","S0564",0,"S0564","m",1,557,18
"1905","LT_S0564_18_Yellow.xlsx","household","小さな家庭用品","LT","S0564",1,"S0564","m",1,557,18
"1906","LT_S0564_18_Yellow.xlsx","outside","戸外のもの","LT","S0564",1,"S0564","m",1,557,18
"1907","LT_S0564_18_Yellow.xlsx","places","おでかけ","LT","S0564",0,"S0564","m",1,557,18
"1908","LT_S0564_18_Yellow.xlsx","people","人々","LT","S0564",3,"S0564","m",1,557,18
"1909","LT_S0564_18_Yellow.xlsx","games_routines","日課とあいさつ","LT","S0564",2,"S0564","m",1,557,18
"1910","LT_S0564_18_Yellow.xlsx","action_words","動作語","LT","S0564",0,"S0564","m",1,557,18
"1911","LT_S0564_18_Yellow.xlsx","time_words","時間についてのことば","LT","S0564",0,"S0564","m",1,557,18
"1912","LT_S0564_18_Yellow.xlsx","descriptive_words","ようす・性質","LT","S0564",0,"S0564","m",1,557,18
"1913","LT_S0564_18_Yellow.xlsx","pronouns","代名詞","LT","S0564",0,"S0564","m",1,557,18
"1914","LT_S0564_18_Yellow.xlsx","question_words","質問のことば","LT","S0564",0,"S0564","m",1,557,18
"1915","LT_S0564_18_Yellow.xlsx","locations","位置と場所についてのことば","LT","S0564",0,"S0564","m",1,557,18
"1916","LT_S0564_18_Yellow.xlsx","quantifiers","数量をあらわすことば","LT","S0564",0,"S0564","m",1,557,18
"1917","LT_S0564_18_Yellow.xlsx","connecting_words","接続語","LT","S0564",0,"S0564","m",1,557,18
"1918","LT_S0564_18_Yellow.xlsx","sounds2","幼児語（その２）","LT","S0564",3,"S0564","m",1,557,18
"1919","LT_S0564_18_Yellow.xlsx","conversations","会話語","LT","S0564",4,"S0564","m",1,557,18
"1920","LT_S0564_18_Yellow.xlsx","others","その他","LT","S0564",3,"S0564","m",1,557,18
"1921","LT_S0577_18_Yellow.xlsx","sounds","幼児語","LT","S0577",2,"S0577","f",1,546,18
"1922","LT_S0577_18_Yellow.xlsx","animals","動物の名前","LT","S0577",0,"S0577","f",1,546,18
"1923","LT_S0577_18_Yellow.xlsx","vehicles","乗り物","LT","S0577",0,"S0577","f",1,546,18
"1924","LT_S0577_18_Yellow.xlsx","toys","おもちゃ","LT","S0577",0,"S0577","f",1,546,18
"1925","LT_S0577_18_Yellow.xlsx","food_drink","食べ物と飲み物","LT","S0577",1,"S0577","f",1,546,18
"1926","LT_S0577_18_Yellow.xlsx","clothing","衣類","LT","S0577",0,"S0577","f",1,546,18
"1927","LT_S0577_18_Yellow.xlsx","body_parts","体の部分","LT","S0577",0,"S0577","f",1,546,18
"1928","LT_S0577_18_Yellow.xlsx","furniture_rooms","家具と部屋","LT","S0577",0,"S0577","f",1,546,18
"1929","LT_S0577_18_Yellow.xlsx","household","小さな家庭用品","LT","S0577",0,"S0577","f",1,546,18
"1930","LT_S0577_18_Yellow.xlsx","outside","戸外のもの","LT","S0577",0,"S0577","f",1,546,18
"1931","LT_S0577_18_Yellow.xlsx","places","おでかけ","LT","S0577",0,"S0577","f",1,546,18
"1932","LT_S0577_18_Yellow.xlsx","people","人々","LT","S0577",2,"S0577","f",1,546,18
"1933","LT_S0577_18_Yellow.xlsx","games_routines","日課とあいさつ","LT","S0577",4,"S0577","f",1,546,18
"1934","LT_S0577_18_Yellow.xlsx","action_words","動作語","LT","S0577",0,"S0577","f",1,546,18
"1935","LT_S0577_18_Yellow.xlsx","time_words","時間についてのことば","LT","S0577",0,"S0577","f",1,546,18
"1936","LT_S0577_18_Yellow.xlsx","descriptive_words","ようす・性質","LT","S0577",1,"S0577","f",1,546,18
"1937","LT_S0577_18_Yellow.xlsx","pronouns","代名詞","LT","S0577",0,"S0577","f",1,546,18
"1938","LT_S0577_18_Yellow.xlsx","question_words","質問のことば","LT","S0577",0,"S0577","f",1,546,18
"1939","LT_S0577_18_Yellow.xlsx","locations","位置と場所についてのことば","LT","S0577",0,"S0577","f",1,546,18
"1940","LT_S0577_18_Yellow.xlsx","quantifiers","数量をあらわすことば","LT","S0577",1,"S0577","f",1,546,18
"1941","LT_S0577_18_Yellow.xlsx","connecting_words","接続語","LT","S0577",0,"S0577","f",1,546,18
"1942","LT_S0577_18_Yellow.xlsx","sounds2","幼児語（その２）","LT","S0577",0,"S0577","f",1,546,18
"1943","LT_S0577_18_Yellow.xlsx","conversations","会話語","LT","S0577",2,"S0577","f",1,546,18
"1944","LT_S0577_18_Yellow.xlsx","others","その他","LT","S0577",0,"S0577","f",1,546,18
"1945","LT_S0606_18_Yellow.xlsx","sounds","幼児語","LT","S0606",5,"S0606","f",1,560,18
"1946","LT_S0606_18_Yellow.xlsx","animals","動物の名前","LT","S0606",17,"S0606","f",1,560,18
"1947","LT_S0606_18_Yellow.xlsx","vehicles","乗り物","LT","S0606",2,"S0606","f",1,560,18
"1948","LT_S0606_18_Yellow.xlsx","toys","おもちゃ","LT","S0606",2,"S0606","f",1,560,18
"1949","LT_S0606_18_Yellow.xlsx","food_drink","食べ物と飲み物","LT","S0606",27,"S0606","f",1,560,18
"1950","LT_S0606_18_Yellow.xlsx","clothing","衣類","LT","S0606",5,"S0606","f",1,560,18
"1951","LT_S0606_18_Yellow.xlsx","body_parts","体の部分","LT","S0606",6,"S0606","f",1,560,18
"1952","LT_S0606_18_Yellow.xlsx","furniture_rooms","家具と部屋","LT","S0606",1,"S0606","f",1,560,18
"1953","LT_S0606_18_Yellow.xlsx","household","小さな家庭用品","LT","S0606",2,"S0606","f",1,560,18
"1954","LT_S0606_18_Yellow.xlsx","outside","戸外のもの","LT","S0606",4,"S0606","f",1,560,18
"1955","LT_S0606_18_Yellow.xlsx","places","おでかけ","LT","S0606",2,"S0606","f",1,560,18
"1956","LT_S0606_18_Yellow.xlsx","people","人々","LT","S0606",7,"S0606","f",1,560,18
"1957","LT_S0606_18_Yellow.xlsx","games_routines","日課とあいさつ","LT","S0606",14,"S0606","f",1,560,18
"1958","LT_S0606_18_Yellow.xlsx","action_words","動作語","LT","S0606",10,"S0606","f",1,560,18
"1959","LT_S0606_18_Yellow.xlsx","time_words","時間についてのことば","LT","S0606",0,"S0606","f",1,560,18
"1960","LT_S0606_18_Yellow.xlsx","descriptive_words","ようす・性質","LT","S0606",5,"S0606","f",1,560,18
"1961","LT_S0606_18_Yellow.xlsx","pronouns","代名詞","LT","S0606",3,"S0606","f",1,560,18
"1962","LT_S0606_18_Yellow.xlsx","question_words","質問のことば","LT","S0606",0,"S0606","f",1,560,18
"1963","LT_S0606_18_Yellow.xlsx","locations","位置と場所についてのことば","LT","S0606",0,"S0606","f",1,560,18
"1964","LT_S0606_18_Yellow.xlsx","quantifiers","数量をあらわすことば","LT","S0606",3,"S0606","f",1,560,18
"1965","LT_S0606_18_Yellow.xlsx","connecting_words","接続語","LT","S0606",0,"S0606","f",1,560,18
"1966","LT_S0606_18_Yellow.xlsx","sounds2","幼児語（その２）","LT","S0606",7,"S0606","f",1,560,18
"1967","LT_S0606_18_Yellow.xlsx","conversations","会話語","LT","S0606",3,"S0606","f",1,560,18
"1968","LT_S0606_18_Yellow.xlsx","others","その他","LT","S0606",4,"S0606","f",1,560,18
"1969","LT_S0655_17_Yellow.xlsx","sounds","幼児語","LT","S0655",2,"S0655","f",1,546,17
"1970","LT_S0655_17_Yellow.xlsx","animals","動物の名前","LT","S0655",0,"S0655","f",1,546,17
"1971","LT_S0655_17_Yellow.xlsx","vehicles","乗り物","LT","S0655",0,"S0655","f",1,546,17
"1972","LT_S0655_17_Yellow.xlsx","toys","おもちゃ","LT","S0655",0,"S0655","f",1,546,17
"1973","LT_S0655_17_Yellow.xlsx","food_drink","食べ物と飲み物","LT","S0655",2,"S0655","f",1,546,17
"1974","LT_S0655_17_Yellow.xlsx","clothing","衣類","LT","S0655",0,"S0655","f",1,546,17
"1975","LT_S0655_17_Yellow.xlsx","body_parts","体の部分","LT","S0655",0,"S0655","f",1,546,17
"1976","LT_S0655_17_Yellow.xlsx","furniture_rooms","家具と部屋","LT","S0655",0,"S0655","f",1,546,17
"1977","LT_S0655_17_Yellow.xlsx","household","小さな家庭用品","LT","S0655",0,"S0655","f",1,546,17
"1978","LT_S0655_17_Yellow.xlsx","outside","戸外のもの","LT","S0655",0,"S0655","f",1,546,17
"1979","LT_S0655_17_Yellow.xlsx","places","おでかけ","LT","S0655",0,"S0655","f",1,546,17
"1980","LT_S0655_17_Yellow.xlsx","people","人々","LT","S0655",0,"S0655","f",1,546,17
"1981","LT_S0655_17_Yellow.xlsx","games_routines","日課とあいさつ","LT","S0655",4,"S0655","f",1,546,17
"1982","LT_S0655_17_Yellow.xlsx","action_words","動作語","LT","S0655",0,"S0655","f",1,546,17
"1983","LT_S0655_17_Yellow.xlsx","time_words","時間についてのことば","LT","S0655",0,"S0655","f",1,546,17
"1984","LT_S0655_17_Yellow.xlsx","descriptive_words","ようす・性質","LT","S0655",0,"S0655","f",1,546,17
"1985","LT_S0655_17_Yellow.xlsx","pronouns","代名詞","LT","S0655",0,"S0655","f",1,546,17
"1986","LT_S0655_17_Yellow.xlsx","question_words","質問のことば","LT","S0655",1,"S0655","f",1,546,17
"1987","LT_S0655_17_Yellow.xlsx","locations","位置と場所についてのことば","LT","S0655",0,"S0655","f",1,546,17
"1988","LT_S0655_17_Yellow.xlsx","quantifiers","数量をあらわすことば","LT","S0655",0,"S0655","f",1,546,17
"1989","LT_S0655_17_Yellow.xlsx","connecting_words","接続語","LT","S0655",0,"S0655","f",1,546,17
"1990","LT_S0655_17_Yellow.xlsx","sounds2","幼児語（その２）","LT","S0655",0,"S0655","f",1,546,17
"1991","LT_S0655_17_Yellow.xlsx","conversations","会話語","LT","S0655",1,"S0655","f",1,546,17
"1992","LT_S0655_17_Yellow.xlsx","others","その他","LT","S0655",0,"S0655","f",1,546,17
"1993","LT_S0674_18_Yellow.xlsx","sounds","幼児語","LT","S0674",8,"S0674","m",1,560,18
"1994","LT_S0674_18_Yellow.xlsx","animals","動物の名前","LT","S0674",20,"S0674","m",1,560,18
"1995","LT_S0674_18_Yellow.xlsx","vehicles","乗り物","LT","S0674",11,"S0674","m",1,560,18
"1996","LT_S0674_18_Yellow.xlsx","toys","おもちゃ","LT","S0674",2,"S0674","m",1,560,18
"1997","LT_S0674_18_Yellow.xlsx","food_drink","食べ物と飲み物","LT","S0674",18,"S0674","m",1,560,18
"1998","LT_S0674_18_Yellow.xlsx","clothing","衣類","LT","S0674",3,"S0674","m",1,560,18
"1999","LT_S0674_18_Yellow.xlsx","body_parts","体の部分","LT","S0674",14,"S0674","m",1,560,18
"2000","LT_S0674_18_Yellow.xlsx","furniture_rooms","家具と部屋","LT","S0674",2,"S0674","m",1,560,18
"2001","LT_S0674_18_Yellow.xlsx","household","小さな家庭用品","LT","S0674",6,"S0674","m",1,560,18
"2002","LT_S0674_18_Yellow.xlsx","outside","戸外のもの","LT","S0674",4,"S0674","m",1,560,18
"2003","LT_S0674_18_Yellow.xlsx","places","おでかけ","LT","S0674",1,"S0674","m",1,560,18
"2004","LT_S0674_18_Yellow.xlsx","people","人々","LT","S0674",6,"S0674","m",1,560,18
"2005","LT_S0674_18_Yellow.xlsx","games_routines","日課とあいさつ","LT","S0674",7,"S0674","m",1,560,18
"2006","LT_S0674_18_Yellow.xlsx","action_words","動作語","LT","S0674",10,"S0674","m",1,560,18
"2007","LT_S0674_18_Yellow.xlsx","time_words","時間についてのことば","LT","S0674",1,"S0674","m",1,560,18
"2008","LT_S0674_18_Yellow.xlsx","descriptive_words","ようす・性質","LT","S0674",9,"S0674","m",1,560,18
"2009","LT_S0674_18_Yellow.xlsx","pronouns","代名詞","LT","S0674",5,"S0674","m",1,560,18
"2010","LT_S0674_18_Yellow.xlsx","question_words","質問のことば","LT","S0674",0,"S0674","m",1,560,18
"2011","LT_S0674_18_Yellow.xlsx","locations","位置と場所についてのことば","LT","S0674",0,"S0674","m",1,560,18
"2012","LT_S0674_18_Yellow.xlsx","quantifiers","数量をあらわすことば","LT","S0674",6,"S0674","m",1,560,18
"2013","LT_S0674_18_Yellow.xlsx","connecting_words","接続語","LT","S0674",0,"S0674","m",1,560,18
"2014","LT_S0674_18_Yellow.xlsx","sounds2","幼児語（その２）","LT","S0674",7,"S0674","m",1,560,18
"2015","LT_S0674_18_Yellow.xlsx","conversations","会話語","LT","S0674",3,"S0674","m",1,560,18
"2016","LT_S0674_18_Yellow.xlsx","others","その他","LT","S0674",2,"S0674","m",1,560,18
"2017","LT_S0770_17_Yellow.xlsx","sounds","幼児語","LT","S0770",5,"S0770","m",1,547,17
"2018","LT_S0770_17_Yellow.xlsx","animals","動物の名前","LT","S0770",2,"S0770","m",1,547,17
"2019","LT_S0770_17_Yellow.xlsx","vehicles","乗り物","LT","S0770",1,"S0770","m",1,547,17
"2020","LT_S0770_17_Yellow.xlsx","toys","おもちゃ","LT","S0770",0,"S0770","m",1,547,17
"2021","LT_S0770_17_Yellow.xlsx","food_drink","食べ物と飲み物","LT","S0770",4,"S0770","m",1,547,17
"2022","LT_S0770_17_Yellow.xlsx","clothing","衣類","LT","S0770",2,"S0770","m",1,547,17
"2023","LT_S0770_17_Yellow.xlsx","body_parts","体の部分","LT","S0770",0,"S0770","m",1,547,17
"2024","LT_S0770_17_Yellow.xlsx","furniture_rooms","家具と部屋","LT","S0770",0,"S0770","m",1,547,17
"2025","LT_S0770_17_Yellow.xlsx","household","小さな家庭用品","LT","S0770",0,"S0770","m",1,547,17
"2026","LT_S0770_17_Yellow.xlsx","outside","戸外のもの","LT","S0770",1,"S0770","m",1,547,17
"2027","LT_S0770_17_Yellow.xlsx","places","おでかけ","LT","S0770",1,"S0770","m",1,547,17
"2028","LT_S0770_17_Yellow.xlsx","people","人々","LT","S0770",7,"S0770","m",1,547,17
"2029","LT_S0770_17_Yellow.xlsx","games_routines","日課とあいさつ","LT","S0770",9,"S0770","m",1,547,17
"2030","LT_S0770_17_Yellow.xlsx","action_words","動作語","LT","S0770",2,"S0770","m",1,547,17
"2031","LT_S0770_17_Yellow.xlsx","time_words","時間についてのことば","LT","S0770",0,"S0770","m",1,547,17
"2032","LT_S0770_17_Yellow.xlsx","descriptive_words","ようす・性質","LT","S0770",3,"S0770","m",1,547,17
"2033","LT_S0770_17_Yellow.xlsx","pronouns","代名詞","LT","S0770",0,"S0770","m",1,547,17
"2034","LT_S0770_17_Yellow.xlsx","question_words","質問のことば","LT","S0770",0,"S0770","m",1,547,17
"2035","LT_S0770_17_Yellow.xlsx","locations","位置と場所についてのことば","LT","S0770",0,"S0770","m",1,547,17
"2036","LT_S0770_17_Yellow.xlsx","quantifiers","数量をあらわすことば","LT","S0770",2,"S0770","m",1,547,17
"2037","LT_S0770_17_Yellow.xlsx","connecting_words","接続語","LT","S0770",0,"S0770","m",1,547,17
"2038","LT_S0770_17_Yellow.xlsx","sounds2","幼児語（その２）","LT","S0770",10,"S0770","m",1,547,17
"2039","LT_S0770_17_Yellow.xlsx","conversations","会話語","LT","S0770",1,"S0770","m",1,547,17
"2040","LT_S0770_17_Yellow.xlsx","others","その他","LT","S0770",3,"S0770","m",1,547,17
"2041","MS_O0017_29_Yellow.xlsx","sounds","幼児語","MS","O0017",12,"O0017","f",1,892,29
"2042","MS_O0017_29_Yellow.xlsx","animals","動物の名前","MS","O0017",41,"O0017","f",1,892,29
"2043","MS_O0017_29_Yellow.xlsx","vehicles","乗り物","MS","O0017",14,"O0017","f",1,892,29
"2044","MS_O0017_29_Yellow.xlsx","toys","おもちゃ","MS","O0017",13,"O0017","f",1,892,29
"2045","MS_O0017_29_Yellow.xlsx","food_drink","食べ物と飲み物","MS","O0017",57,"O0017","f",1,892,29
"2046","MS_O0017_29_Yellow.xlsx","clothing","衣類","MS","O0017",16,"O0017","f",1,892,29
"2047","MS_O0017_29_Yellow.xlsx","body_parts","体の部分","MS","O0017",14,"O0017","f",1,892,29
"2048","MS_O0017_29_Yellow.xlsx","furniture_rooms","家具と部屋","MS","O0017",15,"O0017","f",1,892,29
"2049","MS_O0017_29_Yellow.xlsx","household","小さな家庭用品","MS","O0017",31,"O0017","f",1,892,29
"2050","MS_O0017_29_Yellow.xlsx","outside","戸外のもの","MS","O0017",22,"O0017","f",1,892,29
"2051","MS_O0017_29_Yellow.xlsx","places","おでかけ","MS","O0017",10,"O0017","f",1,892,29
"2052","MS_O0017_29_Yellow.xlsx","people","人々","MS","O0017",18,"O0017","f",1,892,29
"2053","MS_O0017_29_Yellow.xlsx","games_routines","日課とあいさつ","MS","O0017",21,"O0017","f",1,892,29
"2054","MS_O0017_29_Yellow.xlsx","action_words","動作語","MS","O0017",52,"O0017","f",1,892,29
"2055","MS_O0017_29_Yellow.xlsx","time_words","時間についてのことば","MS","O0017",3,"O0017","f",1,892,29
"2056","MS_O0017_29_Yellow.xlsx","descriptive_words","ようす・性質","MS","O0017",38,"O0017","f",1,892,29
"2057","MS_O0017_29_Yellow.xlsx","pronouns","代名詞","MS","O0017",4,"O0017","f",1,892,29
"2058","MS_O0017_29_Yellow.xlsx","question_words","質問のことば","MS","O0017",1,"O0017","f",1,892,29
"2059","MS_O0017_29_Yellow.xlsx","locations","位置と場所についてのことば","MS","O0017",5,"O0017","f",1,892,29
"2060","MS_O0017_29_Yellow.xlsx","quantifiers","数量をあらわすことば","MS","O0017",7,"O0017","f",1,892,29
"2061","MS_O0017_29_Yellow.xlsx","connecting_words","接続語","MS","O0017",0,"O0017","f",1,892,29
"2062","MS_O0017_29_Yellow.xlsx","sounds2","幼児語（その２）","MS","O0017",12,"O0017","f",1,892,29
"2063","MS_O0017_29_Yellow.xlsx","conversations","会話語","MS","O0017",9,"O0017","f",1,892,29
"2064","MS_O0017_29_Yellow.xlsx","others","その他","MS","O0017",2,"O0017","f",1,892,29
"2065","MS_O0028_21_Yellow.xlsx","sounds","幼児語","MS","O0028",10,"O0028","f",1,654,21
"2066","MS_O0028_21_Yellow.xlsx","animals","動物の名前","MS","O0028",25,"O0028","f",1,654,21
"2067","MS_O0028_21_Yellow.xlsx","vehicles","乗り物","MS","O0028",11,"O0028","f",1,654,21
"2068","MS_O0028_21_Yellow.xlsx","toys","おもちゃ","MS","O0028",8,"O0028","f",1,654,21
"2069","MS_O0028_21_Yellow.xlsx","food_drink","食べ物と飲み物","MS","O0028",39,"O0028","f",1,654,21
"2070","MS_O0028_21_Yellow.xlsx","clothing","衣類","MS","O0028",7,"O0028","f",1,654,21
"2071","MS_O0028_21_Yellow.xlsx","body_parts","体の部分","MS","O0028",17,"O0028","f",1,654,21
"2072","MS_O0028_21_Yellow.xlsx","furniture_rooms","家具と部屋","MS","O0028",8,"O0028","f",1,654,21
"2073","MS_O0028_21_Yellow.xlsx","household","小さな家庭用品","MS","O0028",14,"O0028","f",1,654,21
"2074","MS_O0028_21_Yellow.xlsx","outside","戸外のもの","MS","O0028",11,"O0028","f",1,654,21
"2075","MS_O0028_21_Yellow.xlsx","places","おでかけ","MS","O0028",5,"O0028","f",1,654,21
"2076","MS_O0028_21_Yellow.xlsx","people","人々","MS","O0028",12,"O0028","f",1,654,21
"2077","MS_O0028_21_Yellow.xlsx","games_routines","日課とあいさつ","MS","O0028",19,"O0028","f",1,654,21
"2078","MS_O0028_21_Yellow.xlsx","action_words","動作語","MS","O0028",17,"O0028","f",1,654,21
"2079","MS_O0028_21_Yellow.xlsx","time_words","時間についてのことば","MS","O0028",0,"O0028","f",1,654,21
"2080","MS_O0028_21_Yellow.xlsx","descriptive_words","ようす・性質","MS","O0028",13,"O0028","f",1,654,21
"2081","MS_O0028_21_Yellow.xlsx","pronouns","代名詞","MS","O0028",6,"O0028","f",1,654,21
"2082","MS_O0028_21_Yellow.xlsx","question_words","質問のことば","MS","O0028",4,"O0028","f",1,654,21
"2083","MS_O0028_21_Yellow.xlsx","locations","位置と場所についてのことば","MS","O0028",0,"O0028","f",1,654,21
"2084","MS_O0028_21_Yellow.xlsx","quantifiers","数量をあらわすことば","MS","O0028",9,"O0028","f",1,654,21
"2085","MS_O0028_21_Yellow.xlsx","connecting_words","接続語","MS","O0028",0,"O0028","f",1,654,21
"2086","MS_O0028_21_Yellow.xlsx","sounds2","幼児語（その２）","MS","O0028",18,"O0028","f",1,654,21
"2087","MS_O0028_21_Yellow.xlsx","conversations","会話語","MS","O0028",5,"O0028","f",1,654,21
"2088","MS_O0028_21_Yellow.xlsx","others","その他","MS","O0028",4,"O0028","f",1,654,21
"2089","MS_O0043_21_Yellow.xlsx","sounds","幼児語","MS","O0043",11,"O0043","m",1,667,21
"2090","MS_O0043_21_Yellow.xlsx","animals","動物の名前","MS","O0043",27,"O0043","m",1,667,21
"2091","MS_O0043_21_Yellow.xlsx","vehicles","乗り物","MS","O0043",9,"O0043","m",1,667,21
"2092","MS_O0043_21_Yellow.xlsx","toys","おもちゃ","MS","O0043",5,"O0043","m",1,667,21
"2093","MS_O0043_21_Yellow.xlsx","food_drink","食べ物と飲み物","MS","O0043",36,"O0043","m",1,667,21
"2094","MS_O0043_21_Yellow.xlsx","clothing","衣類","MS","O0043",5,"O0043","m",1,667,21
"2095","MS_O0043_21_Yellow.xlsx","body_parts","体の部分","MS","O0043",11,"O0043","m",1,667,21
"2096","MS_O0043_21_Yellow.xlsx","furniture_rooms","家具と部屋","MS","O0043",7,"O0043","m",1,667,21
"2097","MS_O0043_21_Yellow.xlsx","household","小さな家庭用品","MS","O0043",13,"O0043","m",1,667,21
"2098","MS_O0043_21_Yellow.xlsx","outside","戸外のもの","MS","O0043",14,"O0043","m",1,667,21
"2099","MS_O0043_21_Yellow.xlsx","places","おでかけ","MS","O0043",2,"O0043","m",1,667,21
"2100","MS_O0043_21_Yellow.xlsx","people","人々","MS","O0043",7,"O0043","m",1,667,21
"2101","MS_O0043_21_Yellow.xlsx","games_routines","日課とあいさつ","MS","O0043",11,"O0043","m",1,667,21
"2102","MS_O0043_21_Yellow.xlsx","action_words","動作語","MS","O0043",31,"O0043","m",1,667,21
"2103","MS_O0043_21_Yellow.xlsx","time_words","時間についてのことば","MS","O0043",1,"O0043","m",1,667,21
"2104","MS_O0043_21_Yellow.xlsx","descriptive_words","ようす・性質","MS","O0043",23,"O0043","m",1,667,21
"2105","MS_O0043_21_Yellow.xlsx","pronouns","代名詞","MS","O0043",4,"O0043","m",1,667,21
"2106","MS_O0043_21_Yellow.xlsx","question_words","質問のことば","MS","O0043",5,"O0043","m",1,667,21
"2107","MS_O0043_21_Yellow.xlsx","locations","位置と場所についてのことば","MS","O0043",3,"O0043","m",1,667,21
"2108","MS_O0043_21_Yellow.xlsx","quantifiers","数量をあらわすことば","MS","O0043",6,"O0043","m",1,667,21
"2109","MS_O0043_21_Yellow.xlsx","connecting_words","接続語","MS","O0043",0,"O0043","m",1,667,21
"2110","MS_O0043_21_Yellow.xlsx","sounds2","幼児語（その２）","MS","O0043",20,"O0043","m",1,667,21
"2111","MS_O0043_21_Yellow.xlsx","conversations","会話語","MS","O0043",5,"O0043","m",1,667,21
"2112","MS_O0043_21_Yellow.xlsx","others","その他","MS","O0043",4,"O0043","m",1,667,21
"2113","MS_O0045_29_Yellow.xlsx","sounds","幼児語","MS","O0045",12,"O0045","m",1,911,29
"2114","MS_O0045_29_Yellow.xlsx","animals","動物の名前","MS","O0045",41,"O0045","m",1,911,29
"2115","MS_O0045_29_Yellow.xlsx","vehicles","乗り物","MS","O0045",14,"O0045","m",1,911,29
"2116","MS_O0045_29_Yellow.xlsx","toys","おもちゃ","MS","O0045",17,"O0045","m",1,911,29
"2117","MS_O0045_29_Yellow.xlsx","food_drink","食べ物と飲み物","MS","O0045",61,"O0045","m",1,911,29
"2118","MS_O0045_29_Yellow.xlsx","clothing","衣類","MS","O0045",22,"O0045","m",1,911,29
"2119","MS_O0045_29_Yellow.xlsx","body_parts","体の部分","MS","O0045",27,"O0045","m",1,911,29
"2120","MS_O0045_29_Yellow.xlsx","furniture_rooms","家具と部屋","MS","O0045",26,"O0045","m",1,911,29
"2121","MS_O0045_29_Yellow.xlsx","household","小さな家庭用品","MS","O0045",36,"O0045","m",1,911,29
"2122","MS_O0045_29_Yellow.xlsx","outside","戸外のもの","MS","O0045",28,"O0045","m",1,911,29
"2123","MS_O0045_29_Yellow.xlsx","places","おでかけ","MS","O0045",16,"O0045","m",1,911,29
"2124","MS_O0045_29_Yellow.xlsx","people","人々","MS","O0045",25,"O0045","m",1,911,29
"2125","MS_O0045_29_Yellow.xlsx","games_routines","日課とあいさつ","MS","O0045",25,"O0045","m",1,911,29
"2126","MS_O0045_29_Yellow.xlsx","action_words","動作語","MS","O0045",100,"O0045","m",1,911,29
"2127","MS_O0045_29_Yellow.xlsx","time_words","時間についてのことば","MS","O0045",12,"O0045","m",1,911,29
"2128","MS_O0045_29_Yellow.xlsx","descriptive_words","ようす・性質","MS","O0045",57,"O0045","m",1,911,29
"2129","MS_O0045_29_Yellow.xlsx","pronouns","代名詞","MS","O0045",20,"O0045","m",1,911,29
"2130","MS_O0045_29_Yellow.xlsx","question_words","質問のことば","MS","O0045",7,"O0045","m",1,911,29
"2131","MS_O0045_29_Yellow.xlsx","locations","位置と場所についてのことば","MS","O0045",16,"O0045","m",1,911,29
"2132","MS_O0045_29_Yellow.xlsx","quantifiers","数量をあらわすことば","MS","O0045",17,"O0045","m",1,911,29
"2133","MS_O0045_29_Yellow.xlsx","connecting_words","接続語","MS","O0045",1,"O0045","m",1,911,29
"2134","MS_O0045_29_Yellow.xlsx","sounds2","幼児語（その２）","MS","O0045",27,"O0045","m",1,911,29
"2135","MS_O0045_29_Yellow.xlsx","conversations","会話語","MS","O0045",14,"O0045","m",1,911,29
"2136","MS_O0045_29_Yellow.xlsx","others","その他","MS","O0045",9,"O0045","m",1,911,29
"2137","MS_O0046_20_Yellow.xlsx","sounds","幼児語","MS","O0046",3,"O0046","m",1,625,20
"2138","MS_O0046_20_Yellow.xlsx","animals","動物の名前","MS","O0046",1,"O0046","m",1,625,20
"2139","MS_O0046_20_Yellow.xlsx","vehicles","乗り物","MS","O0046",3,"O0046","m",1,625,20
"2140","MS_O0046_20_Yellow.xlsx","toys","おもちゃ","MS","O0046",1,"O0046","m",1,625,20
"2141","MS_O0046_20_Yellow.xlsx","food_drink","食べ物と飲み物","MS","O0046",8,"O0046","m",1,625,20
"2142","MS_O0046_20_Yellow.xlsx","clothing","衣類","MS","O0046",1,"O0046","m",1,625,20
"2143","MS_O0046_20_Yellow.xlsx","body_parts","体の部分","MS","O0046",0,"O0046","m",1,625,20
"2144","MS_O0046_20_Yellow.xlsx","furniture_rooms","家具と部屋","MS","O0046",0,"O0046","m",1,625,20
"2145","MS_O0046_20_Yellow.xlsx","household","小さな家庭用品","MS","O0046",0,"O0046","m",1,625,20
"2146","MS_O0046_20_Yellow.xlsx","outside","戸外のもの","MS","O0046",1,"O0046","m",1,625,20
"2147","MS_O0046_20_Yellow.xlsx","places","おでかけ","MS","O0046",0,"O0046","m",1,625,20
"2148","MS_O0046_20_Yellow.xlsx","people","人々","MS","O0046",4,"O0046","m",1,625,20
"2149","MS_O0046_20_Yellow.xlsx","games_routines","日課とあいさつ","MS","O0046",2,"O0046","m",1,625,20
"2150","MS_O0046_20_Yellow.xlsx","action_words","動作語","MS","O0046",5,"O0046","m",1,625,20
"2151","MS_O0046_20_Yellow.xlsx","time_words","時間についてのことば","MS","O0046",0,"O0046","m",1,625,20
"2152","MS_O0046_20_Yellow.xlsx","descriptive_words","ようす・性質","MS","O0046",2,"O0046","m",1,625,20
"2153","MS_O0046_20_Yellow.xlsx","pronouns","代名詞","MS","O0046",1,"O0046","m",1,625,20
"2154","MS_O0046_20_Yellow.xlsx","question_words","質問のことば","MS","O0046",0,"O0046","m",1,625,20
"2155","MS_O0046_20_Yellow.xlsx","locations","位置と場所についてのことば","MS","O0046",0,"O0046","m",1,625,20
"2156","MS_O0046_20_Yellow.xlsx","quantifiers","数量をあらわすことば","MS","O0046",0,"O0046","m",1,625,20
"2157","MS_O0046_20_Yellow.xlsx","connecting_words","接続語","MS","O0046",0,"O0046","m",1,625,20
"2158","MS_O0046_20_Yellow.xlsx","sounds2","幼児語（その２）","MS","O0046",5,"O0046","m",1,625,20
"2159","MS_O0046_20_Yellow.xlsx","conversations","会話語","MS","O0046",2,"O0046","m",1,625,20
"2160","MS_O0046_20_Yellow.xlsx","others","その他","MS","O0046",1,"O0046","m",1,625,20
"2161","MS_O0058_30_Yellow.xlsx","sounds","幼児語","MS","O0058",10,"O0058","m",1,933,30
"2162","MS_O0058_30_Yellow.xlsx","animals","動物の名前","MS","O0058",43,"O0058","m",1,933,30
"2163","MS_O0058_30_Yellow.xlsx","vehicles","乗り物","MS","O0058",14,"O0058","m",1,933,30
"2164","MS_O0058_30_Yellow.xlsx","toys","おもちゃ","MS","O0058",13,"O0058","m",1,933,30
"2165","MS_O0058_30_Yellow.xlsx","food_drink","食べ物と飲み物","MS","O0058",60,"O0058","m",1,933,30
"2166","MS_O0058_30_Yellow.xlsx","clothing","衣類","MS","O0058",18,"O0058","m",1,933,30
"2167","MS_O0058_30_Yellow.xlsx","body_parts","体の部分","MS","O0058",27,"O0058","m",1,933,30
"2168","MS_O0058_30_Yellow.xlsx","furniture_rooms","家具と部屋","MS","O0058",26,"O0058","m",1,933,30
"2169","MS_O0058_30_Yellow.xlsx","household","小さな家庭用品","MS","O0058",41,"O0058","m",1,933,30
"2170","MS_O0058_30_Yellow.xlsx","outside","戸外のもの","MS","O0058",27,"O0058","m",1,933,30
"2171","MS_O0058_30_Yellow.xlsx","places","おでかけ","MS","O0058",19,"O0058","m",1,933,30
"2172","MS_O0058_30_Yellow.xlsx","people","人々","MS","O0058",24,"O0058","m",1,933,30
"2173","MS_O0058_30_Yellow.xlsx","games_routines","日課とあいさつ","MS","O0058",25,"O0058","m",1,933,30
"2174","MS_O0058_30_Yellow.xlsx","action_words","動作語","MS","O0058",101,"O0058","m",1,933,30
"2175","MS_O0058_30_Yellow.xlsx","time_words","時間についてのことば","MS","O0058",10,"O0058","m",1,933,30
"2176","MS_O0058_30_Yellow.xlsx","descriptive_words","ようす・性質","MS","O0058",61,"O0058","m",1,933,30
"2177","MS_O0058_30_Yellow.xlsx","pronouns","代名詞","MS","O0058",16,"O0058","m",1,933,30
"2178","MS_O0058_30_Yellow.xlsx","question_words","質問のことば","MS","O0058",8,"O0058","m",1,933,30
"2179","MS_O0058_30_Yellow.xlsx","locations","位置と場所についてのことば","MS","O0058",21,"O0058","m",1,933,30
"2180","MS_O0058_30_Yellow.xlsx","quantifiers","数量をあらわすことば","MS","O0058",17,"O0058","m",1,933,30
"2181","MS_O0058_30_Yellow.xlsx","connecting_words","接続語","MS","O0058",4,"O0058","m",1,933,30
"2182","MS_O0058_30_Yellow.xlsx","sounds2","幼児語（その２）","MS","O0058",19,"O0058","m",1,933,30
"2183","MS_O0058_30_Yellow.xlsx","conversations","会話語","MS","O0058",13,"O0058","m",1,933,30
"2184","MS_O0058_30_Yellow.xlsx","others","その他","MS","O0058",9,"O0058","m",1,933,30
"2185","MS_O0062_28_Yellow.xlsx","sounds","幼児語","MS","O0062",1,"O0062","f",1,856,28
"2186","MS_O0062_28_Yellow.xlsx","animals","動物の名前","MS","O0062",33,"O0062","f",1,856,28
"2187","MS_O0062_28_Yellow.xlsx","vehicles","乗り物","MS","O0062",8,"O0062","f",1,856,28
"2188","MS_O0062_28_Yellow.xlsx","toys","おもちゃ","MS","O0062",9,"O0062","f",1,856,28
"2189","MS_O0062_28_Yellow.xlsx","food_drink","食べ物と飲み物","MS","O0062",44,"O0062","f",1,856,28
"2190","MS_O0062_28_Yellow.xlsx","clothing","衣類","MS","O0062",15,"O0062","f",1,856,28
"2191","MS_O0062_28_Yellow.xlsx","body_parts","体の部分","MS","O0062",21,"O0062","f",1,856,28
"2192","MS_O0062_28_Yellow.xlsx","furniture_rooms","家具と部屋","MS","O0062",12,"O0062","f",1,856,28
"2193","MS_O0062_28_Yellow.xlsx","household","小さな家庭用品","MS","O0062",23,"O0062","f",1,856,28
"2194","MS_O0062_28_Yellow.xlsx","outside","戸外のもの","MS","O0062",12,"O0062","f",1,856,28
"2195","MS_O0062_28_Yellow.xlsx","places","おでかけ","MS","O0062",9,"O0062","f",1,856,28
"2196","MS_O0062_28_Yellow.xlsx","people","人々","MS","O0062",16,"O0062","f",1,856,28
"2197","MS_O0062_28_Yellow.xlsx","games_routines","日課とあいさつ","MS","O0062",22,"O0062","f",1,856,28
"2198","MS_O0062_28_Yellow.xlsx","action_words","動作語","MS","O0062",79,"O0062","f",1,856,28
"2199","MS_O0062_28_Yellow.xlsx","time_words","時間についてのことば","MS","O0062",7,"O0062","f",1,856,28
"2200","MS_O0062_28_Yellow.xlsx","descriptive_words","ようす・性質","MS","O0062",37,"O0062","f",1,856,28
"2201","MS_O0062_28_Yellow.xlsx","pronouns","代名詞","MS","O0062",6,"O0062","f",1,856,28
"2202","MS_O0062_28_Yellow.xlsx","question_words","質問のことば","MS","O0062",5,"O0062","f",1,856,28
"2203","MS_O0062_28_Yellow.xlsx","locations","位置と場所についてのことば","MS","O0062",8,"O0062","f",1,856,28
"2204","MS_O0062_28_Yellow.xlsx","quantifiers","数量をあらわすことば","MS","O0062",13,"O0062","f",1,856,28
"2205","MS_O0062_28_Yellow.xlsx","connecting_words","接続語","MS","O0062",0,"O0062","f",1,856,28
"2206","MS_O0062_28_Yellow.xlsx","sounds2","幼児語（その２）","MS","O0062",8,"O0062","f",1,856,28
"2207","MS_O0062_28_Yellow.xlsx","conversations","会話語","MS","O0062",9,"O0062","f",1,856,28
"2208","MS_O0062_28_Yellow.xlsx","others","その他","MS","O0062",8,"O0062","f",1,856,28
"2209","MS_O0067_28_Yellow.xlsx","sounds","幼児語","MS","O0067",12,"O0067","f",1,861,28
"2210","MS_O0067_28_Yellow.xlsx","animals","動物の名前","MS","O0067",43,"O0067","f",1,861,28
"2211","MS_O0067_28_Yellow.xlsx","vehicles","乗り物","MS","O0067",12,"O0067","f",1,861,28
"2212","MS_O0067_28_Yellow.xlsx","toys","おもちゃ","MS","O0067",12,"O0067","f",1,861,28
"2213","MS_O0067_28_Yellow.xlsx","food_drink","食べ物と飲み物","MS","O0067",55,"O0067","f",1,861,28
"2214","MS_O0067_28_Yellow.xlsx","clothing","衣類","MS","O0067",12,"O0067","f",1,861,28
"2215","MS_O0067_28_Yellow.xlsx","body_parts","体の部分","MS","O0067",22,"O0067","f",1,861,28
"2216","MS_O0067_28_Yellow.xlsx","furniture_rooms","家具と部屋","MS","O0067",14,"O0067","f",1,861,28
"2217","MS_O0067_28_Yellow.xlsx","household","小さな家庭用品","MS","O0067",27,"O0067","f",1,861,28
"2218","MS_O0067_28_Yellow.xlsx","outside","戸外のもの","MS","O0067",15,"O0067","f",1,861,28
"2219","MS_O0067_28_Yellow.xlsx","places","おでかけ","MS","O0067",8,"O0067","f",1,861,28
"2220","MS_O0067_28_Yellow.xlsx","people","人々","MS","O0067",18,"O0067","f",1,861,28
"2221","MS_O0067_28_Yellow.xlsx","games_routines","日課とあいさつ","MS","O0067",25,"O0067","f",1,861,28
"2222","MS_O0067_28_Yellow.xlsx","action_words","動作語","MS","O0067",68,"O0067","f",1,861,28
"2223","MS_O0067_28_Yellow.xlsx","time_words","時間についてのことば","MS","O0067",4,"O0067","f",1,861,28
"2224","MS_O0067_28_Yellow.xlsx","descriptive_words","ようす・性質","MS","O0067",43,"O0067","f",1,861,28
"2225","MS_O0067_28_Yellow.xlsx","pronouns","代名詞","MS","O0067",3,"O0067","f",1,861,28
"2226","MS_O0067_28_Yellow.xlsx","question_words","質問のことば","MS","O0067",4,"O0067","f",1,861,28
"2227","MS_O0067_28_Yellow.xlsx","locations","位置と場所についてのことば","MS","O0067",8,"O0067","f",1,861,28
"2228","MS_O0067_28_Yellow.xlsx","quantifiers","数量をあらわすことば","MS","O0067",10,"O0067","f",1,861,28
"2229","MS_O0067_28_Yellow.xlsx","connecting_words","接続語","MS","O0067",0,"O0067","f",1,861,28
"2230","MS_O0067_28_Yellow.xlsx","sounds2","幼児語（その２）","MS","O0067",20,"O0067","f",1,861,28
"2231","MS_O0067_28_Yellow.xlsx","conversations","会話語","MS","O0067",8,"O0067","f",1,861,28
"2232","MS_O0067_28_Yellow.xlsx","others","その他","MS","O0067",6,"O0067","f",1,861,28
"2233","MS_O0083_21_Yellow.xlsx","sounds","幼児語","MS","O0083",7,"O0083","m",1,669,21
"2234","MS_O0083_21_Yellow.xlsx","animals","動物の名前","MS","O0083",9,"O0083","m",1,669,21
"2235","MS_O0083_21_Yellow.xlsx","vehicles","乗り物","MS","O0083",11,"O0083","m",1,669,21
"2236","MS_O0083_21_Yellow.xlsx","toys","おもちゃ","MS","O0083",2,"O0083","m",1,669,21
"2237","MS_O0083_21_Yellow.xlsx","food_drink","食べ物と飲み物","MS","O0083",12,"O0083","m",1,669,21
"2238","MS_O0083_21_Yellow.xlsx","clothing","衣類","MS","O0083",3,"O0083","m",1,669,21
"2239","MS_O0083_21_Yellow.xlsx","body_parts","体の部分","MS","O0083",3,"O0083","m",1,669,21
"2240","MS_O0083_21_Yellow.xlsx","furniture_rooms","家具と部屋","MS","O0083",0,"O0083","m",1,669,21
"2241","MS_O0083_21_Yellow.xlsx","household","小さな家庭用品","MS","O0083",1,"O0083","m",1,669,21
"2242","MS_O0083_21_Yellow.xlsx","outside","戸外のもの","MS","O0083",2,"O0083","m",1,669,21
"2243","MS_O0083_21_Yellow.xlsx","places","おでかけ","MS","O0083",1,"O0083","m",1,669,21
"2244","MS_O0083_21_Yellow.xlsx","people","人々","MS","O0083",5,"O0083","m",1,669,21
"2245","MS_O0083_21_Yellow.xlsx","games_routines","日課とあいさつ","MS","O0083",6,"O0083","m",1,669,21
"2246","MS_O0083_21_Yellow.xlsx","action_words","動作語","MS","O0083",1,"O0083","m",1,669,21
"2247","MS_O0083_21_Yellow.xlsx","time_words","時間についてのことば","MS","O0083",0,"O0083","m",1,669,21
"2248","MS_O0083_21_Yellow.xlsx","descriptive_words","ようす・性質","MS","O0083",2,"O0083","m",1,669,21
"2249","MS_O0083_21_Yellow.xlsx","pronouns","代名詞","MS","O0083",3,"O0083","m",1,669,21
"2250","MS_O0083_21_Yellow.xlsx","question_words","質問のことば","MS","O0083",0,"O0083","m",1,669,21
"2251","MS_O0083_21_Yellow.xlsx","locations","位置と場所についてのことば","MS","O0083",1,"O0083","m",1,669,21
"2252","MS_O0083_21_Yellow.xlsx","quantifiers","数量をあらわすことば","MS","O0083",3,"O0083","m",1,669,21
"2253","MS_O0083_21_Yellow.xlsx","connecting_words","接続語","MS","O0083",0,"O0083","m",1,669,21
"2254","MS_O0083_21_Yellow.xlsx","sounds2","幼児語（その２）","MS","O0083",10,"O0083","m",1,669,21
"2255","MS_O0083_21_Yellow.xlsx","conversations","会話語","MS","O0083",0,"O0083","m",1,669,21
"2256","MS_O0083_21_Yellow.xlsx","others","その他","MS","O0083",2,"O0083","m",1,669,21
"2257","MS_O0086_21_Yellow.xlsx","sounds","幼児語","MS","O0086",6,"O0086","f",1,663,21
"2258","MS_O0086_21_Yellow.xlsx","animals","動物の名前","MS","O0086",33,"O0086","f",1,663,21
"2259","MS_O0086_21_Yellow.xlsx","vehicles","乗り物","MS","O0086",9,"O0086","f",1,663,21
"2260","MS_O0086_21_Yellow.xlsx","toys","おもちゃ","MS","O0086",5,"O0086","f",1,663,21
"2261","MS_O0086_21_Yellow.xlsx","food_drink","食べ物と飲み物","MS","O0086",18,"O0086","f",1,663,21
"2262","MS_O0086_21_Yellow.xlsx","clothing","衣類","MS","O0086",4,"O0086","f",1,663,21
"2263","MS_O0086_21_Yellow.xlsx","body_parts","体の部分","MS","O0086",8,"O0086","f",1,663,21
"2264","MS_O0086_21_Yellow.xlsx","furniture_rooms","家具と部屋","MS","O0086",1,"O0086","f",1,663,21
"2265","MS_O0086_21_Yellow.xlsx","household","小さな家庭用品","MS","O0086",7,"O0086","f",1,663,21
"2266","MS_O0086_21_Yellow.xlsx","outside","戸外のもの","MS","O0086",9,"O0086","f",1,663,21
"2267","MS_O0086_21_Yellow.xlsx","places","おでかけ","MS","O0086",1,"O0086","f",1,663,21
"2268","MS_O0086_21_Yellow.xlsx","people","人々","MS","O0086",11,"O0086","f",1,663,21
"2269","MS_O0086_21_Yellow.xlsx","games_routines","日課とあいさつ","MS","O0086",8,"O0086","f",1,663,21
"2270","MS_O0086_21_Yellow.xlsx","action_words","動作語","MS","O0086",0,"O0086","f",1,663,21
"2271","MS_O0086_21_Yellow.xlsx","time_words","時間についてのことば","MS","O0086",0,"O0086","f",1,663,21
"2272","MS_O0086_21_Yellow.xlsx","descriptive_words","ようす・性質","MS","O0086",16,"O0086","f",1,663,21
"2273","MS_O0086_21_Yellow.xlsx","pronouns","代名詞","MS","O0086",3,"O0086","f",1,663,21
"2274","MS_O0086_21_Yellow.xlsx","question_words","質問のことば","MS","O0086",0,"O0086","f",1,663,21
"2275","MS_O0086_21_Yellow.xlsx","locations","位置と場所についてのことば","MS","O0086",0,"O0086","f",1,663,21
"2276","MS_O0086_21_Yellow.xlsx","quantifiers","数量をあらわすことば","MS","O0086",7,"O0086","f",1,663,21
"2277","MS_O0086_21_Yellow.xlsx","connecting_words","接続語","MS","O0086",0,"O0086","f",1,663,21
"2278","MS_O0086_21_Yellow.xlsx","sounds2","幼児語（その２）","MS","O0086",10,"O0086","f",1,663,21
"2279","MS_O0086_21_Yellow.xlsx","conversations","会話語","MS","O0086",6,"O0086","f",1,663,21
"2280","MS_O0086_21_Yellow.xlsx","others","その他","MS","O0086",2,"O0086","f",1,663,21
"2281","MS_O0093_29_Yellow.xlsx","sounds","幼児語","MS","O0093",12,"O0093","m",1,903,29
"2282","MS_O0093_29_Yellow.xlsx","animals","動物の名前","MS","O0093",43,"O0093","m",1,903,29
"2283","MS_O0093_29_Yellow.xlsx","vehicles","乗り物","MS","O0093",13,"O0093","m",1,903,29
"2284","MS_O0093_29_Yellow.xlsx","toys","おもちゃ","MS","O0093",16,"O0093","m",1,903,29
"2285","MS_O0093_29_Yellow.xlsx","food_drink","食べ物と飲み物","MS","O0093",65,"O0093","m",1,903,29
"2286","MS_O0093_29_Yellow.xlsx","clothing","衣類","MS","O0093",18,"O0093","m",1,903,29
"2287","MS_O0093_29_Yellow.xlsx","body_parts","体の部分","MS","O0093",27,"O0093","m",1,903,29
"2288","MS_O0093_29_Yellow.xlsx","furniture_rooms","家具と部屋","MS","O0093",19,"O0093","m",1,903,29
"2289","MS_O0093_29_Yellow.xlsx","household","小さな家庭用品","MS","O0093",43,"O0093","m",1,903,29
"2290","MS_O0093_29_Yellow.xlsx","outside","戸外のもの","MS","O0093",29,"O0093","m",1,903,29
"2291","MS_O0093_29_Yellow.xlsx","places","おでかけ","MS","O0093",17,"O0093","m",1,903,29
"2292","MS_O0093_29_Yellow.xlsx","people","人々","MS","O0093",26,"O0093","m",1,903,29
"2293","MS_O0093_29_Yellow.xlsx","games_routines","日課とあいさつ","MS","O0093",25,"O0093","m",1,903,29
"2294","MS_O0093_29_Yellow.xlsx","action_words","動作語","MS","O0093",98,"O0093","m",1,903,29
"2295","MS_O0093_29_Yellow.xlsx","time_words","時間についてのことば","MS","O0093",5,"O0093","m",1,903,29
"2296","MS_O0093_29_Yellow.xlsx","descriptive_words","ようす・性質","MS","O0093",61,"O0093","m",1,903,29
"2297","MS_O0093_29_Yellow.xlsx","pronouns","代名詞","MS","O0093",8,"O0093","m",1,903,29
"2298","MS_O0093_29_Yellow.xlsx","question_words","質問のことば","MS","O0093",1,"O0093","m",1,903,29
"2299","MS_O0093_29_Yellow.xlsx","locations","位置と場所についてのことば","MS","O0093",16,"O0093","m",1,903,29
"2300","MS_O0093_29_Yellow.xlsx","quantifiers","数量をあらわすことば","MS","O0093",15,"O0093","m",1,903,29
"2301","MS_O0093_29_Yellow.xlsx","connecting_words","接続語","MS","O0093",0,"O0093","m",1,903,29
"2302","MS_O0093_29_Yellow.xlsx","sounds2","幼児語（その２）","MS","O0093",29,"O0093","m",1,903,29
"2303","MS_O0093_29_Yellow.xlsx","conversations","会話語","MS","O0093",9,"O0093","m",1,903,29
"2304","MS_O0093_29_Yellow.xlsx","others","その他","MS","O0093",9,"O0093","m",1,903,29
"2305","MS_O0098_21_Yellow.xlsx","sounds","幼児語","MS","O0098",12,"O0098","f",1,666,21
"2306","MS_O0098_21_Yellow.xlsx","animals","動物の名前","MS","O0098",33,"O0098","f",1,666,21
"2307","MS_O0098_21_Yellow.xlsx","vehicles","乗り物","MS","O0098",6,"O0098","f",1,666,21
"2308","MS_O0098_21_Yellow.xlsx","toys","おもちゃ","MS","O0098",15,"O0098","f",1,666,21
"2309","MS_O0098_21_Yellow.xlsx","food_drink","食べ物と飲み物","MS","O0098",33,"O0098","f",1,666,21
"2310","MS_O0098_21_Yellow.xlsx","clothing","衣類","MS","O0098",6,"O0098","f",1,666,21
"2311","MS_O0098_21_Yellow.xlsx","body_parts","体の部分","MS","O0098",20,"O0098","f",1,666,21
"2312","MS_O0098_21_Yellow.xlsx","furniture_rooms","家具と部屋","MS","O0098",2,"O0098","f",1,666,21
"2313","MS_O0098_21_Yellow.xlsx","household","小さな家庭用品","MS","O0098",3,"O0098","f",1,666,21
"2314","MS_O0098_21_Yellow.xlsx","outside","戸外のもの","MS","O0098",4,"O0098","f",1,666,21
"2315","MS_O0098_21_Yellow.xlsx","places","おでかけ","MS","O0098",1,"O0098","f",1,666,21
"2316","MS_O0098_21_Yellow.xlsx","people","人々","MS","O0098",8,"O0098","f",1,666,21
"2317","MS_O0098_21_Yellow.xlsx","games_routines","日課とあいさつ","MS","O0098",25,"O0098","f",1,666,21
"2318","MS_O0098_21_Yellow.xlsx","action_words","動作語","MS","O0098",2,"O0098","f",1,666,21
"2319","MS_O0098_21_Yellow.xlsx","time_words","時間についてのことば","MS","O0098",0,"O0098","f",1,666,21
"2320","MS_O0098_21_Yellow.xlsx","descriptive_words","ようす・性質","MS","O0098",19,"O0098","f",1,666,21
"2321","MS_O0098_21_Yellow.xlsx","pronouns","代名詞","MS","O0098",3,"O0098","f",1,666,21
"2322","MS_O0098_21_Yellow.xlsx","question_words","質問のことば","MS","O0098",0,"O0098","f",1,666,21
"2323","MS_O0098_21_Yellow.xlsx","locations","位置と場所についてのことば","MS","O0098",1,"O0098","f",1,666,21
"2324","MS_O0098_21_Yellow.xlsx","quantifiers","数量をあらわすことば","MS","O0098",6,"O0098","f",1,666,21
"2325","MS_O0098_21_Yellow.xlsx","connecting_words","接続語","MS","O0098",0,"O0098","f",1,666,21
"2326","MS_O0098_21_Yellow.xlsx","sounds2","幼児語（その２）","MS","O0098",24,"O0098","f",1,666,21
"2327","MS_O0098_21_Yellow.xlsx","conversations","会話語","MS","O0098",3,"O0098","f",1,666,21
"2328","MS_O0098_21_Yellow.xlsx","others","その他","MS","O0098",4,"O0098","f",1,666,21
"2329","MS_O0099_20_Yellow.xlsx","sounds","幼児語","MS","O0099",11,"O0099","m",1,628,20
"2330","MS_O0099_20_Yellow.xlsx","animals","動物の名前","MS","O0099",2,"O0099","m",1,628,20
"2331","MS_O0099_20_Yellow.xlsx","vehicles","乗り物","MS","O0099",2,"O0099","m",1,628,20
"2332","MS_O0099_20_Yellow.xlsx","toys","おもちゃ","MS","O0099",0,"O0099","m",1,628,20
"2333","MS_O0099_20_Yellow.xlsx","food_drink","食べ物と飲み物","MS","O0099",8,"O0099","m",1,628,20
"2334","MS_O0099_20_Yellow.xlsx","clothing","衣類","MS","O0099",0,"O0099","m",1,628,20
"2335","MS_O0099_20_Yellow.xlsx","body_parts","体の部分","MS","O0099",0,"O0099","m",1,628,20
"2336","MS_O0099_20_Yellow.xlsx","furniture_rooms","家具と部屋","MS","O0099",0,"O0099","m",1,628,20
"2337","MS_O0099_20_Yellow.xlsx","household","小さな家庭用品","MS","O0099",0,"O0099","m",1,628,20
"2338","MS_O0099_20_Yellow.xlsx","outside","戸外のもの","MS","O0099",0,"O0099","m",1,628,20
"2339","MS_O0099_20_Yellow.xlsx","places","おでかけ","MS","O0099",0,"O0099","m",1,628,20
"2340","MS_O0099_20_Yellow.xlsx","people","人々","MS","O0099",2,"O0099","m",1,628,20
"2341","MS_O0099_20_Yellow.xlsx","games_routines","日課とあいさつ","MS","O0099",7,"O0099","m",1,628,20
"2342","MS_O0099_20_Yellow.xlsx","action_words","動作語","MS","O0099",0,"O0099","m",1,628,20
"2343","MS_O0099_20_Yellow.xlsx","time_words","時間についてのことば","MS","O0099",0,"O0099","m",1,628,20
"2344","MS_O0099_20_Yellow.xlsx","descriptive_words","ようす・性質","MS","O0099",4,"O0099","m",1,628,20
"2345","MS_O0099_20_Yellow.xlsx","pronouns","代名詞","MS","O0099",1,"O0099","m",1,628,20
"2346","MS_O0099_20_Yellow.xlsx","question_words","質問のことば","MS","O0099",1,"O0099","m",1,628,20
"2347","MS_O0099_20_Yellow.xlsx","locations","位置と場所についてのことば","MS","O0099",0,"O0099","m",1,628,20
"2348","MS_O0099_20_Yellow.xlsx","quantifiers","数量をあらわすことば","MS","O0099",1,"O0099","m",1,628,20
"2349","MS_O0099_20_Yellow.xlsx","connecting_words","接続語","MS","O0099",0,"O0099","m",1,628,20
"2350","MS_O0099_20_Yellow.xlsx","sounds2","幼児語（その２）","MS","O0099",10,"O0099","m",1,628,20
"2351","MS_O0099_20_Yellow.xlsx","conversations","会話語","MS","O0099",1,"O0099","m",1,628,20
"2352","MS_O0099_20_Yellow.xlsx","others","その他","MS","O0099",2,"O0099","m",1,628,20
"2353","MS_O0104_21_Yellow.xlsx","sounds","幼児語","MS","O0104",6,"O0104","f",1,666,21
"2354","MS_O0104_21_Yellow.xlsx","animals","動物の名前","MS","O0104",17,"O0104","f",1,666,21
"2355","MS_O0104_21_Yellow.xlsx","vehicles","乗り物","MS","O0104",3,"O0104","f",1,666,21
"2356","MS_O0104_21_Yellow.xlsx","toys","おもちゃ","MS","O0104",2,"O0104","f",1,666,21
"2357","MS_O0104_21_Yellow.xlsx","food_drink","食べ物と飲み物","MS","O0104",24,"O0104","f",1,666,21
"2358","MS_O0104_21_Yellow.xlsx","clothing","衣類","MS","O0104",4,"O0104","f",1,666,21
"2359","MS_O0104_21_Yellow.xlsx","body_parts","体の部分","MS","O0104",11,"O0104","f",1,666,21
"2360","MS_O0104_21_Yellow.xlsx","furniture_rooms","家具と部屋","MS","O0104",2,"O0104","f",1,666,21
"2361","MS_O0104_21_Yellow.xlsx","household","小さな家庭用品","MS","O0104",3,"O0104","f",1,666,21
"2362","MS_O0104_21_Yellow.xlsx","outside","戸外のもの","MS","O0104",3,"O0104","f",1,666,21
"2363","MS_O0104_21_Yellow.xlsx","places","おでかけ","MS","O0104",1,"O0104","f",1,666,21
"2364","MS_O0104_21_Yellow.xlsx","people","人々","MS","O0104",10,"O0104","f",1,666,21
"2365","MS_O0104_21_Yellow.xlsx","games_routines","日課とあいさつ","MS","O0104",15,"O0104","f",1,666,21
"2366","MS_O0104_21_Yellow.xlsx","action_words","動作語","MS","O0104",20,"O0104","f",1,666,21
"2367","MS_O0104_21_Yellow.xlsx","time_words","時間についてのことば","MS","O0104",0,"O0104","f",1,666,21
"2368","MS_O0104_21_Yellow.xlsx","descriptive_words","ようす・性質","MS","O0104",10,"O0104","f",1,666,21
"2369","MS_O0104_21_Yellow.xlsx","pronouns","代名詞","MS","O0104",1,"O0104","f",1,666,21
"2370","MS_O0104_21_Yellow.xlsx","question_words","質問のことば","MS","O0104",0,"O0104","f",1,666,21
"2371","MS_O0104_21_Yellow.xlsx","locations","位置と場所についてのことば","MS","O0104",2,"O0104","f",1,666,21
"2372","MS_O0104_21_Yellow.xlsx","quantifiers","数量をあらわすことば","MS","O0104",4,"O0104","f",1,666,21
"2373","MS_O0104_21_Yellow.xlsx","connecting_words","接続語","MS","O0104",0,"O0104","f",1,666,21
"2374","MS_O0104_21_Yellow.xlsx","sounds2","幼児語（その２）","MS","O0104",5,"O0104","f",1,666,21
"2375","MS_O0104_21_Yellow.xlsx","conversations","会話語","MS","O0104",4,"O0104","f",1,666,21
"2376","MS_O0104_21_Yellow.xlsx","others","その他","MS","O0104",4,"O0104","f",1,666,21
"2377","MS_O0106_22_Yellow.xlsx","sounds","幼児語","MS","O0106",9,"O0106","m",1,677,22
"2378","MS_O0106_22_Yellow.xlsx","animals","動物の名前","MS","O0106",17,"O0106","m",1,677,22
"2379","MS_O0106_22_Yellow.xlsx","vehicles","乗り物","MS","O0106",5,"O0106","m",1,677,22
"2380","MS_O0106_22_Yellow.xlsx","toys","おもちゃ","MS","O0106",3,"O0106","m",1,677,22
"2381","MS_O0106_22_Yellow.xlsx","food_drink","食べ物と飲み物","MS","O0106",28,"O0106","m",1,677,22
"2382","MS_O0106_22_Yellow.xlsx","clothing","衣類","MS","O0106",9,"O0106","m",1,677,22
"2383","MS_O0106_22_Yellow.xlsx","body_parts","体の部分","MS","O0106",15,"O0106","m",1,677,22
"2384","MS_O0106_22_Yellow.xlsx","furniture_rooms","家具と部屋","MS","O0106",6,"O0106","m",1,677,22
"2385","MS_O0106_22_Yellow.xlsx","household","小さな家庭用品","MS","O0106",10,"O0106","m",1,677,22
"2386","MS_O0106_22_Yellow.xlsx","outside","戸外のもの","MS","O0106",5,"O0106","m",1,677,22
"2387","MS_O0106_22_Yellow.xlsx","places","おでかけ","MS","O0106",0,"O0106","m",1,677,22
"2388","MS_O0106_22_Yellow.xlsx","people","人々","MS","O0106",9,"O0106","m",1,677,22
"2389","MS_O0106_22_Yellow.xlsx","games_routines","日課とあいさつ","MS","O0106",21,"O0106","m",1,677,22
"2390","MS_O0106_22_Yellow.xlsx","action_words","動作語","MS","O0106",17,"O0106","m",1,677,22
"2391","MS_O0106_22_Yellow.xlsx","time_words","時間についてのことば","MS","O0106",2,"O0106","m",1,677,22
"2392","MS_O0106_22_Yellow.xlsx","descriptive_words","ようす・性質","MS","O0106",26,"O0106","m",1,677,22
"2393","MS_O0106_22_Yellow.xlsx","pronouns","代名詞","MS","O0106",6,"O0106","m",1,677,22
"2394","MS_O0106_22_Yellow.xlsx","question_words","質問のことば","MS","O0106",5,"O0106","m",1,677,22
"2395","MS_O0106_22_Yellow.xlsx","locations","位置と場所についてのことば","MS","O0106",3,"O0106","m",1,677,22
"2396","MS_O0106_22_Yellow.xlsx","quantifiers","数量をあらわすことば","MS","O0106",7,"O0106","m",1,677,22
"2397","MS_O0106_22_Yellow.xlsx","connecting_words","接続語","MS","O0106",0,"O0106","m",1,677,22
"2398","MS_O0106_22_Yellow.xlsx","sounds2","幼児語（その２）","MS","O0106",15,"O0106","m",1,677,22
"2399","MS_O0106_22_Yellow.xlsx","conversations","会話語","MS","O0106",6,"O0106","m",1,677,22
"2400","MS_O0106_22_Yellow.xlsx","others","その他","MS","O0106",7,"O0106","m",1,677,22
"2401","MS_O0108_29_Yellow.xlsx","sounds","幼児語","MS","O0108",11,"O0108","m",1,895,29
"2402","MS_O0108_29_Yellow.xlsx","animals","動物の名前","MS","O0108",43,"O0108","m",1,895,29
"2403","MS_O0108_29_Yellow.xlsx","vehicles","乗り物","MS","O0108",14,"O0108","m",1,895,29
"2404","MS_O0108_29_Yellow.xlsx","toys","おもちゃ","MS","O0108",16,"O0108","m",1,895,29
"2405","MS_O0108_29_Yellow.xlsx","food_drink","食べ物と飲み物","MS","O0108",62,"O0108","m",1,895,29
"2406","MS_O0108_29_Yellow.xlsx","clothing","衣類","MS","O0108",21,"O0108","m",1,895,29
"2407","MS_O0108_29_Yellow.xlsx","body_parts","体の部分","MS","O0108",25,"O0108","m",1,895,29
"2408","MS_O0108_29_Yellow.xlsx","furniture_rooms","家具と部屋","MS","O0108",25,"O0108","m",1,895,29
"2409","MS_O0108_29_Yellow.xlsx","household","小さな家庭用品","MS","O0108",46,"O0108","m",1,895,29
"2410","MS_O0108_29_Yellow.xlsx","outside","戸外のもの","MS","O0108",29,"O0108","m",1,895,29
"2411","MS_O0108_29_Yellow.xlsx","places","おでかけ","MS","O0108",17,"O0108","m",1,895,29
"2412","MS_O0108_29_Yellow.xlsx","people","人々","MS","O0108",28,"O0108","m",1,895,29
"2413","MS_O0108_29_Yellow.xlsx","games_routines","日課とあいさつ","MS","O0108",25,"O0108","m",1,895,29
"2414","MS_O0108_29_Yellow.xlsx","action_words","動作語","MS","O0108",103,"O0108","m",1,895,29
"2415","MS_O0108_29_Yellow.xlsx","time_words","時間についてのことば","MS","O0108",4,"O0108","m",1,895,29
"2416","MS_O0108_29_Yellow.xlsx","descriptive_words","ようす・性質","MS","O0108",58,"O0108","m",1,895,29
"2417","MS_O0108_29_Yellow.xlsx","pronouns","代名詞","MS","O0108",15,"O0108","m",1,895,29
"2418","MS_O0108_29_Yellow.xlsx","question_words","質問のことば","MS","O0108",4,"O0108","m",1,895,29
"2419","MS_O0108_29_Yellow.xlsx","locations","位置と場所についてのことば","MS","O0108",15,"O0108","m",1,895,29
"2420","MS_O0108_29_Yellow.xlsx","quantifiers","数量をあらわすことば","MS","O0108",16,"O0108","m",1,895,29
"2421","MS_O0108_29_Yellow.xlsx","connecting_words","接続語","MS","O0108",1,"O0108","m",1,895,29
"2422","MS_O0108_29_Yellow.xlsx","sounds2","幼児語（その２）","MS","O0108",28,"O0108","m",1,895,29
"2423","MS_O0108_29_Yellow.xlsx","conversations","会話語","MS","O0108",11,"O0108","m",1,895,29
"2424","MS_O0108_29_Yellow.xlsx","others","その他","MS","O0108",8,"O0108","m",1,895,29
"2425","MS_O0118_20_Yellow.xlsx","sounds","幼児語","MS","O0118",6,"O0118","f",1,626,20
"2426","MS_O0118_20_Yellow.xlsx","animals","動物の名前","MS","O0118",0,"O0118","f",1,626,20
"2427","MS_O0118_20_Yellow.xlsx","vehicles","乗り物","MS","O0118",0,"O0118","f",1,626,20
"2428","MS_O0118_20_Yellow.xlsx","toys","おもちゃ","MS","O0118",0,"O0118","f",1,626,20
"2429","MS_O0118_20_Yellow.xlsx","food_drink","食べ物と飲み物","MS","O0118",2,"O0118","f",1,626,20
"2430","MS_O0118_20_Yellow.xlsx","clothing","衣類","MS","O0118",1,"O0118","f",1,626,20
"2431","MS_O0118_20_Yellow.xlsx","body_parts","体の部分","MS","O0118",0,"O0118","f",1,626,20
"2432","MS_O0118_20_Yellow.xlsx","furniture_rooms","家具と部屋","MS","O0118",0,"O0118","f",1,626,20
"2433","MS_O0118_20_Yellow.xlsx","household","小さな家庭用品","MS","O0118",0,"O0118","f",1,626,20
"2434","MS_O0118_20_Yellow.xlsx","outside","戸外のもの","MS","O0118",0,"O0118","f",1,626,20
"2435","MS_O0118_20_Yellow.xlsx","places","おでかけ","MS","O0118",0,"O0118","f",1,626,20
"2436","MS_O0118_20_Yellow.xlsx","people","人々","MS","O0118",2,"O0118","f",1,626,20
"2437","MS_O0118_20_Yellow.xlsx","games_routines","日課とあいさつ","MS","O0118",8,"O0118","f",1,626,20
"2438","MS_O0118_20_Yellow.xlsx","action_words","動作語","MS","O0118",0,"O0118","f",1,626,20
"2439","MS_O0118_20_Yellow.xlsx","time_words","時間についてのことば","MS","O0118",0,"O0118","f",1,626,20
"2440","MS_O0118_20_Yellow.xlsx","descriptive_words","ようす・性質","MS","O0118",2,"O0118","f",1,626,20
"2441","MS_O0118_20_Yellow.xlsx","pronouns","代名詞","MS","O0118",0,"O0118","f",1,626,20
"2442","MS_O0118_20_Yellow.xlsx","question_words","質問のことば","MS","O0118",0,"O0118","f",1,626,20
"2443","MS_O0118_20_Yellow.xlsx","locations","位置と場所についてのことば","MS","O0118",0,"O0118","f",1,626,20
"2444","MS_O0118_20_Yellow.xlsx","quantifiers","数量をあらわすことば","MS","O0118",2,"O0118","f",1,626,20
"2445","MS_O0118_20_Yellow.xlsx","connecting_words","接続語","MS","O0118",0,"O0118","f",1,626,20
"2446","MS_O0118_20_Yellow.xlsx","sounds2","幼児語（その２）","MS","O0118",4,"O0118","f",1,626,20
"2447","MS_O0118_20_Yellow.xlsx","conversations","会話語","MS","O0118",2,"O0118","f",1,626,20
"2448","MS_O0118_20_Yellow.xlsx","others","その他","MS","O0118",2,"O0118","f",1,626,20
"2449","MS_O0124_20_Yellow.xlsx","sounds","幼児語","MS","O0124",7,"O0124","f",1,619,20
"2450","MS_O0124_20_Yellow.xlsx","animals","動物の名前","MS","O0124",33,"O0124","f",1,619,20
"2451","MS_O0124_20_Yellow.xlsx","vehicles","乗り物","MS","O0124",7,"O0124","f",1,619,20
"2452","MS_O0124_20_Yellow.xlsx","toys","おもちゃ","MS","O0124",3,"O0124","f",1,619,20
"2453","MS_O0124_20_Yellow.xlsx","food_drink","食べ物と飲み物","MS","O0124",34,"O0124","f",1,619,20
"2454","MS_O0124_20_Yellow.xlsx","clothing","衣類","MS","O0124",9,"O0124","f",1,619,20
"2455","MS_O0124_20_Yellow.xlsx","body_parts","体の部分","MS","O0124",15,"O0124","f",1,619,20
"2456","MS_O0124_20_Yellow.xlsx","furniture_rooms","家具と部屋","MS","O0124",10,"O0124","f",1,619,20
"2457","MS_O0124_20_Yellow.xlsx","household","小さな家庭用品","MS","O0124",30,"O0124","f",1,619,20
"2458","MS_O0124_20_Yellow.xlsx","outside","戸外のもの","MS","O0124",7,"O0124","f",1,619,20
"2459","MS_O0124_20_Yellow.xlsx","places","おでかけ","MS","O0124",4,"O0124","f",1,619,20
"2460","MS_O0124_20_Yellow.xlsx","people","人々","MS","O0124",9,"O0124","f",1,619,20
"2461","MS_O0124_20_Yellow.xlsx","games_routines","日課とあいさつ","MS","O0124",18,"O0124","f",1,619,20
"2462","MS_O0124_20_Yellow.xlsx","action_words","動作語","MS","O0124",17,"O0124","f",1,619,20
"2463","MS_O0124_20_Yellow.xlsx","time_words","時間についてのことば","MS","O0124",5,"O0124","f",1,619,20
"2464","MS_O0124_20_Yellow.xlsx","descriptive_words","ようす・性質","MS","O0124",18,"O0124","f",1,619,20
"2465","MS_O0124_20_Yellow.xlsx","pronouns","代名詞","MS","O0124",4,"O0124","f",1,619,20
"2466","MS_O0124_20_Yellow.xlsx","question_words","質問のことば","MS","O0124",0,"O0124","f",1,619,20
"2467","MS_O0124_20_Yellow.xlsx","locations","位置と場所についてのことば","MS","O0124",0,"O0124","f",1,619,20
"2468","MS_O0124_20_Yellow.xlsx","quantifiers","数量をあらわすことば","MS","O0124",9,"O0124","f",1,619,20
"2469","MS_O0124_20_Yellow.xlsx","connecting_words","接続語","MS","O0124",0,"O0124","f",1,619,20
"2470","MS_O0124_20_Yellow.xlsx","sounds2","幼児語（その２）","MS","O0124",15,"O0124","f",1,619,20
"2471","MS_O0124_20_Yellow.xlsx","conversations","会話語","MS","O0124",7,"O0124","f",1,619,20
"2472","MS_O0124_20_Yellow.xlsx","others","その他","MS","O0124",3,"O0124","f",1,619,20
"2473","MS_O0131_20_Yellow.xlsx","sounds","幼児語","MS","O0131",12,"O0131","m",1,618,20
"2474","MS_O0131_20_Yellow.xlsx","animals","動物の名前","MS","O0131",26,"O0131","m",1,618,20
"2475","MS_O0131_20_Yellow.xlsx","vehicles","乗り物","MS","O0131",7,"O0131","m",1,618,20
"2476","MS_O0131_20_Yellow.xlsx","toys","おもちゃ","MS","O0131",1,"O0131","m",1,618,20
"2477","MS_O0131_20_Yellow.xlsx","food_drink","食べ物と飲み物","MS","O0131",26,"O0131","m",1,618,20
"2478","MS_O0131_20_Yellow.xlsx","clothing","衣類","MS","O0131",3,"O0131","m",1,618,20
"2479","MS_O0131_20_Yellow.xlsx","body_parts","体の部分","MS","O0131",10,"O0131","m",1,618,20
"2480","MS_O0131_20_Yellow.xlsx","furniture_rooms","家具と部屋","MS","O0131",1,"O0131","m",1,618,20
"2481","MS_O0131_20_Yellow.xlsx","household","小さな家庭用品","MS","O0131",2,"O0131","m",1,618,20
"2482","MS_O0131_20_Yellow.xlsx","outside","戸外のもの","MS","O0131",2,"O0131","m",1,618,20
"2483","MS_O0131_20_Yellow.xlsx","places","おでかけ","MS","O0131",0,"O0131","m",1,618,20
"2484","MS_O0131_20_Yellow.xlsx","people","人々","MS","O0131",9,"O0131","m",1,618,20
"2485","MS_O0131_20_Yellow.xlsx","games_routines","日課とあいさつ","MS","O0131",18,"O0131","m",1,618,20
"2486","MS_O0131_20_Yellow.xlsx","action_words","動作語","MS","O0131",9,"O0131","m",1,618,20
"2487","MS_O0131_20_Yellow.xlsx","time_words","時間についてのことば","MS","O0131",0,"O0131","m",1,618,20
"2488","MS_O0131_20_Yellow.xlsx","descriptive_words","ようす・性質","MS","O0131",7,"O0131","m",1,618,20
"2489","MS_O0131_20_Yellow.xlsx","pronouns","代名詞","MS","O0131",2,"O0131","m",1,618,20
"2490","MS_O0131_20_Yellow.xlsx","question_words","質問のことば","MS","O0131",2,"O0131","m",1,618,20
"2491","MS_O0131_20_Yellow.xlsx","locations","位置と場所についてのことば","MS","O0131",0,"O0131","m",1,618,20
"2492","MS_O0131_20_Yellow.xlsx","quantifiers","数量をあらわすことば","MS","O0131",4,"O0131","m",1,618,20
"2493","MS_O0131_20_Yellow.xlsx","connecting_words","接続語","MS","O0131",0,"O0131","m",1,618,20
"2494","MS_O0131_20_Yellow.xlsx","sounds2","幼児語（その２）","MS","O0131",19,"O0131","m",1,618,20
"2495","MS_O0131_20_Yellow.xlsx","conversations","会話語","MS","O0131",10,"O0131","m",1,618,20
"2496","MS_O0131_20_Yellow.xlsx","others","その他","MS","O0131",4,"O0131","m",1,618,20
"2497","MS_O0134_20_Yellow.xlsx","sounds","幼児語","MS","O0134",7,"O0134","m",1,615,20
"2498","MS_O0134_20_Yellow.xlsx","animals","動物の名前","MS","O0134",15,"O0134","m",1,615,20
"2499","MS_O0134_20_Yellow.xlsx","vehicles","乗り物","MS","O0134",7,"O0134","m",1,615,20
"2500","MS_O0134_20_Yellow.xlsx","toys","おもちゃ","MS","O0134",4,"O0134","m",1,615,20
"2501","MS_O0134_20_Yellow.xlsx","food_drink","食べ物と飲み物","MS","O0134",29,"O0134","m",1,615,20
"2502","MS_O0134_20_Yellow.xlsx","clothing","衣類","MS","O0134",8,"O0134","m",1,615,20
"2503","MS_O0134_20_Yellow.xlsx","body_parts","体の部分","MS","O0134",15,"O0134","m",1,615,20
"2504","MS_O0134_20_Yellow.xlsx","furniture_rooms","家具と部屋","MS","O0134",3,"O0134","m",1,615,20
"2505","MS_O0134_20_Yellow.xlsx","household","小さな家庭用品","MS","O0134",11,"O0134","m",1,615,20
"2506","MS_O0134_20_Yellow.xlsx","outside","戸外のもの","MS","O0134",5,"O0134","m",1,615,20
"2507","MS_O0134_20_Yellow.xlsx","places","おでかけ","MS","O0134",4,"O0134","m",1,615,20
"2508","MS_O0134_20_Yellow.xlsx","people","人々","MS","O0134",6,"O0134","m",1,615,20
"2509","MS_O0134_20_Yellow.xlsx","games_routines","日課とあいさつ","MS","O0134",11,"O0134","m",1,615,20
"2510","MS_O0134_20_Yellow.xlsx","action_words","動作語","MS","O0134",18,"O0134","m",1,615,20
"2511","MS_O0134_20_Yellow.xlsx","time_words","時間についてのことば","MS","O0134",0,"O0134","m",1,615,20
"2512","MS_O0134_20_Yellow.xlsx","descriptive_words","ようす・性質","MS","O0134",10,"O0134","m",1,615,20
"2513","MS_O0134_20_Yellow.xlsx","pronouns","代名詞","MS","O0134",1,"O0134","m",1,615,20
"2514","MS_O0134_20_Yellow.xlsx","question_words","質問のことば","MS","O0134",1,"O0134","m",1,615,20
"2515","MS_O0134_20_Yellow.xlsx","locations","位置と場所についてのことば","MS","O0134",2,"O0134","m",1,615,20
"2516","MS_O0134_20_Yellow.xlsx","quantifiers","数量をあらわすことば","MS","O0134",4,"O0134","m",1,615,20
"2517","MS_O0134_20_Yellow.xlsx","connecting_words","接続語","MS","O0134",0,"O0134","m",1,615,20
"2518","MS_O0134_20_Yellow.xlsx","sounds2","幼児語（その２）","MS","O0134",11,"O0134","m",1,615,20
"2519","MS_O0134_20_Yellow.xlsx","conversations","会話語","MS","O0134",2,"O0134","m",1,615,20
"2520","MS_O0134_20_Yellow.xlsx","others","その他","MS","O0134",2,"O0134","m",1,615,20
"2521","MS_O0146_28_Yellow.xlsx","sounds","幼児語","MS","O0146",6,"O0146","f",1,856,28
"2522","MS_O0146_28_Yellow.xlsx","animals","動物の名前","MS","O0146",39,"O0146","f",1,856,28
"2523","MS_O0146_28_Yellow.xlsx","vehicles","乗り物","MS","O0146",12,"O0146","f",1,856,28
"2524","MS_O0146_28_Yellow.xlsx","toys","おもちゃ","MS","O0146",16,"O0146","f",1,856,28
"2525","MS_O0146_28_Yellow.xlsx","food_drink","食べ物と飲み物","MS","O0146",61,"O0146","f",1,856,28
"2526","MS_O0146_28_Yellow.xlsx","clothing","衣類","MS","O0146",23,"O0146","f",1,856,28
"2527","MS_O0146_28_Yellow.xlsx","body_parts","体の部分","MS","O0146",25,"O0146","f",1,856,28
"2528","MS_O0146_28_Yellow.xlsx","furniture_rooms","家具と部屋","MS","O0146",25,"O0146","f",1,856,28
"2529","MS_O0146_28_Yellow.xlsx","household","小さな家庭用品","MS","O0146",42,"O0146","f",1,856,28
"2530","MS_O0146_28_Yellow.xlsx","outside","戸外のもの","MS","O0146",26,"O0146","f",1,856,28
"2531","MS_O0146_28_Yellow.xlsx","places","おでかけ","MS","O0146",16,"O0146","f",1,856,28
"2532","MS_O0146_28_Yellow.xlsx","people","人々","MS","O0146",21,"O0146","f",1,856,28
"2533","MS_O0146_28_Yellow.xlsx","games_routines","日課とあいさつ","MS","O0146",25,"O0146","f",1,856,28
"2534","MS_O0146_28_Yellow.xlsx","action_words","動作語","MS","O0146",101,"O0146","f",1,856,28
"2535","MS_O0146_28_Yellow.xlsx","time_words","時間についてのことば","MS","O0146",9,"O0146","f",1,856,28
"2536","MS_O0146_28_Yellow.xlsx","descriptive_words","ようす・性質","MS","O0146",61,"O0146","f",1,856,28
"2537","MS_O0146_28_Yellow.xlsx","pronouns","代名詞","MS","O0146",21,"O0146","f",1,856,28
"2538","MS_O0146_28_Yellow.xlsx","question_words","質問のことば","MS","O0146",9,"O0146","f",1,856,28
"2539","MS_O0146_28_Yellow.xlsx","locations","位置と場所についてのことば","MS","O0146",20,"O0146","f",1,856,28
"2540","MS_O0146_28_Yellow.xlsx","quantifiers","数量をあらわすことば","MS","O0146",17,"O0146","f",1,856,28
"2541","MS_O0146_28_Yellow.xlsx","connecting_words","接続語","MS","O0146",4,"O0146","f",1,856,28
"2542","MS_O0146_28_Yellow.xlsx","sounds2","幼児語（その２）","MS","O0146",18,"O0146","f",1,856,28
"2543","MS_O0146_28_Yellow.xlsx","conversations","会話語","MS","O0146",14,"O0146","f",1,856,28
"2544","MS_O0146_28_Yellow.xlsx","others","その他","MS","O0146",9,"O0146","f",1,856,28
"2545","MS_O0153_20_Yellow.xlsx","sounds","幼児語","MS","O0153",5,"O0153","f",1,624,20
"2546","MS_O0153_20_Yellow.xlsx","animals","動物の名前","MS","O0153",2,"O0153","f",1,624,20
"2547","MS_O0153_20_Yellow.xlsx","vehicles","乗り物","MS","O0153",1,"O0153","f",1,624,20
"2548","MS_O0153_20_Yellow.xlsx","toys","おもちゃ","MS","O0153",0,"O0153","f",1,624,20
"2549","MS_O0153_20_Yellow.xlsx","food_drink","食べ物と飲み物","MS","O0153",4,"O0153","f",1,624,20
"2550","MS_O0153_20_Yellow.xlsx","clothing","衣類","MS","O0153",6,"O0153","f",1,624,20
"2551","MS_O0153_20_Yellow.xlsx","body_parts","体の部分","MS","O0153",3,"O0153","f",1,624,20
"2552","MS_O0153_20_Yellow.xlsx","furniture_rooms","家具と部屋","MS","O0153",0,"O0153","f",1,624,20
"2553","MS_O0153_20_Yellow.xlsx","household","小さな家庭用品","MS","O0153",0,"O0153","f",1,624,20
"2554","MS_O0153_20_Yellow.xlsx","outside","戸外のもの","MS","O0153",1,"O0153","f",1,624,20
"2555","MS_O0153_20_Yellow.xlsx","places","おでかけ","MS","O0153",2,"O0153","f",1,624,20
"2556","MS_O0153_20_Yellow.xlsx","people","人々","MS","O0153",7,"O0153","f",1,624,20
"2557","MS_O0153_20_Yellow.xlsx","games_routines","日課とあいさつ","MS","O0153",11,"O0153","f",1,624,20
"2558","MS_O0153_20_Yellow.xlsx","action_words","動作語","MS","O0153",4,"O0153","f",1,624,20
"2559","MS_O0153_20_Yellow.xlsx","time_words","時間についてのことば","MS","O0153",0,"O0153","f",1,624,20
"2560","MS_O0153_20_Yellow.xlsx","descriptive_words","ようす・性質","MS","O0153",1,"O0153","f",1,624,20
"2561","MS_O0153_20_Yellow.xlsx","pronouns","代名詞","MS","O0153",0,"O0153","f",1,624,20
"2562","MS_O0153_20_Yellow.xlsx","question_words","質問のことば","MS","O0153",0,"O0153","f",1,624,20
"2563","MS_O0153_20_Yellow.xlsx","locations","位置と場所についてのことば","MS","O0153",0,"O0153","f",1,624,20
"2564","MS_O0153_20_Yellow.xlsx","quantifiers","数量をあらわすことば","MS","O0153",1,"O0153","f",1,624,20
"2565","MS_O0153_20_Yellow.xlsx","connecting_words","接続語","MS","O0153",0,"O0153","f",1,624,20
"2566","MS_O0153_20_Yellow.xlsx","sounds2","幼児語（その２）","MS","O0153",7,"O0153","f",1,624,20
"2567","MS_O0153_20_Yellow.xlsx","conversations","会話語","MS","O0153",2,"O0153","f",1,624,20
"2568","MS_O0153_20_Yellow.xlsx","others","その他","MS","O0153",3,"O0153","f",1,624,20
"2569","MS_O0163_21_Yellow.xlsx","sounds","幼児語","MS","O0163",10,"O0163","m",1,642,21
"2570","MS_O0163_21_Yellow.xlsx","animals","動物の名前","MS","O0163",35,"O0163","m",1,642,21
"2571","MS_O0163_21_Yellow.xlsx","vehicles","乗り物","MS","O0163",10,"O0163","m",1,642,21
"2572","MS_O0163_21_Yellow.xlsx","toys","おもちゃ","MS","O0163",3,"O0163","m",1,642,21
"2573","MS_O0163_21_Yellow.xlsx","food_drink","食べ物と飲み物","MS","O0163",27,"O0163","m",1,642,21
"2574","MS_O0163_21_Yellow.xlsx","clothing","衣類","MS","O0163",5,"O0163","m",1,642,21
"2575","MS_O0163_21_Yellow.xlsx","body_parts","体の部分","MS","O0163",6,"O0163","m",1,642,21
"2576","MS_O0163_21_Yellow.xlsx","furniture_rooms","家具と部屋","MS","O0163",4,"O0163","m",1,642,21
"2577","MS_O0163_21_Yellow.xlsx","household","小さな家庭用品","MS","O0163",8,"O0163","m",1,642,21
"2578","MS_O0163_21_Yellow.xlsx","outside","戸外のもの","MS","O0163",6,"O0163","m",1,642,21
"2579","MS_O0163_21_Yellow.xlsx","places","おでかけ","MS","O0163",3,"O0163","m",1,642,21
"2580","MS_O0163_21_Yellow.xlsx","people","人々","MS","O0163",6,"O0163","m",1,642,21
"2581","MS_O0163_21_Yellow.xlsx","games_routines","日課とあいさつ","MS","O0163",12,"O0163","m",1,642,21
"2582","MS_O0163_21_Yellow.xlsx","action_words","動作語","MS","O0163",12,"O0163","m",1,642,21
"2583","MS_O0163_21_Yellow.xlsx","time_words","時間についてのことば","MS","O0163",0,"O0163","m",1,642,21
"2584","MS_O0163_21_Yellow.xlsx","descriptive_words","ようす・性質","MS","O0163",14,"O0163","m",1,642,21
"2585","MS_O0163_21_Yellow.xlsx","pronouns","代名詞","MS","O0163",2,"O0163","m",1,642,21
"2586","MS_O0163_21_Yellow.xlsx","question_words","質問のことば","MS","O0163",0,"O0163","m",1,642,21
"2587","MS_O0163_21_Yellow.xlsx","locations","位置と場所についてのことば","MS","O0163",0,"O0163","m",1,642,21
"2588","MS_O0163_21_Yellow.xlsx","quantifiers","数量をあらわすことば","MS","O0163",6,"O0163","m",1,642,21
"2589","MS_O0163_21_Yellow.xlsx","connecting_words","接続語","MS","O0163",0,"O0163","m",1,642,21
"2590","MS_O0163_21_Yellow.xlsx","sounds2","幼児語（その２）","MS","O0163",21,"O0163","m",1,642,21
"2591","MS_O0163_21_Yellow.xlsx","conversations","会話語","MS","O0163",8,"O0163","m",1,642,21
"2592","MS_O0163_21_Yellow.xlsx","others","その他","MS","O0163",4,"O0163","m",1,642,21
"2593","MS_O0168_19_Yellow.xlsx","sounds","幼児語","MS","O0168",3,"O0168","f",1,606,19
"2594","MS_O0168_19_Yellow.xlsx","animals","動物の名前","MS","O0168",0,"O0168","f",1,606,19
"2595","MS_O0168_19_Yellow.xlsx","vehicles","乗り物","MS","O0168",0,"O0168","f",1,606,19
"2596","MS_O0168_19_Yellow.xlsx","toys","おもちゃ","MS","O0168",0,"O0168","f",1,606,19
"2597","MS_O0168_19_Yellow.xlsx","food_drink","食べ物と飲み物","MS","O0168",0,"O0168","f",1,606,19
"2598","MS_O0168_19_Yellow.xlsx","clothing","衣類","MS","O0168",0,"O0168","f",1,606,19
"2599","MS_O0168_19_Yellow.xlsx","body_parts","体の部分","MS","O0168",0,"O0168","f",1,606,19
"2600","MS_O0168_19_Yellow.xlsx","furniture_rooms","家具と部屋","MS","O0168",0,"O0168","f",1,606,19
"2601","MS_O0168_19_Yellow.xlsx","household","小さな家庭用品","MS","O0168",0,"O0168","f",1,606,19
"2602","MS_O0168_19_Yellow.xlsx","outside","戸外のもの","MS","O0168",0,"O0168","f",1,606,19
"2603","MS_O0168_19_Yellow.xlsx","places","おでかけ","MS","O0168",0,"O0168","f",1,606,19
"2604","MS_O0168_19_Yellow.xlsx","people","人々","MS","O0168",4,"O0168","f",1,606,19
"2605","MS_O0168_19_Yellow.xlsx","games_routines","日課とあいさつ","MS","O0168",3,"O0168","f",1,606,19
"2606","MS_O0168_19_Yellow.xlsx","action_words","動作語","MS","O0168",1,"O0168","f",1,606,19
"2607","MS_O0168_19_Yellow.xlsx","time_words","時間についてのことば","MS","O0168",0,"O0168","f",1,606,19
"2608","MS_O0168_19_Yellow.xlsx","descriptive_words","ようす・性質","MS","O0168",0,"O0168","f",1,606,19
"2609","MS_O0168_19_Yellow.xlsx","pronouns","代名詞","MS","O0168",0,"O0168","f",1,606,19
"2610","MS_O0168_19_Yellow.xlsx","question_words","質問のことば","MS","O0168",0,"O0168","f",1,606,19
"2611","MS_O0168_19_Yellow.xlsx","locations","位置と場所についてのことば","MS","O0168",0,"O0168","f",1,606,19
"2612","MS_O0168_19_Yellow.xlsx","quantifiers","数量をあらわすことば","MS","O0168",0,"O0168","f",1,606,19
"2613","MS_O0168_19_Yellow.xlsx","connecting_words","接続語","MS","O0168",0,"O0168","f",1,606,19
"2614","MS_O0168_19_Yellow.xlsx","sounds2","幼児語（その２）","MS","O0168",2,"O0168","f",1,606,19
"2615","MS_O0168_19_Yellow.xlsx","conversations","会話語","MS","O0168",1,"O0168","f",1,606,19
"2616","MS_O0168_19_Yellow.xlsx","others","その他","MS","O0168",1,"O0168","f",1,606,19
"2617","MS_O0169_21_Yellow.xlsx","sounds","幼児語","MS","O0169",9,"O0169","f",1,650,21
"2618","MS_O0169_21_Yellow.xlsx","animals","動物の名前","MS","O0169",4,"O0169","f",1,650,21
"2619","MS_O0169_21_Yellow.xlsx","vehicles","乗り物","MS","O0169",2,"O0169","f",1,650,21
"2620","MS_O0169_21_Yellow.xlsx","toys","おもちゃ","MS","O0169",1,"O0169","f",1,650,21
"2621","MS_O0169_21_Yellow.xlsx","food_drink","食べ物と飲み物","MS","O0169",13,"O0169","f",1,650,21
"2622","MS_O0169_21_Yellow.xlsx","clothing","衣類","MS","O0169",0,"O0169","f",1,650,21
"2623","MS_O0169_21_Yellow.xlsx","body_parts","体の部分","MS","O0169",3,"O0169","f",1,650,21
"2624","MS_O0169_21_Yellow.xlsx","furniture_rooms","家具と部屋","MS","O0169",0,"O0169","f",1,650,21
"2625","MS_O0169_21_Yellow.xlsx","household","小さな家庭用品","MS","O0169",0,"O0169","f",1,650,21
"2626","MS_O0169_21_Yellow.xlsx","outside","戸外のもの","MS","O0169",4,"O0169","f",1,650,21
"2627","MS_O0169_21_Yellow.xlsx","places","おでかけ","MS","O0169",0,"O0169","f",1,650,21
"2628","MS_O0169_21_Yellow.xlsx","people","人々","MS","O0169",4,"O0169","f",1,650,21
"2629","MS_O0169_21_Yellow.xlsx","games_routines","日課とあいさつ","MS","O0169",11,"O0169","f",1,650,21
"2630","MS_O0169_21_Yellow.xlsx","action_words","動作語","MS","O0169",4,"O0169","f",1,650,21
"2631","MS_O0169_21_Yellow.xlsx","time_words","時間についてのことば","MS","O0169",0,"O0169","f",1,650,21
"2632","MS_O0169_21_Yellow.xlsx","descriptive_words","ようす・性質","MS","O0169",7,"O0169","f",1,650,21
"2633","MS_O0169_21_Yellow.xlsx","pronouns","代名詞","MS","O0169",3,"O0169","f",1,650,21
"2634","MS_O0169_21_Yellow.xlsx","question_words","質問のことば","MS","O0169",1,"O0169","f",1,650,21
"2635","MS_O0169_21_Yellow.xlsx","locations","位置と場所についてのことば","MS","O0169",0,"O0169","f",1,650,21
"2636","MS_O0169_21_Yellow.xlsx","quantifiers","数量をあらわすことば","MS","O0169",0,"O0169","f",1,650,21
"2637","MS_O0169_21_Yellow.xlsx","connecting_words","接続語","MS","O0169",0,"O0169","f",1,650,21
"2638","MS_O0169_21_Yellow.xlsx","sounds2","幼児語（その２）","MS","O0169",8,"O0169","f",1,650,21
"2639","MS_O0169_21_Yellow.xlsx","conversations","会話語","MS","O0169",6,"O0169","f",1,650,21
"2640","MS_O0169_21_Yellow.xlsx","others","その他","MS","O0169",3,"O0169","f",1,650,21
"2641","MS_O0172_21_Yellow.xlsx","sounds","幼児語","MS","O0172",7,"O0172","m",1,656,21
"2642","MS_O0172_21_Yellow.xlsx","animals","動物の名前","MS","O0172",4,"O0172","m",1,656,21
"2643","MS_O0172_21_Yellow.xlsx","vehicles","乗り物","MS","O0172",4,"O0172","m",1,656,21
"2644","MS_O0172_21_Yellow.xlsx","toys","おもちゃ","MS","O0172",0,"O0172","m",1,656,21
"2645","MS_O0172_21_Yellow.xlsx","food_drink","食べ物と飲み物","MS","O0172",6,"O0172","m",1,656,21
"2646","MS_O0172_21_Yellow.xlsx","clothing","衣類","MS","O0172",0,"O0172","m",1,656,21
"2647","MS_O0172_21_Yellow.xlsx","body_parts","体の部分","MS","O0172",2,"O0172","m",1,656,21
"2648","MS_O0172_21_Yellow.xlsx","furniture_rooms","家具と部屋","MS","O0172",1,"O0172","m",1,656,21
"2649","MS_O0172_21_Yellow.xlsx","household","小さな家庭用品","MS","O0172",2,"O0172","m",1,656,21
"2650","MS_O0172_21_Yellow.xlsx","outside","戸外のもの","MS","O0172",3,"O0172","m",1,656,21
"2651","MS_O0172_21_Yellow.xlsx","places","おでかけ","MS","O0172",0,"O0172","m",1,656,21
"2652","MS_O0172_21_Yellow.xlsx","people","人々","MS","O0172",4,"O0172","m",1,656,21
"2653","MS_O0172_21_Yellow.xlsx","games_routines","日課とあいさつ","MS","O0172",7,"O0172","m",1,656,21
"2654","MS_O0172_21_Yellow.xlsx","action_words","動作語","MS","O0172",1,"O0172","m",1,656,21
"2655","MS_O0172_21_Yellow.xlsx","time_words","時間についてのことば","MS","O0172",0,"O0172","m",1,656,21
"2656","MS_O0172_21_Yellow.xlsx","descriptive_words","ようす・性質","MS","O0172",8,"O0172","m",1,656,21
"2657","MS_O0172_21_Yellow.xlsx","pronouns","代名詞","MS","O0172",1,"O0172","m",1,656,21
"2658","MS_O0172_21_Yellow.xlsx","question_words","質問のことば","MS","O0172",0,"O0172","m",1,656,21
"2659","MS_O0172_21_Yellow.xlsx","locations","位置と場所についてのことば","MS","O0172",0,"O0172","m",1,656,21
"2660","MS_O0172_21_Yellow.xlsx","quantifiers","数量をあらわすことば","MS","O0172",2,"O0172","m",1,656,21
"2661","MS_O0172_21_Yellow.xlsx","connecting_words","接続語","MS","O0172",0,"O0172","m",1,656,21
"2662","MS_O0172_21_Yellow.xlsx","sounds2","幼児語（その２）","MS","O0172",15,"O0172","m",1,656,21
"2663","MS_O0172_21_Yellow.xlsx","conversations","会話語","MS","O0172",6,"O0172","m",1,656,21
"2664","MS_O0172_21_Yellow.xlsx","others","その他","MS","O0172",3,"O0172","m",1,656,21
"2665","MS_O0175_21_Yellow.xlsx","sounds","幼児語","MS","O0175",9,"O0175","m",1,669,21
"2666","MS_O0175_21_Yellow.xlsx","animals","動物の名前","MS","O0175",13,"O0175","m",1,669,21
"2667","MS_O0175_21_Yellow.xlsx","vehicles","乗り物","MS","O0175",11,"O0175","m",1,669,21
"2668","MS_O0175_21_Yellow.xlsx","toys","おもちゃ","MS","O0175",4,"O0175","m",1,669,21
"2669","MS_O0175_21_Yellow.xlsx","food_drink","食べ物と飲み物","MS","O0175",27,"O0175","m",1,669,21
"2670","MS_O0175_21_Yellow.xlsx","clothing","衣類","MS","O0175",7,"O0175","m",1,669,21
"2671","MS_O0175_21_Yellow.xlsx","body_parts","体の部分","MS","O0175",18,"O0175","m",1,669,21
"2672","MS_O0175_21_Yellow.xlsx","furniture_rooms","家具と部屋","MS","O0175",5,"O0175","m",1,669,21
"2673","MS_O0175_21_Yellow.xlsx","household","小さな家庭用品","MS","O0175",15,"O0175","m",1,669,21
"2674","MS_O0175_21_Yellow.xlsx","outside","戸外のもの","MS","O0175",9,"O0175","m",1,669,21
"2675","MS_O0175_21_Yellow.xlsx","places","おでかけ","MS","O0175",3,"O0175","m",1,669,21
"2676","MS_O0175_21_Yellow.xlsx","people","人々","MS","O0175",5,"O0175","m",1,669,21
"2677","MS_O0175_21_Yellow.xlsx","games_routines","日課とあいさつ","MS","O0175",16,"O0175","m",1,669,21
"2678","MS_O0175_21_Yellow.xlsx","action_words","動作語","MS","O0175",8,"O0175","m",1,669,21
"2679","MS_O0175_21_Yellow.xlsx","time_words","時間についてのことば","MS","O0175",0,"O0175","m",1,669,21
"2680","MS_O0175_21_Yellow.xlsx","descriptive_words","ようす・性質","MS","O0175",22,"O0175","m",1,669,21
"2681","MS_O0175_21_Yellow.xlsx","pronouns","代名詞","MS","O0175",2,"O0175","m",1,669,21
"2682","MS_O0175_21_Yellow.xlsx","question_words","質問のことば","MS","O0175",2,"O0175","m",1,669,21
"2683","MS_O0175_21_Yellow.xlsx","locations","位置と場所についてのことば","MS","O0175",1,"O0175","m",1,669,21
"2684","MS_O0175_21_Yellow.xlsx","quantifiers","数量をあらわすことば","MS","O0175",3,"O0175","m",1,669,21
"2685","MS_O0175_21_Yellow.xlsx","connecting_words","接続語","MS","O0175",0,"O0175","m",1,669,21
"2686","MS_O0175_21_Yellow.xlsx","sounds2","幼児語（その２）","MS","O0175",4,"O0175","m",1,669,21
"2687","MS_O0175_21_Yellow.xlsx","conversations","会話語","MS","O0175",5,"O0175","m",1,669,21
"2688","MS_O0175_21_Yellow.xlsx","others","その他","MS","O0175",5,"O0175","m",1,669,21
"2689","MS_O0176_20_Yellow.xlsx","sounds","幼児語","MS","O0176",0,"O0176","m",0,626,20
"2690","MS_O0176_20_Yellow.xlsx","animals","動物の名前","MS","O0176",4,"O0176","m",0,626,20
"2691","MS_O0176_20_Yellow.xlsx","vehicles","乗り物","MS","O0176",0,"O0176","m",0,626,20
"2692","MS_O0176_20_Yellow.xlsx","toys","おもちゃ","MS","O0176",2,"O0176","m",0,626,20
"2693","MS_O0176_20_Yellow.xlsx","food_drink","食べ物と飲み物","MS","O0176",2,"O0176","m",0,626,20
"2694","MS_O0176_20_Yellow.xlsx","clothing","衣類","MS","O0176",0,"O0176","m",0,626,20
"2695","MS_O0176_20_Yellow.xlsx","body_parts","体の部分","MS","O0176",0,"O0176","m",0,626,20
"2696","MS_O0176_20_Yellow.xlsx","furniture_rooms","家具と部屋","MS","O0176",0,"O0176","m",0,626,20
"2697","MS_O0176_20_Yellow.xlsx","household","小さな家庭用品","MS","O0176",0,"O0176","m",0,626,20
"2698","MS_O0176_20_Yellow.xlsx","outside","戸外のもの","MS","O0176",1,"O0176","m",0,626,20
"2699","MS_O0176_20_Yellow.xlsx","places","おでかけ","MS","O0176",0,"O0176","m",0,626,20
"2700","MS_O0176_20_Yellow.xlsx","people","人々","MS","O0176",3,"O0176","m",0,626,20
"2701","MS_O0176_20_Yellow.xlsx","games_routines","日課とあいさつ","MS","O0176",2,"O0176","m",0,626,20
"2702","MS_O0176_20_Yellow.xlsx","action_words","動作語","MS","O0176",0,"O0176","m",0,626,20
"2703","MS_O0176_20_Yellow.xlsx","time_words","時間についてのことば","MS","O0176",0,"O0176","m",0,626,20
"2704","MS_O0176_20_Yellow.xlsx","descriptive_words","ようす・性質","MS","O0176",2,"O0176","m",0,626,20
"2705","MS_O0176_20_Yellow.xlsx","pronouns","代名詞","MS","O0176",0,"O0176","m",0,626,20
"2706","MS_O0176_20_Yellow.xlsx","question_words","質問のことば","MS","O0176",0,"O0176","m",0,626,20
"2707","MS_O0176_20_Yellow.xlsx","locations","位置と場所についてのことば","MS","O0176",0,"O0176","m",0,626,20
"2708","MS_O0176_20_Yellow.xlsx","quantifiers","数量をあらわすことば","MS","O0176",1,"O0176","m",0,626,20
"2709","MS_O0176_20_Yellow.xlsx","connecting_words","接続語","MS","O0176",0,"O0176","m",0,626,20
"2710","MS_O0176_20_Yellow.xlsx","sounds2","幼児語（その２）","MS","O0176",1,"O0176","m",0,626,20
"2711","MS_O0176_20_Yellow.xlsx","conversations","会話語","MS","O0176",1,"O0176","m",0,626,20
"2712","MS_O0176_20_Yellow.xlsx","others","その他","MS","O0176",1,"O0176","m",0,626,20
"2713","MS_O0179_20_Yellow.xlsx","sounds","幼児語","MS","O0179",7,"O0179","f",1,617,20
"2714","MS_O0179_20_Yellow.xlsx","animals","動物の名前","MS","O0179",21,"O0179","f",1,617,20
"2715","MS_O0179_20_Yellow.xlsx","vehicles","乗り物","MS","O0179",7,"O0179","f",1,617,20
"2716","MS_O0179_20_Yellow.xlsx","toys","おもちゃ","MS","O0179",11,"O0179","f",1,617,20
"2717","MS_O0179_20_Yellow.xlsx","food_drink","食べ物と飲み物","MS","O0179",22,"O0179","f",1,617,20
"2718","MS_O0179_20_Yellow.xlsx","clothing","衣類","MS","O0179",2,"O0179","f",1,617,20
"2719","MS_O0179_20_Yellow.xlsx","body_parts","体の部分","MS","O0179",20,"O0179","f",1,617,20
"2720","MS_O0179_20_Yellow.xlsx","furniture_rooms","家具と部屋","MS","O0179",10,"O0179","f",1,617,20
"2721","MS_O0179_20_Yellow.xlsx","household","小さな家庭用品","MS","O0179",15,"O0179","f",1,617,20
"2722","MS_O0179_20_Yellow.xlsx","outside","戸外のもの","MS","O0179",14,"O0179","f",1,617,20
"2723","MS_O0179_20_Yellow.xlsx","places","おでかけ","MS","O0179",5,"O0179","f",1,617,20
"2724","MS_O0179_20_Yellow.xlsx","people","人々","MS","O0179",6,"O0179","f",1,617,20
"2725","MS_O0179_20_Yellow.xlsx","games_routines","日課とあいさつ","MS","O0179",8,"O0179","f",1,617,20
"2726","MS_O0179_20_Yellow.xlsx","action_words","動作語","MS","O0179",11,"O0179","f",1,617,20
"2727","MS_O0179_20_Yellow.xlsx","time_words","時間についてのことば","MS","O0179",0,"O0179","f",1,617,20
"2728","MS_O0179_20_Yellow.xlsx","descriptive_words","ようす・性質","MS","O0179",13,"O0179","f",1,617,20
"2729","MS_O0179_20_Yellow.xlsx","pronouns","代名詞","MS","O0179",5,"O0179","f",1,617,20
"2730","MS_O0179_20_Yellow.xlsx","question_words","質問のことば","MS","O0179",0,"O0179","f",1,617,20
"2731","MS_O0179_20_Yellow.xlsx","locations","位置と場所についてのことば","MS","O0179",1,"O0179","f",1,617,20
"2732","MS_O0179_20_Yellow.xlsx","quantifiers","数量をあらわすことば","MS","O0179",4,"O0179","f",1,617,20
"2733","MS_O0179_20_Yellow.xlsx","connecting_words","接続語","MS","O0179",0,"O0179","f",1,617,20
"2734","MS_O0179_20_Yellow.xlsx","sounds2","幼児語（その２）","MS","O0179",21,"O0179","f",1,617,20
"2735","MS_O0179_20_Yellow.xlsx","conversations","会話語","MS","O0179",7,"O0179","f",1,617,20
"2736","MS_O0179_20_Yellow.xlsx","others","その他","MS","O0179",3,"O0179","f",1,617,20
"2737","MS_O0188_29_Yellow.xlsx","sounds","幼児語","MS","O0188",9,"O0188","m",1,910,29
"2738","MS_O0188_29_Yellow.xlsx","animals","動物の名前","MS","O0188",24,"O0188","m",1,910,29
"2739","MS_O0188_29_Yellow.xlsx","vehicles","乗り物","MS","O0188",12,"O0188","m",1,910,29
"2740","MS_O0188_29_Yellow.xlsx","toys","おもちゃ","MS","O0188",13,"O0188","m",1,910,29
"2741","MS_O0188_29_Yellow.xlsx","food_drink","食べ物と飲み物","MS","O0188",55,"O0188","m",1,910,29
"2742","MS_O0188_29_Yellow.xlsx","clothing","衣類","MS","O0188",13,"O0188","m",1,910,29
"2743","MS_O0188_29_Yellow.xlsx","body_parts","体の部分","MS","O0188",27,"O0188","m",1,910,29
"2744","MS_O0188_29_Yellow.xlsx","furniture_rooms","家具と部屋","MS","O0188",6,"O0188","m",1,910,29
"2745","MS_O0188_29_Yellow.xlsx","household","小さな家庭用品","MS","O0188",18,"O0188","m",1,910,29
"2746","MS_O0188_29_Yellow.xlsx","outside","戸外のもの","MS","O0188",9,"O0188","m",1,910,29
"2747","MS_O0188_29_Yellow.xlsx","places","おでかけ","MS","O0188",3,"O0188","m",1,910,29
"2748","MS_O0188_29_Yellow.xlsx","people","人々","MS","O0188",9,"O0188","m",1,910,29
"2749","MS_O0188_29_Yellow.xlsx","games_routines","日課とあいさつ","MS","O0188",10,"O0188","m",1,910,29
"2750","MS_O0188_29_Yellow.xlsx","action_words","動作語","MS","O0188",8,"O0188","m",1,910,29
"2751","MS_O0188_29_Yellow.xlsx","time_words","時間についてのことば","MS","O0188",2,"O0188","m",1,910,29
"2752","MS_O0188_29_Yellow.xlsx","descriptive_words","ようす・性質","MS","O0188",15,"O0188","m",1,910,29
"2753","MS_O0188_29_Yellow.xlsx","pronouns","代名詞","MS","O0188",3,"O0188","m",1,910,29
"2754","MS_O0188_29_Yellow.xlsx","question_words","質問のことば","MS","O0188",0,"O0188","m",1,910,29
"2755","MS_O0188_29_Yellow.xlsx","locations","位置と場所についてのことば","MS","O0188",4,"O0188","m",1,910,29
"2756","MS_O0188_29_Yellow.xlsx","quantifiers","数量をあらわすことば","MS","O0188",5,"O0188","m",1,910,29
"2757","MS_O0188_29_Yellow.xlsx","connecting_words","接続語","MS","O0188",0,"O0188","m",1,910,29
"2758","MS_O0188_29_Yellow.xlsx","sounds2","幼児語（その２）","MS","O0188",11,"O0188","m",1,910,29
"2759","MS_O0188_29_Yellow.xlsx","conversations","会話語","MS","O0188",6,"O0188","m",1,910,29
"2760","MS_O0188_29_Yellow.xlsx","others","その他","MS","O0188",4,"O0188","m",1,910,29
"2761","MS_O0191_28_Yellow.xlsx","sounds","幼児語","MS","O0191",10,"O0191","f",1,875,28
"2762","MS_O0191_28_Yellow.xlsx","animals","動物の名前","MS","O0191",26,"O0191","f",1,875,28
"2763","MS_O0191_28_Yellow.xlsx","vehicles","乗り物","MS","O0191",6,"O0191","f",1,875,28
"2764","MS_O0191_28_Yellow.xlsx","toys","おもちゃ","MS","O0191",9,"O0191","f",1,875,28
"2765","MS_O0191_28_Yellow.xlsx","food_drink","食べ物と飲み物","MS","O0191",59,"O0191","f",1,875,28
"2766","MS_O0191_28_Yellow.xlsx","clothing","衣類","MS","O0191",13,"O0191","f",1,875,28
"2767","MS_O0191_28_Yellow.xlsx","body_parts","体の部分","MS","O0191",19,"O0191","f",1,875,28
"2768","MS_O0191_28_Yellow.xlsx","furniture_rooms","家具と部屋","MS","O0191",14,"O0191","f",1,875,28
"2769","MS_O0191_28_Yellow.xlsx","household","小さな家庭用品","MS","O0191",25,"O0191","f",1,875,28
"2770","MS_O0191_28_Yellow.xlsx","outside","戸外のもの","MS","O0191",12,"O0191","f",1,875,28
"2771","MS_O0191_28_Yellow.xlsx","places","おでかけ","MS","O0191",8,"O0191","f",1,875,28
"2772","MS_O0191_28_Yellow.xlsx","people","人々","MS","O0191",12,"O0191","f",1,875,28
"2773","MS_O0191_28_Yellow.xlsx","games_routines","日課とあいさつ","MS","O0191",21,"O0191","f",1,875,28
"2774","MS_O0191_28_Yellow.xlsx","action_words","動作語","MS","O0191",39,"O0191","f",1,875,28
"2775","MS_O0191_28_Yellow.xlsx","time_words","時間についてのことば","MS","O0191",3,"O0191","f",1,875,28
"2776","MS_O0191_28_Yellow.xlsx","descriptive_words","ようす・性質","MS","O0191",28,"O0191","f",1,875,28
"2777","MS_O0191_28_Yellow.xlsx","pronouns","代名詞","MS","O0191",5,"O0191","f",1,875,28
"2778","MS_O0191_28_Yellow.xlsx","question_words","質問のことば","MS","O0191",0,"O0191","f",1,875,28
"2779","MS_O0191_28_Yellow.xlsx","locations","位置と場所についてのことば","MS","O0191",3,"O0191","f",1,875,28
"2780","MS_O0191_28_Yellow.xlsx","quantifiers","数量をあらわすことば","MS","O0191",7,"O0191","f",1,875,28
"2781","MS_O0191_28_Yellow.xlsx","connecting_words","接続語","MS","O0191",0,"O0191","f",1,875,28
"2782","MS_O0191_28_Yellow.xlsx","sounds2","幼児語（その２）","MS","O0191",7,"O0191","f",1,875,28
"2783","MS_O0191_28_Yellow.xlsx","conversations","会話語","MS","O0191",8,"O0191","f",1,875,28
"2784","MS_O0191_28_Yellow.xlsx","others","その他","MS","O0191",4,"O0191","f",1,875,28
"2785","MS_O0197_20_Yellow.xlsx","sounds","幼児語","MS","O0197",0,"O0197","m",1,623,20
"2786","MS_O0197_20_Yellow.xlsx","animals","動物の名前","MS","O0197",0,"O0197","m",1,623,20
"2787","MS_O0197_20_Yellow.xlsx","vehicles","乗り物","MS","O0197",0,"O0197","m",1,623,20
"2788","MS_O0197_20_Yellow.xlsx","toys","おもちゃ","MS","O0197",0,"O0197","m",1,623,20
"2789","MS_O0197_20_Yellow.xlsx","food_drink","食べ物と飲み物","MS","O0197",0,"O0197","m",1,623,20
"2790","MS_O0197_20_Yellow.xlsx","clothing","衣類","MS","O0197",0,"O0197","m",1,623,20
"2791","MS_O0197_20_Yellow.xlsx","body_parts","体の部分","MS","O0197",0,"O0197","m",1,623,20
"2792","MS_O0197_20_Yellow.xlsx","furniture_rooms","家具と部屋","MS","O0197",0,"O0197","m",1,623,20
"2793","MS_O0197_20_Yellow.xlsx","household","小さな家庭用品","MS","O0197",0,"O0197","m",1,623,20
"2794","MS_O0197_20_Yellow.xlsx","outside","戸外のもの","MS","O0197",0,"O0197","m",1,623,20
"2795","MS_O0197_20_Yellow.xlsx","places","おでかけ","MS","O0197",0,"O0197","m",1,623,20
"2796","MS_O0197_20_Yellow.xlsx","people","人々","MS","O0197",0,"O0197","m",1,623,20
"2797","MS_O0197_20_Yellow.xlsx","games_routines","日課とあいさつ","MS","O0197",0,"O0197","m",1,623,20
"2798","MS_O0197_20_Yellow.xlsx","action_words","動作語","MS","O0197",0,"O0197","m",1,623,20
"2799","MS_O0197_20_Yellow.xlsx","time_words","時間についてのことば","MS","O0197",0,"O0197","m",1,623,20
"2800","MS_O0197_20_Yellow.xlsx","descriptive_words","ようす・性質","MS","O0197",0,"O0197","m",1,623,20
"2801","MS_O0197_20_Yellow.xlsx","pronouns","代名詞","MS","O0197",0,"O0197","m",1,623,20
"2802","MS_O0197_20_Yellow.xlsx","question_words","質問のことば","MS","O0197",0,"O0197","m",1,623,20
"2803","MS_O0197_20_Yellow.xlsx","locations","位置と場所についてのことば","MS","O0197",0,"O0197","m",1,623,20
"2804","MS_O0197_20_Yellow.xlsx","quantifiers","数量をあらわすことば","MS","O0197",0,"O0197","m",1,623,20
"2805","MS_O0197_20_Yellow.xlsx","connecting_words","接続語","MS","O0197",0,"O0197","m",1,623,20
"2806","MS_O0197_20_Yellow.xlsx","sounds2","幼児語（その２）","MS","O0197",0,"O0197","m",1,623,20
"2807","MS_O0197_20_Yellow.xlsx","conversations","会話語","MS","O0197",0,"O0197","m",1,623,20
"2808","MS_O0197_20_Yellow.xlsx","others","その他","MS","O0197",0,"O0197","m",1,623,20
"2809","MS_O0203_19_Yellow.xlsx","sounds","幼児語","MS","O0203",5,"O0203","m",1,607,19
"2810","MS_O0203_19_Yellow.xlsx","animals","動物の名前","MS","O0203",5,"O0203","m",1,607,19
"2811","MS_O0203_19_Yellow.xlsx","vehicles","乗り物","MS","O0203",3,"O0203","m",1,607,19
"2812","MS_O0203_19_Yellow.xlsx","toys","おもちゃ","MS","O0203",1,"O0203","m",1,607,19
"2813","MS_O0203_19_Yellow.xlsx","food_drink","食べ物と飲み物","MS","O0203",7,"O0203","m",1,607,19
"2814","MS_O0203_19_Yellow.xlsx","clothing","衣類","MS","O0203",2,"O0203","m",1,607,19
"2815","MS_O0203_19_Yellow.xlsx","body_parts","体の部分","MS","O0203",4,"O0203","m",1,607,19
"2816","MS_O0203_19_Yellow.xlsx","furniture_rooms","家具と部屋","MS","O0203",2,"O0203","m",1,607,19
"2817","MS_O0203_19_Yellow.xlsx","household","小さな家庭用品","MS","O0203",3,"O0203","m",1,607,19
"2818","MS_O0203_19_Yellow.xlsx","outside","戸外のもの","MS","O0203",3,"O0203","m",1,607,19
"2819","MS_O0203_19_Yellow.xlsx","places","おでかけ","MS","O0203",1,"O0203","m",1,607,19
"2820","MS_O0203_19_Yellow.xlsx","people","人々","MS","O0203",6,"O0203","m",1,607,19
"2821","MS_O0203_19_Yellow.xlsx","games_routines","日課とあいさつ","MS","O0203",7,"O0203","m",1,607,19
"2822","MS_O0203_19_Yellow.xlsx","action_words","動作語","MS","O0203",7,"O0203","m",1,607,19
"2823","MS_O0203_19_Yellow.xlsx","time_words","時間についてのことば","MS","O0203",0,"O0203","m",1,607,19
"2824","MS_O0203_19_Yellow.xlsx","descriptive_words","ようす・性質","MS","O0203",15,"O0203","m",1,607,19
"2825","MS_O0203_19_Yellow.xlsx","pronouns","代名詞","MS","O0203",1,"O0203","m",1,607,19
"2826","MS_O0203_19_Yellow.xlsx","question_words","質問のことば","MS","O0203",0,"O0203","m",1,607,19
"2827","MS_O0203_19_Yellow.xlsx","locations","位置と場所についてのことば","MS","O0203",3,"O0203","m",1,607,19
"2828","MS_O0203_19_Yellow.xlsx","quantifiers","数量をあらわすことば","MS","O0203",3,"O0203","m",1,607,19
"2829","MS_O0203_19_Yellow.xlsx","connecting_words","接続語","MS","O0203",0,"O0203","m",1,607,19
"2830","MS_O0203_19_Yellow.xlsx","sounds2","幼児語（その２）","MS","O0203",8,"O0203","m",1,607,19
"2831","MS_O0203_19_Yellow.xlsx","conversations","会話語","MS","O0203",3,"O0203","m",1,607,19
"2832","MS_O0203_19_Yellow.xlsx","others","その他","MS","O0203",3,"O0203","m",1,607,19
"2833","MS_O0205_29_Yellow.xlsx","sounds","幼児語","MS","O0205",12,"O0205","f",1,909,29
"2834","MS_O0205_29_Yellow.xlsx","animals","動物の名前","MS","O0205",43,"O0205","f",1,909,29
"2835","MS_O0205_29_Yellow.xlsx","vehicles","乗り物","MS","O0205",13,"O0205","f",1,909,29
"2836","MS_O0205_29_Yellow.xlsx","toys","おもちゃ","MS","O0205",14,"O0205","f",1,909,29
"2837","MS_O0205_29_Yellow.xlsx","food_drink","食べ物と飲み物","MS","O0205",58,"O0205","f",1,909,29
"2838","MS_O0205_29_Yellow.xlsx","clothing","衣類","MS","O0205",17,"O0205","f",1,909,29
"2839","MS_O0205_29_Yellow.xlsx","body_parts","体の部分","MS","O0205",26,"O0205","f",1,909,29
"2840","MS_O0205_29_Yellow.xlsx","furniture_rooms","家具と部屋","MS","O0205",19,"O0205","f",1,909,29
"2841","MS_O0205_29_Yellow.xlsx","household","小さな家庭用品","MS","O0205",29,"O0205","f",1,909,29
"2842","MS_O0205_29_Yellow.xlsx","outside","戸外のもの","MS","O0205",23,"O0205","f",1,909,29
"2843","MS_O0205_29_Yellow.xlsx","places","おでかけ","MS","O0205",15,"O0205","f",1,909,29
"2844","MS_O0205_29_Yellow.xlsx","people","人々","MS","O0205",22,"O0205","f",1,909,29
"2845","MS_O0205_29_Yellow.xlsx","games_routines","日課とあいさつ","MS","O0205",25,"O0205","f",1,909,29
"2846","MS_O0205_29_Yellow.xlsx","action_words","動作語","MS","O0205",97,"O0205","f",1,909,29
"2847","MS_O0205_29_Yellow.xlsx","time_words","時間についてのことば","MS","O0205",11,"O0205","f",1,909,29
"2848","MS_O0205_29_Yellow.xlsx","descriptive_words","ようす・性質","MS","O0205",55,"O0205","f",1,909,29
"2849","MS_O0205_29_Yellow.xlsx","pronouns","代名詞","MS","O0205",7,"O0205","f",1,909,29
"2850","MS_O0205_29_Yellow.xlsx","question_words","質問のことば","MS","O0205",5,"O0205","f",1,909,29
"2851","MS_O0205_29_Yellow.xlsx","locations","位置と場所についてのことば","MS","O0205",13,"O0205","f",1,909,29
"2852","MS_O0205_29_Yellow.xlsx","quantifiers","数量をあらわすことば","MS","O0205",13,"O0205","f",1,909,29
"2853","MS_O0205_29_Yellow.xlsx","connecting_words","接続語","MS","O0205",3,"O0205","f",1,909,29
"2854","MS_O0205_29_Yellow.xlsx","sounds2","幼児語（その２）","MS","O0205",28,"O0205","f",1,909,29
"2855","MS_O0205_29_Yellow.xlsx","conversations","会話語","MS","O0205",13,"O0205","f",1,909,29
"2856","MS_O0205_29_Yellow.xlsx","others","その他","MS","O0205",9,"O0205","f",1,909,29
"2857","MS_O0212_20_Yellow.xlsx","sounds","幼児語","MS","O0212",12,"O0212","f",1,613,20
"2858","MS_O0212_20_Yellow.xlsx","animals","動物の名前","MS","O0212",8,"O0212","f",1,613,20
"2859","MS_O0212_20_Yellow.xlsx","vehicles","乗り物","MS","O0212",3,"O0212","f",1,613,20
"2860","MS_O0212_20_Yellow.xlsx","toys","おもちゃ","MS","O0212",3,"O0212","f",1,613,20
"2861","MS_O0212_20_Yellow.xlsx","food_drink","食べ物と飲み物","MS","O0212",18,"O0212","f",1,613,20
"2862","MS_O0212_20_Yellow.xlsx","clothing","衣類","MS","O0212",6,"O0212","f",1,613,20
"2863","MS_O0212_20_Yellow.xlsx","body_parts","体の部分","MS","O0212",3,"O0212","f",1,613,20
"2864","MS_O0212_20_Yellow.xlsx","furniture_rooms","家具と部屋","MS","O0212",3,"O0212","f",1,613,20
"2865","MS_O0212_20_Yellow.xlsx","household","小さな家庭用品","MS","O0212",3,"O0212","f",1,613,20
"2866","MS_O0212_20_Yellow.xlsx","outside","戸外のもの","MS","O0212",6,"O0212","f",1,613,20
"2867","MS_O0212_20_Yellow.xlsx","places","おでかけ","MS","O0212",1,"O0212","f",1,613,20
"2868","MS_O0212_20_Yellow.xlsx","people","人々","MS","O0212",7,"O0212","f",1,613,20
"2869","MS_O0212_20_Yellow.xlsx","games_routines","日課とあいさつ","MS","O0212",15,"O0212","f",1,613,20
"2870","MS_O0212_20_Yellow.xlsx","action_words","動作語","MS","O0212",11,"O0212","f",1,613,20
"2871","MS_O0212_20_Yellow.xlsx","time_words","時間についてのことば","MS","O0212",0,"O0212","f",1,613,20
"2872","MS_O0212_20_Yellow.xlsx","descriptive_words","ようす・性質","MS","O0212",13,"O0212","f",1,613,20
"2873","MS_O0212_20_Yellow.xlsx","pronouns","代名詞","MS","O0212",2,"O0212","f",1,613,20
"2874","MS_O0212_20_Yellow.xlsx","question_words","質問のことば","MS","O0212",0,"O0212","f",1,613,20
"2875","MS_O0212_20_Yellow.xlsx","locations","位置と場所についてのことば","MS","O0212",0,"O0212","f",1,613,20
"2876","MS_O0212_20_Yellow.xlsx","quantifiers","数量をあらわすことば","MS","O0212",4,"O0212","f",1,613,20
"2877","MS_O0212_20_Yellow.xlsx","connecting_words","接続語","MS","O0212",0,"O0212","f",1,613,20
"2878","MS_O0212_20_Yellow.xlsx","sounds2","幼児語（その２）","MS","O0212",6,"O0212","f",1,613,20
"2879","MS_O0212_20_Yellow.xlsx","conversations","会話語","MS","O0212",4,"O0212","f",1,613,20
"2880","MS_O0212_20_Yellow.xlsx","others","その他","MS","O0212",5,"O0212","f",1,613,20
"2881","MS_O0233_20_Yellow.xlsx","sounds","幼児語","MS","O0233",6,"O0233","f",1,623,20
"2882","MS_O0233_20_Yellow.xlsx","animals","動物の名前","MS","O0233",0,"O0233","f",1,623,20
"2883","MS_O0233_20_Yellow.xlsx","vehicles","乗り物","MS","O0233",0,"O0233","f",1,623,20
"2884","MS_O0233_20_Yellow.xlsx","toys","おもちゃ","MS","O0233",0,"O0233","f",1,623,20
"2885","MS_O0233_20_Yellow.xlsx","food_drink","食べ物と飲み物","MS","O0233",0,"O0233","f",1,623,20
"2886","MS_O0233_20_Yellow.xlsx","clothing","衣類","MS","O0233",0,"O0233","f",1,623,20
"2887","MS_O0233_20_Yellow.xlsx","body_parts","体の部分","MS","O0233",0,"O0233","f",1,623,20
"2888","MS_O0233_20_Yellow.xlsx","furniture_rooms","家具と部屋","MS","O0233",0,"O0233","f",1,623,20
"2889","MS_O0233_20_Yellow.xlsx","household","小さな家庭用品","MS","O0233",0,"O0233","f",1,623,20
"2890","MS_O0233_20_Yellow.xlsx","outside","戸外のもの","MS","O0233",0,"O0233","f",1,623,20
"2891","MS_O0233_20_Yellow.xlsx","places","おでかけ","MS","O0233",0,"O0233","f",1,623,20
"2892","MS_O0233_20_Yellow.xlsx","people","人々","MS","O0233",3,"O0233","f",1,623,20
"2893","MS_O0233_20_Yellow.xlsx","games_routines","日課とあいさつ","MS","O0233",4,"O0233","f",1,623,20
"2894","MS_O0233_20_Yellow.xlsx","action_words","動作語","MS","O0233",0,"O0233","f",1,623,20
"2895","MS_O0233_20_Yellow.xlsx","time_words","時間についてのことば","MS","O0233",0,"O0233","f",1,623,20
"2896","MS_O0233_20_Yellow.xlsx","descriptive_words","ようす・性質","MS","O0233",0,"O0233","f",1,623,20
"2897","MS_O0233_20_Yellow.xlsx","pronouns","代名詞","MS","O0233",0,"O0233","f",1,623,20
"2898","MS_O0233_20_Yellow.xlsx","question_words","質問のことば","MS","O0233",0,"O0233","f",1,623,20
"2899","MS_O0233_20_Yellow.xlsx","locations","位置と場所についてのことば","MS","O0233",0,"O0233","f",1,623,20
"2900","MS_O0233_20_Yellow.xlsx","quantifiers","数量をあらわすことば","MS","O0233",0,"O0233","f",1,623,20
"2901","MS_O0233_20_Yellow.xlsx","connecting_words","接続語","MS","O0233",0,"O0233","f",1,623,20
"2902","MS_O0233_20_Yellow.xlsx","sounds2","幼児語（その２）","MS","O0233",3,"O0233","f",1,623,20
"2903","MS_O0233_20_Yellow.xlsx","conversations","会話語","MS","O0233",3,"O0233","f",1,623,20
"2904","MS_O0233_20_Yellow.xlsx","others","その他","MS","O0233",0,"O0233","f",1,623,20
"2905","MS_O0238_20_Yellow.xlsx","sounds","幼児語","MS","O0238",4,"O0238","f",1,623,20
"2906","MS_O0238_20_Yellow.xlsx","animals","動物の名前","MS","O0238",1,"O0238","f",1,623,20
"2907","MS_O0238_20_Yellow.xlsx","vehicles","乗り物","MS","O0238",1,"O0238","f",1,623,20
"2908","MS_O0238_20_Yellow.xlsx","toys","おもちゃ","MS","O0238",0,"O0238","f",1,623,20
"2909","MS_O0238_20_Yellow.xlsx","food_drink","食べ物と飲み物","MS","O0238",1,"O0238","f",1,623,20
"2910","MS_O0238_20_Yellow.xlsx","clothing","衣類","MS","O0238",1,"O0238","f",1,623,20
"2911","MS_O0238_20_Yellow.xlsx","body_parts","体の部分","MS","O0238",0,"O0238","f",1,623,20
"2912","MS_O0238_20_Yellow.xlsx","furniture_rooms","家具と部屋","MS","O0238",0,"O0238","f",1,623,20
"2913","MS_O0238_20_Yellow.xlsx","household","小さな家庭用品","MS","O0238",0,"O0238","f",1,623,20
"2914","MS_O0238_20_Yellow.xlsx","outside","戸外のもの","MS","O0238",1,"O0238","f",1,623,20
"2915","MS_O0238_20_Yellow.xlsx","places","おでかけ","MS","O0238",2,"O0238","f",1,623,20
"2916","MS_O0238_20_Yellow.xlsx","people","人々","MS","O0238",4,"O0238","f",1,623,20
"2917","MS_O0238_20_Yellow.xlsx","games_routines","日課とあいさつ","MS","O0238",10,"O0238","f",1,623,20
"2918","MS_O0238_20_Yellow.xlsx","action_words","動作語","MS","O0238",0,"O0238","f",1,623,20
"2919","MS_O0238_20_Yellow.xlsx","time_words","時間についてのことば","MS","O0238",0,"O0238","f",1,623,20
"2920","MS_O0238_20_Yellow.xlsx","descriptive_words","ようす・性質","MS","O0238",3,"O0238","f",1,623,20
"2921","MS_O0238_20_Yellow.xlsx","pronouns","代名詞","MS","O0238",0,"O0238","f",1,623,20
"2922","MS_O0238_20_Yellow.xlsx","question_words","質問のことば","MS","O0238",0,"O0238","f",1,623,20
"2923","MS_O0238_20_Yellow.xlsx","locations","位置と場所についてのことば","MS","O0238",0,"O0238","f",1,623,20
"2924","MS_O0238_20_Yellow.xlsx","quantifiers","数量をあらわすことば","MS","O0238",3,"O0238","f",1,623,20
"2925","MS_O0238_20_Yellow.xlsx","connecting_words","接続語","MS","O0238",0,"O0238","f",1,623,20
"2926","MS_O0238_20_Yellow.xlsx","sounds2","幼児語（その２）","MS","O0238",0,"O0238","f",1,623,20
"2927","MS_O0238_20_Yellow.xlsx","conversations","会話語","MS","O0238",5,"O0238","f",1,623,20
"2928","MS_O0238_20_Yellow.xlsx","others","その他","MS","O0238",4,"O0238","f",1,623,20
"2929","MS_O0256_19_Yellow.xlsx","sounds","幼児語","MS","O0256",8,"O0256","m",1,605,19
"2930","MS_O0256_19_Yellow.xlsx","animals","動物の名前","MS","O0256",4,"O0256","m",1,605,19
"2931","MS_O0256_19_Yellow.xlsx","vehicles","乗り物","MS","O0256",0,"O0256","m",1,605,19
"2932","MS_O0256_19_Yellow.xlsx","toys","おもちゃ","MS","O0256",2,"O0256","m",1,605,19
"2933","MS_O0256_19_Yellow.xlsx","food_drink","食べ物と飲み物","MS","O0256",5,"O0256","m",1,605,19
"2934","MS_O0256_19_Yellow.xlsx","clothing","衣類","MS","O0256",0,"O0256","m",1,605,19
"2935","MS_O0256_19_Yellow.xlsx","body_parts","体の部分","MS","O0256",6,"O0256","m",1,605,19
"2936","MS_O0256_19_Yellow.xlsx","furniture_rooms","家具と部屋","MS","O0256",0,"O0256","m",1,605,19
"2937","MS_O0256_19_Yellow.xlsx","household","小さな家庭用品","MS","O0256",4,"O0256","m",1,605,19
"2938","MS_O0256_19_Yellow.xlsx","outside","戸外のもの","MS","O0256",3,"O0256","m",1,605,19
"2939","MS_O0256_19_Yellow.xlsx","places","おでかけ","MS","O0256",1,"O0256","m",1,605,19
"2940","MS_O0256_19_Yellow.xlsx","people","人々","MS","O0256",3,"O0256","m",1,605,19
"2941","MS_O0256_19_Yellow.xlsx","games_routines","日課とあいさつ","MS","O0256",4,"O0256","m",1,605,19
"2942","MS_O0256_19_Yellow.xlsx","action_words","動作語","MS","O0256",2,"O0256","m",1,605,19
"2943","MS_O0256_19_Yellow.xlsx","time_words","時間についてのことば","MS","O0256",0,"O0256","m",1,605,19
"2944","MS_O0256_19_Yellow.xlsx","descriptive_words","ようす・性質","MS","O0256",3,"O0256","m",1,605,19
"2945","MS_O0256_19_Yellow.xlsx","pronouns","代名詞","MS","O0256",1,"O0256","m",1,605,19
"2946","MS_O0256_19_Yellow.xlsx","question_words","質問のことば","MS","O0256",0,"O0256","m",1,605,19
"2947","MS_O0256_19_Yellow.xlsx","locations","位置と場所についてのことば","MS","O0256",1,"O0256","m",1,605,19
"2948","MS_O0256_19_Yellow.xlsx","quantifiers","数量をあらわすことば","MS","O0256",2,"O0256","m",1,605,19
"2949","MS_O0256_19_Yellow.xlsx","connecting_words","接続語","MS","O0256",0,"O0256","m",1,605,19
"2950","MS_O0256_19_Yellow.xlsx","sounds2","幼児語（その２）","MS","O0256",5,"O0256","m",1,605,19
"2951","MS_O0256_19_Yellow.xlsx","conversations","会話語","MS","O0256",1,"O0256","m",1,605,19
"2952","MS_O0256_19_Yellow.xlsx","others","その他","MS","O0256",1,"O0256","m",1,605,19
"2953","MS_O0257_19_Yellow.xlsx","sounds","幼児語","MS","O0257",2,"O0257","f",1,606,19
"2954","MS_O0257_19_Yellow.xlsx","animals","動物の名前","MS","O0257",1,"O0257","f",1,606,19
"2955","MS_O0257_19_Yellow.xlsx","vehicles","乗り物","MS","O0257",0,"O0257","f",1,606,19
"2956","MS_O0257_19_Yellow.xlsx","toys","おもちゃ","MS","O0257",0,"O0257","f",1,606,19
"2957","MS_O0257_19_Yellow.xlsx","food_drink","食べ物と飲み物","MS","O0257",0,"O0257","f",1,606,19
"2958","MS_O0257_19_Yellow.xlsx","clothing","衣類","MS","O0257",0,"O0257","f",1,606,19
"2959","MS_O0257_19_Yellow.xlsx","body_parts","体の部分","MS","O0257",0,"O0257","f",1,606,19
"2960","MS_O0257_19_Yellow.xlsx","furniture_rooms","家具と部屋","MS","O0257",0,"O0257","f",1,606,19
"2961","MS_O0257_19_Yellow.xlsx","household","小さな家庭用品","MS","O0257",0,"O0257","f",1,606,19
"2962","MS_O0257_19_Yellow.xlsx","outside","戸外のもの","MS","O0257",0,"O0257","f",1,606,19
"2963","MS_O0257_19_Yellow.xlsx","places","おでかけ","MS","O0257",0,"O0257","f",1,606,19
"2964","MS_O0257_19_Yellow.xlsx","people","人々","MS","O0257",0,"O0257","f",1,606,19
"2965","MS_O0257_19_Yellow.xlsx","games_routines","日課とあいさつ","MS","O0257",0,"O0257","f",1,606,19
"2966","MS_O0257_19_Yellow.xlsx","action_words","動作語","MS","O0257",0,"O0257","f",1,606,19
"2967","MS_O0257_19_Yellow.xlsx","time_words","時間についてのことば","MS","O0257",0,"O0257","f",1,606,19
"2968","MS_O0257_19_Yellow.xlsx","descriptive_words","ようす・性質","MS","O0257",0,"O0257","f",1,606,19
"2969","MS_O0257_19_Yellow.xlsx","pronouns","代名詞","MS","O0257",2,"O0257","f",1,606,19
"2970","MS_O0257_19_Yellow.xlsx","question_words","質問のことば","MS","O0257",0,"O0257","f",1,606,19
"2971","MS_O0257_19_Yellow.xlsx","locations","位置と場所についてのことば","MS","O0257",0,"O0257","f",1,606,19
"2972","MS_O0257_19_Yellow.xlsx","quantifiers","数量をあらわすことば","MS","O0257",0,"O0257","f",1,606,19
"2973","MS_O0257_19_Yellow.xlsx","connecting_words","接続語","MS","O0257",0,"O0257","f",1,606,19
"2974","MS_O0257_19_Yellow.xlsx","sounds2","幼児語（その２）","MS","O0257",0,"O0257","f",1,606,19
"2975","MS_O0257_19_Yellow.xlsx","conversations","会話語","MS","O0257",2,"O0257","f",1,606,19
"2976","MS_O0257_19_Yellow.xlsx","others","その他","MS","O0257",0,"O0257","f",1,606,19
"2977","MS_O0292_28_Yellow.xlsx","sounds","幼児語","MS","O0292",5,"O0292","m",1,860,28
"2978","MS_O0292_28_Yellow.xlsx","animals","動物の名前","MS","O0292",28,"O0292","m",1,860,28
"2979","MS_O0292_28_Yellow.xlsx","vehicles","乗り物","MS","O0292",11,"O0292","m",1,860,28
"2980","MS_O0292_28_Yellow.xlsx","toys","おもちゃ","MS","O0292",13,"O0292","m",1,860,28
"2981","MS_O0292_28_Yellow.xlsx","food_drink","食べ物と飲み物","MS","O0292",42,"O0292","m",1,860,28
"2982","MS_O0292_28_Yellow.xlsx","clothing","衣類","MS","O0292",5,"O0292","m",1,860,28
"2983","MS_O0292_28_Yellow.xlsx","body_parts","体の部分","MS","O0292",18,"O0292","m",1,860,28
"2984","MS_O0292_28_Yellow.xlsx","furniture_rooms","家具と部屋","MS","O0292",9,"O0292","m",1,860,28
"2985","MS_O0292_28_Yellow.xlsx","household","小さな家庭用品","MS","O0292",15,"O0292","m",1,860,28
"2986","MS_O0292_28_Yellow.xlsx","outside","戸外のもの","MS","O0292",20,"O0292","m",1,860,28
"2987","MS_O0292_28_Yellow.xlsx","places","おでかけ","MS","O0292",7,"O0292","m",1,860,28
"2988","MS_O0292_28_Yellow.xlsx","people","人々","MS","O0292",13,"O0292","m",1,860,28
"2989","MS_O0292_28_Yellow.xlsx","games_routines","日課とあいさつ","MS","O0292",25,"O0292","m",1,860,28
"2990","MS_O0292_28_Yellow.xlsx","action_words","動作語","MS","O0292",17,"O0292","m",1,860,28
"2991","MS_O0292_28_Yellow.xlsx","time_words","時間についてのことば","MS","O0292",6,"O0292","m",1,860,28
"2992","MS_O0292_28_Yellow.xlsx","descriptive_words","ようす・性質","MS","O0292",29,"O0292","m",1,860,28
"2993","MS_O0292_28_Yellow.xlsx","pronouns","代名詞","MS","O0292",5,"O0292","m",1,860,28
"2994","MS_O0292_28_Yellow.xlsx","question_words","質問のことば","MS","O0292",4,"O0292","m",1,860,28
"2995","MS_O0292_28_Yellow.xlsx","locations","位置と場所についてのことば","MS","O0292",5,"O0292","m",1,860,28
"2996","MS_O0292_28_Yellow.xlsx","quantifiers","数量をあらわすことば","MS","O0292",12,"O0292","m",1,860,28
"2997","MS_O0292_28_Yellow.xlsx","connecting_words","接続語","MS","O0292",0,"O0292","m",1,860,28
"2998","MS_O0292_28_Yellow.xlsx","sounds2","幼児語（その２）","MS","O0292",23,"O0292","m",1,860,28
"2999","MS_O0292_28_Yellow.xlsx","conversations","会話語","MS","O0292",7,"O0292","m",1,860,28
"3000","MS_O0292_28_Yellow.xlsx","others","その他","MS","O0292",5,"O0292","m",1,860,28
"3001","MS_O0294_20_Yellow.xlsx","sounds","幼児語","MS","O0294",1,"O0294","f",1,629,20
"3002","MS_O0294_20_Yellow.xlsx","animals","動物の名前","MS","O0294",1,"O0294","f",1,629,20
"3003","MS_O0294_20_Yellow.xlsx","vehicles","乗り物","MS","O0294",0,"O0294","f",1,629,20
"3004","MS_O0294_20_Yellow.xlsx","toys","おもちゃ","MS","O0294",0,"O0294","f",1,629,20
"3005","MS_O0294_20_Yellow.xlsx","food_drink","食べ物と飲み物","MS","O0294",0,"O0294","f",1,629,20
"3006","MS_O0294_20_Yellow.xlsx","clothing","衣類","MS","O0294",0,"O0294","f",1,629,20
"3007","MS_O0294_20_Yellow.xlsx","body_parts","体の部分","MS","O0294",0,"O0294","f",1,629,20
"3008","MS_O0294_20_Yellow.xlsx","furniture_rooms","家具と部屋","MS","O0294",0,"O0294","f",1,629,20
"3009","MS_O0294_20_Yellow.xlsx","household","小さな家庭用品","MS","O0294",0,"O0294","f",1,629,20
"3010","MS_O0294_20_Yellow.xlsx","outside","戸外のもの","MS","O0294",0,"O0294","f",1,629,20
"3011","MS_O0294_20_Yellow.xlsx","places","おでかけ","MS","O0294",0,"O0294","f",1,629,20
"3012","MS_O0294_20_Yellow.xlsx","people","人々","MS","O0294",2,"O0294","f",1,629,20
"3013","MS_O0294_20_Yellow.xlsx","games_routines","日課とあいさつ","MS","O0294",0,"O0294","f",1,629,20
"3014","MS_O0294_20_Yellow.xlsx","action_words","動作語","MS","O0294",0,"O0294","f",1,629,20
"3015","MS_O0294_20_Yellow.xlsx","time_words","時間についてのことば","MS","O0294",0,"O0294","f",1,629,20
"3016","MS_O0294_20_Yellow.xlsx","descriptive_words","ようす・性質","MS","O0294",0,"O0294","f",1,629,20
"3017","MS_O0294_20_Yellow.xlsx","pronouns","代名詞","MS","O0294",0,"O0294","f",1,629,20
"3018","MS_O0294_20_Yellow.xlsx","question_words","質問のことば","MS","O0294",0,"O0294","f",1,629,20
"3019","MS_O0294_20_Yellow.xlsx","locations","位置と場所についてのことば","MS","O0294",0,"O0294","f",1,629,20
"3020","MS_O0294_20_Yellow.xlsx","quantifiers","数量をあらわすことば","MS","O0294",0,"O0294","f",1,629,20
"3021","MS_O0294_20_Yellow.xlsx","connecting_words","接続語","MS","O0294",0,"O0294","f",1,629,20
"3022","MS_O0294_20_Yellow.xlsx","sounds2","幼児語（その２）","MS","O0294",0,"O0294","f",1,629,20
"3023","MS_O0294_20_Yellow.xlsx","conversations","会話語","MS","O0294",3,"O0294","f",1,629,20
"3024","MS_O0294_20_Yellow.xlsx","others","その他","MS","O0294",0,"O0294","f",1,629,20
"3025","MS_O0297_28_Yellow.xlsx","sounds","幼児語","MS","O0297",6,"O0297","m",1,866,28
"3026","MS_O0297_28_Yellow.xlsx","animals","動物の名前","MS","O0297",1,"O0297","m",1,866,28
"3027","MS_O0297_28_Yellow.xlsx","vehicles","乗り物","MS","O0297",6,"O0297","m",1,866,28
"3028","MS_O0297_28_Yellow.xlsx","toys","おもちゃ","MS","O0297",1,"O0297","m",1,866,28
"3029","MS_O0297_28_Yellow.xlsx","food_drink","食べ物と飲み物","MS","O0297",20,"O0297","m",1,866,28
"3030","MS_O0297_28_Yellow.xlsx","clothing","衣類","MS","O0297",2,"O0297","m",1,866,28
"3031","MS_O0297_28_Yellow.xlsx","body_parts","体の部分","MS","O0297",1,"O0297","m",1,866,28
"3032","MS_O0297_28_Yellow.xlsx","furniture_rooms","家具と部屋","MS","O0297",0,"O0297","m",1,866,28
"3033","MS_O0297_28_Yellow.xlsx","household","小さな家庭用品","MS","O0297",0,"O0297","m",1,866,28
"3034","MS_O0297_28_Yellow.xlsx","outside","戸外のもの","MS","O0297",1,"O0297","m",1,866,28
"3035","MS_O0297_28_Yellow.xlsx","places","おでかけ","MS","O0297",0,"O0297","m",1,866,28
"3036","MS_O0297_28_Yellow.xlsx","people","人々","MS","O0297",4,"O0297","m",1,866,28
"3037","MS_O0297_28_Yellow.xlsx","games_routines","日課とあいさつ","MS","O0297",6,"O0297","m",1,866,28
"3038","MS_O0297_28_Yellow.xlsx","action_words","動作語","MS","O0297",3,"O0297","m",1,866,28
"3039","MS_O0297_28_Yellow.xlsx","time_words","時間についてのことば","MS","O0297",0,"O0297","m",1,866,28
"3040","MS_O0297_28_Yellow.xlsx","descriptive_words","ようす・性質","MS","O0297",8,"O0297","m",1,866,28
"3041","MS_O0297_28_Yellow.xlsx","pronouns","代名詞","MS","O0297",2,"O0297","m",1,866,28
"3042","MS_O0297_28_Yellow.xlsx","question_words","質問のことば","MS","O0297",0,"O0297","m",1,866,28
"3043","MS_O0297_28_Yellow.xlsx","locations","位置と場所についてのことば","MS","O0297",0,"O0297","m",1,866,28
"3044","MS_O0297_28_Yellow.xlsx","quantifiers","数量をあらわすことば","MS","O0297",1,"O0297","m",1,866,28
"3045","MS_O0297_28_Yellow.xlsx","connecting_words","接続語","MS","O0297",0,"O0297","m",1,866,28
"3046","MS_O0297_28_Yellow.xlsx","sounds2","幼児語（その２）","MS","O0297",1,"O0297","m",1,866,28
"3047","MS_O0297_28_Yellow.xlsx","conversations","会話語","MS","O0297",4,"O0297","m",1,866,28
"3048","MS_O0297_28_Yellow.xlsx","others","その他","MS","O0297",2,"O0297","m",1,866,28
"3049","MS_O0314_21_Yellow.xlsx","sounds","幼児語","MS","O0314",5,"O0314","m",1,661,21
"3050","MS_O0314_21_Yellow.xlsx","animals","動物の名前","MS","O0314",15,"O0314","m",1,661,21
"3051","MS_O0314_21_Yellow.xlsx","vehicles","乗り物","MS","O0314",9,"O0314","m",1,661,21
"3052","MS_O0314_21_Yellow.xlsx","toys","おもちゃ","MS","O0314",0,"O0314","m",1,661,21
"3053","MS_O0314_21_Yellow.xlsx","food_drink","食べ物と飲み物","MS","O0314",1,"O0314","m",1,661,21
"3054","MS_O0314_21_Yellow.xlsx","clothing","衣類","MS","O0314",0,"O0314","m",1,661,21
"3055","MS_O0314_21_Yellow.xlsx","body_parts","体の部分","MS","O0314",2,"O0314","m",1,661,21
"3056","MS_O0314_21_Yellow.xlsx","furniture_rooms","家具と部屋","MS","O0314",0,"O0314","m",1,661,21
"3057","MS_O0314_21_Yellow.xlsx","household","小さな家庭用品","MS","O0314",0,"O0314","m",1,661,21
"3058","MS_O0314_21_Yellow.xlsx","outside","戸外のもの","MS","O0314",0,"O0314","m",1,661,21
"3059","MS_O0314_21_Yellow.xlsx","places","おでかけ","MS","O0314",2,"O0314","m",1,661,21
"3060","MS_O0314_21_Yellow.xlsx","people","人々","MS","O0314",2,"O0314","m",1,661,21
"3061","MS_O0314_21_Yellow.xlsx","games_routines","日課とあいさつ","MS","O0314",6,"O0314","m",1,661,21
"3062","MS_O0314_21_Yellow.xlsx","action_words","動作語","MS","O0314",2,"O0314","m",1,661,21
"3063","MS_O0314_21_Yellow.xlsx","time_words","時間についてのことば","MS","O0314",0,"O0314","m",1,661,21
"3064","MS_O0314_21_Yellow.xlsx","descriptive_words","ようす・性質","MS","O0314",3,"O0314","m",1,661,21
"3065","MS_O0314_21_Yellow.xlsx","pronouns","代名詞","MS","O0314",1,"O0314","m",1,661,21
"3066","MS_O0314_21_Yellow.xlsx","question_words","質問のことば","MS","O0314",0,"O0314","m",1,661,21
"3067","MS_O0314_21_Yellow.xlsx","locations","位置と場所についてのことば","MS","O0314",0,"O0314","m",1,661,21
"3068","MS_O0314_21_Yellow.xlsx","quantifiers","数量をあらわすことば","MS","O0314",2,"O0314","m",1,661,21
"3069","MS_O0314_21_Yellow.xlsx","connecting_words","接続語","MS","O0314",0,"O0314","m",1,661,21
"3070","MS_O0314_21_Yellow.xlsx","sounds2","幼児語（その２）","MS","O0314",4,"O0314","m",1,661,21
"3071","MS_O0314_21_Yellow.xlsx","conversations","会話語","MS","O0314",3,"O0314","m",1,661,21
"3072","MS_O0314_21_Yellow.xlsx","others","その他","MS","O0314",1,"O0314","m",1,661,21
"3073","MS_O0334_20_Yellow.xlsx","sounds","幼児語","MS","O0334",5,"O0334","f",1,619,20
"3074","MS_O0334_20_Yellow.xlsx","animals","動物の名前","MS","O0334",9,"O0334","f",1,619,20
"3075","MS_O0334_20_Yellow.xlsx","vehicles","乗り物","MS","O0334",0,"O0334","f",1,619,20
"3076","MS_O0334_20_Yellow.xlsx","toys","おもちゃ","MS","O0334",1,"O0334","f",1,619,20
"3077","MS_O0334_20_Yellow.xlsx","food_drink","食べ物と飲み物","MS","O0334",7,"O0334","f",1,619,20
"3078","MS_O0334_20_Yellow.xlsx","clothing","衣類","MS","O0334",0,"O0334","f",1,619,20
"3079","MS_O0334_20_Yellow.xlsx","body_parts","体の部分","MS","O0334",11,"O0334","f",1,619,20
"3080","MS_O0334_20_Yellow.xlsx","furniture_rooms","家具と部屋","MS","O0334",1,"O0334","f",1,619,20
"3081","MS_O0334_20_Yellow.xlsx","household","小さな家庭用品","MS","O0334",1,"O0334","f",1,619,20
"3082","MS_O0334_20_Yellow.xlsx","outside","戸外のもの","MS","O0334",5,"O0334","f",1,619,20
"3083","MS_O0334_20_Yellow.xlsx","places","おでかけ","MS","O0334",0,"O0334","f",1,619,20
"3084","MS_O0334_20_Yellow.xlsx","people","人々","MS","O0334",4,"O0334","f",1,619,20
"3085","MS_O0334_20_Yellow.xlsx","games_routines","日課とあいさつ","MS","O0334",5,"O0334","f",1,619,20
"3086","MS_O0334_20_Yellow.xlsx","action_words","動作語","MS","O0334",0,"O0334","f",1,619,20
"3087","MS_O0334_20_Yellow.xlsx","time_words","時間についてのことば","MS","O0334",0,"O0334","f",1,619,20
"3088","MS_O0334_20_Yellow.xlsx","descriptive_words","ようす・性質","MS","O0334",2,"O0334","f",1,619,20
"3089","MS_O0334_20_Yellow.xlsx","pronouns","代名詞","MS","O0334",2,"O0334","f",1,619,20
"3090","MS_O0334_20_Yellow.xlsx","question_words","質問のことば","MS","O0334",0,"O0334","f",1,619,20
"3091","MS_O0334_20_Yellow.xlsx","locations","位置と場所についてのことば","MS","O0334",0,"O0334","f",1,619,20
"3092","MS_O0334_20_Yellow.xlsx","quantifiers","数量をあらわすことば","MS","O0334",1,"O0334","f",1,619,20
"3093","MS_O0334_20_Yellow.xlsx","connecting_words","接続語","MS","O0334",0,"O0334","f",1,619,20
"3094","MS_O0334_20_Yellow.xlsx","sounds2","幼児語（その２）","MS","O0334",10,"O0334","f",1,619,20
"3095","MS_O0334_20_Yellow.xlsx","conversations","会話語","MS","O0334",5,"O0334","f",1,619,20
"3096","MS_O0334_20_Yellow.xlsx","others","その他","MS","O0334",3,"O0334","f",1,619,20
"3097","MS_O0355_21_Yellow.xlsx","sounds","幼児語","MS","O0355",5,"O0355","m",1,648,21
"3098","MS_O0355_21_Yellow.xlsx","animals","動物の名前","MS","O0355",2,"O0355","m",1,648,21
"3099","MS_O0355_21_Yellow.xlsx","vehicles","乗り物","MS","O0355",6,"O0355","m",1,648,21
"3100","MS_O0355_21_Yellow.xlsx","toys","おもちゃ","MS","O0355",0,"O0355","m",1,648,21
"3101","MS_O0355_21_Yellow.xlsx","food_drink","食べ物と飲み物","MS","O0355",5,"O0355","m",1,648,21
"3102","MS_O0355_21_Yellow.xlsx","clothing","衣類","MS","O0355",1,"O0355","m",1,648,21
"3103","MS_O0355_21_Yellow.xlsx","body_parts","体の部分","MS","O0355",1,"O0355","m",1,648,21
"3104","MS_O0355_21_Yellow.xlsx","furniture_rooms","家具と部屋","MS","O0355",1,"O0355","m",1,648,21
"3105","MS_O0355_21_Yellow.xlsx","household","小さな家庭用品","MS","O0355",2,"O0355","m",1,648,21
"3106","MS_O0355_21_Yellow.xlsx","outside","戸外のもの","MS","O0355",3,"O0355","m",1,648,21
"3107","MS_O0355_21_Yellow.xlsx","places","おでかけ","MS","O0355",0,"O0355","m",1,648,21
"3108","MS_O0355_21_Yellow.xlsx","people","人々","MS","O0355",9,"O0355","m",1,648,21
"3109","MS_O0355_21_Yellow.xlsx","games_routines","日課とあいさつ","MS","O0355",9,"O0355","m",1,648,21
"3110","MS_O0355_21_Yellow.xlsx","action_words","動作語","MS","O0355",7,"O0355","m",1,648,21
"3111","MS_O0355_21_Yellow.xlsx","time_words","時間についてのことば","MS","O0355",0,"O0355","m",1,648,21
"3112","MS_O0355_21_Yellow.xlsx","descriptive_words","ようす・性質","MS","O0355",5,"O0355","m",1,648,21
"3113","MS_O0355_21_Yellow.xlsx","pronouns","代名詞","MS","O0355",2,"O0355","m",1,648,21
"3114","MS_O0355_21_Yellow.xlsx","question_words","質問のことば","MS","O0355",0,"O0355","m",1,648,21
"3115","MS_O0355_21_Yellow.xlsx","locations","位置と場所についてのことば","MS","O0355",1,"O0355","m",1,648,21
"3116","MS_O0355_21_Yellow.xlsx","quantifiers","数量をあらわすことば","MS","O0355",0,"O0355","m",1,648,21
"3117","MS_O0355_21_Yellow.xlsx","connecting_words","接続語","MS","O0355",0,"O0355","m",1,648,21
"3118","MS_O0355_21_Yellow.xlsx","sounds2","幼児語（その２）","MS","O0355",8,"O0355","m",1,648,21
"3119","MS_O0355_21_Yellow.xlsx","conversations","会話語","MS","O0355",2,"O0355","m",1,648,21
"3120","MS_O0355_21_Yellow.xlsx","others","その他","MS","O0355",2,"O0355","m",1,648,21
"3121","MS_O0359_20_Yellow.xlsx","sounds","幼児語","MS","O0359",8,"O0359","m",1,636,20
"3122","MS_O0359_20_Yellow.xlsx","animals","動物の名前","MS","O0359",3,"O0359","m",1,636,20
"3123","MS_O0359_20_Yellow.xlsx","vehicles","乗り物","MS","O0359",3,"O0359","m",1,636,20
"3124","MS_O0359_20_Yellow.xlsx","toys","おもちゃ","MS","O0359",0,"O0359","m",1,636,20
"3125","MS_O0359_20_Yellow.xlsx","food_drink","食べ物と飲み物","MS","O0359",5,"O0359","m",1,636,20
"3126","MS_O0359_20_Yellow.xlsx","clothing","衣類","MS","O0359",0,"O0359","m",1,636,20
"3127","MS_O0359_20_Yellow.xlsx","body_parts","体の部分","MS","O0359",2,"O0359","m",1,636,20
"3128","MS_O0359_20_Yellow.xlsx","furniture_rooms","家具と部屋","MS","O0359",0,"O0359","m",1,636,20
"3129","MS_O0359_20_Yellow.xlsx","household","小さな家庭用品","MS","O0359",1,"O0359","m",1,636,20
"3130","MS_O0359_20_Yellow.xlsx","outside","戸外のもの","MS","O0359",0,"O0359","m",1,636,20
"3131","MS_O0359_20_Yellow.xlsx","places","おでかけ","MS","O0359",0,"O0359","m",1,636,20
"3132","MS_O0359_20_Yellow.xlsx","people","人々","MS","O0359",2,"O0359","m",1,636,20
"3133","MS_O0359_20_Yellow.xlsx","games_routines","日課とあいさつ","MS","O0359",4,"O0359","m",1,636,20
"3134","MS_O0359_20_Yellow.xlsx","action_words","動作語","MS","O0359",0,"O0359","m",1,636,20
"3135","MS_O0359_20_Yellow.xlsx","time_words","時間についてのことば","MS","O0359",0,"O0359","m",1,636,20
"3136","MS_O0359_20_Yellow.xlsx","descriptive_words","ようす・性質","MS","O0359",0,"O0359","m",1,636,20
"3137","MS_O0359_20_Yellow.xlsx","pronouns","代名詞","MS","O0359",1,"O0359","m",1,636,20
"3138","MS_O0359_20_Yellow.xlsx","question_words","質問のことば","MS","O0359",0,"O0359","m",1,636,20
"3139","MS_O0359_20_Yellow.xlsx","locations","位置と場所についてのことば","MS","O0359",0,"O0359","m",1,636,20
"3140","MS_O0359_20_Yellow.xlsx","quantifiers","数量をあらわすことば","MS","O0359",0,"O0359","m",1,636,20
"3141","MS_O0359_20_Yellow.xlsx","connecting_words","接続語","MS","O0359",0,"O0359","m",1,636,20
"3142","MS_O0359_20_Yellow.xlsx","sounds2","幼児語（その２）","MS","O0359",8,"O0359","m",1,636,20
"3143","MS_O0359_20_Yellow.xlsx","conversations","会話語","MS","O0359",2,"O0359","m",1,636,20
"3144","MS_O0359_20_Yellow.xlsx","others","その他","MS","O0359",0,"O0359","m",1,636,20
"3145","MS_O0366_20_Yellow.xlsx","sounds","幼児語","MS","O0366",5,"O0366","m",1,625,20
"3146","MS_O0366_20_Yellow.xlsx","animals","動物の名前","MS","O0366",0,"O0366","m",1,625,20
"3147","MS_O0366_20_Yellow.xlsx","vehicles","乗り物","MS","O0366",1,"O0366","m",1,625,20
"3148","MS_O0366_20_Yellow.xlsx","toys","おもちゃ","MS","O0366",0,"O0366","m",1,625,20
"3149","MS_O0366_20_Yellow.xlsx","food_drink","食べ物と飲み物","MS","O0366",1,"O0366","m",1,625,20
"3150","MS_O0366_20_Yellow.xlsx","clothing","衣類","MS","O0366",0,"O0366","m",1,625,20
"3151","MS_O0366_20_Yellow.xlsx","body_parts","体の部分","MS","O0366",1,"O0366","m",1,625,20
"3152","MS_O0366_20_Yellow.xlsx","furniture_rooms","家具と部屋","MS","O0366",0,"O0366","m",1,625,20
"3153","MS_O0366_20_Yellow.xlsx","household","小さな家庭用品","MS","O0366",0,"O0366","m",1,625,20
"3154","MS_O0366_20_Yellow.xlsx","outside","戸外のもの","MS","O0366",0,"O0366","m",1,625,20
"3155","MS_O0366_20_Yellow.xlsx","places","おでかけ","MS","O0366",0,"O0366","m",1,625,20
"3156","MS_O0366_20_Yellow.xlsx","people","人々","MS","O0366",3,"O0366","m",1,625,20
"3157","MS_O0366_20_Yellow.xlsx","games_routines","日課とあいさつ","MS","O0366",2,"O0366","m",1,625,20
"3158","MS_O0366_20_Yellow.xlsx","action_words","動作語","MS","O0366",1,"O0366","m",1,625,20
"3159","MS_O0366_20_Yellow.xlsx","time_words","時間についてのことば","MS","O0366",0,"O0366","m",1,625,20
"3160","MS_O0366_20_Yellow.xlsx","descriptive_words","ようす・性質","MS","O0366",4,"O0366","m",1,625,20
"3161","MS_O0366_20_Yellow.xlsx","pronouns","代名詞","MS","O0366",1,"O0366","m",1,625,20
"3162","MS_O0366_20_Yellow.xlsx","question_words","質問のことば","MS","O0366",0,"O0366","m",1,625,20
"3163","MS_O0366_20_Yellow.xlsx","locations","位置と場所についてのことば","MS","O0366",0,"O0366","m",1,625,20
"3164","MS_O0366_20_Yellow.xlsx","quantifiers","数量をあらわすことば","MS","O0366",0,"O0366","m",1,625,20
"3165","MS_O0366_20_Yellow.xlsx","connecting_words","接続語","MS","O0366",0,"O0366","m",1,625,20
"3166","MS_O0366_20_Yellow.xlsx","sounds2","幼児語（その２）","MS","O0366",0,"O0366","m",1,625,20
"3167","MS_O0366_20_Yellow.xlsx","conversations","会話語","MS","O0366",0,"O0366","m",1,625,20
"3168","MS_O0366_20_Yellow.xlsx","others","その他","MS","O0366",1,"O0366","m",1,625,20
"3169","MS_O0367_20_Yellow.xlsx","sounds","幼児語","MS","O0367",9,"O0367","f",1,632,20
"3170","MS_O0367_20_Yellow.xlsx","animals","動物の名前","MS","O0367",9,"O0367","f",1,632,20
"3171","MS_O0367_20_Yellow.xlsx","vehicles","乗り物","MS","O0367",4,"O0367","f",1,632,20
"3172","MS_O0367_20_Yellow.xlsx","toys","おもちゃ","MS","O0367",2,"O0367","f",1,632,20
"3173","MS_O0367_20_Yellow.xlsx","food_drink","食べ物と飲み物","MS","O0367",23,"O0367","f",1,632,20
"3174","MS_O0367_20_Yellow.xlsx","clothing","衣類","MS","O0367",2,"O0367","f",1,632,20
"3175","MS_O0367_20_Yellow.xlsx","body_parts","体の部分","MS","O0367",6,"O0367","f",1,632,20
"3176","MS_O0367_20_Yellow.xlsx","furniture_rooms","家具と部屋","MS","O0367",2,"O0367","f",1,632,20
"3177","MS_O0367_20_Yellow.xlsx","household","小さな家庭用品","MS","O0367",7,"O0367","f",1,632,20
"3178","MS_O0367_20_Yellow.xlsx","outside","戸外のもの","MS","O0367",7,"O0367","f",1,632,20
"3179","MS_O0367_20_Yellow.xlsx","places","おでかけ","MS","O0367",1,"O0367","f",1,632,20
"3180","MS_O0367_20_Yellow.xlsx","people","人々","MS","O0367",4,"O0367","f",1,632,20
"3181","MS_O0367_20_Yellow.xlsx","games_routines","日課とあいさつ","MS","O0367",10,"O0367","f",1,632,20
"3182","MS_O0367_20_Yellow.xlsx","action_words","動作語","MS","O0367",2,"O0367","f",1,632,20
"3183","MS_O0367_20_Yellow.xlsx","time_words","時間についてのことば","MS","O0367",0,"O0367","f",1,632,20
"3184","MS_O0367_20_Yellow.xlsx","descriptive_words","ようす・性質","MS","O0367",10,"O0367","f",1,632,20
"3185","MS_O0367_20_Yellow.xlsx","pronouns","代名詞","MS","O0367",1,"O0367","f",1,632,20
"3186","MS_O0367_20_Yellow.xlsx","question_words","質問のことば","MS","O0367",1,"O0367","f",1,632,20
"3187","MS_O0367_20_Yellow.xlsx","locations","位置と場所についてのことば","MS","O0367",0,"O0367","f",1,632,20
"3188","MS_O0367_20_Yellow.xlsx","quantifiers","数量をあらわすことば","MS","O0367",5,"O0367","f",1,632,20
"3189","MS_O0367_20_Yellow.xlsx","connecting_words","接続語","MS","O0367",0,"O0367","f",1,632,20
"3190","MS_O0367_20_Yellow.xlsx","sounds2","幼児語（その２）","MS","O0367",23,"O0367","f",1,632,20
"3191","MS_O0367_20_Yellow.xlsx","conversations","会話語","MS","O0367",2,"O0367","f",1,632,20
"3192","MS_O0367_20_Yellow.xlsx","others","その他","MS","O0367",4,"O0367","f",1,632,20
"3193","MS_O0370_19_Yellow.xlsx","sounds","幼児語","MS","O0370",5,"O0370","m",1,607,19
"3194","MS_O0370_19_Yellow.xlsx","animals","動物の名前","MS","O0370",5,"O0370","m",1,607,19
"3195","MS_O0370_19_Yellow.xlsx","vehicles","乗り物","MS","O0370",4,"O0370","m",1,607,19
"3196","MS_O0370_19_Yellow.xlsx","toys","おもちゃ","MS","O0370",1,"O0370","m",1,607,19
"3197","MS_O0370_19_Yellow.xlsx","food_drink","食べ物と飲み物","MS","O0370",3,"O0370","m",1,607,19
"3198","MS_O0370_19_Yellow.xlsx","clothing","衣類","MS","O0370",0,"O0370","m",1,607,19
"3199","MS_O0370_19_Yellow.xlsx","body_parts","体の部分","MS","O0370",1,"O0370","m",1,607,19
"3200","MS_O0370_19_Yellow.xlsx","furniture_rooms","家具と部屋","MS","O0370",0,"O0370","m",1,607,19
"3201","MS_O0370_19_Yellow.xlsx","household","小さな家庭用品","MS","O0370",1,"O0370","m",1,607,19
"3202","MS_O0370_19_Yellow.xlsx","outside","戸外のもの","MS","O0370",0,"O0370","m",1,607,19
"3203","MS_O0370_19_Yellow.xlsx","places","おでかけ","MS","O0370",0,"O0370","m",1,607,19
"3204","MS_O0370_19_Yellow.xlsx","people","人々","MS","O0370",5,"O0370","m",1,607,19
"3205","MS_O0370_19_Yellow.xlsx","games_routines","日課とあいさつ","MS","O0370",4,"O0370","m",1,607,19
"3206","MS_O0370_19_Yellow.xlsx","action_words","動作語","MS","O0370",2,"O0370","m",1,607,19
"3207","MS_O0370_19_Yellow.xlsx","time_words","時間についてのことば","MS","O0370",0,"O0370","m",1,607,19
"3208","MS_O0370_19_Yellow.xlsx","descriptive_words","ようす・性質","MS","O0370",0,"O0370","m",1,607,19
"3209","MS_O0370_19_Yellow.xlsx","pronouns","代名詞","MS","O0370",0,"O0370","m",1,607,19
"3210","MS_O0370_19_Yellow.xlsx","question_words","質問のことば","MS","O0370",0,"O0370","m",1,607,19
"3211","MS_O0370_19_Yellow.xlsx","locations","位置と場所についてのことば","MS","O0370",0,"O0370","m",1,607,19
"3212","MS_O0370_19_Yellow.xlsx","quantifiers","数量をあらわすことば","MS","O0370",0,"O0370","m",1,607,19
"3213","MS_O0370_19_Yellow.xlsx","connecting_words","接続語","MS","O0370",0,"O0370","m",1,607,19
"3214","MS_O0370_19_Yellow.xlsx","sounds2","幼児語（その２）","MS","O0370",5,"O0370","m",1,607,19
"3215","MS_O0370_19_Yellow.xlsx","conversations","会話語","MS","O0370",2,"O0370","m",1,607,19
"3216","MS_O0370_19_Yellow.xlsx","others","その他","MS","O0370",0,"O0370","m",1,607,19
"3217","MS_O0382_20_Yellow.xlsx","sounds","幼児語","MS","O0382",5,"O0382","m",1,609,20
"3218","MS_O0382_20_Yellow.xlsx","animals","動物の名前","MS","O0382",11,"O0382","m",1,609,20
"3219","MS_O0382_20_Yellow.xlsx","vehicles","乗り物","MS","O0382",11,"O0382","m",1,609,20
"3220","MS_O0382_20_Yellow.xlsx","toys","おもちゃ","MS","O0382",0,"O0382","m",1,609,20
"3221","MS_O0382_20_Yellow.xlsx","food_drink","食べ物と飲み物","MS","O0382",21,"O0382","m",1,609,20
"3222","MS_O0382_20_Yellow.xlsx","clothing","衣類","MS","O0382",6,"O0382","m",1,609,20
"3223","MS_O0382_20_Yellow.xlsx","body_parts","体の部分","MS","O0382",6,"O0382","m",1,609,20
"3224","MS_O0382_20_Yellow.xlsx","furniture_rooms","家具と部屋","MS","O0382",3,"O0382","m",1,609,20
"3225","MS_O0382_20_Yellow.xlsx","household","小さな家庭用品","MS","O0382",6,"O0382","m",1,609,20
"3226","MS_O0382_20_Yellow.xlsx","outside","戸外のもの","MS","O0382",2,"O0382","m",1,609,20
"3227","MS_O0382_20_Yellow.xlsx","places","おでかけ","MS","O0382",0,"O0382","m",1,609,20
"3228","MS_O0382_20_Yellow.xlsx","people","人々","MS","O0382",10,"O0382","m",1,609,20
"3229","MS_O0382_20_Yellow.xlsx","games_routines","日課とあいさつ","MS","O0382",11,"O0382","m",1,609,20
"3230","MS_O0382_20_Yellow.xlsx","action_words","動作語","MS","O0382",9,"O0382","m",1,609,20
"3231","MS_O0382_20_Yellow.xlsx","time_words","時間についてのことば","MS","O0382",0,"O0382","m",1,609,20
"3232","MS_O0382_20_Yellow.xlsx","descriptive_words","ようす・性質","MS","O0382",20,"O0382","m",1,609,20
"3233","MS_O0382_20_Yellow.xlsx","pronouns","代名詞","MS","O0382",1,"O0382","m",1,609,20
"3234","MS_O0382_20_Yellow.xlsx","question_words","質問のことば","MS","O0382",0,"O0382","m",1,609,20
"3235","MS_O0382_20_Yellow.xlsx","locations","位置と場所についてのことば","MS","O0382",0,"O0382","m",1,609,20
"3236","MS_O0382_20_Yellow.xlsx","quantifiers","数量をあらわすことば","MS","O0382",1,"O0382","m",1,609,20
"3237","MS_O0382_20_Yellow.xlsx","connecting_words","接続語","MS","O0382",0,"O0382","m",1,609,20
"3238","MS_O0382_20_Yellow.xlsx","sounds2","幼児語（その２）","MS","O0382",10,"O0382","m",1,609,20
"3239","MS_O0382_20_Yellow.xlsx","conversations","会話語","MS","O0382",1,"O0382","m",1,609,20
"3240","MS_O0382_20_Yellow.xlsx","others","その他","MS","O0382",2,"O0382","m",1,609,20
"3241","MS_O0410_20_Yellow.xlsx","sounds","幼児語","MS","O0410",11,"O0410","f",1,628,20
"3242","MS_O0410_20_Yellow.xlsx","animals","動物の名前","MS","O0410",21,"O0410","f",1,628,20
"3243","MS_O0410_20_Yellow.xlsx","vehicles","乗り物","MS","O0410",7,"O0410","f",1,628,20
"3244","MS_O0410_20_Yellow.xlsx","toys","おもちゃ","MS","O0410",4,"O0410","f",1,628,20
"3245","MS_O0410_20_Yellow.xlsx","food_drink","食べ物と飲み物","MS","O0410",32,"O0410","f",1,628,20
"3246","MS_O0410_20_Yellow.xlsx","clothing","衣類","MS","O0410",6,"O0410","f",1,628,20
"3247","MS_O0410_20_Yellow.xlsx","body_parts","体の部分","MS","O0410",8,"O0410","f",1,628,20
"3248","MS_O0410_20_Yellow.xlsx","furniture_rooms","家具と部屋","MS","O0410",5,"O0410","f",1,628,20
"3249","MS_O0410_20_Yellow.xlsx","household","小さな家庭用品","MS","O0410",6,"O0410","f",1,628,20
"3250","MS_O0410_20_Yellow.xlsx","outside","戸外のもの","MS","O0410",4,"O0410","f",1,628,20
"3251","MS_O0410_20_Yellow.xlsx","places","おでかけ","MS","O0410",0,"O0410","f",1,628,20
"3252","MS_O0410_20_Yellow.xlsx","people","人々","MS","O0410",7,"O0410","f",1,628,20
"3253","MS_O0410_20_Yellow.xlsx","games_routines","日課とあいさつ","MS","O0410",11,"O0410","f",1,628,20
"3254","MS_O0410_20_Yellow.xlsx","action_words","動作語","MS","O0410",4,"O0410","f",1,628,20
"3255","MS_O0410_20_Yellow.xlsx","time_words","時間についてのことば","MS","O0410",0,"O0410","f",1,628,20
"3256","MS_O0410_20_Yellow.xlsx","descriptive_words","ようす・性質","MS","O0410",12,"O0410","f",1,628,20
"3257","MS_O0410_20_Yellow.xlsx","pronouns","代名詞","MS","O0410",4,"O0410","f",1,628,20
"3258","MS_O0410_20_Yellow.xlsx","question_words","質問のことば","MS","O0410",1,"O0410","f",1,628,20
"3259","MS_O0410_20_Yellow.xlsx","locations","位置と場所についてのことば","MS","O0410",1,"O0410","f",1,628,20
"3260","MS_O0410_20_Yellow.xlsx","quantifiers","数量をあらわすことば","MS","O0410",5,"O0410","f",1,628,20
"3261","MS_O0410_20_Yellow.xlsx","connecting_words","接続語","MS","O0410",0,"O0410","f",1,628,20
"3262","MS_O0410_20_Yellow.xlsx","sounds2","幼児語（その２）","MS","O0410",13,"O0410","f",1,628,20
"3263","MS_O0410_20_Yellow.xlsx","conversations","会話語","MS","O0410",6,"O0410","f",1,628,20
"3264","MS_O0410_20_Yellow.xlsx","others","その他","MS","O0410",2,"O0410","f",1,628,20
"3265","MS_O0473_19_Yellow.xlsx","sounds","幼児語","MS","O0473",2,"O0473","m",1,600,19
"3266","MS_O0473_19_Yellow.xlsx","animals","動物の名前","MS","O0473",0,"O0473","m",1,600,19
"3267","MS_O0473_19_Yellow.xlsx","vehicles","乗り物","MS","O0473",0,"O0473","m",1,600,19
"3268","MS_O0473_19_Yellow.xlsx","toys","おもちゃ","MS","O0473",0,"O0473","m",1,600,19
"3269","MS_O0473_19_Yellow.xlsx","food_drink","食べ物と飲み物","MS","O0473",0,"O0473","m",1,600,19
"3270","MS_O0473_19_Yellow.xlsx","clothing","衣類","MS","O0473",0,"O0473","m",1,600,19
"3271","MS_O0473_19_Yellow.xlsx","body_parts","体の部分","MS","O0473",0,"O0473","m",1,600,19
"3272","MS_O0473_19_Yellow.xlsx","furniture_rooms","家具と部屋","MS","O0473",0,"O0473","m",1,600,19
"3273","MS_O0473_19_Yellow.xlsx","household","小さな家庭用品","MS","O0473",0,"O0473","m",1,600,19
"3274","MS_O0473_19_Yellow.xlsx","outside","戸外のもの","MS","O0473",0,"O0473","m",1,600,19
"3275","MS_O0473_19_Yellow.xlsx","places","おでかけ","MS","O0473",0,"O0473","m",1,600,19
"3276","MS_O0473_19_Yellow.xlsx","people","人々","MS","O0473",0,"O0473","m",1,600,19
"3277","MS_O0473_19_Yellow.xlsx","games_routines","日課とあいさつ","MS","O0473",0,"O0473","m",1,600,19
"3278","MS_O0473_19_Yellow.xlsx","action_words","動作語","MS","O0473",0,"O0473","m",1,600,19
"3279","MS_O0473_19_Yellow.xlsx","time_words","時間についてのことば","MS","O0473",0,"O0473","m",1,600,19
"3280","MS_O0473_19_Yellow.xlsx","descriptive_words","ようす・性質","MS","O0473",0,"O0473","m",1,600,19
"3281","MS_O0473_19_Yellow.xlsx","pronouns","代名詞","MS","O0473",0,"O0473","m",1,600,19
"3282","MS_O0473_19_Yellow.xlsx","question_words","質問のことば","MS","O0473",0,"O0473","m",1,600,19
"3283","MS_O0473_19_Yellow.xlsx","locations","位置と場所についてのことば","MS","O0473",0,"O0473","m",1,600,19
"3284","MS_O0473_19_Yellow.xlsx","quantifiers","数量をあらわすことば","MS","O0473",0,"O0473","m",1,600,19
"3285","MS_O0473_19_Yellow.xlsx","connecting_words","接続語","MS","O0473",0,"O0473","m",1,600,19
"3286","MS_O0473_19_Yellow.xlsx","sounds2","幼児語（その２）","MS","O0473",0,"O0473","m",1,600,19
"3287","MS_O0473_19_Yellow.xlsx","conversations","会話語","MS","O0473",0,"O0473","m",1,600,19
"3288","MS_O0473_19_Yellow.xlsx","others","その他","MS","O0473",0,"O0473","m",1,600,19
"3289","MS_O0495_21_Yellow.xlsx","sounds","幼児語","MS","O0495",8,"O0495","f",1,660,21
"3290","MS_O0495_21_Yellow.xlsx","animals","動物の名前","MS","O0495",5,"O0495","f",1,660,21
"3291","MS_O0495_21_Yellow.xlsx","vehicles","乗り物","MS","O0495",3,"O0495","f",1,660,21
"3292","MS_O0495_21_Yellow.xlsx","toys","おもちゃ","MS","O0495",1,"O0495","f",1,660,21
"3293","MS_O0495_21_Yellow.xlsx","food_drink","食べ物と飲み物","MS","O0495",9,"O0495","f",1,660,21
"3294","MS_O0495_21_Yellow.xlsx","clothing","衣類","MS","O0495",1,"O0495","f",1,660,21
"3295","MS_O0495_21_Yellow.xlsx","body_parts","体の部分","MS","O0495",7,"O0495","f",1,660,21
"3296","MS_O0495_21_Yellow.xlsx","furniture_rooms","家具と部屋","MS","O0495",0,"O0495","f",1,660,21
"3297","MS_O0495_21_Yellow.xlsx","household","小さな家庭用品","MS","O0495",0,"O0495","f",1,660,21
"3298","MS_O0495_21_Yellow.xlsx","outside","戸外のもの","MS","O0495",4,"O0495","f",1,660,21
"3299","MS_O0495_21_Yellow.xlsx","places","おでかけ","MS","O0495",0,"O0495","f",1,660,21
"3300","MS_O0495_21_Yellow.xlsx","people","人々","MS","O0495",6,"O0495","f",1,660,21
"3301","MS_O0495_21_Yellow.xlsx","games_routines","日課とあいさつ","MS","O0495",4,"O0495","f",1,660,21
"3302","MS_O0495_21_Yellow.xlsx","action_words","動作語","MS","O0495",4,"O0495","f",1,660,21
"3303","MS_O0495_21_Yellow.xlsx","time_words","時間についてのことば","MS","O0495",0,"O0495","f",1,660,21
"3304","MS_O0495_21_Yellow.xlsx","descriptive_words","ようす・性質","MS","O0495",9,"O0495","f",1,660,21
"3305","MS_O0495_21_Yellow.xlsx","pronouns","代名詞","MS","O0495",0,"O0495","f",1,660,21
"3306","MS_O0495_21_Yellow.xlsx","question_words","質問のことば","MS","O0495",0,"O0495","f",1,660,21
"3307","MS_O0495_21_Yellow.xlsx","locations","位置と場所についてのことば","MS","O0495",0,"O0495","f",1,660,21
"3308","MS_O0495_21_Yellow.xlsx","quantifiers","数量をあらわすことば","MS","O0495",1,"O0495","f",1,660,21
"3309","MS_O0495_21_Yellow.xlsx","connecting_words","接続語","MS","O0495",0,"O0495","f",1,660,21
"3310","MS_O0495_21_Yellow.xlsx","sounds2","幼児語（その２）","MS","O0495",13,"O0495","f",1,660,21
"3311","MS_O0495_21_Yellow.xlsx","conversations","会話語","MS","O0495",2,"O0495","f",1,660,21
"3312","MS_O0495_21_Yellow.xlsx","others","その他","MS","O0495",3,"O0495","f",1,660,21
"3313","MS_O0496_21_Yellow.xlsx","sounds","幼児語","MS","O0496",9,"O0496","m",1,663,21
"3314","MS_O0496_21_Yellow.xlsx","animals","動物の名前","MS","O0496",13,"O0496","m",1,663,21
"3315","MS_O0496_21_Yellow.xlsx","vehicles","乗り物","MS","O0496",1,"O0496","m",1,663,21
"3316","MS_O0496_21_Yellow.xlsx","toys","おもちゃ","MS","O0496",1,"O0496","m",1,663,21
"3317","MS_O0496_21_Yellow.xlsx","food_drink","食べ物と飲み物","MS","O0496",10,"O0496","m",1,663,21
"3318","MS_O0496_21_Yellow.xlsx","clothing","衣類","MS","O0496",0,"O0496","m",1,663,21
"3319","MS_O0496_21_Yellow.xlsx","body_parts","体の部分","MS","O0496",2,"O0496","m",1,663,21
"3320","MS_O0496_21_Yellow.xlsx","furniture_rooms","家具と部屋","MS","O0496",0,"O0496","m",1,663,21
"3321","MS_O0496_21_Yellow.xlsx","household","小さな家庭用品","MS","O0496",0,"O0496","m",1,663,21
"3322","MS_O0496_21_Yellow.xlsx","outside","戸外のもの","MS","O0496",3,"O0496","m",1,663,21
"3323","MS_O0496_21_Yellow.xlsx","places","おでかけ","MS","O0496",0,"O0496","m",1,663,21
"3324","MS_O0496_21_Yellow.xlsx","people","人々","MS","O0496",4,"O0496","m",1,663,21
"3325","MS_O0496_21_Yellow.xlsx","games_routines","日課とあいさつ","MS","O0496",13,"O0496","m",1,663,21
"3326","MS_O0496_21_Yellow.xlsx","action_words","動作語","MS","O0496",0,"O0496","m",1,663,21
"3327","MS_O0496_21_Yellow.xlsx","time_words","時間についてのことば","MS","O0496",1,"O0496","m",1,663,21
"3328","MS_O0496_21_Yellow.xlsx","descriptive_words","ようす・性質","MS","O0496",8,"O0496","m",1,663,21
"3329","MS_O0496_21_Yellow.xlsx","pronouns","代名詞","MS","O0496",1,"O0496","m",1,663,21
"3330","MS_O0496_21_Yellow.xlsx","question_words","質問のことば","MS","O0496",0,"O0496","m",1,663,21
"3331","MS_O0496_21_Yellow.xlsx","locations","位置と場所についてのことば","MS","O0496",0,"O0496","m",1,663,21
"3332","MS_O0496_21_Yellow.xlsx","quantifiers","数量をあらわすことば","MS","O0496",0,"O0496","m",1,663,21
"3333","MS_O0496_21_Yellow.xlsx","connecting_words","接続語","MS","O0496",0,"O0496","m",1,663,21
"3334","MS_O0496_21_Yellow.xlsx","sounds2","幼児語（その２）","MS","O0496",12,"O0496","m",1,663,21
"3335","MS_O0496_21_Yellow.xlsx","conversations","会話語","MS","O0496",0,"O0496","m",1,663,21
"3336","MS_O0496_21_Yellow.xlsx","others","その他","MS","O0496",3,"O0496","m",1,663,21
"3337","MS_O0504_20_Yellow.xlsx","sounds","幼児語","MS","O0504",2,"O0504","m",1,616,20
"3338","MS_O0504_20_Yellow.xlsx","animals","動物の名前","MS","O0504",0,"O0504","m",1,616,20
"3339","MS_O0504_20_Yellow.xlsx","vehicles","乗り物","MS","O0504",0,"O0504","m",1,616,20
"3340","MS_O0504_20_Yellow.xlsx","toys","おもちゃ","MS","O0504",0,"O0504","m",1,616,20
"3341","MS_O0504_20_Yellow.xlsx","food_drink","食べ物と飲み物","MS","O0504",2,"O0504","m",1,616,20
"3342","MS_O0504_20_Yellow.xlsx","clothing","衣類","MS","O0504",0,"O0504","m",1,616,20
"3343","MS_O0504_20_Yellow.xlsx","body_parts","体の部分","MS","O0504",0,"O0504","m",1,616,20
"3344","MS_O0504_20_Yellow.xlsx","furniture_rooms","家具と部屋","MS","O0504",0,"O0504","m",1,616,20
"3345","MS_O0504_20_Yellow.xlsx","household","小さな家庭用品","MS","O0504",0,"O0504","m",1,616,20
"3346","MS_O0504_20_Yellow.xlsx","outside","戸外のもの","MS","O0504",0,"O0504","m",1,616,20
"3347","MS_O0504_20_Yellow.xlsx","places","おでかけ","MS","O0504",0,"O0504","m",1,616,20
"3348","MS_O0504_20_Yellow.xlsx","people","人々","MS","O0504",3,"O0504","m",1,616,20
"3349","MS_O0504_20_Yellow.xlsx","games_routines","日課とあいさつ","MS","O0504",1,"O0504","m",1,616,20
"3350","MS_O0504_20_Yellow.xlsx","action_words","動作語","MS","O0504",1,"O0504","m",1,616,20
"3351","MS_O0504_20_Yellow.xlsx","time_words","時間についてのことば","MS","O0504",0,"O0504","m",1,616,20
"3352","MS_O0504_20_Yellow.xlsx","descriptive_words","ようす・性質","MS","O0504",0,"O0504","m",1,616,20
"3353","MS_O0504_20_Yellow.xlsx","pronouns","代名詞","MS","O0504",0,"O0504","m",1,616,20
"3354","MS_O0504_20_Yellow.xlsx","question_words","質問のことば","MS","O0504",0,"O0504","m",1,616,20
"3355","MS_O0504_20_Yellow.xlsx","locations","位置と場所についてのことば","MS","O0504",0,"O0504","m",1,616,20
"3356","MS_O0504_20_Yellow.xlsx","quantifiers","数量をあらわすことば","MS","O0504",1,"O0504","m",1,616,20
"3357","MS_O0504_20_Yellow.xlsx","connecting_words","接続語","MS","O0504",0,"O0504","m",1,616,20
"3358","MS_O0504_20_Yellow.xlsx","sounds2","幼児語（その２）","MS","O0504",1,"O0504","m",1,616,20
"3359","MS_O0504_20_Yellow.xlsx","conversations","会話語","MS","O0504",2,"O0504","m",1,616,20
"3360","MS_O0504_20_Yellow.xlsx","others","その他","MS","O0504",0,"O0504","m",1,616,20
"3361","MS_O0513_21_Yellow.xlsx","sounds","幼児語","MS","O0513",5,"O0513","m",1,664,21
"3362","MS_O0513_21_Yellow.xlsx","animals","動物の名前","MS","O0513",5,"O0513","m",1,664,21
"3363","MS_O0513_21_Yellow.xlsx","vehicles","乗り物","MS","O0513",8,"O0513","m",1,664,21
"3364","MS_O0513_21_Yellow.xlsx","toys","おもちゃ","MS","O0513",0,"O0513","m",1,664,21
"3365","MS_O0513_21_Yellow.xlsx","food_drink","食べ物と飲み物","MS","O0513",12,"O0513","m",1,664,21
"3366","MS_O0513_21_Yellow.xlsx","clothing","衣類","MS","O0513",3,"O0513","m",1,664,21
"3367","MS_O0513_21_Yellow.xlsx","body_parts","体の部分","MS","O0513",6,"O0513","m",1,664,21
"3368","MS_O0513_21_Yellow.xlsx","furniture_rooms","家具と部屋","MS","O0513",1,"O0513","m",1,664,21
"3369","MS_O0513_21_Yellow.xlsx","household","小さな家庭用品","MS","O0513",3,"O0513","m",1,664,21
"3370","MS_O0513_21_Yellow.xlsx","outside","戸外のもの","MS","O0513",4,"O0513","m",1,664,21
"3371","MS_O0513_21_Yellow.xlsx","places","おでかけ","MS","O0513",2,"O0513","m",1,664,21
"3372","MS_O0513_21_Yellow.xlsx","people","人々","MS","O0513",6,"O0513","m",1,664,21
"3373","MS_O0513_21_Yellow.xlsx","games_routines","日課とあいさつ","MS","O0513",9,"O0513","m",1,664,21
"3374","MS_O0513_21_Yellow.xlsx","action_words","動作語","MS","O0513",6,"O0513","m",1,664,21
"3375","MS_O0513_21_Yellow.xlsx","time_words","時間についてのことば","MS","O0513",0,"O0513","m",1,664,21
"3376","MS_O0513_21_Yellow.xlsx","descriptive_words","ようす・性質","MS","O0513",2,"O0513","m",1,664,21
"3377","MS_O0513_21_Yellow.xlsx","pronouns","代名詞","MS","O0513",3,"O0513","m",1,664,21
"3378","MS_O0513_21_Yellow.xlsx","question_words","質問のことば","MS","O0513",1,"O0513","m",1,664,21
"3379","MS_O0513_21_Yellow.xlsx","locations","位置と場所についてのことば","MS","O0513",1,"O0513","m",1,664,21
"3380","MS_O0513_21_Yellow.xlsx","quantifiers","数量をあらわすことば","MS","O0513",1,"O0513","m",1,664,21
"3381","MS_O0513_21_Yellow.xlsx","connecting_words","接続語","MS","O0513",0,"O0513","m",1,664,21
"3382","MS_O0513_21_Yellow.xlsx","sounds2","幼児語（その２）","MS","O0513",12,"O0513","m",1,664,21
"3383","MS_O0513_21_Yellow.xlsx","conversations","会話語","MS","O0513",2,"O0513","m",1,664,21
"3384","MS_O0513_21_Yellow.xlsx","others","その他","MS","O0513",2,"O0513","m",1,664,21
"3385","MS_O0516_21_Yellow.xlsx","sounds","幼児語","MS","O0516",7,"O0516","f",1,656,21
"3386","MS_O0516_21_Yellow.xlsx","animals","動物の名前","MS","O0516",1,"O0516","f",1,656,21
"3387","MS_O0516_21_Yellow.xlsx","vehicles","乗り物","MS","O0516",0,"O0516","f",1,656,21
"3388","MS_O0516_21_Yellow.xlsx","toys","おもちゃ","MS","O0516",0,"O0516","f",1,656,21
"3389","MS_O0516_21_Yellow.xlsx","food_drink","食べ物と飲み物","MS","O0516",3,"O0516","f",1,656,21
"3390","MS_O0516_21_Yellow.xlsx","clothing","衣類","MS","O0516",0,"O0516","f",1,656,21
"3391","MS_O0516_21_Yellow.xlsx","body_parts","体の部分","MS","O0516",0,"O0516","f",1,656,21
"3392","MS_O0516_21_Yellow.xlsx","furniture_rooms","家具と部屋","MS","O0516",0,"O0516","f",1,656,21
"3393","MS_O0516_21_Yellow.xlsx","household","小さな家庭用品","MS","O0516",0,"O0516","f",1,656,21
"3394","MS_O0516_21_Yellow.xlsx","outside","戸外のもの","MS","O0516",1,"O0516","f",1,656,21
"3395","MS_O0516_21_Yellow.xlsx","places","おでかけ","MS","O0516",0,"O0516","f",1,656,21
"3396","MS_O0516_21_Yellow.xlsx","people","人々","MS","O0516",2,"O0516","f",1,656,21
"3397","MS_O0516_21_Yellow.xlsx","games_routines","日課とあいさつ","MS","O0516",3,"O0516","f",1,656,21
"3398","MS_O0516_21_Yellow.xlsx","action_words","動作語","MS","O0516",0,"O0516","f",1,656,21
"3399","MS_O0516_21_Yellow.xlsx","time_words","時間についてのことば","MS","O0516",0,"O0516","f",1,656,21
"3400","MS_O0516_21_Yellow.xlsx","descriptive_words","ようす・性質","MS","O0516",2,"O0516","f",1,656,21
"3401","MS_O0516_21_Yellow.xlsx","pronouns","代名詞","MS","O0516",0,"O0516","f",1,656,21
"3402","MS_O0516_21_Yellow.xlsx","question_words","質問のことば","MS","O0516",0,"O0516","f",1,656,21
"3403","MS_O0516_21_Yellow.xlsx","locations","位置と場所についてのことば","MS","O0516",0,"O0516","f",1,656,21
"3404","MS_O0516_21_Yellow.xlsx","quantifiers","数量をあらわすことば","MS","O0516",1,"O0516","f",1,656,21
"3405","MS_O0516_21_Yellow.xlsx","connecting_words","接続語","MS","O0516",0,"O0516","f",1,656,21
"3406","MS_O0516_21_Yellow.xlsx","sounds2","幼児語（その２）","MS","O0516",10,"O0516","f",1,656,21
"3407","MS_O0516_21_Yellow.xlsx","conversations","会話語","MS","O0516",3,"O0516","f",1,656,21
"3408","MS_O0516_21_Yellow.xlsx","others","その他","MS","O0516",2,"O0516","f",1,656,21
"3409","MS_O0523_20_Yellow.xlsx","sounds","幼児語","MS","O0523",6,"O0523","m",1,612,20
"3410","MS_O0523_20_Yellow.xlsx","animals","動物の名前","MS","O0523",0,"O0523","m",1,612,20
"3411","MS_O0523_20_Yellow.xlsx","vehicles","乗り物","MS","O0523",6,"O0523","m",1,612,20
"3412","MS_O0523_20_Yellow.xlsx","toys","おもちゃ","MS","O0523",0,"O0523","m",1,612,20
"3413","MS_O0523_20_Yellow.xlsx","food_drink","食べ物と飲み物","MS","O0523",0,"O0523","m",1,612,20
"3414","MS_O0523_20_Yellow.xlsx","clothing","衣類","MS","O0523",0,"O0523","m",1,612,20
"3415","MS_O0523_20_Yellow.xlsx","body_parts","体の部分","MS","O0523",0,"O0523","m",1,612,20
"3416","MS_O0523_20_Yellow.xlsx","furniture_rooms","家具と部屋","MS","O0523",0,"O0523","m",1,612,20
"3417","MS_O0523_20_Yellow.xlsx","household","小さな家庭用品","MS","O0523",0,"O0523","m",1,612,20
"3418","MS_O0523_20_Yellow.xlsx","outside","戸外のもの","MS","O0523",0,"O0523","m",1,612,20
"3419","MS_O0523_20_Yellow.xlsx","places","おでかけ","MS","O0523",0,"O0523","m",1,612,20
"3420","MS_O0523_20_Yellow.xlsx","people","人々","MS","O0523",2,"O0523","m",1,612,20
"3421","MS_O0523_20_Yellow.xlsx","games_routines","日課とあいさつ","MS","O0523",5,"O0523","m",1,612,20
"3422","MS_O0523_20_Yellow.xlsx","action_words","動作語","MS","O0523",1,"O0523","m",1,612,20
"3423","MS_O0523_20_Yellow.xlsx","time_words","時間についてのことば","MS","O0523",0,"O0523","m",1,612,20
"3424","MS_O0523_20_Yellow.xlsx","descriptive_words","ようす・性質","MS","O0523",0,"O0523","m",1,612,20
"3425","MS_O0523_20_Yellow.xlsx","pronouns","代名詞","MS","O0523",0,"O0523","m",1,612,20
"3426","MS_O0523_20_Yellow.xlsx","question_words","質問のことば","MS","O0523",0,"O0523","m",1,612,20
"3427","MS_O0523_20_Yellow.xlsx","locations","位置と場所についてのことば","MS","O0523",0,"O0523","m",1,612,20
"3428","MS_O0523_20_Yellow.xlsx","quantifiers","数量をあらわすことば","MS","O0523",1,"O0523","m",1,612,20
"3429","MS_O0523_20_Yellow.xlsx","connecting_words","接続語","MS","O0523",0,"O0523","m",1,612,20
"3430","MS_O0523_20_Yellow.xlsx","sounds2","幼児語（その２）","MS","O0523",7,"O0523","m",1,612,20
"3431","MS_O0523_20_Yellow.xlsx","conversations","会話語","MS","O0523",3,"O0523","m",1,612,20
"3432","MS_O0523_20_Yellow.xlsx","others","その他","MS","O0523",1,"O0523","m",1,612,20
"3433","MS_O0524_21_Yellow.xlsx","sounds","幼児語","MS","O0524",2,"O0524","m",1,655,21
"3434","MS_O0524_21_Yellow.xlsx","animals","動物の名前","MS","O0524",1,"O0524","m",1,655,21
"3435","MS_O0524_21_Yellow.xlsx","vehicles","乗り物","MS","O0524",0,"O0524","m",1,655,21
"3436","MS_O0524_21_Yellow.xlsx","toys","おもちゃ","MS","O0524",0,"O0524","m",1,655,21
"3437","MS_O0524_21_Yellow.xlsx","food_drink","食べ物と飲み物","MS","O0524",5,"O0524","m",1,655,21
"3438","MS_O0524_21_Yellow.xlsx","clothing","衣類","MS","O0524",0,"O0524","m",1,655,21
"3439","MS_O0524_21_Yellow.xlsx","body_parts","体の部分","MS","O0524",0,"O0524","m",1,655,21
"3440","MS_O0524_21_Yellow.xlsx","furniture_rooms","家具と部屋","MS","O0524",0,"O0524","m",1,655,21
"3441","MS_O0524_21_Yellow.xlsx","household","小さな家庭用品","MS","O0524",0,"O0524","m",1,655,21
"3442","MS_O0524_21_Yellow.xlsx","outside","戸外のもの","MS","O0524",0,"O0524","m",1,655,21
"3443","MS_O0524_21_Yellow.xlsx","places","おでかけ","MS","O0524",0,"O0524","m",1,655,21
"3444","MS_O0524_21_Yellow.xlsx","people","人々","MS","O0524",2,"O0524","m",1,655,21
"3445","MS_O0524_21_Yellow.xlsx","games_routines","日課とあいさつ","MS","O0524",4,"O0524","m",1,655,21
"3446","MS_O0524_21_Yellow.xlsx","action_words","動作語","MS","O0524",2,"O0524","m",1,655,21
"3447","MS_O0524_21_Yellow.xlsx","time_words","時間についてのことば","MS","O0524",0,"O0524","m",1,655,21
"3448","MS_O0524_21_Yellow.xlsx","descriptive_words","ようす・性質","MS","O0524",0,"O0524","m",1,655,21
"3449","MS_O0524_21_Yellow.xlsx","pronouns","代名詞","MS","O0524",0,"O0524","m",1,655,21
"3450","MS_O0524_21_Yellow.xlsx","question_words","質問のことば","MS","O0524",0,"O0524","m",1,655,21
"3451","MS_O0524_21_Yellow.xlsx","locations","位置と場所についてのことば","MS","O0524",0,"O0524","m",1,655,21
"3452","MS_O0524_21_Yellow.xlsx","quantifiers","数量をあらわすことば","MS","O0524",0,"O0524","m",1,655,21
"3453","MS_O0524_21_Yellow.xlsx","connecting_words","接続語","MS","O0524",0,"O0524","m",1,655,21
"3454","MS_O0524_21_Yellow.xlsx","sounds2","幼児語（その２）","MS","O0524",0,"O0524","m",1,655,21
"3455","MS_O0524_21_Yellow.xlsx","conversations","会話語","MS","O0524",1,"O0524","m",1,655,21
"3456","MS_O0524_21_Yellow.xlsx","others","その他","MS","O0524",0,"O0524","m",1,655,21
"3457","MS_O0528_20_Yellow.xlsx","sounds","幼児語","MS","O0528",10,"O0528","m",1,611,20
"3458","MS_O0528_20_Yellow.xlsx","animals","動物の名前","MS","O0528",25,"O0528","m",1,611,20
"3459","MS_O0528_20_Yellow.xlsx","vehicles","乗り物","MS","O0528",11,"O0528","m",1,611,20
"3460","MS_O0528_20_Yellow.xlsx","toys","おもちゃ","MS","O0528",2,"O0528","m",1,611,20
"3461","MS_O0528_20_Yellow.xlsx","food_drink","食べ物と飲み物","MS","O0528",22,"O0528","m",1,611,20
"3462","MS_O0528_20_Yellow.xlsx","clothing","衣類","MS","O0528",5,"O0528","m",1,611,20
"3463","MS_O0528_20_Yellow.xlsx","body_parts","体の部分","MS","O0528",11,"O0528","m",1,611,20
"3464","MS_O0528_20_Yellow.xlsx","furniture_rooms","家具と部屋","MS","O0528",2,"O0528","m",1,611,20
"3465","MS_O0528_20_Yellow.xlsx","household","小さな家庭用品","MS","O0528",4,"O0528","m",1,611,20
"3466","MS_O0528_20_Yellow.xlsx","outside","戸外のもの","MS","O0528",5,"O0528","m",1,611,20
"3467","MS_O0528_20_Yellow.xlsx","places","おでかけ","MS","O0528",1,"O0528","m",1,611,20
"3468","MS_O0528_20_Yellow.xlsx","people","人々","MS","O0528",12,"O0528","m",1,611,20
"3469","MS_O0528_20_Yellow.xlsx","games_routines","日課とあいさつ","MS","O0528",17,"O0528","m",1,611,20
"3470","MS_O0528_20_Yellow.xlsx","action_words","動作語","MS","O0528",18,"O0528","m",1,611,20
"3471","MS_O0528_20_Yellow.xlsx","time_words","時間についてのことば","MS","O0528",0,"O0528","m",1,611,20
"3472","MS_O0528_20_Yellow.xlsx","descriptive_words","ようす・性質","MS","O0528",19,"O0528","m",1,611,20
"3473","MS_O0528_20_Yellow.xlsx","pronouns","代名詞","MS","O0528",6,"O0528","m",1,611,20
"3474","MS_O0528_20_Yellow.xlsx","question_words","質問のことば","MS","O0528",5,"O0528","m",1,611,20
"3475","MS_O0528_20_Yellow.xlsx","locations","位置と場所についてのことば","MS","O0528",0,"O0528","m",1,611,20
"3476","MS_O0528_20_Yellow.xlsx","quantifiers","数量をあらわすことば","MS","O0528",5,"O0528","m",1,611,20
"3477","MS_O0528_20_Yellow.xlsx","connecting_words","接続語","MS","O0528",0,"O0528","m",1,611,20
"3478","MS_O0528_20_Yellow.xlsx","sounds2","幼児語（その２）","MS","O0528",19,"O0528","m",1,611,20
"3479","MS_O0528_20_Yellow.xlsx","conversations","会話語","MS","O0528",6,"O0528","m",1,611,20
"3480","MS_O0528_20_Yellow.xlsx","others","その他","MS","O0528",5,"O0528","m",1,611,20
"3481","MS_O0531_20_Yellow.xlsx","sounds","幼児語","MS","O0531",10,"O0531","m",1,634,20
"3482","MS_O0531_20_Yellow.xlsx","animals","動物の名前","MS","O0531",27,"O0531","m",1,634,20
"3483","MS_O0531_20_Yellow.xlsx","vehicles","乗り物","MS","O0531",5,"O0531","m",1,634,20
"3484","MS_O0531_20_Yellow.xlsx","toys","おもちゃ","MS","O0531",3,"O0531","m",1,634,20
"3485","MS_O0531_20_Yellow.xlsx","food_drink","食べ物と飲み物","MS","O0531",29,"O0531","m",1,634,20
"3486","MS_O0531_20_Yellow.xlsx","clothing","衣類","MS","O0531",6,"O0531","m",1,634,20
"3487","MS_O0531_20_Yellow.xlsx","body_parts","体の部分","MS","O0531",9,"O0531","m",1,634,20
"3488","MS_O0531_20_Yellow.xlsx","furniture_rooms","家具と部屋","MS","O0531",1,"O0531","m",1,634,20
"3489","MS_O0531_20_Yellow.xlsx","household","小さな家庭用品","MS","O0531",8,"O0531","m",1,634,20
"3490","MS_O0531_20_Yellow.xlsx","outside","戸外のもの","MS","O0531",7,"O0531","m",1,634,20
"3491","MS_O0531_20_Yellow.xlsx","places","おでかけ","MS","O0531",4,"O0531","m",1,634,20
"3492","MS_O0531_20_Yellow.xlsx","people","人々","MS","O0531",4,"O0531","m",1,634,20
"3493","MS_O0531_20_Yellow.xlsx","games_routines","日課とあいさつ","MS","O0531",15,"O0531","m",1,634,20
"3494","MS_O0531_20_Yellow.xlsx","action_words","動作語","MS","O0531",24,"O0531","m",1,634,20
"3495","MS_O0531_20_Yellow.xlsx","time_words","時間についてのことば","MS","O0531",0,"O0531","m",1,634,20
"3496","MS_O0531_20_Yellow.xlsx","descriptive_words","ようす・性質","MS","O0531",19,"O0531","m",1,634,20
"3497","MS_O0531_20_Yellow.xlsx","pronouns","代名詞","MS","O0531",4,"O0531","m",1,634,20
"3498","MS_O0531_20_Yellow.xlsx","question_words","質問のことば","MS","O0531",3,"O0531","m",1,634,20
"3499","MS_O0531_20_Yellow.xlsx","locations","位置と場所についてのことば","MS","O0531",0,"O0531","m",1,634,20
"3500","MS_O0531_20_Yellow.xlsx","quantifiers","数量をあらわすことば","MS","O0531",7,"O0531","m",1,634,20
"3501","MS_O0531_20_Yellow.xlsx","connecting_words","接続語","MS","O0531",0,"O0531","m",1,634,20
"3502","MS_O0531_20_Yellow.xlsx","sounds2","幼児語（その２）","MS","O0531",13,"O0531","m",1,634,20
"3503","MS_O0531_20_Yellow.xlsx","conversations","会話語","MS","O0531",6,"O0531","m",1,634,20
"3504","MS_O0531_20_Yellow.xlsx","others","その他","MS","O0531",2,"O0531","m",1,634,20
"3505","MS_O0535_21_Yellow.xlsx","sounds","幼児語","MS","O0535",11,"O0535","f",1,664,21
"3506","MS_O0535_21_Yellow.xlsx","animals","動物の名前","MS","O0535",34,"O0535","f",1,664,21
"3507","MS_O0535_21_Yellow.xlsx","vehicles","乗り物","MS","O0535",8,"O0535","f",1,664,21
"3508","MS_O0535_21_Yellow.xlsx","toys","おもちゃ","MS","O0535",8,"O0535","f",1,664,21
"3509","MS_O0535_21_Yellow.xlsx","food_drink","食べ物と飲み物","MS","O0535",46,"O0535","f",1,664,21
"3510","MS_O0535_21_Yellow.xlsx","clothing","衣類","MS","O0535",8,"O0535","f",1,664,21
"3511","MS_O0535_21_Yellow.xlsx","body_parts","体の部分","MS","O0535",17,"O0535","f",1,664,21
"3512","MS_O0535_21_Yellow.xlsx","furniture_rooms","家具と部屋","MS","O0535",4,"O0535","f",1,664,21
"3513","MS_O0535_21_Yellow.xlsx","household","小さな家庭用品","MS","O0535",11,"O0535","f",1,664,21
"3514","MS_O0535_21_Yellow.xlsx","outside","戸外のもの","MS","O0535",14,"O0535","f",1,664,21
"3515","MS_O0535_21_Yellow.xlsx","places","おでかけ","MS","O0535",6,"O0535","f",1,664,21
"3516","MS_O0535_21_Yellow.xlsx","people","人々","MS","O0535",13,"O0535","f",1,664,21
"3517","MS_O0535_21_Yellow.xlsx","games_routines","日課とあいさつ","MS","O0535",19,"O0535","f",1,664,21
"3518","MS_O0535_21_Yellow.xlsx","action_words","動作語","MS","O0535",12,"O0535","f",1,664,21
"3519","MS_O0535_21_Yellow.xlsx","time_words","時間についてのことば","MS","O0535",0,"O0535","f",1,664,21
"3520","MS_O0535_21_Yellow.xlsx","descriptive_words","ようす・性質","MS","O0535",13,"O0535","f",1,664,21
"3521","MS_O0535_21_Yellow.xlsx","pronouns","代名詞","MS","O0535",5,"O0535","f",1,664,21
"3522","MS_O0535_21_Yellow.xlsx","question_words","質問のことば","MS","O0535",1,"O0535","f",1,664,21
"3523","MS_O0535_21_Yellow.xlsx","locations","位置と場所についてのことば","MS","O0535",0,"O0535","f",1,664,21
"3524","MS_O0535_21_Yellow.xlsx","quantifiers","数量をあらわすことば","MS","O0535",9,"O0535","f",1,664,21
"3525","MS_O0535_21_Yellow.xlsx","connecting_words","接続語","MS","O0535",0,"O0535","f",1,664,21
"3526","MS_O0535_21_Yellow.xlsx","sounds2","幼児語（その２）","MS","O0535",18,"O0535","f",1,664,21
"3527","MS_O0535_21_Yellow.xlsx","conversations","会話語","MS","O0535",6,"O0535","f",1,664,21
"3528","MS_O0535_21_Yellow.xlsx","others","その他","MS","O0535",4,"O0535","f",1,664,21
"3529","MS_O0536_21_Yellow.xlsx","sounds","幼児語","MS","O0536",2,"O0536","f",1,646,21
"3530","MS_O0536_21_Yellow.xlsx","animals","動物の名前","MS","O0536",0,"O0536","f",1,646,21
"3531","MS_O0536_21_Yellow.xlsx","vehicles","乗り物","MS","O0536",0,"O0536","f",1,646,21
"3532","MS_O0536_21_Yellow.xlsx","toys","おもちゃ","MS","O0536",0,"O0536","f",1,646,21
"3533","MS_O0536_21_Yellow.xlsx","food_drink","食べ物と飲み物","MS","O0536",0,"O0536","f",1,646,21
"3534","MS_O0536_21_Yellow.xlsx","clothing","衣類","MS","O0536",0,"O0536","f",1,646,21
"3535","MS_O0536_21_Yellow.xlsx","body_parts","体の部分","MS","O0536",0,"O0536","f",1,646,21
"3536","MS_O0536_21_Yellow.xlsx","furniture_rooms","家具と部屋","MS","O0536",0,"O0536","f",1,646,21
"3537","MS_O0536_21_Yellow.xlsx","household","小さな家庭用品","MS","O0536",0,"O0536","f",1,646,21
"3538","MS_O0536_21_Yellow.xlsx","outside","戸外のもの","MS","O0536",0,"O0536","f",1,646,21
"3539","MS_O0536_21_Yellow.xlsx","places","おでかけ","MS","O0536",0,"O0536","f",1,646,21
"3540","MS_O0536_21_Yellow.xlsx","people","人々","MS","O0536",2,"O0536","f",1,646,21
"3541","MS_O0536_21_Yellow.xlsx","games_routines","日課とあいさつ","MS","O0536",2,"O0536","f",1,646,21
"3542","MS_O0536_21_Yellow.xlsx","action_words","動作語","MS","O0536",0,"O0536","f",1,646,21
"3543","MS_O0536_21_Yellow.xlsx","time_words","時間についてのことば","MS","O0536",0,"O0536","f",1,646,21
"3544","MS_O0536_21_Yellow.xlsx","descriptive_words","ようす・性質","MS","O0536",0,"O0536","f",1,646,21
"3545","MS_O0536_21_Yellow.xlsx","pronouns","代名詞","MS","O0536",0,"O0536","f",1,646,21
"3546","MS_O0536_21_Yellow.xlsx","question_words","質問のことば","MS","O0536",0,"O0536","f",1,646,21
"3547","MS_O0536_21_Yellow.xlsx","locations","位置と場所についてのことば","MS","O0536",0,"O0536","f",1,646,21
"3548","MS_O0536_21_Yellow.xlsx","quantifiers","数量をあらわすことば","MS","O0536",0,"O0536","f",1,646,21
"3549","MS_O0536_21_Yellow.xlsx","connecting_words","接続語","MS","O0536",0,"O0536","f",1,646,21
"3550","MS_O0536_21_Yellow.xlsx","sounds2","幼児語（その２）","MS","O0536",0,"O0536","f",1,646,21
"3551","MS_O0536_21_Yellow.xlsx","conversations","会話語","MS","O0536",0,"O0536","f",1,646,21
"3552","MS_O0536_21_Yellow.xlsx","others","その他","MS","O0536",0,"O0536","f",1,646,21
"3553","MS_O0543_21_Yellow.xlsx","sounds","幼児語","MS","O0543",2,"O0543","f",1,640,21
"3554","MS_O0543_21_Yellow.xlsx","animals","動物の名前","MS","O0543",0,"O0543","f",1,640,21
"3555","MS_O0543_21_Yellow.xlsx","vehicles","乗り物","MS","O0543",0,"O0543","f",1,640,21
"3556","MS_O0543_21_Yellow.xlsx","toys","おもちゃ","MS","O0543",0,"O0543","f",1,640,21
"3557","MS_O0543_21_Yellow.xlsx","food_drink","食べ物と飲み物","MS","O0543",0,"O0543","f",1,640,21
"3558","MS_O0543_21_Yellow.xlsx","clothing","衣類","MS","O0543",0,"O0543","f",1,640,21
"3559","MS_O0543_21_Yellow.xlsx","body_parts","体の部分","MS","O0543",0,"O0543","f",1,640,21
"3560","MS_O0543_21_Yellow.xlsx","furniture_rooms","家具と部屋","MS","O0543",0,"O0543","f",1,640,21
"3561","MS_O0543_21_Yellow.xlsx","household","小さな家庭用品","MS","O0543",0,"O0543","f",1,640,21
"3562","MS_O0543_21_Yellow.xlsx","outside","戸外のもの","MS","O0543",0,"O0543","f",1,640,21
"3563","MS_O0543_21_Yellow.xlsx","places","おでかけ","MS","O0543",0,"O0543","f",1,640,21
"3564","MS_O0543_21_Yellow.xlsx","people","人々","MS","O0543",2,"O0543","f",1,640,21
"3565","MS_O0543_21_Yellow.xlsx","games_routines","日課とあいさつ","MS","O0543",5,"O0543","f",1,640,21
"3566","MS_O0543_21_Yellow.xlsx","action_words","動作語","MS","O0543",0,"O0543","f",1,640,21
"3567","MS_O0543_21_Yellow.xlsx","time_words","時間についてのことば","MS","O0543",0,"O0543","f",1,640,21
"3568","MS_O0543_21_Yellow.xlsx","descriptive_words","ようす・性質","MS","O0543",0,"O0543","f",1,640,21
"3569","MS_O0543_21_Yellow.xlsx","pronouns","代名詞","MS","O0543",0,"O0543","f",1,640,21
"3570","MS_O0543_21_Yellow.xlsx","question_words","質問のことば","MS","O0543",0,"O0543","f",1,640,21
"3571","MS_O0543_21_Yellow.xlsx","locations","位置と場所についてのことば","MS","O0543",0,"O0543","f",1,640,21
"3572","MS_O0543_21_Yellow.xlsx","quantifiers","数量をあらわすことば","MS","O0543",0,"O0543","f",1,640,21
"3573","MS_O0543_21_Yellow.xlsx","connecting_words","接続語","MS","O0543",0,"O0543","f",1,640,21
"3574","MS_O0543_21_Yellow.xlsx","sounds2","幼児語（その２）","MS","O0543",2,"O0543","f",1,640,21
"3575","MS_O0543_21_Yellow.xlsx","conversations","会話語","MS","O0543",2,"O0543","f",1,640,21
"3576","MS_O0543_21_Yellow.xlsx","others","その他","MS","O0543",3,"O0543","f",1,640,21
"3577","MS_O0552_21_Yellow.xlsx","sounds","幼児語","MS","O0552",12,"O0552","f",1,639,21
"3578","MS_O0552_21_Yellow.xlsx","animals","動物の名前","MS","O0552",40,"O0552","f",1,639,21
"3579","MS_O0552_21_Yellow.xlsx","vehicles","乗り物","MS","O0552",10,"O0552","f",1,639,21
"3580","MS_O0552_21_Yellow.xlsx","toys","おもちゃ","MS","O0552",11,"O0552","f",1,639,21
"3581","MS_O0552_21_Yellow.xlsx","food_drink","食べ物と飲み物","MS","O0552",51,"O0552","f",1,639,21
"3582","MS_O0552_21_Yellow.xlsx","clothing","衣類","MS","O0552",6,"O0552","f",1,639,21
"3583","MS_O0552_21_Yellow.xlsx","body_parts","体の部分","MS","O0552",22,"O0552","f",1,639,21
"3584","MS_O0552_21_Yellow.xlsx","furniture_rooms","家具と部屋","MS","O0552",7,"O0552","f",1,639,21
"3585","MS_O0552_21_Yellow.xlsx","household","小さな家庭用品","MS","O0552",23,"O0552","f",1,639,21
"3586","MS_O0552_21_Yellow.xlsx","outside","戸外のもの","MS","O0552",19,"O0552","f",1,639,21
"3587","MS_O0552_21_Yellow.xlsx","places","おでかけ","MS","O0552",2,"O0552","f",1,639,21
"3588","MS_O0552_21_Yellow.xlsx","people","人々","MS","O0552",16,"O0552","f",1,639,21
"3589","MS_O0552_21_Yellow.xlsx","games_routines","日課とあいさつ","MS","O0552",24,"O0552","f",1,639,21
"3590","MS_O0552_21_Yellow.xlsx","action_words","動作語","MS","O0552",47,"O0552","f",1,639,21
"3591","MS_O0552_21_Yellow.xlsx","time_words","時間についてのことば","MS","O0552",3,"O0552","f",1,639,21
"3592","MS_O0552_21_Yellow.xlsx","descriptive_words","ようす・性質","MS","O0552",47,"O0552","f",1,639,21
"3593","MS_O0552_21_Yellow.xlsx","pronouns","代名詞","MS","O0552",9,"O0552","f",1,639,21
"3594","MS_O0552_21_Yellow.xlsx","question_words","質問のことば","MS","O0552",5,"O0552","f",1,639,21
"3595","MS_O0552_21_Yellow.xlsx","locations","位置と場所についてのことば","MS","O0552",7,"O0552","f",1,639,21
"3596","MS_O0552_21_Yellow.xlsx","quantifiers","数量をあらわすことば","MS","O0552",15,"O0552","f",1,639,21
"3597","MS_O0552_21_Yellow.xlsx","connecting_words","接続語","MS","O0552",0,"O0552","f",1,639,21
"3598","MS_O0552_21_Yellow.xlsx","sounds2","幼児語（その２）","MS","O0552",29,"O0552","f",1,639,21
"3599","MS_O0552_21_Yellow.xlsx","conversations","会話語","MS","O0552",8,"O0552","f",1,639,21
"3600","MS_O0552_21_Yellow.xlsx","others","その他","MS","O0552",6,"O0552","f",1,639,21
"3601","MS_O0557_21_Yellow.xlsx","sounds","幼児語","MS","O0557",6,"O0557","m",1,647,21
"3602","MS_O0557_21_Yellow.xlsx","animals","動物の名前","MS","O0557",34,"O0557","m",1,647,21
"3603","MS_O0557_21_Yellow.xlsx","vehicles","乗り物","MS","O0557",10,"O0557","m",1,647,21
"3604","MS_O0557_21_Yellow.xlsx","toys","おもちゃ","MS","O0557",11,"O0557","m",1,647,21
"3605","MS_O0557_21_Yellow.xlsx","food_drink","食べ物と飲み物","MS","O0557",55,"O0557","m",1,647,21
"3606","MS_O0557_21_Yellow.xlsx","clothing","衣類","MS","O0557",14,"O0557","m",1,647,21
"3607","MS_O0557_21_Yellow.xlsx","body_parts","体の部分","MS","O0557",21,"O0557","m",1,647,21
"3608","MS_O0557_21_Yellow.xlsx","furniture_rooms","家具と部屋","MS","O0557",16,"O0557","m",1,647,21
"3609","MS_O0557_21_Yellow.xlsx","household","小さな家庭用品","MS","O0557",23,"O0557","m",1,647,21
"3610","MS_O0557_21_Yellow.xlsx","outside","戸外のもの","MS","O0557",17,"O0557","m",1,647,21
"3611","MS_O0557_21_Yellow.xlsx","places","おでかけ","MS","O0557",9,"O0557","m",1,647,21
"3612","MS_O0557_21_Yellow.xlsx","people","人々","MS","O0557",8,"O0557","m",1,647,21
"3613","MS_O0557_21_Yellow.xlsx","games_routines","日課とあいさつ","MS","O0557",23,"O0557","m",1,647,21
"3614","MS_O0557_21_Yellow.xlsx","action_words","動作語","MS","O0557",73,"O0557","m",1,647,21
"3615","MS_O0557_21_Yellow.xlsx","time_words","時間についてのことば","MS","O0557",2,"O0557","m",1,647,21
"3616","MS_O0557_21_Yellow.xlsx","descriptive_words","ようす・性質","MS","O0557",13,"O0557","m",1,647,21
"3617","MS_O0557_21_Yellow.xlsx","pronouns","代名詞","MS","O0557",5,"O0557","m",1,647,21
"3618","MS_O0557_21_Yellow.xlsx","question_words","質問のことば","MS","O0557",1,"O0557","m",1,647,21
"3619","MS_O0557_21_Yellow.xlsx","locations","位置と場所についてのことば","MS","O0557",5,"O0557","m",1,647,21
"3620","MS_O0557_21_Yellow.xlsx","quantifiers","数量をあらわすことば","MS","O0557",8,"O0557","m",1,647,21
"3621","MS_O0557_21_Yellow.xlsx","connecting_words","接続語","MS","O0557",0,"O0557","m",1,647,21
"3622","MS_O0557_21_Yellow.xlsx","sounds2","幼児語（その２）","MS","O0557",12,"O0557","m",1,647,21
"3623","MS_O0557_21_Yellow.xlsx","conversations","会話語","MS","O0557",5,"O0557","m",1,647,21
"3624","MS_O0557_21_Yellow.xlsx","others","その他","MS","O0557",3,"O0557","m",1,647,21
"3625","MS_O0558_19_Yellow.xlsx","sounds","幼児語","MS","O0558",5,"O0558","f",1,603,19
"3626","MS_O0558_19_Yellow.xlsx","animals","動物の名前","MS","O0558",4,"O0558","f",1,603,19
"3627","MS_O0558_19_Yellow.xlsx","vehicles","乗り物","MS","O0558",3,"O0558","f",1,603,19
"3628","MS_O0558_19_Yellow.xlsx","toys","おもちゃ","MS","O0558",2,"O0558","f",1,603,19
"3629","MS_O0558_19_Yellow.xlsx","food_drink","食べ物と飲み物","MS","O0558",6,"O0558","f",1,603,19
"3630","MS_O0558_19_Yellow.xlsx","clothing","衣類","MS","O0558",2,"O0558","f",1,603,19
"3631","MS_O0558_19_Yellow.xlsx","body_parts","体の部分","MS","O0558",4,"O0558","f",1,603,19
"3632","MS_O0558_19_Yellow.xlsx","furniture_rooms","家具と部屋","MS","O0558",1,"O0558","f",1,603,19
"3633","MS_O0558_19_Yellow.xlsx","household","小さな家庭用品","MS","O0558",2,"O0558","f",1,603,19
"3634","MS_O0558_19_Yellow.xlsx","outside","戸外のもの","MS","O0558",0,"O0558","f",1,603,19
"3635","MS_O0558_19_Yellow.xlsx","places","おでかけ","MS","O0558",0,"O0558","f",1,603,19
"3636","MS_O0558_19_Yellow.xlsx","people","人々","MS","O0558",4,"O0558","f",1,603,19
"3637","MS_O0558_19_Yellow.xlsx","games_routines","日課とあいさつ","MS","O0558",2,"O0558","f",1,603,19
"3638","MS_O0558_19_Yellow.xlsx","action_words","動作語","MS","O0558",1,"O0558","f",1,603,19
"3639","MS_O0558_19_Yellow.xlsx","time_words","時間についてのことば","MS","O0558",0,"O0558","f",1,603,19
"3640","MS_O0558_19_Yellow.xlsx","descriptive_words","ようす・性質","MS","O0558",1,"O0558","f",1,603,19
"3641","MS_O0558_19_Yellow.xlsx","pronouns","代名詞","MS","O0558",0,"O0558","f",1,603,19
"3642","MS_O0558_19_Yellow.xlsx","question_words","質問のことば","MS","O0558",0,"O0558","f",1,603,19
"3643","MS_O0558_19_Yellow.xlsx","locations","位置と場所についてのことば","MS","O0558",0,"O0558","f",1,603,19
"3644","MS_O0558_19_Yellow.xlsx","quantifiers","数量をあらわすことば","MS","O0558",0,"O0558","f",1,603,19
"3645","MS_O0558_19_Yellow.xlsx","connecting_words","接続語","MS","O0558",0,"O0558","f",1,603,19
"3646","MS_O0558_19_Yellow.xlsx","sounds2","幼児語（その２）","MS","O0558",2,"O0558","f",1,603,19
"3647","MS_O0558_19_Yellow.xlsx","conversations","会話語","MS","O0558",0,"O0558","f",1,603,19
"3648","MS_O0558_19_Yellow.xlsx","others","その他","MS","O0558",1,"O0558","f",1,603,19
"3649","MS_O0568_20_Yellow.xlsx","sounds","幼児語","MS","O0568",8,"O0568","m",1,628,20
"3650","MS_O0568_20_Yellow.xlsx","animals","動物の名前","MS","O0568",2,"O0568","m",1,628,20
"3651","MS_O0568_20_Yellow.xlsx","vehicles","乗り物","MS","O0568",5,"O0568","m",1,628,20
"3652","MS_O0568_20_Yellow.xlsx","toys","おもちゃ","MS","O0568",0,"O0568","m",1,628,20
"3653","MS_O0568_20_Yellow.xlsx","food_drink","食べ物と飲み物","MS","O0568",4,"O0568","m",1,628,20
"3654","MS_O0568_20_Yellow.xlsx","clothing","衣類","MS","O0568",0,"O0568","m",1,628,20
"3655","MS_O0568_20_Yellow.xlsx","body_parts","体の部分","MS","O0568",0,"O0568","m",1,628,20
"3656","MS_O0568_20_Yellow.xlsx","furniture_rooms","家具と部屋","MS","O0568",0,"O0568","m",1,628,20
"3657","MS_O0568_20_Yellow.xlsx","household","小さな家庭用品","MS","O0568",0,"O0568","m",1,628,20
"3658","MS_O0568_20_Yellow.xlsx","outside","戸外のもの","MS","O0568",2,"O0568","m",1,628,20
"3659","MS_O0568_20_Yellow.xlsx","places","おでかけ","MS","O0568",0,"O0568","m",1,628,20
"3660","MS_O0568_20_Yellow.xlsx","people","人々","MS","O0568",3,"O0568","m",1,628,20
"3661","MS_O0568_20_Yellow.xlsx","games_routines","日課とあいさつ","MS","O0568",3,"O0568","m",1,628,20
"3662","MS_O0568_20_Yellow.xlsx","action_words","動作語","MS","O0568",1,"O0568","m",1,628,20
"3663","MS_O0568_20_Yellow.xlsx","time_words","時間についてのことば","MS","O0568",0,"O0568","m",1,628,20
"3664","MS_O0568_20_Yellow.xlsx","descriptive_words","ようす・性質","MS","O0568",4,"O0568","m",1,628,20
"3665","MS_O0568_20_Yellow.xlsx","pronouns","代名詞","MS","O0568",4,"O0568","m",1,628,20
"3666","MS_O0568_20_Yellow.xlsx","question_words","質問のことば","MS","O0568",0,"O0568","m",1,628,20
"3667","MS_O0568_20_Yellow.xlsx","locations","位置と場所についてのことば","MS","O0568",0,"O0568","m",1,628,20
"3668","MS_O0568_20_Yellow.xlsx","quantifiers","数量をあらわすことば","MS","O0568",0,"O0568","m",1,628,20
"3669","MS_O0568_20_Yellow.xlsx","connecting_words","接続語","MS","O0568",0,"O0568","m",1,628,20
"3670","MS_O0568_20_Yellow.xlsx","sounds2","幼児語（その２）","MS","O0568",1,"O0568","m",1,628,20
"3671","MS_O0568_20_Yellow.xlsx","conversations","会話語","MS","O0568",0,"O0568","m",1,628,20
"3672","MS_O0568_20_Yellow.xlsx","others","その他","MS","O0568",2,"O0568","m",1,628,20
"3673","MS_O0575_20_Yellow.xlsx","sounds","幼児語","MS","O0575",9,"O0575","m",1,617,20
"3674","MS_O0575_20_Yellow.xlsx","animals","動物の名前","MS","O0575",18,"O0575","m",1,617,20
"3675","MS_O0575_20_Yellow.xlsx","vehicles","乗り物","MS","O0575",10,"O0575","m",1,617,20
"3676","MS_O0575_20_Yellow.xlsx","toys","おもちゃ","MS","O0575",2,"O0575","m",1,617,20
"3677","MS_O0575_20_Yellow.xlsx","food_drink","食べ物と飲み物","MS","O0575",31,"O0575","m",1,617,20
"3678","MS_O0575_20_Yellow.xlsx","clothing","衣類","MS","O0575",4,"O0575","m",1,617,20
"3679","MS_O0575_20_Yellow.xlsx","body_parts","体の部分","MS","O0575",11,"O0575","m",1,617,20
"3680","MS_O0575_20_Yellow.xlsx","furniture_rooms","家具と部屋","MS","O0575",5,"O0575","m",1,617,20
"3681","MS_O0575_20_Yellow.xlsx","household","小さな家庭用品","MS","O0575",12,"O0575","m",1,617,20
"3682","MS_O0575_20_Yellow.xlsx","outside","戸外のもの","MS","O0575",8,"O0575","m",1,617,20
"3683","MS_O0575_20_Yellow.xlsx","places","おでかけ","MS","O0575",4,"O0575","m",1,617,20
"3684","MS_O0575_20_Yellow.xlsx","people","人々","MS","O0575",5,"O0575","m",1,617,20
"3685","MS_O0575_20_Yellow.xlsx","games_routines","日課とあいさつ","MS","O0575",17,"O0575","m",1,617,20
"3686","MS_O0575_20_Yellow.xlsx","action_words","動作語","MS","O0575",12,"O0575","m",1,617,20
"3687","MS_O0575_20_Yellow.xlsx","time_words","時間についてのことば","MS","O0575",0,"O0575","m",1,617,20
"3688","MS_O0575_20_Yellow.xlsx","descriptive_words","ようす・性質","MS","O0575",12,"O0575","m",1,617,20
"3689","MS_O0575_20_Yellow.xlsx","pronouns","代名詞","MS","O0575",3,"O0575","m",1,617,20
"3690","MS_O0575_20_Yellow.xlsx","question_words","質問のことば","MS","O0575",3,"O0575","m",1,617,20
"3691","MS_O0575_20_Yellow.xlsx","locations","位置と場所についてのことば","MS","O0575",1,"O0575","m",1,617,20
"3692","MS_O0575_20_Yellow.xlsx","quantifiers","数量をあらわすことば","MS","O0575",2,"O0575","m",1,617,20
"3693","MS_O0575_20_Yellow.xlsx","connecting_words","接続語","MS","O0575",0,"O0575","m",1,617,20
"3694","MS_O0575_20_Yellow.xlsx","sounds2","幼児語（その２）","MS","O0575",17,"O0575","m",1,617,20
"3695","MS_O0575_20_Yellow.xlsx","conversations","会話語","MS","O0575",2,"O0575","m",1,617,20
"3696","MS_O0575_20_Yellow.xlsx","others","その他","MS","O0575",4,"O0575","m",1,617,20
"3697","MS_O0576_21_Yellow.xlsx","sounds","幼児語","MS","O0576",3,"O0576","m",1,665,21
"3698","MS_O0576_21_Yellow.xlsx","animals","動物の名前","MS","O0576",2,"O0576","m",1,665,21
"3699","MS_O0576_21_Yellow.xlsx","vehicles","乗り物","MS","O0576",5,"O0576","m",1,665,21
"3700","MS_O0576_21_Yellow.xlsx","toys","おもちゃ","MS","O0576",0,"O0576","m",1,665,21
"3701","MS_O0576_21_Yellow.xlsx","food_drink","食べ物と飲み物","MS","O0576",3,"O0576","m",1,665,21
"3702","MS_O0576_21_Yellow.xlsx","clothing","衣類","MS","O0576",0,"O0576","m",1,665,21
"3703","MS_O0576_21_Yellow.xlsx","body_parts","体の部分","MS","O0576",0,"O0576","m",1,665,21
"3704","MS_O0576_21_Yellow.xlsx","furniture_rooms","家具と部屋","MS","O0576",0,"O0576","m",1,665,21
"3705","MS_O0576_21_Yellow.xlsx","household","小さな家庭用品","MS","O0576",0,"O0576","m",1,665,21
"3706","MS_O0576_21_Yellow.xlsx","outside","戸外のもの","MS","O0576",0,"O0576","m",1,665,21
"3707","MS_O0576_21_Yellow.xlsx","places","おでかけ","MS","O0576",0,"O0576","m",1,665,21
"3708","MS_O0576_21_Yellow.xlsx","people","人々","MS","O0576",3,"O0576","m",1,665,21
"3709","MS_O0576_21_Yellow.xlsx","games_routines","日課とあいさつ","MS","O0576",5,"O0576","m",1,665,21
"3710","MS_O0576_21_Yellow.xlsx","action_words","動作語","MS","O0576",0,"O0576","m",1,665,21
"3711","MS_O0576_21_Yellow.xlsx","time_words","時間についてのことば","MS","O0576",0,"O0576","m",1,665,21
"3712","MS_O0576_21_Yellow.xlsx","descriptive_words","ようす・性質","MS","O0576",1,"O0576","m",1,665,21
"3713","MS_O0576_21_Yellow.xlsx","pronouns","代名詞","MS","O0576",1,"O0576","m",1,665,21
"3714","MS_O0576_21_Yellow.xlsx","question_words","質問のことば","MS","O0576",0,"O0576","m",1,665,21
"3715","MS_O0576_21_Yellow.xlsx","locations","位置と場所についてのことば","MS","O0576",0,"O0576","m",1,665,21
"3716","MS_O0576_21_Yellow.xlsx","quantifiers","数量をあらわすことば","MS","O0576",0,"O0576","m",1,665,21
"3717","MS_O0576_21_Yellow.xlsx","connecting_words","接続語","MS","O0576",0,"O0576","m",1,665,21
"3718","MS_O0576_21_Yellow.xlsx","sounds2","幼児語（その２）","MS","O0576",1,"O0576","m",1,665,21
"3719","MS_O0576_21_Yellow.xlsx","conversations","会話語","MS","O0576",1,"O0576","m",1,665,21
"3720","MS_O0576_21_Yellow.xlsx","others","その他","MS","O0576",1,"O0576","m",1,665,21
"3721","MS_O0578_20_Yellow.xlsx","sounds","幼児語","MS","O0578",0,"O0578","m",1,627,20
"3722","MS_O0578_20_Yellow.xlsx","animals","動物の名前","MS","O0578",0,"O0578","m",1,627,20
"3723","MS_O0578_20_Yellow.xlsx","vehicles","乗り物","MS","O0578",0,"O0578","m",1,627,20
"3724","MS_O0578_20_Yellow.xlsx","toys","おもちゃ","MS","O0578",0,"O0578","m",1,627,20
"3725","MS_O0578_20_Yellow.xlsx","food_drink","食べ物と飲み物","MS","O0578",0,"O0578","m",1,627,20
"3726","MS_O0578_20_Yellow.xlsx","clothing","衣類","MS","O0578",0,"O0578","m",1,627,20
"3727","MS_O0578_20_Yellow.xlsx","body_parts","体の部分","MS","O0578",0,"O0578","m",1,627,20
"3728","MS_O0578_20_Yellow.xlsx","furniture_rooms","家具と部屋","MS","O0578",0,"O0578","m",1,627,20
"3729","MS_O0578_20_Yellow.xlsx","household","小さな家庭用品","MS","O0578",0,"O0578","m",1,627,20
"3730","MS_O0578_20_Yellow.xlsx","outside","戸外のもの","MS","O0578",0,"O0578","m",1,627,20
"3731","MS_O0578_20_Yellow.xlsx","places","おでかけ","MS","O0578",0,"O0578","m",1,627,20
"3732","MS_O0578_20_Yellow.xlsx","people","人々","MS","O0578",1,"O0578","m",1,627,20
"3733","MS_O0578_20_Yellow.xlsx","games_routines","日課とあいさつ","MS","O0578",1,"O0578","m",1,627,20
"3734","MS_O0578_20_Yellow.xlsx","action_words","動作語","MS","O0578",0,"O0578","m",1,627,20
"3735","MS_O0578_20_Yellow.xlsx","time_words","時間についてのことば","MS","O0578",0,"O0578","m",1,627,20
"3736","MS_O0578_20_Yellow.xlsx","descriptive_words","ようす・性質","MS","O0578",0,"O0578","m",1,627,20
"3737","MS_O0578_20_Yellow.xlsx","pronouns","代名詞","MS","O0578",0,"O0578","m",1,627,20
"3738","MS_O0578_20_Yellow.xlsx","question_words","質問のことば","MS","O0578",0,"O0578","m",1,627,20
"3739","MS_O0578_20_Yellow.xlsx","locations","位置と場所についてのことば","MS","O0578",0,"O0578","m",1,627,20
"3740","MS_O0578_20_Yellow.xlsx","quantifiers","数量をあらわすことば","MS","O0578",0,"O0578","m",1,627,20
"3741","MS_O0578_20_Yellow.xlsx","connecting_words","接続語","MS","O0578",0,"O0578","m",1,627,20
"3742","MS_O0578_20_Yellow.xlsx","sounds2","幼児語（その２）","MS","O0578",0,"O0578","m",1,627,20
"3743","MS_O0578_20_Yellow.xlsx","conversations","会話語","MS","O0578",0,"O0578","m",1,627,20
"3744","MS_O0578_20_Yellow.xlsx","others","その他","MS","O0578",0,"O0578","m",1,627,20
"3745","MS_O0613_20_Yellow.xlsx","sounds","幼児語","MS","O0613",11,"O0613","m",1,637,20
"3746","MS_O0613_20_Yellow.xlsx","animals","動物の名前","MS","O0613",37,"O0613","m",1,637,20
"3747","MS_O0613_20_Yellow.xlsx","vehicles","乗り物","MS","O0613",13,"O0613","m",1,637,20
"3748","MS_O0613_20_Yellow.xlsx","toys","おもちゃ","MS","O0613",14,"O0613","m",1,637,20
"3749","MS_O0613_20_Yellow.xlsx","food_drink","食べ物と飲み物","MS","O0613",54,"O0613","m",1,637,20
"3750","MS_O0613_20_Yellow.xlsx","clothing","衣類","MS","O0613",12,"O0613","m",1,637,20
"3751","MS_O0613_20_Yellow.xlsx","body_parts","体の部分","MS","O0613",12,"O0613","m",1,637,20
"3752","MS_O0613_20_Yellow.xlsx","furniture_rooms","家具と部屋","MS","O0613",14,"O0613","m",1,637,20
"3753","MS_O0613_20_Yellow.xlsx","household","小さな家庭用品","MS","O0613",30,"O0613","m",1,637,20
"3754","MS_O0613_20_Yellow.xlsx","outside","戸外のもの","MS","O0613",23,"O0613","m",1,637,20
"3755","MS_O0613_20_Yellow.xlsx","places","おでかけ","MS","O0613",7,"O0613","m",1,637,20
"3756","MS_O0613_20_Yellow.xlsx","people","人々","MS","O0613",12,"O0613","m",1,637,20
"3757","MS_O0613_20_Yellow.xlsx","games_routines","日課とあいさつ","MS","O0613",18,"O0613","m",1,637,20
"3758","MS_O0613_20_Yellow.xlsx","action_words","動作語","MS","O0613",41,"O0613","m",1,637,20
"3759","MS_O0613_20_Yellow.xlsx","time_words","時間についてのことば","MS","O0613",3,"O0613","m",1,637,20
"3760","MS_O0613_20_Yellow.xlsx","descriptive_words","ようす・性質","MS","O0613",29,"O0613","m",1,637,20
"3761","MS_O0613_20_Yellow.xlsx","pronouns","代名詞","MS","O0613",9,"O0613","m",1,637,20
"3762","MS_O0613_20_Yellow.xlsx","question_words","質問のことば","MS","O0613",4,"O0613","m",1,637,20
"3763","MS_O0613_20_Yellow.xlsx","locations","位置と場所についてのことば","MS","O0613",6,"O0613","m",1,637,20
"3764","MS_O0613_20_Yellow.xlsx","quantifiers","数量をあらわすことば","MS","O0613",11,"O0613","m",1,637,20
"3765","MS_O0613_20_Yellow.xlsx","connecting_words","接続語","MS","O0613",0,"O0613","m",1,637,20
"3766","MS_O0613_20_Yellow.xlsx","sounds2","幼児語（その２）","MS","O0613",22,"O0613","m",1,637,20
"3767","MS_O0613_20_Yellow.xlsx","conversations","会話語","MS","O0613",7,"O0613","m",1,637,20
"3768","MS_O0613_20_Yellow.xlsx","others","その他","MS","O0613",5,"O0613","m",1,637,20
"3769","MS_O0621_21_Yellow.xlsx","sounds","幼児語","MS","O0621",3,"O0621","m",1,667,21
"3770","MS_O0621_21_Yellow.xlsx","animals","動物の名前","MS","O0621",0,"O0621","m",1,667,21
"3771","MS_O0621_21_Yellow.xlsx","vehicles","乗り物","MS","O0621",3,"O0621","m",1,667,21
"3772","MS_O0621_21_Yellow.xlsx","toys","おもちゃ","MS","O0621",0,"O0621","m",1,667,21
"3773","MS_O0621_21_Yellow.xlsx","food_drink","食べ物と飲み物","MS","O0621",4,"O0621","m",1,667,21
"3774","MS_O0621_21_Yellow.xlsx","clothing","衣類","MS","O0621",2,"O0621","m",1,667,21
"3775","MS_O0621_21_Yellow.xlsx","body_parts","体の部分","MS","O0621",0,"O0621","m",1,667,21
"3776","MS_O0621_21_Yellow.xlsx","furniture_rooms","家具と部屋","MS","O0621",0,"O0621","m",1,667,21
"3777","MS_O0621_21_Yellow.xlsx","household","小さな家庭用品","MS","O0621",0,"O0621","m",1,667,21
"3778","MS_O0621_21_Yellow.xlsx","outside","戸外のもの","MS","O0621",1,"O0621","m",1,667,21
"3779","MS_O0621_21_Yellow.xlsx","places","おでかけ","MS","O0621",0,"O0621","m",1,667,21
"3780","MS_O0621_21_Yellow.xlsx","people","人々","MS","O0621",3,"O0621","m",1,667,21
"3781","MS_O0621_21_Yellow.xlsx","games_routines","日課とあいさつ","MS","O0621",2,"O0621","m",1,667,21
"3782","MS_O0621_21_Yellow.xlsx","action_words","動作語","MS","O0621",2,"O0621","m",1,667,21
"3783","MS_O0621_21_Yellow.xlsx","time_words","時間についてのことば","MS","O0621",0,"O0621","m",1,667,21
"3784","MS_O0621_21_Yellow.xlsx","descriptive_words","ようす・性質","MS","O0621",1,"O0621","m",1,667,21
"3785","MS_O0621_21_Yellow.xlsx","pronouns","代名詞","MS","O0621",2,"O0621","m",1,667,21
"3786","MS_O0621_21_Yellow.xlsx","question_words","質問のことば","MS","O0621",0,"O0621","m",1,667,21
"3787","MS_O0621_21_Yellow.xlsx","locations","位置と場所についてのことば","MS","O0621",0,"O0621","m",1,667,21
"3788","MS_O0621_21_Yellow.xlsx","quantifiers","数量をあらわすことば","MS","O0621",1,"O0621","m",1,667,21
"3789","MS_O0621_21_Yellow.xlsx","connecting_words","接続語","MS","O0621",0,"O0621","m",1,667,21
"3790","MS_O0621_21_Yellow.xlsx","sounds2","幼児語（その２）","MS","O0621",1,"O0621","m",1,667,21
"3791","MS_O0621_21_Yellow.xlsx","conversations","会話語","MS","O0621",0,"O0621","m",1,667,21
"3792","MS_O0621_21_Yellow.xlsx","others","その他","MS","O0621",3,"O0621","m",1,667,21
"3793","MS_O0625_21_Yellow.xlsx","sounds","幼児語","MS","O0625",6,"O0625","f",1,639,21
"3794","MS_O0625_21_Yellow.xlsx","animals","動物の名前","MS","O0625",1,"O0625","f",1,639,21
"3795","MS_O0625_21_Yellow.xlsx","vehicles","乗り物","MS","O0625",1,"O0625","f",1,639,21
"3796","MS_O0625_21_Yellow.xlsx","toys","おもちゃ","MS","O0625",0,"O0625","f",1,639,21
"3797","MS_O0625_21_Yellow.xlsx","food_drink","食べ物と飲み物","MS","O0625",2,"O0625","f",1,639,21
"3798","MS_O0625_21_Yellow.xlsx","clothing","衣類","MS","O0625",1,"O0625","f",1,639,21
"3799","MS_O0625_21_Yellow.xlsx","body_parts","体の部分","MS","O0625",1,"O0625","f",1,639,21
"3800","MS_O0625_21_Yellow.xlsx","furniture_rooms","家具と部屋","MS","O0625",0,"O0625","f",1,639,21
"3801","MS_O0625_21_Yellow.xlsx","household","小さな家庭用品","MS","O0625",0,"O0625","f",1,639,21
"3802","MS_O0625_21_Yellow.xlsx","outside","戸外のもの","MS","O0625",2,"O0625","f",1,639,21
"3803","MS_O0625_21_Yellow.xlsx","places","おでかけ","MS","O0625",0,"O0625","f",1,639,21
"3804","MS_O0625_21_Yellow.xlsx","people","人々","MS","O0625",5,"O0625","f",1,639,21
"3805","MS_O0625_21_Yellow.xlsx","games_routines","日課とあいさつ","MS","O0625",4,"O0625","f",1,639,21
"3806","MS_O0625_21_Yellow.xlsx","action_words","動作語","MS","O0625",1,"O0625","f",1,639,21
"3807","MS_O0625_21_Yellow.xlsx","time_words","時間についてのことば","MS","O0625",0,"O0625","f",1,639,21
"3808","MS_O0625_21_Yellow.xlsx","descriptive_words","ようす・性質","MS","O0625",3,"O0625","f",1,639,21
"3809","MS_O0625_21_Yellow.xlsx","pronouns","代名詞","MS","O0625",1,"O0625","f",1,639,21
"3810","MS_O0625_21_Yellow.xlsx","question_words","質問のことば","MS","O0625",0,"O0625","f",1,639,21
"3811","MS_O0625_21_Yellow.xlsx","locations","位置と場所についてのことば","MS","O0625",0,"O0625","f",1,639,21
"3812","MS_O0625_21_Yellow.xlsx","quantifiers","数量をあらわすことば","MS","O0625",0,"O0625","f",1,639,21
"3813","MS_O0625_21_Yellow.xlsx","connecting_words","接続語","MS","O0625",0,"O0625","f",1,639,21
"3814","MS_O0625_21_Yellow.xlsx","sounds2","幼児語（その２）","MS","O0625",6,"O0625","f",1,639,21
"3815","MS_O0625_21_Yellow.xlsx","conversations","会話語","MS","O0625",2,"O0625","f",1,639,21
"3816","MS_O0625_21_Yellow.xlsx","others","その他","MS","O0625",1,"O0625","f",1,639,21
"3817","MS_O0628_21_Yellow.xlsx","sounds","幼児語","MS","O0628",12,"O0628","f",1,662,21
"3818","MS_O0628_21_Yellow.xlsx","animals","動物の名前","MS","O0628",30,"O0628","f",1,662,21
"3819","MS_O0628_21_Yellow.xlsx","vehicles","乗り物","MS","O0628",9,"O0628","f",1,662,21
"3820","MS_O0628_21_Yellow.xlsx","toys","おもちゃ","MS","O0628",6,"O0628","f",1,662,21
"3821","MS_O0628_21_Yellow.xlsx","food_drink","食べ物と飲み物","MS","O0628",25,"O0628","f",1,662,21
"3822","MS_O0628_21_Yellow.xlsx","clothing","衣類","MS","O0628",10,"O0628","f",1,662,21
"3823","MS_O0628_21_Yellow.xlsx","body_parts","体の部分","MS","O0628",17,"O0628","f",1,662,21
"3824","MS_O0628_21_Yellow.xlsx","furniture_rooms","家具と部屋","MS","O0628",4,"O0628","f",1,662,21
"3825","MS_O0628_21_Yellow.xlsx","household","小さな家庭用品","MS","O0628",8,"O0628","f",1,662,21
"3826","MS_O0628_21_Yellow.xlsx","outside","戸外のもの","MS","O0628",12,"O0628","f",1,662,21
"3827","MS_O0628_21_Yellow.xlsx","places","おでかけ","MS","O0628",3,"O0628","f",1,662,21
"3828","MS_O0628_21_Yellow.xlsx","people","人々","MS","O0628",10,"O0628","f",1,662,21
"3829","MS_O0628_21_Yellow.xlsx","games_routines","日課とあいさつ","MS","O0628",18,"O0628","f",1,662,21
"3830","MS_O0628_21_Yellow.xlsx","action_words","動作語","MS","O0628",26,"O0628","f",1,662,21
"3831","MS_O0628_21_Yellow.xlsx","time_words","時間についてのことば","MS","O0628",1,"O0628","f",1,662,21
"3832","MS_O0628_21_Yellow.xlsx","descriptive_words","ようす・性質","MS","O0628",16,"O0628","f",1,662,21
"3833","MS_O0628_21_Yellow.xlsx","pronouns","代名詞","MS","O0628",4,"O0628","f",1,662,21
"3834","MS_O0628_21_Yellow.xlsx","question_words","質問のことば","MS","O0628",1,"O0628","f",1,662,21
"3835","MS_O0628_21_Yellow.xlsx","locations","位置と場所についてのことば","MS","O0628",1,"O0628","f",1,662,21
"3836","MS_O0628_21_Yellow.xlsx","quantifiers","数量をあらわすことば","MS","O0628",9,"O0628","f",1,662,21
"3837","MS_O0628_21_Yellow.xlsx","connecting_words","接続語","MS","O0628",0,"O0628","f",1,662,21
"3838","MS_O0628_21_Yellow.xlsx","sounds2","幼児語（その２）","MS","O0628",13,"O0628","f",1,662,21
"3839","MS_O0628_21_Yellow.xlsx","conversations","会話語","MS","O0628",5,"O0628","f",1,662,21
"3840","MS_O0628_21_Yellow.xlsx","others","その他","MS","O0628",3,"O0628","f",1,662,21
"3841","MS_O0633_21_Yellow.xlsx","sounds","幼児語","MS","O0633",2,"O0633","f",1,665,21
"3842","MS_O0633_21_Yellow.xlsx","animals","動物の名前","MS","O0633",0,"O0633","f",1,665,21
"3843","MS_O0633_21_Yellow.xlsx","vehicles","乗り物","MS","O0633",0,"O0633","f",1,665,21
"3844","MS_O0633_21_Yellow.xlsx","toys","おもちゃ","MS","O0633",0,"O0633","f",1,665,21
"3845","MS_O0633_21_Yellow.xlsx","food_drink","食べ物と飲み物","MS","O0633",1,"O0633","f",1,665,21
"3846","MS_O0633_21_Yellow.xlsx","clothing","衣類","MS","O0633",0,"O0633","f",1,665,21
"3847","MS_O0633_21_Yellow.xlsx","body_parts","体の部分","MS","O0633",0,"O0633","f",1,665,21
"3848","MS_O0633_21_Yellow.xlsx","furniture_rooms","家具と部屋","MS","O0633",0,"O0633","f",1,665,21
"3849","MS_O0633_21_Yellow.xlsx","household","小さな家庭用品","MS","O0633",0,"O0633","f",1,665,21
"3850","MS_O0633_21_Yellow.xlsx","outside","戸外のもの","MS","O0633",0,"O0633","f",1,665,21
"3851","MS_O0633_21_Yellow.xlsx","places","おでかけ","MS","O0633",0,"O0633","f",1,665,21
"3852","MS_O0633_21_Yellow.xlsx","people","人々","MS","O0633",4,"O0633","f",1,665,21
"3853","MS_O0633_21_Yellow.xlsx","games_routines","日課とあいさつ","MS","O0633",4,"O0633","f",1,665,21
"3854","MS_O0633_21_Yellow.xlsx","action_words","動作語","MS","O0633",0,"O0633","f",1,665,21
"3855","MS_O0633_21_Yellow.xlsx","time_words","時間についてのことば","MS","O0633",0,"O0633","f",1,665,21
"3856","MS_O0633_21_Yellow.xlsx","descriptive_words","ようす・性質","MS","O0633",0,"O0633","f",1,665,21
"3857","MS_O0633_21_Yellow.xlsx","pronouns","代名詞","MS","O0633",1,"O0633","f",1,665,21
"3858","MS_O0633_21_Yellow.xlsx","question_words","質問のことば","MS","O0633",0,"O0633","f",1,665,21
"3859","MS_O0633_21_Yellow.xlsx","locations","位置と場所についてのことば","MS","O0633",0,"O0633","f",1,665,21
"3860","MS_O0633_21_Yellow.xlsx","quantifiers","数量をあらわすことば","MS","O0633",0,"O0633","f",1,665,21
"3861","MS_O0633_21_Yellow.xlsx","connecting_words","接続語","MS","O0633",0,"O0633","f",1,665,21
"3862","MS_O0633_21_Yellow.xlsx","sounds2","幼児語（その２）","MS","O0633",1,"O0633","f",1,665,21
"3863","MS_O0633_21_Yellow.xlsx","conversations","会話語","MS","O0633",1,"O0633","f",1,665,21
"3864","MS_O0633_21_Yellow.xlsx","others","その他","MS","O0633",2,"O0633","f",1,665,21
"3865","MS_O0634_21_Yellow.xlsx","sounds","幼児語","MS","O0634",2,"O0634","m",1,648,21
"3866","MS_O0634_21_Yellow.xlsx","animals","動物の名前","MS","O0634",0,"O0634","m",1,648,21
"3867","MS_O0634_21_Yellow.xlsx","vehicles","乗り物","MS","O0634",0,"O0634","m",1,648,21
"3868","MS_O0634_21_Yellow.xlsx","toys","おもちゃ","MS","O0634",0,"O0634","m",1,648,21
"3869","MS_O0634_21_Yellow.xlsx","food_drink","食べ物と飲み物","MS","O0634",1,"O0634","m",1,648,21
"3870","MS_O0634_21_Yellow.xlsx","clothing","衣類","MS","O0634",0,"O0634","m",1,648,21
"3871","MS_O0634_21_Yellow.xlsx","body_parts","体の部分","MS","O0634",3,"O0634","m",1,648,21
"3872","MS_O0634_21_Yellow.xlsx","furniture_rooms","家具と部屋","MS","O0634",0,"O0634","m",1,648,21
"3873","MS_O0634_21_Yellow.xlsx","household","小さな家庭用品","MS","O0634",0,"O0634","m",1,648,21
"3874","MS_O0634_21_Yellow.xlsx","outside","戸外のもの","MS","O0634",0,"O0634","m",1,648,21
"3875","MS_O0634_21_Yellow.xlsx","places","おでかけ","MS","O0634",0,"O0634","m",1,648,21
"3876","MS_O0634_21_Yellow.xlsx","people","人々","MS","O0634",2,"O0634","m",1,648,21
"3877","MS_O0634_21_Yellow.xlsx","games_routines","日課とあいさつ","MS","O0634",3,"O0634","m",1,648,21
"3878","MS_O0634_21_Yellow.xlsx","action_words","動作語","MS","O0634",1,"O0634","m",1,648,21
"3879","MS_O0634_21_Yellow.xlsx","time_words","時間についてのことば","MS","O0634",0,"O0634","m",1,648,21
"3880","MS_O0634_21_Yellow.xlsx","descriptive_words","ようす・性質","MS","O0634",3,"O0634","m",1,648,21
"3881","MS_O0634_21_Yellow.xlsx","pronouns","代名詞","MS","O0634",0,"O0634","m",1,648,21
"3882","MS_O0634_21_Yellow.xlsx","question_words","質問のことば","MS","O0634",0,"O0634","m",1,648,21
"3883","MS_O0634_21_Yellow.xlsx","locations","位置と場所についてのことば","MS","O0634",0,"O0634","m",1,648,21
"3884","MS_O0634_21_Yellow.xlsx","quantifiers","数量をあらわすことば","MS","O0634",1,"O0634","m",1,648,21
"3885","MS_O0634_21_Yellow.xlsx","connecting_words","接続語","MS","O0634",0,"O0634","m",1,648,21
"3886","MS_O0634_21_Yellow.xlsx","sounds2","幼児語（その２）","MS","O0634",1,"O0634","m",1,648,21
"3887","MS_O0634_21_Yellow.xlsx","conversations","会話語","MS","O0634",0,"O0634","m",1,648,21
"3888","MS_O0634_21_Yellow.xlsx","others","その他","MS","O0634",0,"O0634","m",1,648,21
"3889","MS_O0676_20_Yellow.xlsx","sounds","幼児語","MS","O0676",8,"O0676","m",1,634,20
"3890","MS_O0676_20_Yellow.xlsx","animals","動物の名前","MS","O0676",12,"O0676","m",1,634,20
"3891","MS_O0676_20_Yellow.xlsx","vehicles","乗り物","MS","O0676",6,"O0676","m",1,634,20
"3892","MS_O0676_20_Yellow.xlsx","toys","おもちゃ","MS","O0676",1,"O0676","m",1,634,20
"3893","MS_O0676_20_Yellow.xlsx","food_drink","食べ物と飲み物","MS","O0676",3,"O0676","m",1,634,20
"3894","MS_O0676_20_Yellow.xlsx","clothing","衣類","MS","O0676",2,"O0676","m",1,634,20
"3895","MS_O0676_20_Yellow.xlsx","body_parts","体の部分","MS","O0676",0,"O0676","m",1,634,20
"3896","MS_O0676_20_Yellow.xlsx","furniture_rooms","家具と部屋","MS","O0676",0,"O0676","m",1,634,20
"3897","MS_O0676_20_Yellow.xlsx","household","小さな家庭用品","MS","O0676",1,"O0676","m",1,634,20
"3898","MS_O0676_20_Yellow.xlsx","outside","戸外のもの","MS","O0676",1,"O0676","m",1,634,20
"3899","MS_O0676_20_Yellow.xlsx","places","おでかけ","MS","O0676",0,"O0676","m",1,634,20
"3900","MS_O0676_20_Yellow.xlsx","people","人々","MS","O0676",3,"O0676","m",1,634,20
"3901","MS_O0676_20_Yellow.xlsx","games_routines","日課とあいさつ","MS","O0676",2,"O0676","m",1,634,20
"3902","MS_O0676_20_Yellow.xlsx","action_words","動作語","MS","O0676",0,"O0676","m",1,634,20
"3903","MS_O0676_20_Yellow.xlsx","time_words","時間についてのことば","MS","O0676",0,"O0676","m",1,634,20
"3904","MS_O0676_20_Yellow.xlsx","descriptive_words","ようす・性質","MS","O0676",1,"O0676","m",1,634,20
"3905","MS_O0676_20_Yellow.xlsx","pronouns","代名詞","MS","O0676",1,"O0676","m",1,634,20
"3906","MS_O0676_20_Yellow.xlsx","question_words","質問のことば","MS","O0676",0,"O0676","m",1,634,20
"3907","MS_O0676_20_Yellow.xlsx","locations","位置と場所についてのことば","MS","O0676",0,"O0676","m",1,634,20
"3908","MS_O0676_20_Yellow.xlsx","quantifiers","数量をあらわすことば","MS","O0676",0,"O0676","m",1,634,20
"3909","MS_O0676_20_Yellow.xlsx","connecting_words","接続語","MS","O0676",0,"O0676","m",1,634,20
"3910","MS_O0676_20_Yellow.xlsx","sounds2","幼児語（その２）","MS","O0676",7,"O0676","m",1,634,20
"3911","MS_O0676_20_Yellow.xlsx","conversations","会話語","MS","O0676",1,"O0676","m",1,634,20
"3912","MS_O0676_20_Yellow.xlsx","others","その他","MS","O0676",1,"O0676","m",1,634,20
"3913","OL_S0044_25_Yellow.xlsx","sounds","幼児語","OL","S0044",9,"S0044","f",1,772,25
"3914","OL_S0044_25_Yellow.xlsx","animals","動物の名前","OL","S0044",36,"S0044","f",1,772,25
"3915","OL_S0044_25_Yellow.xlsx","vehicles","乗り物","OL","S0044",10,"S0044","f",1,772,25
"3916","OL_S0044_25_Yellow.xlsx","toys","おもちゃ","OL","S0044",13,"S0044","f",1,772,25
"3917","OL_S0044_25_Yellow.xlsx","food_drink","食べ物と飲み物","OL","S0044",53,"S0044","f",1,772,25
"3918","OL_S0044_25_Yellow.xlsx","clothing","衣類","OL","S0044",15,"S0044","f",1,772,25
"3919","OL_S0044_25_Yellow.xlsx","body_parts","体の部分","OL","S0044",26,"S0044","f",1,772,25
"3920","OL_S0044_25_Yellow.xlsx","furniture_rooms","家具と部屋","OL","S0044",19,"S0044","f",1,772,25
"3921","OL_S0044_25_Yellow.xlsx","household","小さな家庭用品","OL","S0044",36,"S0044","f",1,772,25
"3922","OL_S0044_25_Yellow.xlsx","outside","戸外のもの","OL","S0044",20,"S0044","f",1,772,25
"3923","OL_S0044_25_Yellow.xlsx","places","おでかけ","OL","S0044",12,"S0044","f",1,772,25
"3924","OL_S0044_25_Yellow.xlsx","people","人々","OL","S0044",20,"S0044","f",1,772,25
"3925","OL_S0044_25_Yellow.xlsx","games_routines","日課とあいさつ","OL","S0044",24,"S0044","f",1,772,25
"3926","OL_S0044_25_Yellow.xlsx","action_words","動作語","OL","S0044",73,"S0044","f",1,772,25
"3927","OL_S0044_25_Yellow.xlsx","time_words","時間についてのことば","OL","S0044",5,"S0044","f",1,772,25
"3928","OL_S0044_25_Yellow.xlsx","descriptive_words","ようす・性質","OL","S0044",34,"S0044","f",1,772,25
"3929","OL_S0044_25_Yellow.xlsx","pronouns","代名詞","OL","S0044",6,"S0044","f",1,772,25
"3930","OL_S0044_25_Yellow.xlsx","question_words","質問のことば","OL","S0044",5,"S0044","f",1,772,25
"3931","OL_S0044_25_Yellow.xlsx","locations","位置と場所についてのことば","OL","S0044",8,"S0044","f",1,772,25
"3932","OL_S0044_25_Yellow.xlsx","quantifiers","数量をあらわすことば","OL","S0044",11,"S0044","f",1,772,25
"3933","OL_S0044_25_Yellow.xlsx","connecting_words","接続語","OL","S0044",0,"S0044","f",1,772,25
"3934","OL_S0044_25_Yellow.xlsx","sounds2","幼児語（その２）","OL","S0044",9,"S0044","f",1,772,25
"3935","OL_S0044_25_Yellow.xlsx","conversations","会話語","OL","S0044",5,"S0044","f",1,772,25
"3936","OL_S0044_25_Yellow.xlsx","others","その他","OL","S0044",4,"S0044","f",1,772,25
"3937","OL_S0137_26_Yellow.xlsx","sounds","幼児語","OL","S0137",12,"S0137","f",1,819,26
"3938","OL_S0137_26_Yellow.xlsx","animals","動物の名前","OL","S0137",43,"S0137","f",1,819,26
"3939","OL_S0137_26_Yellow.xlsx","vehicles","乗り物","OL","S0137",14,"S0137","f",1,819,26
"3940","OL_S0137_26_Yellow.xlsx","toys","おもちゃ","OL","S0137",12,"S0137","f",1,819,26
"3941","OL_S0137_26_Yellow.xlsx","food_drink","食べ物と飲み物","OL","S0137",63,"S0137","f",1,819,26
"3942","OL_S0137_26_Yellow.xlsx","clothing","衣類","OL","S0137",14,"S0137","f",1,819,26
"3943","OL_S0137_26_Yellow.xlsx","body_parts","体の部分","OL","S0137",25,"S0137","f",1,819,26
"3944","OL_S0137_26_Yellow.xlsx","furniture_rooms","家具と部屋","OL","S0137",18,"S0137","f",1,819,26
"3945","OL_S0137_26_Yellow.xlsx","household","小さな家庭用品","OL","S0137",35,"S0137","f",1,819,26
"3946","OL_S0137_26_Yellow.xlsx","outside","戸外のもの","OL","S0137",19,"S0137","f",1,819,26
"3947","OL_S0137_26_Yellow.xlsx","places","おでかけ","OL","S0137",13,"S0137","f",1,819,26
"3948","OL_S0137_26_Yellow.xlsx","people","人々","OL","S0137",16,"S0137","f",1,819,26
"3949","OL_S0137_26_Yellow.xlsx","games_routines","日課とあいさつ","OL","S0137",25,"S0137","f",1,819,26
"3950","OL_S0137_26_Yellow.xlsx","action_words","動作語","OL","S0137",81,"S0137","f",1,819,26
"3951","OL_S0137_26_Yellow.xlsx","time_words","時間についてのことば","OL","S0137",11,"S0137","f",1,819,26
"3952","OL_S0137_26_Yellow.xlsx","descriptive_words","ようす・性質","OL","S0137",56,"S0137","f",1,819,26
"3953","OL_S0137_26_Yellow.xlsx","pronouns","代名詞","OL","S0137",17,"S0137","f",1,819,26
"3954","OL_S0137_26_Yellow.xlsx","question_words","質問のことば","OL","S0137",3,"S0137","f",1,819,26
"3955","OL_S0137_26_Yellow.xlsx","locations","位置と場所についてのことば","OL","S0137",8,"S0137","f",1,819,26
"3956","OL_S0137_26_Yellow.xlsx","quantifiers","数量をあらわすことば","OL","S0137",16,"S0137","f",1,819,26
"3957","OL_S0137_26_Yellow.xlsx","connecting_words","接続語","OL","S0137",0,"S0137","f",1,819,26
"3958","OL_S0137_26_Yellow.xlsx","sounds2","幼児語（その２）","OL","S0137",16,"S0137","f",1,819,26
"3959","OL_S0137_26_Yellow.xlsx","conversations","会話語","OL","S0137",6,"S0137","f",1,819,26
"3960","OL_S0137_26_Yellow.xlsx","others","その他","OL","S0137",6,"S0137","f",1,819,26
"3961","OL_S0143_25_Yellow.xlsx","sounds","幼児語","OL","S0143",10,"S0143","m",1,763,25
"3962","OL_S0143_25_Yellow.xlsx","animals","動物の名前","OL","S0143",8,"S0143","m",1,763,25
"3963","OL_S0143_25_Yellow.xlsx","vehicles","乗り物","OL","S0143",11,"S0143","m",1,763,25
"3964","OL_S0143_25_Yellow.xlsx","toys","おもちゃ","OL","S0143",0,"S0143","m",1,763,25
"3965","OL_S0143_25_Yellow.xlsx","food_drink","食べ物と飲み物","OL","S0143",27,"S0143","m",1,763,25
"3966","OL_S0143_25_Yellow.xlsx","clothing","衣類","OL","S0143",2,"S0143","m",1,763,25
"3967","OL_S0143_25_Yellow.xlsx","body_parts","体の部分","OL","S0143",15,"S0143","m",1,763,25
"3968","OL_S0143_25_Yellow.xlsx","furniture_rooms","家具と部屋","OL","S0143",5,"S0143","m",1,763,25
"3969","OL_S0143_25_Yellow.xlsx","household","小さな家庭用品","OL","S0143",9,"S0143","m",1,763,25
"3970","OL_S0143_25_Yellow.xlsx","outside","戸外のもの","OL","S0143",5,"S0143","m",1,763,25
"3971","OL_S0143_25_Yellow.xlsx","places","おでかけ","OL","S0143",3,"S0143","m",1,763,25
"3972","OL_S0143_25_Yellow.xlsx","people","人々","OL","S0143",6,"S0143","m",1,763,25
"3973","OL_S0143_25_Yellow.xlsx","games_routines","日課とあいさつ","OL","S0143",10,"S0143","m",1,763,25
"3974","OL_S0143_25_Yellow.xlsx","action_words","動作語","OL","S0143",6,"S0143","m",1,763,25
"3975","OL_S0143_25_Yellow.xlsx","time_words","時間についてのことば","OL","S0143",1,"S0143","m",1,763,25
"3976","OL_S0143_25_Yellow.xlsx","descriptive_words","ようす・性質","OL","S0143",11,"S0143","m",1,763,25
"3977","OL_S0143_25_Yellow.xlsx","pronouns","代名詞","OL","S0143",3,"S0143","m",1,763,25
"3978","OL_S0143_25_Yellow.xlsx","question_words","質問のことば","OL","S0143",1,"S0143","m",1,763,25
"3979","OL_S0143_25_Yellow.xlsx","locations","位置と場所についてのことば","OL","S0143",2,"S0143","m",1,763,25
"3980","OL_S0143_25_Yellow.xlsx","quantifiers","数量をあらわすことば","OL","S0143",2,"S0143","m",1,763,25
"3981","OL_S0143_25_Yellow.xlsx","connecting_words","接続語","OL","S0143",0,"S0143","m",1,763,25
"3982","OL_S0143_25_Yellow.xlsx","sounds2","幼児語（その２）","OL","S0143",15,"S0143","m",1,763,25
"3983","OL_S0143_25_Yellow.xlsx","conversations","会話語","OL","S0143",5,"S0143","m",1,763,25
"3984","OL_S0143_25_Yellow.xlsx","others","その他","OL","S0143",4,"S0143","m",1,763,25
"3985","OL_S0180_33_Yellow.xlsx","sounds","幼児語","OL","S0180",10,"S0180","m",1,1021,33
"3986","OL_S0180_33_Yellow.xlsx","animals","動物の名前","OL","S0180",15,"S0180","m",1,1021,33
"3987","OL_S0180_33_Yellow.xlsx","vehicles","乗り物","OL","S0180",9,"S0180","m",1,1021,33
"3988","OL_S0180_33_Yellow.xlsx","toys","おもちゃ","OL","S0180",6,"S0180","m",1,1021,33
"3989","OL_S0180_33_Yellow.xlsx","food_drink","食べ物と飲み物","OL","S0180",42,"S0180","m",1,1021,33
"3990","OL_S0180_33_Yellow.xlsx","clothing","衣類","OL","S0180",9,"S0180","m",1,1021,33
"3991","OL_S0180_33_Yellow.xlsx","body_parts","体の部分","OL","S0180",9,"S0180","m",1,1021,33
"3992","OL_S0180_33_Yellow.xlsx","furniture_rooms","家具と部屋","OL","S0180",11,"S0180","m",1,1021,33
"3993","OL_S0180_33_Yellow.xlsx","household","小さな家庭用品","OL","S0180",8,"S0180","m",1,1021,33
"3994","OL_S0180_33_Yellow.xlsx","outside","戸外のもの","OL","S0180",6,"S0180","m",1,1021,33
"3995","OL_S0180_33_Yellow.xlsx","places","おでかけ","OL","S0180",5,"S0180","m",1,1021,33
"3996","OL_S0180_33_Yellow.xlsx","people","人々","OL","S0180",8,"S0180","m",1,1021,33
"3997","OL_S0180_33_Yellow.xlsx","games_routines","日課とあいさつ","OL","S0180",14,"S0180","m",1,1021,33
"3998","OL_S0180_33_Yellow.xlsx","action_words","動作語","OL","S0180",25,"S0180","m",1,1021,33
"3999","OL_S0180_33_Yellow.xlsx","time_words","時間についてのことば","OL","S0180",3,"S0180","m",1,1021,33
"4000","OL_S0180_33_Yellow.xlsx","descriptive_words","ようす・性質","OL","S0180",10,"S0180","m",1,1021,33
"4001","OL_S0180_33_Yellow.xlsx","pronouns","代名詞","OL","S0180",2,"S0180","m",1,1021,33
"4002","OL_S0180_33_Yellow.xlsx","question_words","質問のことば","OL","S0180",2,"S0180","m",1,1021,33
"4003","OL_S0180_33_Yellow.xlsx","locations","位置と場所についてのことば","OL","S0180",3,"S0180","m",1,1021,33
"4004","OL_S0180_33_Yellow.xlsx","quantifiers","数量をあらわすことば","OL","S0180",5,"S0180","m",1,1021,33
"4005","OL_S0180_33_Yellow.xlsx","connecting_words","接続語","OL","S0180",0,"S0180","m",1,1021,33
"4006","OL_S0180_33_Yellow.xlsx","sounds2","幼児語（その２）","OL","S0180",11,"S0180","m",1,1021,33
"4007","OL_S0180_33_Yellow.xlsx","conversations","会話語","OL","S0180",4,"S0180","m",1,1021,33
"4008","OL_S0180_33_Yellow.xlsx","others","その他","OL","S0180",3,"S0180","m",1,1021,33
"4009","OL_S0221_32_Yellow.xlsx","sounds","幼児語","OL","S0221",10,"S0221","f",1,989,32
"4010","OL_S0221_32_Yellow.xlsx","animals","動物の名前","OL","S0221",42,"S0221","f",1,989,32
"4011","OL_S0221_32_Yellow.xlsx","vehicles","乗り物","OL","S0221",12,"S0221","f",1,989,32
"4012","OL_S0221_32_Yellow.xlsx","toys","おもちゃ","OL","S0221",16,"S0221","f",1,989,32
"4013","OL_S0221_32_Yellow.xlsx","food_drink","食べ物と飲み物","OL","S0221",58,"S0221","f",1,989,32
"4014","OL_S0221_32_Yellow.xlsx","clothing","衣類","OL","S0221",14,"S0221","f",1,989,32
"4015","OL_S0221_32_Yellow.xlsx","body_parts","体の部分","OL","S0221",25,"S0221","f",1,989,32
"4016","OL_S0221_32_Yellow.xlsx","furniture_rooms","家具と部屋","OL","S0221",25,"S0221","f",1,989,32
"4017","OL_S0221_32_Yellow.xlsx","household","小さな家庭用品","OL","S0221",44,"S0221","f",1,989,32
"4018","OL_S0221_32_Yellow.xlsx","outside","戸外のもの","OL","S0221",25,"S0221","f",1,989,32
"4019","OL_S0221_32_Yellow.xlsx","places","おでかけ","OL","S0221",14,"S0221","f",1,989,32
"4020","OL_S0221_32_Yellow.xlsx","people","人々","OL","S0221",18,"S0221","f",1,989,32
"4021","OL_S0221_32_Yellow.xlsx","games_routines","日課とあいさつ","OL","S0221",25,"S0221","f",1,989,32
"4022","OL_S0221_32_Yellow.xlsx","action_words","動作語","OL","S0221",101,"S0221","f",1,989,32
"4023","OL_S0221_32_Yellow.xlsx","time_words","時間についてのことば","OL","S0221",10,"S0221","f",1,989,32
"4024","OL_S0221_32_Yellow.xlsx","descriptive_words","ようす・性質","OL","S0221",61,"S0221","f",1,989,32
"4025","OL_S0221_32_Yellow.xlsx","pronouns","代名詞","OL","S0221",17,"S0221","f",1,989,32
"4026","OL_S0221_32_Yellow.xlsx","question_words","質問のことば","OL","S0221",9,"S0221","f",1,989,32
"4027","OL_S0221_32_Yellow.xlsx","locations","位置と場所についてのことば","OL","S0221",22,"S0221","f",1,989,32
"4028","OL_S0221_32_Yellow.xlsx","quantifiers","数量をあらわすことば","OL","S0221",17,"S0221","f",1,989,32
"4029","OL_S0221_32_Yellow.xlsx","connecting_words","接続語","OL","S0221",4,"S0221","f",1,989,32
"4030","OL_S0221_32_Yellow.xlsx","sounds2","幼児語（その２）","OL","S0221",22,"S0221","f",1,989,32
"4031","OL_S0221_32_Yellow.xlsx","conversations","会話語","OL","S0221",13,"S0221","f",1,989,32
"4032","OL_S0221_32_Yellow.xlsx","others","その他","OL","S0221",9,"S0221","f",1,989,32
"4033","OL_S0268_31_Yellow.xlsx","sounds","幼児語","OL","S0268",9,"S0268","f",1,947,31
"4034","OL_S0268_31_Yellow.xlsx","animals","動物の名前","OL","S0268",31,"S0268","f",1,947,31
"4035","OL_S0268_31_Yellow.xlsx","vehicles","乗り物","OL","S0268",13,"S0268","f",1,947,31
"4036","OL_S0268_31_Yellow.xlsx","toys","おもちゃ","OL","S0268",8,"S0268","f",1,947,31
"4037","OL_S0268_31_Yellow.xlsx","food_drink","食べ物と飲み物","OL","S0268",52,"S0268","f",1,947,31
"4038","OL_S0268_31_Yellow.xlsx","clothing","衣類","OL","S0268",12,"S0268","f",1,947,31
"4039","OL_S0268_31_Yellow.xlsx","body_parts","体の部分","OL","S0268",21,"S0268","f",1,947,31
"4040","OL_S0268_31_Yellow.xlsx","furniture_rooms","家具と部屋","OL","S0268",16,"S0268","f",1,947,31
"4041","OL_S0268_31_Yellow.xlsx","household","小さな家庭用品","OL","S0268",27,"S0268","f",1,947,31
"4042","OL_S0268_31_Yellow.xlsx","outside","戸外のもの","OL","S0268",19,"S0268","f",1,947,31
"4043","OL_S0268_31_Yellow.xlsx","places","おでかけ","OL","S0268",4,"S0268","f",1,947,31
"4044","OL_S0268_31_Yellow.xlsx","people","人々","OL","S0268",8,"S0268","f",1,947,31
"4045","OL_S0268_31_Yellow.xlsx","games_routines","日課とあいさつ","OL","S0268",25,"S0268","f",1,947,31
"4046","OL_S0268_31_Yellow.xlsx","action_words","動作語","OL","S0268",70,"S0268","f",1,947,31
"4047","OL_S0268_31_Yellow.xlsx","time_words","時間についてのことば","OL","S0268",7,"S0268","f",1,947,31
"4048","OL_S0268_31_Yellow.xlsx","descriptive_words","ようす・性質","OL","S0268",38,"S0268","f",1,947,31
"4049","OL_S0268_31_Yellow.xlsx","pronouns","代名詞","OL","S0268",10,"S0268","f",1,947,31
"4050","OL_S0268_31_Yellow.xlsx","question_words","質問のことば","OL","S0268",1,"S0268","f",1,947,31
"4051","OL_S0268_31_Yellow.xlsx","locations","位置と場所についてのことば","OL","S0268",3,"S0268","f",1,947,31
"4052","OL_S0268_31_Yellow.xlsx","quantifiers","数量をあらわすことば","OL","S0268",11,"S0268","f",1,947,31
"4053","OL_S0268_31_Yellow.xlsx","connecting_words","接続語","OL","S0268",2,"S0268","f",1,947,31
"4054","OL_S0268_31_Yellow.xlsx","sounds2","幼児語（その２）","OL","S0268",15,"S0268","f",1,947,31
"4055","OL_S0268_31_Yellow.xlsx","conversations","会話語","OL","S0268",10,"S0268","f",1,947,31
"4056","OL_S0268_31_Yellow.xlsx","others","その他","OL","S0268",7,"S0268","f",1,947,31
"4057","OL_S0359_25_Yellow.xlsx","sounds","幼児語","OL","S0359",11,"S0359","m",1,762,25
"4058","OL_S0359_25_Yellow.xlsx","animals","動物の名前","OL","S0359",35,"S0359","m",1,762,25
"4059","OL_S0359_25_Yellow.xlsx","vehicles","乗り物","OL","S0359",13,"S0359","m",1,762,25
"4060","OL_S0359_25_Yellow.xlsx","toys","おもちゃ","OL","S0359",11,"S0359","m",1,762,25
"4061","OL_S0359_25_Yellow.xlsx","food_drink","食べ物と飲み物","OL","S0359",45,"S0359","m",1,762,25
"4062","OL_S0359_25_Yellow.xlsx","clothing","衣類","OL","S0359",8,"S0359","m",1,762,25
"4063","OL_S0359_25_Yellow.xlsx","body_parts","体の部分","OL","S0359",21,"S0359","m",1,762,25
"4064","OL_S0359_25_Yellow.xlsx","furniture_rooms","家具と部屋","OL","S0359",14,"S0359","m",1,762,25
"4065","OL_S0359_25_Yellow.xlsx","household","小さな家庭用品","OL","S0359",19,"S0359","m",1,762,25
"4066","OL_S0359_25_Yellow.xlsx","outside","戸外のもの","OL","S0359",13,"S0359","m",1,762,25
"4067","OL_S0359_25_Yellow.xlsx","places","おでかけ","OL","S0359",8,"S0359","m",1,762,25
"4068","OL_S0359_25_Yellow.xlsx","people","人々","OL","S0359",6,"S0359","m",1,762,25
"4069","OL_S0359_25_Yellow.xlsx","games_routines","日課とあいさつ","OL","S0359",20,"S0359","m",1,762,25
"4070","OL_S0359_25_Yellow.xlsx","action_words","動作語","OL","S0359",74,"S0359","m",1,762,25
"4071","OL_S0359_25_Yellow.xlsx","time_words","時間についてのことば","OL","S0359",2,"S0359","m",1,762,25
"4072","OL_S0359_25_Yellow.xlsx","descriptive_words","ようす・性質","OL","S0359",37,"S0359","m",1,762,25
"4073","OL_S0359_25_Yellow.xlsx","pronouns","代名詞","OL","S0359",12,"S0359","m",1,762,25
"4074","OL_S0359_25_Yellow.xlsx","question_words","質問のことば","OL","S0359",5,"S0359","m",1,762,25
"4075","OL_S0359_25_Yellow.xlsx","locations","位置と場所についてのことば","OL","S0359",5,"S0359","m",1,762,25
"4076","OL_S0359_25_Yellow.xlsx","quantifiers","数量をあらわすことば","OL","S0359",11,"S0359","m",1,762,25
"4077","OL_S0359_25_Yellow.xlsx","connecting_words","接続語","OL","S0359",0,"S0359","m",1,762,25
"4078","OL_S0359_25_Yellow.xlsx","sounds2","幼児語（その２）","OL","S0359",17,"S0359","m",1,762,25
"4079","OL_S0359_25_Yellow.xlsx","conversations","会話語","OL","S0359",3,"S0359","m",1,762,25
"4080","OL_S0359_25_Yellow.xlsx","others","その他","OL","S0359",1,"S0359","m",1,762,25
"4081","OL_S1004_25_Yellow.xlsx","sounds","幼児語","OL","S1004",11,"S1004","m",1,775,25
"4082","OL_S1004_25_Yellow.xlsx","animals","動物の名前","OL","S1004",23,"S1004","m",1,775,25
"4083","OL_S1004_25_Yellow.xlsx","vehicles","乗り物","OL","S1004",12,"S1004","m",1,775,25
"4084","OL_S1004_25_Yellow.xlsx","toys","おもちゃ","OL","S1004",9,"S1004","m",1,775,25
"4085","OL_S1004_25_Yellow.xlsx","food_drink","食べ物と飲み物","OL","S1004",49,"S1004","m",1,775,25
"4086","OL_S1004_25_Yellow.xlsx","clothing","衣類","OL","S1004",7,"S1004","m",1,775,25
"4087","OL_S1004_25_Yellow.xlsx","body_parts","体の部分","OL","S1004",21,"S1004","m",1,775,25
"4088","OL_S1004_25_Yellow.xlsx","furniture_rooms","家具と部屋","OL","S1004",10,"S1004","m",1,775,25
"4089","OL_S1004_25_Yellow.xlsx","household","小さな家庭用品","OL","S1004",19,"S1004","m",1,775,25
"4090","OL_S1004_25_Yellow.xlsx","outside","戸外のもの","OL","S1004",13,"S1004","m",1,775,25
"4091","OL_S1004_25_Yellow.xlsx","places","おでかけ","OL","S1004",9,"S1004","m",1,775,25
"4092","OL_S1004_25_Yellow.xlsx","people","人々","OL","S1004",11,"S1004","m",1,775,25
"4093","OL_S1004_25_Yellow.xlsx","games_routines","日課とあいさつ","OL","S1004",24,"S1004","m",1,775,25
"4094","OL_S1004_25_Yellow.xlsx","action_words","動作語","OL","S1004",61,"S1004","m",1,775,25
"4095","OL_S1004_25_Yellow.xlsx","time_words","時間についてのことば","OL","S1004",7,"S1004","m",1,775,25
"4096","OL_S1004_25_Yellow.xlsx","descriptive_words","ようす・性質","OL","S1004",40,"S1004","m",1,775,25
"4097","OL_S1004_25_Yellow.xlsx","pronouns","代名詞","OL","S1004",5,"S1004","m",1,775,25
"4098","OL_S1004_25_Yellow.xlsx","question_words","質問のことば","OL","S1004",4,"S1004","m",1,775,25
"4099","OL_S1004_25_Yellow.xlsx","locations","位置と場所についてのことば","OL","S1004",10,"S1004","m",1,775,25
"4100","OL_S1004_25_Yellow.xlsx","quantifiers","数量をあらわすことば","OL","S1004",8,"S1004","m",1,775,25
"4101","OL_S1004_25_Yellow.xlsx","connecting_words","接続語","OL","S1004",0,"S1004","m",1,775,25
"4102","OL_S1004_25_Yellow.xlsx","sounds2","幼児語（その２）","OL","S1004",17,"S1004","m",1,775,25
"4103","OL_S1004_25_Yellow.xlsx","conversations","会話語","OL","S1004",6,"S1004","m",1,775,25
"4104","OL_S1004_25_Yellow.xlsx","others","その他","OL","S1004",5,"S1004","m",1,775,25
"4105","OL_S1033_36_Yellow.xlsx","sounds","幼児語","OL","S1033",11,"S1033","f",1,1095,36
"4106","OL_S1033_36_Yellow.xlsx","animals","動物の名前","OL","S1033",42,"S1033","f",1,1095,36
"4107","OL_S1033_36_Yellow.xlsx","vehicles","乗り物","OL","S1033",14,"S1033","f",1,1095,36
"4108","OL_S1033_36_Yellow.xlsx","toys","おもちゃ","OL","S1033",16,"S1033","f",1,1095,36
"4109","OL_S1033_36_Yellow.xlsx","food_drink","食べ物と飲み物","OL","S1033",65,"S1033","f",1,1095,36
"4110","OL_S1033_36_Yellow.xlsx","clothing","衣類","OL","S1033",21,"S1033","f",1,1095,36
"4111","OL_S1033_36_Yellow.xlsx","body_parts","体の部分","OL","S1033",27,"S1033","f",1,1095,36
"4112","OL_S1033_36_Yellow.xlsx","furniture_rooms","家具と部屋","OL","S1033",28,"S1033","f",1,1095,36
"4113","OL_S1033_36_Yellow.xlsx","household","小さな家庭用品","OL","S1033",45,"S1033","f",1,1095,36
"4114","OL_S1033_36_Yellow.xlsx","outside","戸外のもの","OL","S1033",28,"S1033","f",1,1095,36
"4115","OL_S1033_36_Yellow.xlsx","places","おでかけ","OL","S1033",18,"S1033","f",1,1095,36
"4116","OL_S1033_36_Yellow.xlsx","people","人々","OL","S1033",28,"S1033","f",1,1095,36
"4117","OL_S1033_36_Yellow.xlsx","games_routines","日課とあいさつ","OL","S1033",25,"S1033","f",1,1095,36
"4118","OL_S1033_36_Yellow.xlsx","action_words","動作語","OL","S1033",102,"S1033","f",1,1095,36
"4119","OL_S1033_36_Yellow.xlsx","time_words","時間についてのことば","OL","S1033",12,"S1033","f",1,1095,36
"4120","OL_S1033_36_Yellow.xlsx","descriptive_words","ようす・性質","OL","S1033",61,"S1033","f",1,1095,36
"4121","OL_S1033_36_Yellow.xlsx","pronouns","代名詞","OL","S1033",20,"S1033","f",1,1095,36
"4122","OL_S1033_36_Yellow.xlsx","question_words","質問のことば","OL","S1033",10,"S1033","f",1,1095,36
"4123","OL_S1033_36_Yellow.xlsx","locations","位置と場所についてのことば","OL","S1033",21,"S1033","f",1,1095,36
"4124","OL_S1033_36_Yellow.xlsx","quantifiers","数量をあらわすことば","OL","S1033",17,"S1033","f",1,1095,36
"4125","OL_S1033_36_Yellow.xlsx","connecting_words","接続語","OL","S1033",2,"S1033","f",1,1095,36
"4126","OL_S1033_36_Yellow.xlsx","sounds2","幼児語（その２）","OL","S1033",21,"S1033","f",1,1095,36
"4127","OL_S1033_36_Yellow.xlsx","conversations","会話語","OL","S1033",13,"S1033","f",1,1095,36
"4128","OL_S1033_36_Yellow.xlsx","others","その他","OL","S1033",9,"S1033","f",1,1095,36
