,filename,category_en,category_ja,project,id,understands,produces,ID,Sex.(f/m),OpenScience.(ok:1/no:0),AgeD.(days),AgeM.(months)
1,BL_B0001_17_Pink.xlsx,sounds,幼児語,BL,B0001,4,0,B0001,m,1,519,17
2,BL_B0001_17_Pink.xlsx,animals,動物の名前,BL,B0001,3,0,B0001,m,1,519,17
3,BL_B0001_17_Pink.xlsx,vehicles,乗り物,BL,B0001,5,0,B0001,m,1,519,17
4,BL_B0001_17_Pink.xlsx,toys,おもちゃ,BL,B0001,8,0,B0001,m,1,519,17
5,BL_B0001_17_Pink.xlsx,food_drink,食べ物と飲み物,BL,B0001,6,0,B0001,m,1,519,17
6,BL_B0001_17_Pink.xlsx,clothing,衣類,BL,B0001,3,0,B0001,m,1,519,17
7,BL_B0001_17_Pink.xlsx,body_parts,体の部分,BL,B0001,0,0,B0001,m,1,519,17
8,BL_B0001_17_Pink.xlsx,furniture_rooms,家具と部屋,BL,B0001,0,0,B0001,m,1,519,17
9,BL_B0001_17_Pink.xlsx,household,小さな家庭用品,BL,B0001,2,0,B0001,m,1,519,17
10,BL_B0001_17_Pink.xlsx,outside,戸外の物と場所,BL,B0001,3,0,B0001,m,1,519,17
11,BL_B0001_17_Pink.xlsx,people,人々,BL,B0001,3,0,B0001,m,1,519,17
12,BL_B0001_17_Pink.xlsx,games_routines,日課とあいさつ,BL,B0001,3,3,B0001,m,1,519,17
13,BL_B0001_17_Pink.xlsx,action_words,動作語,BL,B0001,3,0,B0001,m,1,519,17
14,BL_B0001_17_Pink.xlsx,time_words,時間についてのことば,BL,B0001,0,0,B0001,m,1,519,17
15,BL_B0001_17_Pink.xlsx,descriptive_words,ようす・性質,BL,B0001,0,0,B0001,m,1,519,17
16,BL_B0001_17_Pink.xlsx,pronouns,代名詞,BL,B0001,0,1,B0001,m,1,519,17
17,BL_B0001_17_Pink.xlsx,question_words,質問のことば,BL,B0001,0,0,B0001,m,1,519,17
18,BL_B0001_17_Pink.xlsx,locations,位置と場所についてのことば,BL,B0001,0,0,B0001,m,1,519,17
19,BL_B0001_17_Pink.xlsx,quantifiers,数量を表すことば,BL,B0001,0,0,B0001,m,1,519,17
20,BL_B0001_17_Pink.xlsx,sounds2,幼児語（その２）,BL,B0001,0,0,B0001,m,1,519,17
21,BL_B0001_17_Pink.xlsx,conversations,会話語,BL,B0001,0,1,B0001,m,1,519,17
22,BL_B0001_17_Pink.xlsx,others,その他,BL,B0001,2,1,B0001,m,1,519,17
23,BL_B0002_15_Pink.xlsx,sounds,幼児語,BL,B0002,5,3,B0002,f,1,474,15
24,BL_B0002_15_Pink.xlsx,animals,動物の名前,BL,B0002,18,5,B0002,f,1,474,15
25,BL_B0002_15_Pink.xlsx,vehicles,乗り物,BL,B0002,4,0,B0002,f,1,474,15
26,BL_B0002_15_Pink.xlsx,toys,おもちゃ,BL,B0002,6,1,B0002,f,1,474,15
27,BL_B0002_15_Pink.xlsx,food_drink,食べ物と飲み物,BL,B0002,11,4,B0002,f,1,474,15
28,BL_B0002_15_Pink.xlsx,clothing,衣類,BL,B0002,8,0,B0002,f,1,474,15
29,BL_B0002_15_Pink.xlsx,body_parts,体の部分,BL,B0002,16,0,B0002,f,1,474,15
30,BL_B0002_15_Pink.xlsx,furniture_rooms,家具と部屋,BL,B0002,9,0,B0002,f,1,474,15
31,BL_B0002_15_Pink.xlsx,household,小さな家庭用品,BL,B0002,19,0,B0002,f,1,474,15
32,BL_B0002_15_Pink.xlsx,outside,戸外の物と場所,BL,B0002,6,0,B0002,f,1,474,15
33,BL_B0002_15_Pink.xlsx,people,人々,BL,B0002,7,3,B0002,f,1,474,15
34,BL_B0002_15_Pink.xlsx,games_routines,日課とあいさつ,BL,B0002,11,8,B0002,f,1,474,15
35,BL_B0002_15_Pink.xlsx,action_words,動作語,BL,B0002,47,4,B0002,f,1,474,15
36,BL_B0002_15_Pink.xlsx,time_words,時間についてのことば,BL,B0002,2,0,B0002,f,1,474,15
37,BL_B0002_15_Pink.xlsx,descriptive_words,ようす・性質,BL,B0002,15,2,B0002,f,1,474,15
38,BL_B0002_15_Pink.xlsx,pronouns,代名詞,BL,B0002,9,1,B0002,f,1,474,15
39,BL_B0002_15_Pink.xlsx,question_words,質問のことば,BL,B0002,4,1,B0002,f,1,474,15
40,BL_B0002_15_Pink.xlsx,locations,位置と場所についてのことば,BL,B0002,10,0,B0002,f,1,474,15
41,BL_B0002_15_Pink.xlsx,quantifiers,数量を表すことば,BL,B0002,8,0,B0002,f,1,474,15
42,BL_B0002_15_Pink.xlsx,sounds2,幼児語（その２）,BL,B0002,14,6,B0002,f,1,474,15
43,BL_B0002_15_Pink.xlsx,conversations,会話語,BL,B0002,4,7,B0002,f,1,474,15
44,BL_B0002_15_Pink.xlsx,others,その他,BL,B0002,5,2,B0002,f,1,474,15
45,BL_B0003_16_Pink.xlsx,sounds,幼児語,BL,B0003,0,0,B0003,f,1,506,16
46,BL_B0003_16_Pink.xlsx,animals,動物の名前,BL,B0003,0,0,B0003,f,1,506,16
47,BL_B0003_16_Pink.xlsx,vehicles,乗り物,BL,B0003,0,0,B0003,f,1,506,16
48,BL_B0003_16_Pink.xlsx,toys,おもちゃ,BL,B0003,0,0,B0003,f,1,506,16
49,BL_B0003_16_Pink.xlsx,food_drink,食べ物と飲み物,BL,B0003,2,0,B0003,f,1,506,16
50,BL_B0003_16_Pink.xlsx,clothing,衣類,BL,B0003,1,0,B0003,f,1,506,16
51,BL_B0003_16_Pink.xlsx,body_parts,体の部分,BL,B0003,0,0,B0003,f,1,506,16
52,BL_B0003_16_Pink.xlsx,furniture_rooms,家具と部屋,BL,B0003,0,0,B0003,f,1,506,16
53,BL_B0003_16_Pink.xlsx,household,小さな家庭用品,BL,B0003,1,0,B0003,f,1,506,16
54,BL_B0003_16_Pink.xlsx,outside,戸外の物と場所,BL,B0003,0,0,B0003,f,1,506,16
55,BL_B0003_16_Pink.xlsx,people,人々,BL,B0003,0,2,B0003,f,1,506,16
56,BL_B0003_16_Pink.xlsx,games_routines,日課とあいさつ,BL,B0003,4,2,B0003,f,1,506,16
57,BL_B0003_16_Pink.xlsx,action_words,動作語,BL,B0003,2,0,B0003,f,1,506,16
58,BL_B0003_16_Pink.xlsx,time_words,時間についてのことば,BL,B0003,0,0,B0003,f,1,506,16
59,BL_B0003_16_Pink.xlsx,descriptive_words,ようす・性質,BL,B0003,0,0,B0003,f,1,506,16
60,BL_B0003_16_Pink.xlsx,pronouns,代名詞,BL,B0003,0,0,B0003,f,1,506,16
61,BL_B0003_16_Pink.xlsx,question_words,質問のことば,BL,B0003,0,0,B0003,f,1,506,16
62,BL_B0003_16_Pink.xlsx,locations,位置と場所についてのことば,BL,B0003,0,0,B0003,f,1,506,16
63,BL_B0003_16_Pink.xlsx,quantifiers,数量を表すことば,BL,B0003,0,0,B0003,f,1,506,16
64,BL_B0003_16_Pink.xlsx,sounds2,幼児語（その２）,BL,B0003,0,0,B0003,f,1,506,16
65,BL_B0003_16_Pink.xlsx,conversations,会話語,BL,B0003,0,0,B0003,f,1,506,16
66,BL_B0003_16_Pink.xlsx,others,その他,BL,B0003,0,0,B0003,f,1,506,16
67,BL_B0004_17_Pink.xlsx,sounds,幼児語,BL,B0004,1,7,B0004,f,1,543,17
68,BL_B0004_17_Pink.xlsx,animals,動物の名前,BL,B0004,2,0,B0004,f,1,543,17
69,BL_B0004_17_Pink.xlsx,vehicles,乗り物,BL,B0004,0,0,B0004,f,1,543,17
70,BL_B0004_17_Pink.xlsx,toys,おもちゃ,BL,B0004,3,0,B0004,f,1,543,17
71,BL_B0004_17_Pink.xlsx,food_drink,食べ物と飲み物,BL,B0004,2,9,B0004,f,1,543,17
72,BL_B0004_17_Pink.xlsx,clothing,衣類,BL,B0004,4,1,B0004,f,1,543,17
73,BL_B0004_17_Pink.xlsx,body_parts,体の部分,BL,B0004,4,1,B0004,f,1,543,17
74,BL_B0004_17_Pink.xlsx,furniture_rooms,家具と部屋,BL,B0004,5,0,B0004,f,1,543,17
75,BL_B0004_17_Pink.xlsx,household,小さな家庭用品,BL,B0004,5,0,B0004,f,1,543,17
76,BL_B0004_17_Pink.xlsx,outside,戸外の物と場所,BL,B0004,1,0,B0004,f,1,543,17
77,BL_B0004_17_Pink.xlsx,people,人々,BL,B0004,3,3,B0004,f,1,543,17
78,BL_B0004_17_Pink.xlsx,games_routines,日課とあいさつ,BL,B0004,10,4,B0004,f,1,543,17
79,BL_B0004_17_Pink.xlsx,action_words,動作語,BL,B0004,15,1,B0004,f,1,543,17
80,BL_B0004_17_Pink.xlsx,time_words,時間についてのことば,BL,B0004,0,0,B0004,f,1,543,17
81,BL_B0004_17_Pink.xlsx,descriptive_words,ようす・性質,BL,B0004,1,0,B0004,f,1,543,17
82,BL_B0004_17_Pink.xlsx,pronouns,代名詞,BL,B0004,0,1,B0004,f,1,543,17
83,BL_B0004_17_Pink.xlsx,question_words,質問のことば,BL,B0004,0,0,B0004,f,1,543,17
84,BL_B0004_17_Pink.xlsx,locations,位置と場所についてのことば,BL,B0004,0,0,B0004,f,1,543,17
85,BL_B0004_17_Pink.xlsx,quantifiers,数量を表すことば,BL,B0004,0,0,B0004,f,1,543,17
86,BL_B0004_17_Pink.xlsx,sounds2,幼児語（その２）,BL,B0004,1,6,B0004,f,1,543,17
87,BL_B0004_17_Pink.xlsx,conversations,会話語,BL,B0004,0,2,B0004,f,1,543,17
88,BL_B0004_17_Pink.xlsx,others,その他,BL,B0004,0,2,B0004,f,1,543,17
89,BL_B0005_15_Pink.xlsx,sounds,幼児語,BL,B0005,2,3,B0005,f,1,469,15
90,BL_B0005_15_Pink.xlsx,animals,動物の名前,BL,B0005,3,1,B0005,f,1,469,15
91,BL_B0005_15_Pink.xlsx,vehicles,乗り物,BL,B0005,0,1,B0005,f,1,469,15
92,BL_B0005_15_Pink.xlsx,toys,おもちゃ,BL,B0005,1,0,B0005,f,1,469,15
93,BL_B0005_15_Pink.xlsx,food_drink,食べ物と飲み物,BL,B0005,2,4,B0005,f,1,469,15
94,BL_B0005_15_Pink.xlsx,clothing,衣類,BL,B0005,0,0,B0005,f,1,469,15
95,BL_B0005_15_Pink.xlsx,body_parts,体の部分,BL,B0005,0,0,B0005,f,1,469,15
96,BL_B0005_15_Pink.xlsx,furniture_rooms,家具と部屋,BL,B0005,2,0,B0005,f,1,469,15
97,BL_B0005_15_Pink.xlsx,household,小さな家庭用品,BL,B0005,1,0,B0005,f,1,469,15
98,BL_B0005_15_Pink.xlsx,outside,戸外の物と場所,BL,B0005,2,0,B0005,f,1,469,15
99,BL_B0005_15_Pink.xlsx,people,人々,BL,B0005,4,0,B0005,f,1,469,15
100,BL_B0005_15_Pink.xlsx,games_routines,日課とあいさつ,BL,B0005,6,2,B0005,f,1,469,15
101,BL_B0005_15_Pink.xlsx,action_words,動作語,BL,B0005,1,0,B0005,f,1,469,15
102,BL_B0005_15_Pink.xlsx,time_words,時間についてのことば,BL,B0005,0,0,B0005,f,1,469,15
103,BL_B0005_15_Pink.xlsx,descriptive_words,ようす・性質,BL,B0005,1,1,B0005,f,1,469,15
104,BL_B0005_15_Pink.xlsx,pronouns,代名詞,BL,B0005,0,0,B0005,f,1,469,15
105,BL_B0005_15_Pink.xlsx,question_words,質問のことば,BL,B0005,1,0,B0005,f,1,469,15
106,BL_B0005_15_Pink.xlsx,locations,位置と場所についてのことば,BL,B0005,0,0,B0005,f,1,469,15
107,BL_B0005_15_Pink.xlsx,quantifiers,数量を表すことば,BL,B0005,0,0,B0005,f,1,469,15
108,BL_B0005_15_Pink.xlsx,sounds2,幼児語（その２）,BL,B0005,0,0,B0005,f,1,469,15
109,BL_B0005_15_Pink.xlsx,conversations,会話語,BL,B0005,0,0,B0005,f,1,469,15
110,BL_B0005_15_Pink.xlsx,others,その他,BL,B0005,0,0,B0005,f,1,469,15
111,BL_B0006_15_Pink.xlsx,sounds,幼児語,BL,B0006,3,0,B0006,f,1,479,15
112,BL_B0006_15_Pink.xlsx,animals,動物の名前,BL,B0006,6,0,B0006,f,1,479,15
113,BL_B0006_15_Pink.xlsx,vehicles,乗り物,BL,B0006,0,0,B0006,f,1,479,15
114,BL_B0006_15_Pink.xlsx,toys,おもちゃ,BL,B0006,5,0,B0006,f,1,479,15
115,BL_B0006_15_Pink.xlsx,food_drink,食べ物と飲み物,BL,B0006,9,0,B0006,f,1,479,15
116,BL_B0006_15_Pink.xlsx,clothing,衣類,BL,B0006,5,0,B0006,f,1,479,15
117,BL_B0006_15_Pink.xlsx,body_parts,体の部分,BL,B0006,8,0,B0006,f,1,479,15
118,BL_B0006_15_Pink.xlsx,furniture_rooms,家具と部屋,BL,B0006,2,0,B0006,f,1,479,15
119,BL_B0006_15_Pink.xlsx,household,小さな家庭用品,BL,B0006,4,0,B0006,f,1,479,15
120,BL_B0006_15_Pink.xlsx,outside,戸外の物と場所,BL,B0006,2,0,B0006,f,1,479,15
121,BL_B0006_15_Pink.xlsx,people,人々,BL,B0006,2,1,B0006,f,1,479,15
122,BL_B0006_15_Pink.xlsx,games_routines,日課とあいさつ,BL,B0006,17,1,B0006,f,1,479,15
123,BL_B0006_15_Pink.xlsx,action_words,動作語,BL,B0006,39,1,B0006,f,1,479,15
124,BL_B0006_15_Pink.xlsx,time_words,時間についてのことば,BL,B0006,1,0,B0006,f,1,479,15
125,BL_B0006_15_Pink.xlsx,descriptive_words,ようす・性質,BL,B0006,8,0,B0006,f,1,479,15
126,BL_B0006_15_Pink.xlsx,pronouns,代名詞,BL,B0006,6,0,B0006,f,1,479,15
127,BL_B0006_15_Pink.xlsx,question_words,質問のことば,BL,B0006,0,0,B0006,f,1,479,15
128,BL_B0006_15_Pink.xlsx,locations,位置と場所についてのことば,BL,B0006,2,0,B0006,f,1,479,15
129,BL_B0006_15_Pink.xlsx,quantifiers,数量を表すことば,BL,B0006,2,0,B0006,f,1,479,15
130,BL_B0006_15_Pink.xlsx,sounds2,幼児語（その２）,BL,B0006,6,0,B0006,f,1,479,15
131,BL_B0006_15_Pink.xlsx,conversations,会話語,BL,B0006,7,2,B0006,f,1,479,15
132,BL_B0006_15_Pink.xlsx,others,その他,BL,B0006,1,0,B0006,f,1,479,15
133,BL_B0007_16_Pink.xlsx,sounds,幼児語,BL,B0007,3,3,B0007,f,1,506,16
134,BL_B0007_16_Pink.xlsx,animals,動物の名前,BL,B0007,30,0,B0007,f,1,506,16
135,BL_B0007_16_Pink.xlsx,vehicles,乗り物,BL,B0007,7,0,B0007,f,1,506,16
136,BL_B0007_16_Pink.xlsx,toys,おもちゃ,BL,B0007,7,0,B0007,f,1,506,16
137,BL_B0007_16_Pink.xlsx,food_drink,食べ物と飲み物,BL,B0007,15,1,B0007,f,1,506,16
138,BL_B0007_16_Pink.xlsx,clothing,衣類,BL,B0007,5,0,B0007,f,1,506,16
139,BL_B0007_16_Pink.xlsx,body_parts,体の部分,BL,B0007,15,0,B0007,f,1,506,16
140,BL_B0007_16_Pink.xlsx,furniture_rooms,家具と部屋,BL,B0007,11,0,B0007,f,1,506,16
141,BL_B0007_16_Pink.xlsx,household,小さな家庭用品,BL,B0007,14,0,B0007,f,1,506,16
142,BL_B0007_16_Pink.xlsx,outside,戸外の物と場所,BL,B0007,9,0,B0007,f,1,506,16
143,BL_B0007_16_Pink.xlsx,people,人々,BL,B0007,6,0,B0007,f,1,506,16
144,BL_B0007_16_Pink.xlsx,games_routines,日課とあいさつ,BL,B0007,15,2,B0007,f,1,506,16
145,BL_B0007_16_Pink.xlsx,action_words,動作語,BL,B0007,39,0,B0007,f,1,506,16
146,BL_B0007_16_Pink.xlsx,time_words,時間についてのことば,BL,B0007,4,0,B0007,f,1,506,16
147,BL_B0007_16_Pink.xlsx,descriptive_words,ようす・性質,BL,B0007,15,0,B0007,f,1,506,16
148,BL_B0007_16_Pink.xlsx,pronouns,代名詞,BL,B0007,0,0,B0007,f,1,506,16
149,BL_B0007_16_Pink.xlsx,question_words,質問のことば,BL,B0007,0,0,B0007,f,1,506,16
150,BL_B0007_16_Pink.xlsx,locations,位置と場所についてのことば,BL,B0007,2,0,B0007,f,1,506,16
151,BL_B0007_16_Pink.xlsx,quantifiers,数量を表すことば,BL,B0007,1,0,B0007,f,1,506,16
152,BL_B0007_16_Pink.xlsx,sounds2,幼児語（その２）,BL,B0007,10,3,B0007,f,1,506,16
153,BL_B0007_16_Pink.xlsx,conversations,会話語,BL,B0007,6,1,B0007,f,1,506,16
154,BL_B0007_16_Pink.xlsx,others,その他,BL,B0007,4,0,B0007,f,1,506,16
155,BL_B0008_17_Pink.xlsx,sounds,幼児語,BL,B0008,1,6,B0008,f,1,534,17
156,BL_B0008_17_Pink.xlsx,animals,動物の名前,BL,B0008,1,4,B0008,f,1,534,17
157,BL_B0008_17_Pink.xlsx,vehicles,乗り物,BL,B0008,0,3,B0008,f,1,534,17
158,BL_B0008_17_Pink.xlsx,toys,おもちゃ,BL,B0008,0,0,B0008,f,1,534,17
159,BL_B0008_17_Pink.xlsx,food_drink,食べ物と飲み物,BL,B0008,4,2,B0008,f,1,534,17
160,BL_B0008_17_Pink.xlsx,clothing,衣類,BL,B0008,1,3,B0008,f,1,534,17
161,BL_B0008_17_Pink.xlsx,body_parts,体の部分,BL,B0008,4,5,B0008,f,1,534,17
162,BL_B0008_17_Pink.xlsx,furniture_rooms,家具と部屋,BL,B0008,2,0,B0008,f,1,534,17
163,BL_B0008_17_Pink.xlsx,household,小さな家庭用品,BL,B0008,2,0,B0008,f,1,534,17
164,BL_B0008_17_Pink.xlsx,outside,戸外の物と場所,BL,B0008,4,1,B0008,f,1,534,17
165,BL_B0008_17_Pink.xlsx,people,人々,BL,B0008,6,2,B0008,f,1,534,17
166,BL_B0008_17_Pink.xlsx,games_routines,日課とあいさつ,BL,B0008,7,8,B0008,f,1,534,17
167,BL_B0008_17_Pink.xlsx,action_words,動作語,BL,B0008,13,6,B0008,f,1,534,17
168,BL_B0008_17_Pink.xlsx,time_words,時間についてのことば,BL,B0008,0,0,B0008,f,1,534,17
169,BL_B0008_17_Pink.xlsx,descriptive_words,ようす・性質,BL,B0008,3,4,B0008,f,1,534,17
170,BL_B0008_17_Pink.xlsx,pronouns,代名詞,BL,B0008,5,2,B0008,f,1,534,17
171,BL_B0008_17_Pink.xlsx,question_words,質問のことば,BL,B0008,1,0,B0008,f,1,534,17
172,BL_B0008_17_Pink.xlsx,locations,位置と場所についてのことば,BL,B0008,0,0,B0008,f,1,534,17
173,BL_B0008_17_Pink.xlsx,quantifiers,数量を表すことば,BL,B0008,3,2,B0008,f,1,534,17
174,BL_B0008_17_Pink.xlsx,sounds2,幼児語（その２）,BL,B0008,3,12,B0008,f,1,534,17
175,BL_B0008_17_Pink.xlsx,conversations,会話語,BL,B0008,5,4,B0008,f,1,534,17
176,BL_B0008_17_Pink.xlsx,others,その他,BL,B0008,2,3,B0008,f,1,534,17
177,BL_B0009_16_Pink.xlsx,sounds,幼児語,BL,B0009,4,1,B0009,f,1,496,16
178,BL_B0009_16_Pink.xlsx,animals,動物の名前,BL,B0009,1,0,B0009,f,1,496,16
179,BL_B0009_16_Pink.xlsx,vehicles,乗り物,BL,B0009,1,0,B0009,f,1,496,16
180,BL_B0009_16_Pink.xlsx,toys,おもちゃ,BL,B0009,5,0,B0009,f,1,496,16
181,BL_B0009_16_Pink.xlsx,food_drink,食べ物と飲み物,BL,B0009,8,1,B0009,f,1,496,16
182,BL_B0009_16_Pink.xlsx,clothing,衣類,BL,B0009,4,1,B0009,f,1,496,16
183,BL_B0009_16_Pink.xlsx,body_parts,体の部分,BL,B0009,6,0,B0009,f,1,496,16
184,BL_B0009_16_Pink.xlsx,furniture_rooms,家具と部屋,BL,B0009,2,0,B0009,f,1,496,16
185,BL_B0009_16_Pink.xlsx,household,小さな家庭用品,BL,B0009,6,0,B0009,f,1,496,16
186,BL_B0009_16_Pink.xlsx,outside,戸外の物と場所,BL,B0009,4,0,B0009,f,1,496,16
187,BL_B0009_16_Pink.xlsx,people,人々,BL,B0009,5,1,B0009,f,1,496,16
188,BL_B0009_16_Pink.xlsx,games_routines,日課とあいさつ,BL,B0009,6,4,B0009,f,1,496,16
189,BL_B0009_16_Pink.xlsx,action_words,動作語,BL,B0009,10,0,B0009,f,1,496,16
190,BL_B0009_16_Pink.xlsx,time_words,時間についてのことば,BL,B0009,0,0,B0009,f,1,496,16
191,BL_B0009_16_Pink.xlsx,descriptive_words,ようす・性質,BL,B0009,1,0,B0009,f,1,496,16
192,BL_B0009_16_Pink.xlsx,pronouns,代名詞,BL,B0009,0,0,B0009,f,1,496,16
193,BL_B0009_16_Pink.xlsx,question_words,質問のことば,BL,B0009,0,0,B0009,f,1,496,16
194,BL_B0009_16_Pink.xlsx,locations,位置と場所についてのことば,BL,B0009,2,0,B0009,f,1,496,16
195,BL_B0009_16_Pink.xlsx,quantifiers,数量を表すことば,BL,B0009,1,0,B0009,f,1,496,16
196,BL_B0009_16_Pink.xlsx,sounds2,幼児語（その２）,BL,B0009,3,0,B0009,f,1,496,16
197,BL_B0009_16_Pink.xlsx,conversations,会話語,BL,B0009,0,0,B0009,f,1,496,16
198,BL_B0009_16_Pink.xlsx,others,その他,BL,B0009,1,1,B0009,f,1,496,16
199,BL_B0010_16_Pink.xlsx,sounds,幼児語,BL,B0010,8,1,B0010,f,1,495,16
200,BL_B0010_16_Pink.xlsx,animals,動物の名前,BL,B0010,20,0,B0010,f,1,495,16
201,BL_B0010_16_Pink.xlsx,vehicles,乗り物,BL,B0010,5,0,B0010,f,1,495,16
202,BL_B0010_16_Pink.xlsx,toys,おもちゃ,BL,B0010,5,0,B0010,f,1,495,16
203,BL_B0010_16_Pink.xlsx,food_drink,食べ物と飲み物,BL,B0010,8,3,B0010,f,1,495,16
204,BL_B0010_16_Pink.xlsx,clothing,衣類,BL,B0010,7,1,B0010,f,1,495,16
205,BL_B0010_16_Pink.xlsx,body_parts,体の部分,BL,B0010,11,0,B0010,f,1,495,16
206,BL_B0010_16_Pink.xlsx,furniture_rooms,家具と部屋,BL,B0010,8,0,B0010,f,1,495,16
207,BL_B0010_16_Pink.xlsx,household,小さな家庭用品,BL,B0010,8,0,B0010,f,1,495,16
208,BL_B0010_16_Pink.xlsx,outside,戸外の物と場所,BL,B0010,8,0,B0010,f,1,495,16
209,BL_B0010_16_Pink.xlsx,people,人々,BL,B0010,7,4,B0010,f,1,495,16
210,BL_B0010_16_Pink.xlsx,games_routines,日課とあいさつ,BL,B0010,13,2,B0010,f,1,495,16
211,BL_B0010_16_Pink.xlsx,action_words,動作語,BL,B0010,20,2,B0010,f,1,495,16
212,BL_B0010_16_Pink.xlsx,time_words,時間についてのことば,BL,B0010,0,0,B0010,f,1,495,16
213,BL_B0010_16_Pink.xlsx,descriptive_words,ようす・性質,BL,B0010,10,0,B0010,f,1,495,16
214,BL_B0010_16_Pink.xlsx,pronouns,代名詞,BL,B0010,0,0,B0010,f,1,495,16
215,BL_B0010_16_Pink.xlsx,question_words,質問のことば,BL,B0010,4,0,B0010,f,1,495,16
216,BL_B0010_16_Pink.xlsx,locations,位置と場所についてのことば,BL,B0010,3,0,B0010,f,1,495,16
217,BL_B0010_16_Pink.xlsx,quantifiers,数量を表すことば,BL,B0010,0,0,B0010,f,1,495,16
218,BL_B0010_16_Pink.xlsx,sounds2,幼児語（その２）,BL,B0010,10,2,B0010,f,1,495,16
219,BL_B0010_16_Pink.xlsx,conversations,会話語,BL,B0010,4,0,B0010,f,1,495,16
220,BL_B0010_16_Pink.xlsx,others,その他,BL,B0010,2,1,B0010,f,1,495,16
221,BL_B0012_17_Pink.xlsx,sounds,幼児語,BL,B0012,0,8,B0012,m,1,547,17
222,BL_B0012_17_Pink.xlsx,animals,動物の名前,BL,B0012,2,5,B0012,m,1,547,17
223,BL_B0012_17_Pink.xlsx,vehicles,乗り物,BL,B0012,0,6,B0012,m,1,547,17
224,BL_B0012_17_Pink.xlsx,toys,おもちゃ,BL,B0012,0,0,B0012,m,1,547,17
225,BL_B0012_17_Pink.xlsx,food_drink,食べ物と飲み物,BL,B0012,0,4,B0012,m,1,547,17
226,BL_B0012_17_Pink.xlsx,clothing,衣類,BL,B0012,2,2,B0012,m,1,547,17
227,BL_B0012_17_Pink.xlsx,body_parts,体の部分,BL,B0012,2,4,B0012,m,1,547,17
228,BL_B0012_17_Pink.xlsx,furniture_rooms,家具と部屋,BL,B0012,2,0,B0012,m,1,547,17
229,BL_B0012_17_Pink.xlsx,household,小さな家庭用品,BL,B0012,3,0,B0012,m,1,547,17
230,BL_B0012_17_Pink.xlsx,outside,戸外の物と場所,BL,B0012,1,1,B0012,m,1,547,17
231,BL_B0012_17_Pink.xlsx,people,人々,BL,B0012,0,7,B0012,m,1,547,17
232,BL_B0012_17_Pink.xlsx,games_routines,日課とあいさつ,BL,B0012,13,5,B0012,m,1,547,17
233,BL_B0012_17_Pink.xlsx,action_words,動作語,BL,B0012,5,6,B0012,m,1,547,17
234,BL_B0012_17_Pink.xlsx,time_words,時間についてのことば,BL,B0012,0,0,B0012,m,1,547,17
235,BL_B0012_17_Pink.xlsx,descriptive_words,ようす・性質,BL,B0012,1,3,B0012,m,1,547,17
236,BL_B0012_17_Pink.xlsx,pronouns,代名詞,BL,B0012,0,1,B0012,m,1,547,17
237,BL_B0012_17_Pink.xlsx,question_words,質問のことば,BL,B0012,0,0,B0012,m,1,547,17
238,BL_B0012_17_Pink.xlsx,locations,位置と場所についてのことば,BL,B0012,0,0,B0012,m,1,547,17
239,BL_B0012_17_Pink.xlsx,quantifiers,数量を表すことば,BL,B0012,0,2,B0012,m,1,547,17
240,BL_B0012_17_Pink.xlsx,sounds2,幼児語（その２）,BL,B0012,0,19,B0012,m,1,547,17
241,BL_B0012_17_Pink.xlsx,conversations,会話語,BL,B0012,1,0,B0012,m,1,547,17
242,BL_B0012_17_Pink.xlsx,others,その他,BL,B0012,0,3,B0012,m,1,547,17
243,BL_B0013_17_Pink.xlsx,sounds,幼児語,BL,B0013,2,0,B0013,f,1,519,17
244,BL_B0013_17_Pink.xlsx,animals,動物の名前,BL,B0013,0,0,B0013,f,1,519,17
245,BL_B0013_17_Pink.xlsx,vehicles,乗り物,BL,B0013,1,0,B0013,f,1,519,17
246,BL_B0013_17_Pink.xlsx,toys,おもちゃ,BL,B0013,1,0,B0013,f,1,519,17
247,BL_B0013_17_Pink.xlsx,food_drink,食べ物と飲み物,BL,B0013,6,0,B0013,f,1,519,17
248,BL_B0013_17_Pink.xlsx,clothing,衣類,BL,B0013,0,0,B0013,f,1,519,17
249,BL_B0013_17_Pink.xlsx,body_parts,体の部分,BL,B0013,8,0,B0013,f,1,519,17
250,BL_B0013_17_Pink.xlsx,furniture_rooms,家具と部屋,BL,B0013,4,0,B0013,f,1,519,17
251,BL_B0013_17_Pink.xlsx,household,小さな家庭用品,BL,B0013,1,0,B0013,f,1,519,17
252,BL_B0013_17_Pink.xlsx,outside,戸外の物と場所,BL,B0013,0,0,B0013,f,1,519,17
253,BL_B0013_17_Pink.xlsx,people,人々,BL,B0013,3,3,B0013,f,1,519,17
254,BL_B0013_17_Pink.xlsx,games_routines,日課とあいさつ,BL,B0013,13,2,B0013,f,1,519,17
255,BL_B0013_17_Pink.xlsx,action_words,動作語,BL,B0013,12,0,B0013,f,1,519,17
256,BL_B0013_17_Pink.xlsx,time_words,時間についてのことば,BL,B0013,0,0,B0013,f,1,519,17
257,BL_B0013_17_Pink.xlsx,descriptive_words,ようす・性質,BL,B0013,3,0,B0013,f,1,519,17
258,BL_B0013_17_Pink.xlsx,pronouns,代名詞,BL,B0013,1,0,B0013,f,1,519,17
259,BL_B0013_17_Pink.xlsx,question_words,質問のことば,BL,B0013,3,0,B0013,f,1,519,17
260,BL_B0013_17_Pink.xlsx,locations,位置と場所についてのことば,BL,B0013,0,0,B0013,f,1,519,17
261,BL_B0013_17_Pink.xlsx,quantifiers,数量を表すことば,BL,B0013,1,0,B0013,f,1,519,17
262,BL_B0013_17_Pink.xlsx,sounds2,幼児語（その２）,BL,B0013,7,1,B0013,f,1,519,17
263,BL_B0013_17_Pink.xlsx,conversations,会話語,BL,B0013,1,0,B0013,f,1,519,17
264,BL_B0013_17_Pink.xlsx,others,その他,BL,B0013,4,0,B0013,f,1,519,17
265,BL_B0014_16_Pink.xlsx,sounds,幼児語,BL,B0014,0,5,B0014,f,1,513,16
266,BL_B0014_16_Pink.xlsx,animals,動物の名前,BL,B0014,1,3,B0014,f,1,513,16
267,BL_B0014_16_Pink.xlsx,vehicles,乗り物,BL,B0014,0,1,B0014,f,1,513,16
268,BL_B0014_16_Pink.xlsx,toys,おもちゃ,BL,B0014,3,0,B0014,f,1,513,16
269,BL_B0014_16_Pink.xlsx,food_drink,食べ物と飲み物,BL,B0014,5,4,B0014,f,1,513,16
270,BL_B0014_16_Pink.xlsx,clothing,衣類,BL,B0014,2,1,B0014,f,1,513,16
271,BL_B0014_16_Pink.xlsx,body_parts,体の部分,BL,B0014,9,3,B0014,f,1,513,16
272,BL_B0014_16_Pink.xlsx,furniture_rooms,家具と部屋,BL,B0014,4,0,B0014,f,1,513,16
273,BL_B0014_16_Pink.xlsx,household,小さな家庭用品,BL,B0014,5,0,B0014,f,1,513,16
274,BL_B0014_16_Pink.xlsx,outside,戸外の物と場所,BL,B0014,2,0,B0014,f,1,513,16
275,BL_B0014_16_Pink.xlsx,people,人々,BL,B0014,2,4,B0014,f,1,513,16
276,BL_B0014_16_Pink.xlsx,games_routines,日課とあいさつ,BL,B0014,8,3,B0014,f,1,513,16
277,BL_B0014_16_Pink.xlsx,action_words,動作語,BL,B0014,3,0,B0014,f,1,513,16
278,BL_B0014_16_Pink.xlsx,time_words,時間についてのことば,BL,B0014,0,0,B0014,f,1,513,16
279,BL_B0014_16_Pink.xlsx,descriptive_words,ようす・性質,BL,B0014,0,1,B0014,f,1,513,16
280,BL_B0014_16_Pink.xlsx,pronouns,代名詞,BL,B0014,0,0,B0014,f,1,513,16
281,BL_B0014_16_Pink.xlsx,question_words,質問のことば,BL,B0014,0,0,B0014,f,1,513,16
282,BL_B0014_16_Pink.xlsx,locations,位置と場所についてのことば,BL,B0014,0,0,B0014,f,1,513,16
283,BL_B0014_16_Pink.xlsx,quantifiers,数量を表すことば,BL,B0014,0,0,B0014,f,1,513,16
284,BL_B0014_16_Pink.xlsx,sounds2,幼児語（その２）,BL,B0014,0,2,B0014,f,1,513,16
285,BL_B0014_16_Pink.xlsx,conversations,会話語,BL,B0014,1,0,B0014,f,1,513,16
286,BL_B0014_16_Pink.xlsx,others,その他,BL,B0014,1,0,B0014,f,1,513,16
287,BL_B0015_16_Pink.xlsx,sounds,幼児語,BL,B0015,2,6,B0015,f,1,503,16
288,BL_B0015_16_Pink.xlsx,animals,動物の名前,BL,B0015,11,7,B0015,f,1,503,16
289,BL_B0015_16_Pink.xlsx,vehicles,乗り物,BL,B0015,0,1,B0015,f,1,503,16
290,BL_B0015_16_Pink.xlsx,toys,おもちゃ,BL,B0015,2,1,B0015,f,1,503,16
291,BL_B0015_16_Pink.xlsx,food_drink,食べ物と飲み物,BL,B0015,7,10,B0015,f,1,503,16
292,BL_B0015_16_Pink.xlsx,clothing,衣類,BL,B0015,4,1,B0015,f,1,503,16
293,BL_B0015_16_Pink.xlsx,body_parts,体の部分,BL,B0015,10,3,B0015,f,1,503,16
294,BL_B0015_16_Pink.xlsx,furniture_rooms,家具と部屋,BL,B0015,4,1,B0015,f,1,503,16
295,BL_B0015_16_Pink.xlsx,household,小さな家庭用品,BL,B0015,5,0,B0015,f,1,503,16
296,BL_B0015_16_Pink.xlsx,outside,戸外の物と場所,BL,B0015,3,1,B0015,f,1,503,16
297,BL_B0015_16_Pink.xlsx,people,人々,BL,B0015,0,3,B0015,f,1,503,16
298,BL_B0015_16_Pink.xlsx,games_routines,日課とあいさつ,BL,B0015,13,5,B0015,f,1,503,16
299,BL_B0015_16_Pink.xlsx,action_words,動作語,BL,B0015,9,1,B0015,f,1,503,16
300,BL_B0015_16_Pink.xlsx,time_words,時間についてのことば,BL,B0015,0,0,B0015,f,1,503,16
301,BL_B0015_16_Pink.xlsx,descriptive_words,ようす・性質,BL,B0015,4,3,B0015,f,1,503,16
302,BL_B0015_16_Pink.xlsx,pronouns,代名詞,BL,B0015,6,0,B0015,f,1,503,16
303,BL_B0015_16_Pink.xlsx,question_words,質問のことば,BL,B0015,0,0,B0015,f,1,503,16
304,BL_B0015_16_Pink.xlsx,locations,位置と場所についてのことば,BL,B0015,1,0,B0015,f,1,503,16
305,BL_B0015_16_Pink.xlsx,quantifiers,数量を表すことば,BL,B0015,1,0,B0015,f,1,503,16
306,BL_B0015_16_Pink.xlsx,sounds2,幼児語（その２）,BL,B0015,6,11,B0015,f,1,503,16
307,BL_B0015_16_Pink.xlsx,conversations,会話語,BL,B0015,2,1,B0015,f,1,503,16
308,BL_B0015_16_Pink.xlsx,others,その他,BL,B0015,4,0,B0015,f,1,503,16
309,BL_B0016_17_Pink.xlsx,sounds,幼児語,BL,B0016,3,3,B0016,m,1,521,17
310,BL_B0016_17_Pink.xlsx,animals,動物の名前,BL,B0016,10,3,B0016,m,1,521,17
311,BL_B0016_17_Pink.xlsx,vehicles,乗り物,BL,B0016,5,1,B0016,m,1,521,17
312,BL_B0016_17_Pink.xlsx,toys,おもちゃ,BL,B0016,5,0,B0016,m,1,521,17
313,BL_B0016_17_Pink.xlsx,food_drink,食べ物と飲み物,BL,B0016,5,5,B0016,m,1,521,17
314,BL_B0016_17_Pink.xlsx,clothing,衣類,BL,B0016,5,0,B0016,m,1,521,17
315,BL_B0016_17_Pink.xlsx,body_parts,体の部分,BL,B0016,8,0,B0016,m,1,521,17
316,BL_B0016_17_Pink.xlsx,furniture_rooms,家具と部屋,BL,B0016,7,0,B0016,m,1,521,17
317,BL_B0016_17_Pink.xlsx,household,小さな家庭用品,BL,B0016,5,0,B0016,m,1,521,17
318,BL_B0016_17_Pink.xlsx,outside,戸外の物と場所,BL,B0016,5,0,B0016,m,1,521,17
319,BL_B0016_17_Pink.xlsx,people,人々,BL,B0016,9,3,B0016,m,1,521,17
320,BL_B0016_17_Pink.xlsx,games_routines,日課とあいさつ,BL,B0016,15,1,B0016,m,1,521,17
321,BL_B0016_17_Pink.xlsx,action_words,動作語,BL,B0016,20,0,B0016,m,1,521,17
322,BL_B0016_17_Pink.xlsx,time_words,時間についてのことば,BL,B0016,0,0,B0016,m,1,521,17
323,BL_B0016_17_Pink.xlsx,descriptive_words,ようす・性質,BL,B0016,5,0,B0016,m,1,521,17
324,BL_B0016_17_Pink.xlsx,pronouns,代名詞,BL,B0016,3,0,B0016,m,1,521,17
325,BL_B0016_17_Pink.xlsx,question_words,質問のことば,BL,B0016,0,0,B0016,m,1,521,17
326,BL_B0016_17_Pink.xlsx,locations,位置と場所についてのことば,BL,B0016,0,0,B0016,m,1,521,17
327,BL_B0016_17_Pink.xlsx,quantifiers,数量を表すことば,BL,B0016,2,1,B0016,m,1,521,17
328,BL_B0016_17_Pink.xlsx,sounds2,幼児語（その２）,BL,B0016,7,5,B0016,m,1,521,17
329,BL_B0016_17_Pink.xlsx,conversations,会話語,BL,B0016,1,0,B0016,m,1,521,17
330,BL_B0016_17_Pink.xlsx,others,その他,BL,B0016,3,0,B0016,m,1,521,17
331,BL_B0017_16_Pink.xlsx,sounds,幼児語,BL,B0017,1,5,B0017,m,1,497,16
332,BL_B0017_16_Pink.xlsx,animals,動物の名前,BL,B0017,4,0,B0017,m,1,497,16
333,BL_B0017_16_Pink.xlsx,vehicles,乗り物,BL,B0017,1,0,B0017,m,1,497,16
334,BL_B0017_16_Pink.xlsx,toys,おもちゃ,BL,B0017,3,0,B0017,m,1,497,16
335,BL_B0017_16_Pink.xlsx,food_drink,食べ物と飲み物,BL,B0017,9,0,B0017,m,1,497,16
336,BL_B0017_16_Pink.xlsx,clothing,衣類,BL,B0017,4,0,B0017,m,1,497,16
337,BL_B0017_16_Pink.xlsx,body_parts,体の部分,BL,B0017,17,0,B0017,m,1,497,16
338,BL_B0017_16_Pink.xlsx,furniture_rooms,家具と部屋,BL,B0017,7,0,B0017,m,1,497,16
339,BL_B0017_16_Pink.xlsx,household,小さな家庭用品,BL,B0017,19,0,B0017,m,1,497,16
340,BL_B0017_16_Pink.xlsx,outside,戸外の物と場所,BL,B0017,7,0,B0017,m,1,497,16
341,BL_B0017_16_Pink.xlsx,people,人々,BL,B0017,3,2,B0017,m,1,497,16
342,BL_B0017_16_Pink.xlsx,games_routines,日課とあいさつ,BL,B0017,8,11,B0017,m,1,497,16
343,BL_B0017_16_Pink.xlsx,action_words,動作語,BL,B0017,29,0,B0017,m,1,497,16
344,BL_B0017_16_Pink.xlsx,time_words,時間についてのことば,BL,B0017,2,0,B0017,m,1,497,16
345,BL_B0017_16_Pink.xlsx,descriptive_words,ようす・性質,BL,B0017,8,2,B0017,m,1,497,16
346,BL_B0017_16_Pink.xlsx,pronouns,代名詞,BL,B0017,4,2,B0017,m,1,497,16
347,BL_B0017_16_Pink.xlsx,question_words,質問のことば,BL,B0017,4,0,B0017,m,1,497,16
348,BL_B0017_16_Pink.xlsx,locations,位置と場所についてのことば,BL,B0017,0,0,B0017,m,1,497,16
349,BL_B0017_16_Pink.xlsx,quantifiers,数量を表すことば,BL,B0017,2,0,B0017,m,1,497,16
350,BL_B0017_16_Pink.xlsx,sounds2,幼児語（その２）,BL,B0017,8,7,B0017,m,1,497,16
351,BL_B0017_16_Pink.xlsx,conversations,会話語,BL,B0017,2,6,B0017,m,1,497,16
352,BL_B0017_16_Pink.xlsx,others,その他,BL,B0017,3,1,B0017,m,1,497,16
353,BL_B0018_17_Pink.xlsx,sounds,幼児語,BL,B0018,1,5,B0018,f,1,534,17
354,BL_B0018_17_Pink.xlsx,animals,動物の名前,BL,B0018,5,4,B0018,f,1,534,17
355,BL_B0018_17_Pink.xlsx,vehicles,乗り物,BL,B0018,3,0,B0018,f,1,534,17
356,BL_B0018_17_Pink.xlsx,toys,おもちゃ,BL,B0018,5,1,B0018,f,1,534,17
357,BL_B0018_17_Pink.xlsx,food_drink,食べ物と飲み物,BL,B0018,8,7,B0018,f,1,534,17
358,BL_B0018_17_Pink.xlsx,clothing,衣類,BL,B0018,9,2,B0018,f,1,534,17
359,BL_B0018_17_Pink.xlsx,body_parts,体の部分,BL,B0018,9,9,B0018,f,1,534,17
360,BL_B0018_17_Pink.xlsx,furniture_rooms,家具と部屋,BL,B0018,10,2,B0018,f,1,534,17
361,BL_B0018_17_Pink.xlsx,household,小さな家庭用品,BL,B0018,13,9,B0018,f,1,534,17
362,BL_B0018_17_Pink.xlsx,outside,戸外の物と場所,BL,B0018,4,5,B0018,f,1,534,17
363,BL_B0018_17_Pink.xlsx,people,人々,BL,B0018,4,8,B0018,f,1,534,17
364,BL_B0018_17_Pink.xlsx,games_routines,日課とあいさつ,BL,B0018,11,7,B0018,f,1,534,17
365,BL_B0018_17_Pink.xlsx,action_words,動作語,BL,B0018,19,3,B0018,f,1,534,17
366,BL_B0018_17_Pink.xlsx,time_words,時間についてのことば,BL,B0018,0,0,B0018,f,1,534,17
367,BL_B0018_17_Pink.xlsx,descriptive_words,ようす・性質,BL,B0018,9,1,B0018,f,1,534,17
368,BL_B0018_17_Pink.xlsx,pronouns,代名詞,BL,B0018,3,0,B0018,f,1,534,17
369,BL_B0018_17_Pink.xlsx,question_words,質問のことば,BL,B0018,2,0,B0018,f,1,534,17
370,BL_B0018_17_Pink.xlsx,locations,位置と場所についてのことば,BL,B0018,3,0,B0018,f,1,534,17
371,BL_B0018_17_Pink.xlsx,quantifiers,数量を表すことば,BL,B0018,2,0,B0018,f,1,534,17
372,BL_B0018_17_Pink.xlsx,sounds2,幼児語（その２）,BL,B0018,4,9,B0018,f,1,534,17
373,BL_B0018_17_Pink.xlsx,conversations,会話語,BL,B0018,1,1,B0018,f,1,534,17
374,BL_B0018_17_Pink.xlsx,others,その他,BL,B0018,3,0,B0018,f,1,534,17
375,BL_B0019_15_Pink.xlsx,sounds,幼児語,BL,B0019,4,1,B0019,m,1,469,15
376,BL_B0019_15_Pink.xlsx,animals,動物の名前,BL,B0019,2,0,B0019,m,1,469,15
377,BL_B0019_15_Pink.xlsx,vehicles,乗り物,BL,B0019,1,0,B0019,m,1,469,15
378,BL_B0019_15_Pink.xlsx,toys,おもちゃ,BL,B0019,4,0,B0019,m,1,469,15
379,BL_B0019_15_Pink.xlsx,food_drink,食べ物と飲み物,BL,B0019,7,2,B0019,m,1,469,15
380,BL_B0019_15_Pink.xlsx,clothing,衣類,BL,B0019,6,0,B0019,m,1,469,15
381,BL_B0019_15_Pink.xlsx,body_parts,体の部分,BL,B0019,3,0,B0019,m,1,469,15
382,BL_B0019_15_Pink.xlsx,furniture_rooms,家具と部屋,BL,B0019,12,0,B0019,m,1,469,15
383,BL_B0019_15_Pink.xlsx,household,小さな家庭用品,BL,B0019,11,0,B0019,m,1,469,15
384,BL_B0019_15_Pink.xlsx,outside,戸外の物と場所,BL,B0019,2,1,B0019,m,1,469,15
385,BL_B0019_15_Pink.xlsx,people,人々,BL,B0019,7,3,B0019,m,1,469,15
386,BL_B0019_15_Pink.xlsx,games_routines,日課とあいさつ,BL,B0019,11,2,B0019,m,1,469,15
387,BL_B0019_15_Pink.xlsx,action_words,動作語,BL,B0019,8,0,B0019,m,1,469,15
388,BL_B0019_15_Pink.xlsx,time_words,時間についてのことば,BL,B0019,0,0,B0019,m,1,469,15
389,BL_B0019_15_Pink.xlsx,descriptive_words,ようす・性質,BL,B0019,3,0,B0019,m,1,469,15
390,BL_B0019_15_Pink.xlsx,pronouns,代名詞,BL,B0019,0,0,B0019,m,1,469,15
391,BL_B0019_15_Pink.xlsx,question_words,質問のことば,BL,B0019,0,0,B0019,m,1,469,15
392,BL_B0019_15_Pink.xlsx,locations,位置と場所についてのことば,BL,B0019,0,0,B0019,m,1,469,15
393,BL_B0019_15_Pink.xlsx,quantifiers,数量を表すことば,BL,B0019,0,0,B0019,m,1,469,15
394,BL_B0019_15_Pink.xlsx,sounds2,幼児語（その２）,BL,B0019,9,0,B0019,m,1,469,15
395,BL_B0019_15_Pink.xlsx,conversations,会話語,BL,B0019,0,0,B0019,m,1,469,15
396,BL_B0019_15_Pink.xlsx,others,その他,BL,B0019,1,0,B0019,m,1,469,15
397,BL_B0020_15_Pink.xlsx,sounds,幼児語,BL,B0020,0,5,B0020,f,1,477,15
398,BL_B0020_15_Pink.xlsx,animals,動物の名前,BL,B0020,1,2,B0020,f,1,477,15
399,BL_B0020_15_Pink.xlsx,vehicles,乗り物,BL,B0020,2,1,B0020,f,1,477,15
400,BL_B0020_15_Pink.xlsx,toys,おもちゃ,BL,B0020,3,0,B0020,f,1,477,15
401,BL_B0020_15_Pink.xlsx,food_drink,食べ物と飲み物,BL,B0020,4,5,B0020,f,1,477,15
402,BL_B0020_15_Pink.xlsx,clothing,衣類,BL,B0020,2,1,B0020,f,1,477,15
403,BL_B0020_15_Pink.xlsx,body_parts,体の部分,BL,B0020,14,0,B0020,f,1,477,15
404,BL_B0020_15_Pink.xlsx,furniture_rooms,家具と部屋,BL,B0020,5,0,B0020,f,1,477,15
405,BL_B0020_15_Pink.xlsx,household,小さな家庭用品,BL,B0020,7,1,B0020,f,1,477,15
406,BL_B0020_15_Pink.xlsx,outside,戸外の物と場所,BL,B0020,4,1,B0020,f,1,477,15
407,BL_B0020_15_Pink.xlsx,people,人々,BL,B0020,3,5,B0020,f,1,477,15
408,BL_B0020_15_Pink.xlsx,games_routines,日課とあいさつ,BL,B0020,10,6,B0020,f,1,477,15
409,BL_B0020_15_Pink.xlsx,action_words,動作語,BL,B0020,29,5,B0020,f,1,477,15
410,BL_B0020_15_Pink.xlsx,time_words,時間についてのことば,BL,B0020,0,0,B0020,f,1,477,15
411,BL_B0020_15_Pink.xlsx,descriptive_words,ようす・性質,BL,B0020,9,0,B0020,f,1,477,15
412,BL_B0020_15_Pink.xlsx,pronouns,代名詞,BL,B0020,0,1,B0020,f,1,477,15
413,BL_B0020_15_Pink.xlsx,question_words,質問のことば,BL,B0020,1,0,B0020,f,1,477,15
414,BL_B0020_15_Pink.xlsx,locations,位置と場所についてのことば,BL,B0020,1,0,B0020,f,1,477,15
415,BL_B0020_15_Pink.xlsx,quantifiers,数量を表すことば,BL,B0020,2,0,B0020,f,1,477,15
416,BL_B0020_15_Pink.xlsx,sounds2,幼児語（その２）,BL,B0020,6,6,B0020,f,1,477,15
417,BL_B0020_15_Pink.xlsx,conversations,会話語,BL,B0020,2,3,B0020,f,1,477,15
418,BL_B0020_15_Pink.xlsx,others,その他,BL,B0020,4,1,B0020,f,1,477,15
419,BL_B0021_16_Pink.xlsx,sounds,幼児語,BL,B0021,3,0,B0021,m,1,509,16
420,BL_B0021_16_Pink.xlsx,animals,動物の名前,BL,B0021,2,0,B0021,m,1,509,16
421,BL_B0021_16_Pink.xlsx,vehicles,乗り物,BL,B0021,1,0,B0021,m,1,509,16
422,BL_B0021_16_Pink.xlsx,toys,おもちゃ,BL,B0021,2,0,B0021,m,1,509,16
423,BL_B0021_16_Pink.xlsx,food_drink,食べ物と飲み物,BL,B0021,1,0,B0021,m,1,509,16
424,BL_B0021_16_Pink.xlsx,clothing,衣類,BL,B0021,0,0,B0021,m,1,509,16
425,BL_B0021_16_Pink.xlsx,body_parts,体の部分,BL,B0021,4,0,B0021,m,1,509,16
426,BL_B0021_16_Pink.xlsx,furniture_rooms,家具と部屋,BL,B0021,0,0,B0021,m,1,509,16
427,BL_B0021_16_Pink.xlsx,household,小さな家庭用品,BL,B0021,0,0,B0021,m,1,509,16
428,BL_B0021_16_Pink.xlsx,outside,戸外の物と場所,BL,B0021,0,0,B0021,m,1,509,16
429,BL_B0021_16_Pink.xlsx,people,人々,BL,B0021,3,1,B0021,m,1,509,16
430,BL_B0021_16_Pink.xlsx,games_routines,日課とあいさつ,BL,B0021,6,0,B0021,m,1,509,16
431,BL_B0021_16_Pink.xlsx,action_words,動作語,BL,B0021,2,0,B0021,m,1,509,16
432,BL_B0021_16_Pink.xlsx,time_words,時間についてのことば,BL,B0021,0,0,B0021,m,1,509,16
433,BL_B0021_16_Pink.xlsx,descriptive_words,ようす・性質,BL,B0021,0,0,B0021,m,1,509,16
434,BL_B0021_16_Pink.xlsx,pronouns,代名詞,BL,B0021,0,0,B0021,m,1,509,16
435,BL_B0021_16_Pink.xlsx,question_words,質問のことば,BL,B0021,1,0,B0021,m,1,509,16
436,BL_B0021_16_Pink.xlsx,locations,位置と場所についてのことば,BL,B0021,0,0,B0021,m,1,509,16
437,BL_B0021_16_Pink.xlsx,quantifiers,数量を表すことば,BL,B0021,0,0,B0021,m,1,509,16
438,BL_B0021_16_Pink.xlsx,sounds2,幼児語（その２）,BL,B0021,3,0,B0021,m,1,509,16
439,BL_B0021_16_Pink.xlsx,conversations,会話語,BL,B0021,1,0,B0021,m,1,509,16
440,BL_B0021_16_Pink.xlsx,others,その他,BL,B0021,2,0,B0021,m,1,509,16
441,BL_B0022_16_Pink.xlsx,sounds,幼児語,BL,B0022,1,11,B0022,f,1,496,16
442,BL_B0022_16_Pink.xlsx,animals,動物の名前,BL,B0022,10,12,B0022,f,1,496,16
443,BL_B0022_16_Pink.xlsx,vehicles,乗り物,BL,B0022,3,2,B0022,f,1,496,16
444,BL_B0022_16_Pink.xlsx,toys,おもちゃ,BL,B0022,2,2,B0022,f,1,496,16
445,BL_B0022_16_Pink.xlsx,food_drink,食べ物と飲み物,BL,B0022,6,9,B0022,f,1,496,16
446,BL_B0022_16_Pink.xlsx,clothing,衣類,BL,B0022,2,3,B0022,f,1,496,16
447,BL_B0022_16_Pink.xlsx,body_parts,体の部分,BL,B0022,5,6,B0022,f,1,496,16
448,BL_B0022_16_Pink.xlsx,furniture_rooms,家具と部屋,BL,B0022,9,0,B0022,f,1,496,16
449,BL_B0022_16_Pink.xlsx,household,小さな家庭用品,BL,B0022,9,2,B0022,f,1,496,16
450,BL_B0022_16_Pink.xlsx,outside,戸外の物と場所,BL,B0022,3,5,B0022,f,1,496,16
451,BL_B0022_16_Pink.xlsx,people,人々,BL,B0022,1,7,B0022,f,1,496,16
452,BL_B0022_16_Pink.xlsx,games_routines,日課とあいさつ,BL,B0022,5,11,B0022,f,1,496,16
453,BL_B0022_16_Pink.xlsx,action_words,動作語,BL,B0022,12,11,B0022,f,1,496,16
454,BL_B0022_16_Pink.xlsx,time_words,時間についてのことば,BL,B0022,3,0,B0022,f,1,496,16
455,BL_B0022_16_Pink.xlsx,descriptive_words,ようす・性質,BL,B0022,5,11,B0022,f,1,496,16
456,BL_B0022_16_Pink.xlsx,pronouns,代名詞,BL,B0022,4,2,B0022,f,1,496,16
457,BL_B0022_16_Pink.xlsx,question_words,質問のことば,BL,B0022,0,5,B0022,f,1,496,16
458,BL_B0022_16_Pink.xlsx,locations,位置と場所についてのことば,BL,B0022,6,2,B0022,f,1,496,16
459,BL_B0022_16_Pink.xlsx,quantifiers,数量を表すことば,BL,B0022,1,3,B0022,f,1,496,16
460,BL_B0022_16_Pink.xlsx,sounds2,幼児語（その２）,BL,B0022,6,13,B0022,f,1,496,16
461,BL_B0022_16_Pink.xlsx,conversations,会話語,BL,B0022,5,4,B0022,f,1,496,16
462,BL_B0022_16_Pink.xlsx,others,その他,BL,B0022,1,6,B0022,f,1,496,16
463,BL_B0023_15_Pink.xlsx,sounds,幼児語,BL,B0023,3,0,B0023,m,1,485,15
464,BL_B0023_15_Pink.xlsx,animals,動物の名前,BL,B0023,0,0,B0023,m,1,485,15
465,BL_B0023_15_Pink.xlsx,vehicles,乗り物,BL,B0023,1,0,B0023,m,1,485,15
466,BL_B0023_15_Pink.xlsx,toys,おもちゃ,BL,B0023,2,0,B0023,m,1,485,15
467,BL_B0023_15_Pink.xlsx,food_drink,食べ物と飲み物,BL,B0023,1,4,B0023,m,1,485,15
468,BL_B0023_15_Pink.xlsx,clothing,衣類,BL,B0023,0,0,B0023,m,1,485,15
469,BL_B0023_15_Pink.xlsx,body_parts,体の部分,BL,B0023,0,0,B0023,m,1,485,15
470,BL_B0023_15_Pink.xlsx,furniture_rooms,家具と部屋,BL,B0023,2,1,B0023,m,1,485,15
471,BL_B0023_15_Pink.xlsx,household,小さな家庭用品,BL,B0023,3,0,B0023,m,1,485,15
472,BL_B0023_15_Pink.xlsx,outside,戸外の物と場所,BL,B0023,3,0,B0023,m,1,485,15
473,BL_B0023_15_Pink.xlsx,people,人々,BL,B0023,2,0,B0023,m,1,485,15
474,BL_B0023_15_Pink.xlsx,games_routines,日課とあいさつ,BL,B0023,5,6,B0023,m,1,485,15
475,BL_B0023_15_Pink.xlsx,action_words,動作語,BL,B0023,6,0,B0023,m,1,485,15
476,BL_B0023_15_Pink.xlsx,time_words,時間についてのことば,BL,B0023,1,0,B0023,m,1,485,15
477,BL_B0023_15_Pink.xlsx,descriptive_words,ようす・性質,BL,B0023,6,1,B0023,m,1,485,15
478,BL_B0023_15_Pink.xlsx,pronouns,代名詞,BL,B0023,0,0,B0023,m,1,485,15
479,BL_B0023_15_Pink.xlsx,question_words,質問のことば,BL,B0023,3,0,B0023,m,1,485,15
480,BL_B0023_15_Pink.xlsx,locations,位置と場所についてのことば,BL,B0023,0,0,B0023,m,1,485,15
481,BL_B0023_15_Pink.xlsx,quantifiers,数量を表すことば,BL,B0023,3,0,B0023,m,1,485,15
482,BL_B0023_15_Pink.xlsx,sounds2,幼児語（その２）,BL,B0023,5,0,B0023,m,1,485,15
483,BL_B0023_15_Pink.xlsx,conversations,会話語,BL,B0023,1,0,B0023,m,1,485,15
484,BL_B0023_15_Pink.xlsx,others,その他,BL,B0023,2,0,B0023,m,1,485,15
485,BL_B0024_15_Pink.xlsx,sounds,幼児語,BL,B0024,3,2,B0024,f,1,460,15
486,BL_B0024_15_Pink.xlsx,animals,動物の名前,BL,B0024,9,1,B0024,f,1,460,15
487,BL_B0024_15_Pink.xlsx,vehicles,乗り物,BL,B0024,0,0,B0024,f,1,460,15
488,BL_B0024_15_Pink.xlsx,toys,おもちゃ,BL,B0024,4,0,B0024,f,1,460,15
489,BL_B0024_15_Pink.xlsx,food_drink,食べ物と飲み物,BL,B0024,8,0,B0024,f,1,460,15
490,BL_B0024_15_Pink.xlsx,clothing,衣類,BL,B0024,9,0,B0024,f,1,460,15
491,BL_B0024_15_Pink.xlsx,body_parts,体の部分,BL,B0024,6,0,B0024,f,1,460,15
492,BL_B0024_15_Pink.xlsx,furniture_rooms,家具と部屋,BL,B0024,3,0,B0024,f,1,460,15
493,BL_B0024_15_Pink.xlsx,household,小さな家庭用品,BL,B0024,3,0,B0024,f,1,460,15
494,BL_B0024_15_Pink.xlsx,outside,戸外の物と場所,BL,B0024,0,3,B0024,f,1,460,15
495,BL_B0024_15_Pink.xlsx,people,人々,BL,B0024,4,1,B0024,f,1,460,15
496,BL_B0024_15_Pink.xlsx,games_routines,日課とあいさつ,BL,B0024,6,5,B0024,f,1,460,15
497,BL_B0024_15_Pink.xlsx,action_words,動作語,BL,B0024,1,0,B0024,f,1,460,15
498,BL_B0024_15_Pink.xlsx,time_words,時間についてのことば,BL,B0024,0,0,B0024,f,1,460,15
499,BL_B0024_15_Pink.xlsx,descriptive_words,ようす・性質,BL,B0024,2,0,B0024,f,1,460,15
500,BL_B0024_15_Pink.xlsx,pronouns,代名詞,BL,B0024,1,1,B0024,f,1,460,15
501,BL_B0024_15_Pink.xlsx,question_words,質問のことば,BL,B0024,0,0,B0024,f,1,460,15
502,BL_B0024_15_Pink.xlsx,locations,位置と場所についてのことば,BL,B0024,0,0,B0024,f,1,460,15
503,BL_B0024_15_Pink.xlsx,quantifiers,数量を表すことば,BL,B0024,0,0,B0024,f,1,460,15
504,BL_B0024_15_Pink.xlsx,sounds2,幼児語（その２）,BL,B0024,3,2,B0024,f,1,460,15
505,BL_B0024_15_Pink.xlsx,conversations,会話語,BL,B0024,0,1,B0024,f,1,460,15
506,BL_B0024_15_Pink.xlsx,others,その他,BL,B0024,1,1,B0024,f,1,460,15
507,JW_S0483_13_Pink.xlsx,sounds,幼児語,JW,S0483,1,2,S0483,f,1,396,13
508,JW_S0483_13_Pink.xlsx,animals,動物の名前,JW,S0483,0,0,S0483,f,1,396,13
509,JW_S0483_13_Pink.xlsx,vehicles,乗り物,JW,S0483,0,0,S0483,f,1,396,13
510,JW_S0483_13_Pink.xlsx,toys,おもちゃ,JW,S0483,0,0,S0483,f,1,396,13
511,JW_S0483_13_Pink.xlsx,food_drink,食べ物と飲み物,JW,S0483,4,1,S0483,f,1,396,13
512,JW_S0483_13_Pink.xlsx,clothing,衣類,JW,S0483,1,0,S0483,f,1,396,13
513,JW_S0483_13_Pink.xlsx,body_parts,体の部分,JW,S0483,0,0,S0483,f,1,396,13
514,JW_S0483_13_Pink.xlsx,furniture_rooms,家具と部屋,JW,S0483,1,0,S0483,f,1,396,13
515,JW_S0483_13_Pink.xlsx,household,小さな家庭用品,JW,S0483,1,0,S0483,f,1,396,13
516,JW_S0483_13_Pink.xlsx,outside,戸外の物と場所,JW,S0483,2,0,S0483,f,1,396,13
517,JW_S0483_13_Pink.xlsx,people,人々,JW,S0483,3,2,S0483,f,1,396,13
518,JW_S0483_13_Pink.xlsx,games_routines,日課とあいさつ,JW,S0483,11,2,S0483,f,1,396,13
519,JW_S0483_13_Pink.xlsx,action_words,動作語,JW,S0483,6,0,S0483,f,1,396,13
520,JW_S0483_13_Pink.xlsx,time_words,時間についてのことば,JW,S0483,0,0,S0483,f,1,396,13
521,JW_S0483_13_Pink.xlsx,descriptive_words,ようす・性質,JW,S0483,6,0,S0483,f,1,396,13
522,JW_S0483_13_Pink.xlsx,pronouns,代名詞,JW,S0483,1,0,S0483,f,1,396,13
523,JW_S0483_13_Pink.xlsx,question_words,質問のことば,JW,S0483,3,0,S0483,f,1,396,13
524,JW_S0483_13_Pink.xlsx,locations,位置と場所についてのことば,JW,S0483,0,0,S0483,f,1,396,13
525,JW_S0483_13_Pink.xlsx,quantifiers,数量を表すことば,JW,S0483,2,0,S0483,f,1,396,13
526,JW_S0483_13_Pink.xlsx,sounds2,幼児語（その２）,JW,S0483,10,0,S0483,f,1,396,13
527,JW_S0483_13_Pink.xlsx,conversations,会話語,JW,S0483,1,1,S0483,f,1,396,13
528,JW_S0483_13_Pink.xlsx,others,その他,JW,S0483,2,1,S0483,f,1,396,13
529,JW_S0513_12_Pink.xlsx,sounds,幼児語,JW,S0513,11,1,S0513,m,1,366,12
530,JW_S0513_12_Pink.xlsx,animals,動物の名前,JW,S0513,1,0,S0513,m,1,366,12
531,JW_S0513_12_Pink.xlsx,vehicles,乗り物,JW,S0513,3,0,S0513,m,1,366,12
532,JW_S0513_12_Pink.xlsx,toys,おもちゃ,JW,S0513,4,0,S0513,m,1,366,12
533,JW_S0513_12_Pink.xlsx,food_drink,食べ物と飲み物,JW,S0513,1,0,S0513,m,1,366,12
534,JW_S0513_12_Pink.xlsx,clothing,衣類,JW,S0513,0,0,S0513,m,1,366,12
535,JW_S0513_12_Pink.xlsx,body_parts,体の部分,JW,S0513,2,0,S0513,m,1,366,12
536,JW_S0513_12_Pink.xlsx,furniture_rooms,家具と部屋,JW,S0513,0,0,S0513,m,1,366,12
537,JW_S0513_12_Pink.xlsx,household,小さな家庭用品,JW,S0513,0,0,S0513,m,1,366,12
538,JW_S0513_12_Pink.xlsx,outside,戸外の物と場所,JW,S0513,0,0,S0513,m,1,366,12
539,JW_S0513_12_Pink.xlsx,people,人々,JW,S0513,4,3,S0513,m,1,366,12
540,JW_S0513_12_Pink.xlsx,games_routines,日課とあいさつ,JW,S0513,6,0,S0513,m,1,366,12
541,JW_S0513_12_Pink.xlsx,action_words,動作語,JW,S0513,0,0,S0513,m,1,366,12
542,JW_S0513_12_Pink.xlsx,time_words,時間についてのことば,JW,S0513,0,0,S0513,m,1,366,12
543,JW_S0513_12_Pink.xlsx,descriptive_words,ようす・性質,JW,S0513,0,0,S0513,m,1,366,12
544,JW_S0513_12_Pink.xlsx,pronouns,代名詞,JW,S0513,0,0,S0513,m,1,366,12
545,JW_S0513_12_Pink.xlsx,question_words,質問のことば,JW,S0513,0,0,S0513,m,1,366,12
546,JW_S0513_12_Pink.xlsx,locations,位置と場所についてのことば,JW,S0513,0,0,S0513,m,1,366,12
547,JW_S0513_12_Pink.xlsx,quantifiers,数量を表すことば,JW,S0513,0,0,S0513,m,1,366,12
548,JW_S0513_12_Pink.xlsx,sounds2,幼児語（その２）,JW,S0513,0,1,S0513,m,1,366,12
549,JW_S0513_12_Pink.xlsx,conversations,会話語,JW,S0513,0,0,S0513,m,1,366,12
550,JW_S0513_12_Pink.xlsx,others,その他,JW,S0513,0,0,S0513,m,1,366,12
551,JW_S0577_12_Pink.xlsx,sounds,幼児語,JW,S0577,0,0,S0577,f,1,372,12
552,JW_S0577_12_Pink.xlsx,animals,動物の名前,JW,S0577,0,0,S0577,f,1,372,12
553,JW_S0577_12_Pink.xlsx,vehicles,乗り物,JW,S0577,0,0,S0577,f,1,372,12
554,JW_S0577_12_Pink.xlsx,toys,おもちゃ,JW,S0577,0,0,S0577,f,1,372,12
555,JW_S0577_12_Pink.xlsx,food_drink,食べ物と飲み物,JW,S0577,0,0,S0577,f,1,372,12
556,JW_S0577_12_Pink.xlsx,clothing,衣類,JW,S0577,0,0,S0577,f,1,372,12
557,JW_S0577_12_Pink.xlsx,body_parts,体の部分,JW,S0577,0,0,S0577,f,1,372,12
558,JW_S0577_12_Pink.xlsx,furniture_rooms,家具と部屋,JW,S0577,0,0,S0577,f,1,372,12
559,JW_S0577_12_Pink.xlsx,household,小さな家庭用品,JW,S0577,0,0,S0577,f,1,372,12
560,JW_S0577_12_Pink.xlsx,outside,戸外の物と場所,JW,S0577,0,0,S0577,f,1,372,12
561,JW_S0577_12_Pink.xlsx,people,人々,JW,S0577,2,2,S0577,f,1,372,12
562,JW_S0577_12_Pink.xlsx,games_routines,日課とあいさつ,JW,S0577,2,0,S0577,f,1,372,12
563,JW_S0577_12_Pink.xlsx,action_words,動作語,JW,S0577,0,0,S0577,f,1,372,12
564,JW_S0577_12_Pink.xlsx,time_words,時間についてのことば,JW,S0577,0,0,S0577,f,1,372,12
565,JW_S0577_12_Pink.xlsx,descriptive_words,ようす・性質,JW,S0577,2,0,S0577,f,1,372,12
566,JW_S0577_12_Pink.xlsx,pronouns,代名詞,JW,S0577,0,0,S0577,f,1,372,12
567,JW_S0577_12_Pink.xlsx,question_words,質問のことば,JW,S0577,0,0,S0577,f,1,372,12
568,JW_S0577_12_Pink.xlsx,locations,位置と場所についてのことば,JW,S0577,0,0,S0577,f,1,372,12
569,JW_S0577_12_Pink.xlsx,quantifiers,数量を表すことば,JW,S0577,0,0,S0577,f,1,372,12
570,JW_S0577_12_Pink.xlsx,sounds2,幼児語（その２）,JW,S0577,0,0,S0577,f,1,372,12
571,JW_S0577_12_Pink.xlsx,conversations,会話語,JW,S0577,0,0,S0577,f,1,372,12
572,JW_S0577_12_Pink.xlsx,others,その他,JW,S0577,0,0,S0577,f,1,372,12
573,JW_S0599_12_Pink.xlsx,sounds,幼児語,JW,S0599,0,0,S0599,f,1,375,12
574,JW_S0599_12_Pink.xlsx,animals,動物の名前,JW,S0599,1,0,S0599,f,1,375,12
575,JW_S0599_12_Pink.xlsx,vehicles,乗り物,JW,S0599,0,0,S0599,f,1,375,12
576,JW_S0599_12_Pink.xlsx,toys,おもちゃ,JW,S0599,0,0,S0599,f,1,375,12
577,JW_S0599_12_Pink.xlsx,food_drink,食べ物と飲み物,JW,S0599,1,0,S0599,f,1,375,12
578,JW_S0599_12_Pink.xlsx,clothing,衣類,JW,S0599,0,0,S0599,f,1,375,12
579,JW_S0599_12_Pink.xlsx,body_parts,体の部分,JW,S0599,1,0,S0599,f,1,375,12
580,JW_S0599_12_Pink.xlsx,furniture_rooms,家具と部屋,JW,S0599,0,0,S0599,f,1,375,12
581,JW_S0599_12_Pink.xlsx,household,小さな家庭用品,JW,S0599,0,0,S0599,f,1,375,12
582,JW_S0599_12_Pink.xlsx,outside,戸外の物と場所,JW,S0599,0,0,S0599,f,1,375,12
583,JW_S0599_12_Pink.xlsx,people,人々,JW,S0599,2,0,S0599,f,1,375,12
584,JW_S0599_12_Pink.xlsx,games_routines,日課とあいさつ,JW,S0599,8,1,S0599,f,1,375,12
585,JW_S0599_12_Pink.xlsx,action_words,動作語,JW,S0599,0,0,S0599,f,1,375,12
586,JW_S0599_12_Pink.xlsx,time_words,時間についてのことば,JW,S0599,0,0,S0599,f,1,375,12
587,JW_S0599_12_Pink.xlsx,descriptive_words,ようす・性質,JW,S0599,0,0,S0599,f,1,375,12
588,JW_S0599_12_Pink.xlsx,pronouns,代名詞,JW,S0599,0,0,S0599,f,1,375,12
589,JW_S0599_12_Pink.xlsx,question_words,質問のことば,JW,S0599,0,0,S0599,f,1,375,12
590,JW_S0599_12_Pink.xlsx,locations,位置と場所についてのことば,JW,S0599,0,0,S0599,f,1,375,12
591,JW_S0599_12_Pink.xlsx,quantifiers,数量を表すことば,JW,S0599,0,0,S0599,f,1,375,12
592,JW_S0599_12_Pink.xlsx,sounds2,幼児語（その２）,JW,S0599,1,0,S0599,f,1,375,12
593,JW_S0599_12_Pink.xlsx,conversations,会話語,JW,S0599,0,0,S0599,f,1,375,12
594,JW_S0599_12_Pink.xlsx,others,その他,JW,S0599,0,0,S0599,f,1,375,12
595,JW_S0600_12_Pink.xlsx,sounds,幼児語,JW,S0600,1,0,S0600,f,1,386,12
596,JW_S0600_12_Pink.xlsx,animals,動物の名前,JW,S0600,0,0,S0600,f,1,386,12
597,JW_S0600_12_Pink.xlsx,vehicles,乗り物,JW,S0600,1,0,S0600,f,1,386,12
598,JW_S0600_12_Pink.xlsx,toys,おもちゃ,JW,S0600,3,0,S0600,f,1,386,12
599,JW_S0600_12_Pink.xlsx,food_drink,食べ物と飲み物,JW,S0600,5,0,S0600,f,1,386,12
600,JW_S0600_12_Pink.xlsx,clothing,衣類,JW,S0600,3,0,S0600,f,1,386,12
601,JW_S0600_12_Pink.xlsx,body_parts,体の部分,JW,S0600,1,0,S0600,f,1,386,12
602,JW_S0600_12_Pink.xlsx,furniture_rooms,家具と部屋,JW,S0600,2,0,S0600,f,1,386,12
603,JW_S0600_12_Pink.xlsx,household,小さな家庭用品,JW,S0600,1,0,S0600,f,1,386,12
604,JW_S0600_12_Pink.xlsx,outside,戸外の物と場所,JW,S0600,1,0,S0600,f,1,386,12
605,JW_S0600_12_Pink.xlsx,people,人々,JW,S0600,4,1,S0600,f,1,386,12
606,JW_S0600_12_Pink.xlsx,games_routines,日課とあいさつ,JW,S0600,7,0,S0600,f,1,386,12
607,JW_S0600_12_Pink.xlsx,action_words,動作語,JW,S0600,8,0,S0600,f,1,386,12
608,JW_S0600_12_Pink.xlsx,time_words,時間についてのことば,JW,S0600,0,0,S0600,f,1,386,12
609,JW_S0600_12_Pink.xlsx,descriptive_words,ようす・性質,JW,S0600,0,0,S0600,f,1,386,12
610,JW_S0600_12_Pink.xlsx,pronouns,代名詞,JW,S0600,0,0,S0600,f,1,386,12
611,JW_S0600_12_Pink.xlsx,question_words,質問のことば,JW,S0600,0,0,S0600,f,1,386,12
612,JW_S0600_12_Pink.xlsx,locations,位置と場所についてのことば,JW,S0600,0,0,S0600,f,1,386,12
613,JW_S0600_12_Pink.xlsx,quantifiers,数量を表すことば,JW,S0600,1,0,S0600,f,1,386,12
614,JW_S0600_12_Pink.xlsx,sounds2,幼児語（その２）,JW,S0600,1,0,S0600,f,1,386,12
615,JW_S0600_12_Pink.xlsx,conversations,会話語,JW,S0600,0,0,S0600,f,1,386,12
616,JW_S0600_12_Pink.xlsx,others,その他,JW,S0600,0,0,S0600,f,1,386,12
617,JW_S0607_11_Pink.xlsx,sounds,幼児語,JW,S0607,1,0,S0607,f,1,364,11
618,JW_S0607_11_Pink.xlsx,animals,動物の名前,JW,S0607,1,0,S0607,f,1,364,11
619,JW_S0607_11_Pink.xlsx,vehicles,乗り物,JW,S0607,0,0,S0607,f,1,364,11
620,JW_S0607_11_Pink.xlsx,toys,おもちゃ,JW,S0607,0,0,S0607,f,1,364,11
621,JW_S0607_11_Pink.xlsx,food_drink,食べ物と飲み物,JW,S0607,2,0,S0607,f,1,364,11
622,JW_S0607_11_Pink.xlsx,clothing,衣類,JW,S0607,0,0,S0607,f,1,364,11
623,JW_S0607_11_Pink.xlsx,body_parts,体の部分,JW,S0607,0,0,S0607,f,1,364,11
624,JW_S0607_11_Pink.xlsx,furniture_rooms,家具と部屋,JW,S0607,0,0,S0607,f,1,364,11
625,JW_S0607_11_Pink.xlsx,household,小さな家庭用品,JW,S0607,0,0,S0607,f,1,364,11
626,JW_S0607_11_Pink.xlsx,outside,戸外の物と場所,JW,S0607,0,0,S0607,f,1,364,11
627,JW_S0607_11_Pink.xlsx,people,人々,JW,S0607,0,0,S0607,f,1,364,11
628,JW_S0607_11_Pink.xlsx,games_routines,日課とあいさつ,JW,S0607,3,0,S0607,f,1,364,11
629,JW_S0607_11_Pink.xlsx,action_words,動作語,JW,S0607,0,0,S0607,f,1,364,11
630,JW_S0607_11_Pink.xlsx,time_words,時間についてのことば,JW,S0607,0,0,S0607,f,1,364,11
631,JW_S0607_11_Pink.xlsx,descriptive_words,ようす・性質,JW,S0607,0,0,S0607,f,1,364,11
632,JW_S0607_11_Pink.xlsx,pronouns,代名詞,JW,S0607,1,0,S0607,f,1,364,11
633,JW_S0607_11_Pink.xlsx,question_words,質問のことば,JW,S0607,0,0,S0607,f,1,364,11
634,JW_S0607_11_Pink.xlsx,locations,位置と場所についてのことば,JW,S0607,0,0,S0607,f,1,364,11
635,JW_S0607_11_Pink.xlsx,quantifiers,数量を表すことば,JW,S0607,0,0,S0607,f,1,364,11
636,JW_S0607_11_Pink.xlsx,sounds2,幼児語（その２）,JW,S0607,0,0,S0607,f,1,364,11
637,JW_S0607_11_Pink.xlsx,conversations,会話語,JW,S0607,0,0,S0607,f,1,364,11
638,JW_S0607_11_Pink.xlsx,others,その他,JW,S0607,0,0,S0607,f,1,364,11
639,JW_S0617_12_Pink.xlsx,sounds,幼児語,JW,S0617,0,0,S0617,m,1,370,12
640,JW_S0617_12_Pink.xlsx,animals,動物の名前,JW,S0617,0,0,S0617,m,1,370,12
641,JW_S0617_12_Pink.xlsx,vehicles,乗り物,JW,S0617,1,0,S0617,m,1,370,12
642,JW_S0617_12_Pink.xlsx,toys,おもちゃ,JW,S0617,0,0,S0617,m,1,370,12
643,JW_S0617_12_Pink.xlsx,food_drink,食べ物と飲み物,JW,S0617,1,0,S0617,m,1,370,12
644,JW_S0617_12_Pink.xlsx,clothing,衣類,JW,S0617,0,0,S0617,m,1,370,12
645,JW_S0617_12_Pink.xlsx,body_parts,体の部分,JW,S0617,0,0,S0617,m,1,370,12
646,JW_S0617_12_Pink.xlsx,furniture_rooms,家具と部屋,JW,S0617,0,0,S0617,m,1,370,12
647,JW_S0617_12_Pink.xlsx,household,小さな家庭用品,JW,S0617,0,0,S0617,m,1,370,12
648,JW_S0617_12_Pink.xlsx,outside,戸外の物と場所,JW,S0617,0,0,S0617,m,1,370,12
649,JW_S0617_12_Pink.xlsx,people,人々,JW,S0617,3,0,S0617,m,1,370,12
650,JW_S0617_12_Pink.xlsx,games_routines,日課とあいさつ,JW,S0617,3,0,S0617,m,1,370,12
651,JW_S0617_12_Pink.xlsx,action_words,動作語,JW,S0617,3,0,S0617,m,1,370,12
652,JW_S0617_12_Pink.xlsx,time_words,時間についてのことば,JW,S0617,0,0,S0617,m,1,370,12
653,JW_S0617_12_Pink.xlsx,descriptive_words,ようす・性質,JW,S0617,1,0,S0617,m,1,370,12
654,JW_S0617_12_Pink.xlsx,pronouns,代名詞,JW,S0617,2,0,S0617,m,1,370,12
655,JW_S0617_12_Pink.xlsx,question_words,質問のことば,JW,S0617,0,0,S0617,m,1,370,12
656,JW_S0617_12_Pink.xlsx,locations,位置と場所についてのことば,JW,S0617,0,0,S0617,m,1,370,12
657,JW_S0617_12_Pink.xlsx,quantifiers,数量を表すことば,JW,S0617,0,0,S0617,m,1,370,12
658,JW_S0617_12_Pink.xlsx,sounds2,幼児語（その２）,JW,S0617,0,0,S0617,m,1,370,12
659,JW_S0617_12_Pink.xlsx,conversations,会話語,JW,S0617,1,0,S0617,m,1,370,12
660,JW_S0617_12_Pink.xlsx,others,その他,JW,S0617,1,0,S0617,m,1,370,12
661,JW_S0624_12_Pink.xlsx,sounds,幼児語,JW,S0624,0,0,S0624,f,1,383,12
662,JW_S0624_12_Pink.xlsx,animals,動物の名前,JW,S0624,0,0,S0624,f,1,383,12
663,JW_S0624_12_Pink.xlsx,vehicles,乗り物,JW,S0624,0,0,S0624,f,1,383,12
664,JW_S0624_12_Pink.xlsx,toys,おもちゃ,JW,S0624,0,0,S0624,f,1,383,12
665,JW_S0624_12_Pink.xlsx,food_drink,食べ物と飲み物,JW,S0624,0,0,S0624,f,1,383,12
666,JW_S0624_12_Pink.xlsx,clothing,衣類,JW,S0624,0,0,S0624,f,1,383,12
667,JW_S0624_12_Pink.xlsx,body_parts,体の部分,JW,S0624,0,0,S0624,f,1,383,12
668,JW_S0624_12_Pink.xlsx,furniture_rooms,家具と部屋,JW,S0624,0,0,S0624,f,1,383,12
669,JW_S0624_12_Pink.xlsx,household,小さな家庭用品,JW,S0624,0,0,S0624,f,1,383,12
670,JW_S0624_12_Pink.xlsx,outside,戸外の物と場所,JW,S0624,0,0,S0624,f,1,383,12
671,JW_S0624_12_Pink.xlsx,people,人々,JW,S0624,0,0,S0624,f,1,383,12
672,JW_S0624_12_Pink.xlsx,games_routines,日課とあいさつ,JW,S0624,0,0,S0624,f,1,383,12
673,JW_S0624_12_Pink.xlsx,action_words,動作語,JW,S0624,0,0,S0624,f,1,383,12
674,JW_S0624_12_Pink.xlsx,time_words,時間についてのことば,JW,S0624,0,0,S0624,f,1,383,12
675,JW_S0624_12_Pink.xlsx,descriptive_words,ようす・性質,JW,S0624,0,0,S0624,f,1,383,12
676,JW_S0624_12_Pink.xlsx,pronouns,代名詞,JW,S0624,0,0,S0624,f,1,383,12
677,JW_S0624_12_Pink.xlsx,question_words,質問のことば,JW,S0624,0,0,S0624,f,1,383,12
678,JW_S0624_12_Pink.xlsx,locations,位置と場所についてのことば,JW,S0624,0,0,S0624,f,1,383,12
679,JW_S0624_12_Pink.xlsx,quantifiers,数量を表すことば,JW,S0624,0,0,S0624,f,1,383,12
680,JW_S0624_12_Pink.xlsx,sounds2,幼児語（その２）,JW,S0624,0,0,S0624,f,1,383,12
681,JW_S0624_12_Pink.xlsx,conversations,会話語,JW,S0624,0,0,S0624,f,1,383,12
682,JW_S0624_12_Pink.xlsx,others,その他,JW,S0624,0,0,S0624,f,1,383,12
683,JW_S0647_12_Pink.xlsx,sounds,幼児語,JW,S0647,1,0,S0647,f,1,374,12
684,JW_S0647_12_Pink.xlsx,animals,動物の名前,JW,S0647,0,0,S0647,f,1,374,12
685,JW_S0647_12_Pink.xlsx,vehicles,乗り物,JW,S0647,0,0,S0647,f,1,374,12
686,JW_S0647_12_Pink.xlsx,toys,おもちゃ,JW,S0647,0,0,S0647,f,1,374,12
687,JW_S0647_12_Pink.xlsx,food_drink,食べ物と飲み物,JW,S0647,1,2,S0647,f,1,374,12
688,JW_S0647_12_Pink.xlsx,clothing,衣類,JW,S0647,1,0,S0647,f,1,374,12
689,JW_S0647_12_Pink.xlsx,body_parts,体の部分,JW,S0647,0,1,S0647,f,1,374,12
690,JW_S0647_12_Pink.xlsx,furniture_rooms,家具と部屋,JW,S0647,0,0,S0647,f,1,374,12
691,JW_S0647_12_Pink.xlsx,household,小さな家庭用品,JW,S0647,0,0,S0647,f,1,374,12
692,JW_S0647_12_Pink.xlsx,outside,戸外の物と場所,JW,S0647,0,0,S0647,f,1,374,12
693,JW_S0647_12_Pink.xlsx,people,人々,JW,S0647,7,0,S0647,f,1,374,12
694,JW_S0647_12_Pink.xlsx,games_routines,日課とあいさつ,JW,S0647,14,0,S0647,f,1,374,12
695,JW_S0647_12_Pink.xlsx,action_words,動作語,JW,S0647,5,0,S0647,f,1,374,12
696,JW_S0647_12_Pink.xlsx,time_words,時間についてのことば,JW,S0647,0,0,S0647,f,1,374,12
697,JW_S0647_12_Pink.xlsx,descriptive_words,ようす・性質,JW,S0647,1,1,S0647,f,1,374,12
698,JW_S0647_12_Pink.xlsx,pronouns,代名詞,JW,S0647,0,0,S0647,f,1,374,12
699,JW_S0647_12_Pink.xlsx,question_words,質問のことば,JW,S0647,0,0,S0647,f,1,374,12
700,JW_S0647_12_Pink.xlsx,locations,位置と場所についてのことば,JW,S0647,0,0,S0647,f,1,374,12
701,JW_S0647_12_Pink.xlsx,quantifiers,数量を表すことば,JW,S0647,0,0,S0647,f,1,374,12
702,JW_S0647_12_Pink.xlsx,sounds2,幼児語（その２）,JW,S0647,0,0,S0647,f,1,374,12
703,JW_S0647_12_Pink.xlsx,conversations,会話語,JW,S0647,0,0,S0647,f,1,374,12
704,JW_S0647_12_Pink.xlsx,others,その他,JW,S0647,0,0,S0647,f,1,374,12
705,JW_S0655_11_Pink.xlsx,sounds,幼児語,JW,S0655,0,0,S0655,f,1,358,11
706,JW_S0655_11_Pink.xlsx,animals,動物の名前,JW,S0655,0,0,S0655,f,1,358,11
707,JW_S0655_11_Pink.xlsx,vehicles,乗り物,JW,S0655,0,0,S0655,f,1,358,11
708,JW_S0655_11_Pink.xlsx,toys,おもちゃ,JW,S0655,0,0,S0655,f,1,358,11
709,JW_S0655_11_Pink.xlsx,food_drink,食べ物と飲み物,JW,S0655,1,0,S0655,f,1,358,11
710,JW_S0655_11_Pink.xlsx,clothing,衣類,JW,S0655,0,0,S0655,f,1,358,11
711,JW_S0655_11_Pink.xlsx,body_parts,体の部分,JW,S0655,0,0,S0655,f,1,358,11
712,JW_S0655_11_Pink.xlsx,furniture_rooms,家具と部屋,JW,S0655,0,0,S0655,f,1,358,11
713,JW_S0655_11_Pink.xlsx,household,小さな家庭用品,JW,S0655,0,0,S0655,f,1,358,11
714,JW_S0655_11_Pink.xlsx,outside,戸外の物と場所,JW,S0655,0,0,S0655,f,1,358,11
715,JW_S0655_11_Pink.xlsx,people,人々,JW,S0655,0,0,S0655,f,1,358,11
716,JW_S0655_11_Pink.xlsx,games_routines,日課とあいさつ,JW,S0655,2,1,S0655,f,1,358,11
717,JW_S0655_11_Pink.xlsx,action_words,動作語,JW,S0655,0,0,S0655,f,1,358,11
718,JW_S0655_11_Pink.xlsx,time_words,時間についてのことば,JW,S0655,0,0,S0655,f,1,358,11
719,JW_S0655_11_Pink.xlsx,descriptive_words,ようす・性質,JW,S0655,0,0,S0655,f,1,358,11
720,JW_S0655_11_Pink.xlsx,pronouns,代名詞,JW,S0655,0,0,S0655,f,1,358,11
721,JW_S0655_11_Pink.xlsx,question_words,質問のことば,JW,S0655,0,0,S0655,f,1,358,11
722,JW_S0655_11_Pink.xlsx,locations,位置と場所についてのことば,JW,S0655,0,0,S0655,f,1,358,11
723,JW_S0655_11_Pink.xlsx,quantifiers,数量を表すことば,JW,S0655,0,0,S0655,f,1,358,11
724,JW_S0655_11_Pink.xlsx,sounds2,幼児語（その２）,JW,S0655,0,0,S0655,f,1,358,11
725,JW_S0655_11_Pink.xlsx,conversations,会話語,JW,S0655,0,0,S0655,f,1,358,11
726,JW_S0655_11_Pink.xlsx,others,その他,JW,S0655,0,0,S0655,f,1,358,11
727,JW_S0664_12_Pink.xlsx,sounds,幼児語,JW,S0664,5,1,S0664,m,1,382,12
728,JW_S0664_12_Pink.xlsx,animals,動物の名前,JW,S0664,2,0,S0664,m,1,382,12
729,JW_S0664_12_Pink.xlsx,vehicles,乗り物,JW,S0664,0,0,S0664,m,1,382,12
730,JW_S0664_12_Pink.xlsx,toys,おもちゃ,JW,S0664,1,0,S0664,m,1,382,12
731,JW_S0664_12_Pink.xlsx,food_drink,食べ物と飲み物,JW,S0664,2,0,S0664,m,1,382,12
732,JW_S0664_12_Pink.xlsx,clothing,衣類,JW,S0664,1,0,S0664,m,1,382,12
733,JW_S0664_12_Pink.xlsx,body_parts,体の部分,JW,S0664,1,0,S0664,m,1,382,12
734,JW_S0664_12_Pink.xlsx,furniture_rooms,家具と部屋,JW,S0664,0,0,S0664,m,1,382,12
735,JW_S0664_12_Pink.xlsx,household,小さな家庭用品,JW,S0664,0,0,S0664,m,1,382,12
736,JW_S0664_12_Pink.xlsx,outside,戸外の物と場所,JW,S0664,3,0,S0664,m,1,382,12
737,JW_S0664_12_Pink.xlsx,people,人々,JW,S0664,4,2,S0664,m,1,382,12
738,JW_S0664_12_Pink.xlsx,games_routines,日課とあいさつ,JW,S0664,9,2,S0664,m,1,382,12
739,JW_S0664_12_Pink.xlsx,action_words,動作語,JW,S0664,2,0,S0664,m,1,382,12
740,JW_S0664_12_Pink.xlsx,time_words,時間についてのことば,JW,S0664,0,0,S0664,m,1,382,12
741,JW_S0664_12_Pink.xlsx,descriptive_words,ようす・性質,JW,S0664,1,0,S0664,m,1,382,12
742,JW_S0664_12_Pink.xlsx,pronouns,代名詞,JW,S0664,1,0,S0664,m,1,382,12
743,JW_S0664_12_Pink.xlsx,question_words,質問のことば,JW,S0664,0,0,S0664,m,1,382,12
744,JW_S0664_12_Pink.xlsx,locations,位置と場所についてのことば,JW,S0664,0,0,S0664,m,1,382,12
745,JW_S0664_12_Pink.xlsx,quantifiers,数量を表すことば,JW,S0664,1,0,S0664,m,1,382,12
746,JW_S0664_12_Pink.xlsx,sounds2,幼児語（その２）,JW,S0664,6,0,S0664,m,1,382,12
747,JW_S0664_12_Pink.xlsx,conversations,会話語,JW,S0664,0,0,S0664,m,1,382,12
748,JW_S0664_12_Pink.xlsx,others,その他,JW,S0664,2,0,S0664,m,1,382,12
749,JW_S0672_12_Pink.xlsx,sounds,幼児語,JW,S0672,0,0,S0672,m,1,374,12
750,JW_S0672_12_Pink.xlsx,animals,動物の名前,JW,S0672,0,0,S0672,m,1,374,12
751,JW_S0672_12_Pink.xlsx,vehicles,乗り物,JW,S0672,0,0,S0672,m,1,374,12
752,JW_S0672_12_Pink.xlsx,toys,おもちゃ,JW,S0672,1,0,S0672,m,1,374,12
753,JW_S0672_12_Pink.xlsx,food_drink,食べ物と飲み物,JW,S0672,1,0,S0672,m,1,374,12
754,JW_S0672_12_Pink.xlsx,clothing,衣類,JW,S0672,1,0,S0672,m,1,374,12
755,JW_S0672_12_Pink.xlsx,body_parts,体の部分,JW,S0672,0,0,S0672,m,1,374,12
756,JW_S0672_12_Pink.xlsx,furniture_rooms,家具と部屋,JW,S0672,0,0,S0672,m,1,374,12
757,JW_S0672_12_Pink.xlsx,household,小さな家庭用品,JW,S0672,1,0,S0672,m,1,374,12
758,JW_S0672_12_Pink.xlsx,outside,戸外の物と場所,JW,S0672,0,0,S0672,m,1,374,12
759,JW_S0672_12_Pink.xlsx,people,人々,JW,S0672,4,0,S0672,m,1,374,12
760,JW_S0672_12_Pink.xlsx,games_routines,日課とあいさつ,JW,S0672,4,0,S0672,m,1,374,12
761,JW_S0672_12_Pink.xlsx,action_words,動作語,JW,S0672,2,0,S0672,m,1,374,12
762,JW_S0672_12_Pink.xlsx,time_words,時間についてのことば,JW,S0672,0,0,S0672,m,1,374,12
763,JW_S0672_12_Pink.xlsx,descriptive_words,ようす・性質,JW,S0672,0,0,S0672,m,1,374,12
764,JW_S0672_12_Pink.xlsx,pronouns,代名詞,JW,S0672,0,0,S0672,m,1,374,12
765,JW_S0672_12_Pink.xlsx,question_words,質問のことば,JW,S0672,0,0,S0672,m,1,374,12
766,JW_S0672_12_Pink.xlsx,locations,位置と場所についてのことば,JW,S0672,0,0,S0672,m,1,374,12
767,JW_S0672_12_Pink.xlsx,quantifiers,数量を表すことば,JW,S0672,1,0,S0672,m,1,374,12
768,JW_S0672_12_Pink.xlsx,sounds2,幼児語（その２）,JW,S0672,2,0,S0672,m,1,374,12
769,JW_S0672_12_Pink.xlsx,conversations,会話語,JW,S0672,0,0,S0672,m,1,374,12
770,JW_S0672_12_Pink.xlsx,others,その他,JW,S0672,1,0,S0672,m,1,374,12
771,JW_S0679_12_Pink.xlsx,sounds,幼児語,JW,S0679,2,0,S0679,m,1,377,12
772,JW_S0679_12_Pink.xlsx,animals,動物の名前,JW,S0679,0,0,S0679,m,1,377,12
773,JW_S0679_12_Pink.xlsx,vehicles,乗り物,JW,S0679,0,0,S0679,m,1,377,12
774,JW_S0679_12_Pink.xlsx,toys,おもちゃ,JW,S0679,3,0,S0679,m,1,377,12
775,JW_S0679_12_Pink.xlsx,food_drink,食べ物と飲み物,JW,S0679,2,1,S0679,m,1,377,12
776,JW_S0679_12_Pink.xlsx,clothing,衣類,JW,S0679,3,0,S0679,m,1,377,12
777,JW_S0679_12_Pink.xlsx,body_parts,体の部分,JW,S0679,2,0,S0679,m,1,377,12
778,JW_S0679_12_Pink.xlsx,furniture_rooms,家具と部屋,JW,S0679,0,0,S0679,m,1,377,12
779,JW_S0679_12_Pink.xlsx,household,小さな家庭用品,JW,S0679,0,0,S0679,m,1,377,12
780,JW_S0679_12_Pink.xlsx,outside,戸外の物と場所,JW,S0679,0,0,S0679,m,1,377,12
781,JW_S0679_12_Pink.xlsx,people,人々,JW,S0679,2,2,S0679,m,1,377,12
782,JW_S0679_12_Pink.xlsx,games_routines,日課とあいさつ,JW,S0679,10,1,S0679,m,1,377,12
783,JW_S0679_12_Pink.xlsx,action_words,動作語,JW,S0679,2,0,S0679,m,1,377,12
784,JW_S0679_12_Pink.xlsx,time_words,時間についてのことば,JW,S0679,1,0,S0679,m,1,377,12
785,JW_S0679_12_Pink.xlsx,descriptive_words,ようす・性質,JW,S0679,4,0,S0679,m,1,377,12
786,JW_S0679_12_Pink.xlsx,pronouns,代名詞,JW,S0679,0,0,S0679,m,1,377,12
787,JW_S0679_12_Pink.xlsx,question_words,質問のことば,JW,S0679,1,0,S0679,m,1,377,12
788,JW_S0679_12_Pink.xlsx,locations,位置と場所についてのことば,JW,S0679,2,0,S0679,m,1,377,12
789,JW_S0679_12_Pink.xlsx,quantifiers,数量を表すことば,JW,S0679,1,0,S0679,m,1,377,12
790,JW_S0679_12_Pink.xlsx,sounds2,幼児語（その２）,JW,S0679,2,1,S0679,m,1,377,12
791,JW_S0679_12_Pink.xlsx,conversations,会話語,JW,S0679,1,0,S0679,m,1,377,12
792,JW_S0679_12_Pink.xlsx,others,その他,JW,S0679,2,0,S0679,m,1,377,12
793,JW_S0687_12_Pink.xlsx,sounds,幼児語,JW,S0687,1,0,S0687,m,1,381,12
794,JW_S0687_12_Pink.xlsx,animals,動物の名前,JW,S0687,0,0,S0687,m,1,381,12
795,JW_S0687_12_Pink.xlsx,vehicles,乗り物,JW,S0687,0,0,S0687,m,1,381,12
796,JW_S0687_12_Pink.xlsx,toys,おもちゃ,JW,S0687,0,0,S0687,m,1,381,12
797,JW_S0687_12_Pink.xlsx,food_drink,食べ物と飲み物,JW,S0687,0,0,S0687,m,1,381,12
798,JW_S0687_12_Pink.xlsx,clothing,衣類,JW,S0687,0,0,S0687,m,1,381,12
799,JW_S0687_12_Pink.xlsx,body_parts,体の部分,JW,S0687,0,0,S0687,m,1,381,12
800,JW_S0687_12_Pink.xlsx,furniture_rooms,家具と部屋,JW,S0687,0,0,S0687,m,1,381,12
801,JW_S0687_12_Pink.xlsx,household,小さな家庭用品,JW,S0687,0,0,S0687,m,1,381,12
802,JW_S0687_12_Pink.xlsx,outside,戸外の物と場所,JW,S0687,0,0,S0687,m,1,381,12
803,JW_S0687_12_Pink.xlsx,people,人々,JW,S0687,2,2,S0687,m,1,381,12
804,JW_S0687_12_Pink.xlsx,games_routines,日課とあいさつ,JW,S0687,2,0,S0687,m,1,381,12
805,JW_S0687_12_Pink.xlsx,action_words,動作語,JW,S0687,0,0,S0687,m,1,381,12
806,JW_S0687_12_Pink.xlsx,time_words,時間についてのことば,JW,S0687,0,0,S0687,m,1,381,12
807,JW_S0687_12_Pink.xlsx,descriptive_words,ようす・性質,JW,S0687,0,0,S0687,m,1,381,12
808,JW_S0687_12_Pink.xlsx,pronouns,代名詞,JW,S0687,0,0,S0687,m,1,381,12
809,JW_S0687_12_Pink.xlsx,question_words,質問のことば,JW,S0687,0,0,S0687,m,1,381,12
810,JW_S0687_12_Pink.xlsx,locations,位置と場所についてのことば,JW,S0687,0,0,S0687,m,1,381,12
811,JW_S0687_12_Pink.xlsx,quantifiers,数量を表すことば,JW,S0687,0,0,S0687,m,1,381,12
812,JW_S0687_12_Pink.xlsx,sounds2,幼児語（その２）,JW,S0687,1,0,S0687,m,1,381,12
813,JW_S0687_12_Pink.xlsx,conversations,会話語,JW,S0687,0,0,S0687,m,1,381,12
814,JW_S0687_12_Pink.xlsx,others,その他,JW,S0687,1,0,S0687,m,1,381,12
815,JW_S0707_12_Pink.xlsx,sounds,幼児語,JW,S0707,0,0,S0707,m,1,384,12
816,JW_S0707_12_Pink.xlsx,animals,動物の名前,JW,S0707,0,0,S0707,m,1,384,12
817,JW_S0707_12_Pink.xlsx,vehicles,乗り物,JW,S0707,0,0,S0707,m,1,384,12
818,JW_S0707_12_Pink.xlsx,toys,おもちゃ,JW,S0707,1,0,S0707,m,1,384,12
819,JW_S0707_12_Pink.xlsx,food_drink,食べ物と飲み物,JW,S0707,1,0,S0707,m,1,384,12
820,JW_S0707_12_Pink.xlsx,clothing,衣類,JW,S0707,1,0,S0707,m,1,384,12
821,JW_S0707_12_Pink.xlsx,body_parts,体の部分,JW,S0707,0,0,S0707,m,1,384,12
822,JW_S0707_12_Pink.xlsx,furniture_rooms,家具と部屋,JW,S0707,0,0,S0707,m,1,384,12
823,JW_S0707_12_Pink.xlsx,household,小さな家庭用品,JW,S0707,0,0,S0707,m,1,384,12
824,JW_S0707_12_Pink.xlsx,outside,戸外の物と場所,JW,S0707,0,0,S0707,m,1,384,12
825,JW_S0707_12_Pink.xlsx,people,人々,JW,S0707,1,0,S0707,m,1,384,12
826,JW_S0707_12_Pink.xlsx,games_routines,日課とあいさつ,JW,S0707,2,0,S0707,m,1,384,12
827,JW_S0707_12_Pink.xlsx,action_words,動作語,JW,S0707,0,0,S0707,m,1,384,12
828,JW_S0707_12_Pink.xlsx,time_words,時間についてのことば,JW,S0707,0,0,S0707,m,1,384,12
829,JW_S0707_12_Pink.xlsx,descriptive_words,ようす・性質,JW,S0707,0,0,S0707,m,1,384,12
830,JW_S0707_12_Pink.xlsx,pronouns,代名詞,JW,S0707,0,0,S0707,m,1,384,12
831,JW_S0707_12_Pink.xlsx,question_words,質問のことば,JW,S0707,0,0,S0707,m,1,384,12
832,JW_S0707_12_Pink.xlsx,locations,位置と場所についてのことば,JW,S0707,0,0,S0707,m,1,384,12
833,JW_S0707_12_Pink.xlsx,quantifiers,数量を表すことば,JW,S0707,0,0,S0707,m,1,384,12
834,JW_S0707_12_Pink.xlsx,sounds2,幼児語（その２）,JW,S0707,2,0,S0707,m,1,384,12
835,JW_S0707_12_Pink.xlsx,conversations,会話語,JW,S0707,0,0,S0707,m,1,384,12
836,JW_S0707_12_Pink.xlsx,others,その他,JW,S0707,2,0,S0707,m,1,384,12
837,JW_S0710_13_Pink.xlsx,sounds,幼児語,JW,S0710,3,0,S0710,m,1,406,13
838,JW_S0710_13_Pink.xlsx,animals,動物の名前,JW,S0710,0,0,S0710,m,1,406,13
839,JW_S0710_13_Pink.xlsx,vehicles,乗り物,JW,S0710,0,0,S0710,m,1,406,13
840,JW_S0710_13_Pink.xlsx,toys,おもちゃ,JW,S0710,4,0,S0710,m,1,406,13
841,JW_S0710_13_Pink.xlsx,food_drink,食べ物と飲み物,JW,S0710,13,0,S0710,m,1,406,13
842,JW_S0710_13_Pink.xlsx,clothing,衣類,JW,S0710,4,0,S0710,m,1,406,13
843,JW_S0710_13_Pink.xlsx,body_parts,体の部分,JW,S0710,0,0,S0710,m,1,406,13
844,JW_S0710_13_Pink.xlsx,furniture_rooms,家具と部屋,JW,S0710,4,0,S0710,m,1,406,13
845,JW_S0710_13_Pink.xlsx,household,小さな家庭用品,JW,S0710,4,0,S0710,m,1,406,13
846,JW_S0710_13_Pink.xlsx,outside,戸外の物と場所,JW,S0710,5,0,S0710,m,1,406,13
847,JW_S0710_13_Pink.xlsx,people,人々,JW,S0710,5,0,S0710,m,1,406,13
848,JW_S0710_13_Pink.xlsx,games_routines,日課とあいさつ,JW,S0710,8,0,S0710,m,1,406,13
849,JW_S0710_13_Pink.xlsx,action_words,動作語,JW,S0710,0,0,S0710,m,1,406,13
850,JW_S0710_13_Pink.xlsx,time_words,時間についてのことば,JW,S0710,0,0,S0710,m,1,406,13
851,JW_S0710_13_Pink.xlsx,descriptive_words,ようす・性質,JW,S0710,2,0,S0710,m,1,406,13
852,JW_S0710_13_Pink.xlsx,pronouns,代名詞,JW,S0710,0,0,S0710,m,1,406,13
853,JW_S0710_13_Pink.xlsx,question_words,質問のことば,JW,S0710,0,0,S0710,m,1,406,13
854,JW_S0710_13_Pink.xlsx,locations,位置と場所についてのことば,JW,S0710,0,0,S0710,m,1,406,13
855,JW_S0710_13_Pink.xlsx,quantifiers,数量を表すことば,JW,S0710,1,0,S0710,m,1,406,13
856,JW_S0710_13_Pink.xlsx,sounds2,幼児語（その２）,JW,S0710,4,0,S0710,m,1,406,13
857,JW_S0710_13_Pink.xlsx,conversations,会話語,JW,S0710,1,0,S0710,m,1,406,13
858,JW_S0710_13_Pink.xlsx,others,その他,JW,S0710,1,0,S0710,m,1,406,13
859,JW_S0714_12_Pink.xlsx,sounds,幼児語,JW,S0714,0,0,S0714,f,1,375,12
860,JW_S0714_12_Pink.xlsx,animals,動物の名前,JW,S0714,0,0,S0714,f,1,375,12
861,JW_S0714_12_Pink.xlsx,vehicles,乗り物,JW,S0714,0,0,S0714,f,1,375,12
862,JW_S0714_12_Pink.xlsx,toys,おもちゃ,JW,S0714,0,0,S0714,f,1,375,12
863,JW_S0714_12_Pink.xlsx,food_drink,食べ物と飲み物,JW,S0714,0,0,S0714,f,1,375,12
864,JW_S0714_12_Pink.xlsx,clothing,衣類,JW,S0714,0,0,S0714,f,1,375,12
865,JW_S0714_12_Pink.xlsx,body_parts,体の部分,JW,S0714,0,0,S0714,f,1,375,12
866,JW_S0714_12_Pink.xlsx,furniture_rooms,家具と部屋,JW,S0714,0,0,S0714,f,1,375,12
867,JW_S0714_12_Pink.xlsx,household,小さな家庭用品,JW,S0714,0,0,S0714,f,1,375,12
868,JW_S0714_12_Pink.xlsx,outside,戸外の物と場所,JW,S0714,2,0,S0714,f,1,375,12
869,JW_S0714_12_Pink.xlsx,people,人々,JW,S0714,2,0,S0714,f,1,375,12
870,JW_S0714_12_Pink.xlsx,games_routines,日課とあいさつ,JW,S0714,2,1,S0714,f,1,375,12
871,JW_S0714_12_Pink.xlsx,action_words,動作語,JW,S0714,0,0,S0714,f,1,375,12
872,JW_S0714_12_Pink.xlsx,time_words,時間についてのことば,JW,S0714,0,0,S0714,f,1,375,12
873,JW_S0714_12_Pink.xlsx,descriptive_words,ようす・性質,JW,S0714,0,0,S0714,f,1,375,12
874,JW_S0714_12_Pink.xlsx,pronouns,代名詞,JW,S0714,0,0,S0714,f,1,375,12
875,JW_S0714_12_Pink.xlsx,question_words,質問のことば,JW,S0714,0,0,S0714,f,1,375,12
876,JW_S0714_12_Pink.xlsx,locations,位置と場所についてのことば,JW,S0714,0,0,S0714,f,1,375,12
877,JW_S0714_12_Pink.xlsx,quantifiers,数量を表すことば,JW,S0714,0,0,S0714,f,1,375,12
878,JW_S0714_12_Pink.xlsx,sounds2,幼児語（その２）,JW,S0714,0,0,S0714,f,1,375,12
879,JW_S0714_12_Pink.xlsx,conversations,会話語,JW,S0714,0,0,S0714,f,1,375,12
880,JW_S0714_12_Pink.xlsx,others,その他,JW,S0714,0,0,S0714,f,1,375,12
881,JW_S0721_12_Pink.xlsx,sounds,幼児語,JW,S0721,1,0,S0721,f,1,376,12
882,JW_S0721_12_Pink.xlsx,animals,動物の名前,JW,S0721,0,0,S0721,f,1,376,12
883,JW_S0721_12_Pink.xlsx,vehicles,乗り物,JW,S0721,0,0,S0721,f,1,376,12
884,JW_S0721_12_Pink.xlsx,toys,おもちゃ,JW,S0721,2,0,S0721,f,1,376,12
885,JW_S0721_12_Pink.xlsx,food_drink,食べ物と飲み物,JW,S0721,0,0,S0721,f,1,376,12
886,JW_S0721_12_Pink.xlsx,clothing,衣類,JW,S0721,2,0,S0721,f,1,376,12
887,JW_S0721_12_Pink.xlsx,body_parts,体の部分,JW,S0721,4,0,S0721,f,1,376,12
888,JW_S0721_12_Pink.xlsx,furniture_rooms,家具と部屋,JW,S0721,1,0,S0721,f,1,376,12
889,JW_S0721_12_Pink.xlsx,household,小さな家庭用品,JW,S0721,0,0,S0721,f,1,376,12
890,JW_S0721_12_Pink.xlsx,outside,戸外の物と場所,JW,S0721,2,0,S0721,f,1,376,12
891,JW_S0721_12_Pink.xlsx,people,人々,JW,S0721,1,2,S0721,f,1,376,12
892,JW_S0721_12_Pink.xlsx,games_routines,日課とあいさつ,JW,S0721,11,1,S0721,f,1,376,12
893,JW_S0721_12_Pink.xlsx,action_words,動作語,JW,S0721,5,0,S0721,f,1,376,12
894,JW_S0721_12_Pink.xlsx,time_words,時間についてのことば,JW,S0721,0,0,S0721,f,1,376,12
895,JW_S0721_12_Pink.xlsx,descriptive_words,ようす・性質,JW,S0721,4,0,S0721,f,1,376,12
896,JW_S0721_12_Pink.xlsx,pronouns,代名詞,JW,S0721,0,0,S0721,f,1,376,12
897,JW_S0721_12_Pink.xlsx,question_words,質問のことば,JW,S0721,0,0,S0721,f,1,376,12
898,JW_S0721_12_Pink.xlsx,locations,位置と場所についてのことば,JW,S0721,0,0,S0721,f,1,376,12
899,JW_S0721_12_Pink.xlsx,quantifiers,数量を表すことば,JW,S0721,1,0,S0721,f,1,376,12
900,JW_S0721_12_Pink.xlsx,sounds2,幼児語（その２）,JW,S0721,3,0,S0721,f,1,376,12
901,JW_S0721_12_Pink.xlsx,conversations,会話語,JW,S0721,0,0,S0721,f,1,376,12
902,JW_S0721_12_Pink.xlsx,others,その他,JW,S0721,1,0,S0721,f,1,376,12
903,JW_S0730_13_Pink.xlsx,sounds,幼児語,JW,S0730,0,0,S0730,m,1,416,13
904,JW_S0730_13_Pink.xlsx,animals,動物の名前,JW,S0730,0,0,S0730,m,1,416,13
905,JW_S0730_13_Pink.xlsx,vehicles,乗り物,JW,S0730,0,0,S0730,m,1,416,13
906,JW_S0730_13_Pink.xlsx,toys,おもちゃ,JW,S0730,0,0,S0730,m,1,416,13
907,JW_S0730_13_Pink.xlsx,food_drink,食べ物と飲み物,JW,S0730,0,0,S0730,m,1,416,13
908,JW_S0730_13_Pink.xlsx,clothing,衣類,JW,S0730,0,0,S0730,m,1,416,13
909,JW_S0730_13_Pink.xlsx,body_parts,体の部分,JW,S0730,0,0,S0730,m,1,416,13
910,JW_S0730_13_Pink.xlsx,furniture_rooms,家具と部屋,JW,S0730,0,0,S0730,m,1,416,13
911,JW_S0730_13_Pink.xlsx,household,小さな家庭用品,JW,S0730,0,0,S0730,m,1,416,13
912,JW_S0730_13_Pink.xlsx,outside,戸外の物と場所,JW,S0730,0,0,S0730,m,1,416,13
913,JW_S0730_13_Pink.xlsx,people,人々,JW,S0730,1,0,S0730,m,1,416,13
914,JW_S0730_13_Pink.xlsx,games_routines,日課とあいさつ,JW,S0730,5,0,S0730,m,1,416,13
915,JW_S0730_13_Pink.xlsx,action_words,動作語,JW,S0730,0,0,S0730,m,1,416,13
916,JW_S0730_13_Pink.xlsx,time_words,時間についてのことば,JW,S0730,0,0,S0730,m,1,416,13
917,JW_S0730_13_Pink.xlsx,descriptive_words,ようす・性質,JW,S0730,0,0,S0730,m,1,416,13
918,JW_S0730_13_Pink.xlsx,pronouns,代名詞,JW,S0730,0,0,S0730,m,1,416,13
919,JW_S0730_13_Pink.xlsx,question_words,質問のことば,JW,S0730,0,0,S0730,m,1,416,13
920,JW_S0730_13_Pink.xlsx,locations,位置と場所についてのことば,JW,S0730,0,0,S0730,m,1,416,13
921,JW_S0730_13_Pink.xlsx,quantifiers,数量を表すことば,JW,S0730,0,0,S0730,m,1,416,13
922,JW_S0730_13_Pink.xlsx,sounds2,幼児語（その２）,JW,S0730,0,0,S0730,m,1,416,13
923,JW_S0730_13_Pink.xlsx,conversations,会話語,JW,S0730,0,0,S0730,m,1,416,13
924,JW_S0730_13_Pink.xlsx,others,その他,JW,S0730,2,0,S0730,m,1,416,13
925,JW_S0738_12_Pink.xlsx,sounds,幼児語,JW,S0738,0,0,S0738,m,1,374,12
926,JW_S0738_12_Pink.xlsx,animals,動物の名前,JW,S0738,0,0,S0738,m,1,374,12
927,JW_S0738_12_Pink.xlsx,vehicles,乗り物,JW,S0738,0,0,S0738,m,1,374,12
928,JW_S0738_12_Pink.xlsx,toys,おもちゃ,JW,S0738,3,0,S0738,m,1,374,12
929,JW_S0738_12_Pink.xlsx,food_drink,食べ物と飲み物,JW,S0738,0,0,S0738,m,1,374,12
930,JW_S0738_12_Pink.xlsx,clothing,衣類,JW,S0738,0,0,S0738,m,1,374,12
931,JW_S0738_12_Pink.xlsx,body_parts,体の部分,JW,S0738,2,0,S0738,m,1,374,12
932,JW_S0738_12_Pink.xlsx,furniture_rooms,家具と部屋,JW,S0738,1,0,S0738,m,1,374,12
933,JW_S0738_12_Pink.xlsx,household,小さな家庭用品,JW,S0738,0,0,S0738,m,1,374,12
934,JW_S0738_12_Pink.xlsx,outside,戸外の物と場所,JW,S0738,0,0,S0738,m,1,374,12
935,JW_S0738_12_Pink.xlsx,people,人々,JW,S0738,0,0,S0738,m,1,374,12
936,JW_S0738_12_Pink.xlsx,games_routines,日課とあいさつ,JW,S0738,1,0,S0738,m,1,374,12
937,JW_S0738_12_Pink.xlsx,action_words,動作語,JW,S0738,0,0,S0738,m,1,374,12
938,JW_S0738_12_Pink.xlsx,time_words,時間についてのことば,JW,S0738,0,0,S0738,m,1,374,12
939,JW_S0738_12_Pink.xlsx,descriptive_words,ようす・性質,JW,S0738,0,0,S0738,m,1,374,12
940,JW_S0738_12_Pink.xlsx,pronouns,代名詞,JW,S0738,0,0,S0738,m,1,374,12
941,JW_S0738_12_Pink.xlsx,question_words,質問のことば,JW,S0738,0,0,S0738,m,1,374,12
942,JW_S0738_12_Pink.xlsx,locations,位置と場所についてのことば,JW,S0738,0,0,S0738,m,1,374,12
943,JW_S0738_12_Pink.xlsx,quantifiers,数量を表すことば,JW,S0738,0,0,S0738,m,1,374,12
944,JW_S0738_12_Pink.xlsx,sounds2,幼児語（その２）,JW,S0738,1,0,S0738,m,1,374,12
945,JW_S0738_12_Pink.xlsx,conversations,会話語,JW,S0738,0,0,S0738,m,1,374,12
946,JW_S0738_12_Pink.xlsx,others,その他,JW,S0738,0,0,S0738,m,1,374,12
947,JW_S0743_12_Pink.xlsx,sounds,幼児語,JW,S0743,5,0,S0743,f,1,376,12
948,JW_S0743_12_Pink.xlsx,animals,動物の名前,JW,S0743,0,0,S0743,f,1,376,12
949,JW_S0743_12_Pink.xlsx,vehicles,乗り物,JW,S0743,0,0,S0743,f,1,376,12
950,JW_S0743_12_Pink.xlsx,toys,おもちゃ,JW,S0743,2,0,S0743,f,1,376,12
951,JW_S0743_12_Pink.xlsx,food_drink,食べ物と飲み物,JW,S0743,4,0,S0743,f,1,376,12
952,JW_S0743_12_Pink.xlsx,clothing,衣類,JW,S0743,1,0,S0743,f,1,376,12
953,JW_S0743_12_Pink.xlsx,body_parts,体の部分,JW,S0743,4,0,S0743,f,1,376,12
954,JW_S0743_12_Pink.xlsx,furniture_rooms,家具と部屋,JW,S0743,0,0,S0743,f,1,376,12
955,JW_S0743_12_Pink.xlsx,household,小さな家庭用品,JW,S0743,0,0,S0743,f,1,376,12
956,JW_S0743_12_Pink.xlsx,outside,戸外の物と場所,JW,S0743,0,0,S0743,f,1,376,12
957,JW_S0743_12_Pink.xlsx,people,人々,JW,S0743,4,0,S0743,f,1,376,12
958,JW_S0743_12_Pink.xlsx,games_routines,日課とあいさつ,JW,S0743,12,0,S0743,f,1,376,12
959,JW_S0743_12_Pink.xlsx,action_words,動作語,JW,S0743,0,0,S0743,f,1,376,12
960,JW_S0743_12_Pink.xlsx,time_words,時間についてのことば,JW,S0743,0,0,S0743,f,1,376,12
961,JW_S0743_12_Pink.xlsx,descriptive_words,ようす・性質,JW,S0743,0,0,S0743,f,1,376,12
962,JW_S0743_12_Pink.xlsx,pronouns,代名詞,JW,S0743,0,0,S0743,f,1,376,12
963,JW_S0743_12_Pink.xlsx,question_words,質問のことば,JW,S0743,0,0,S0743,f,1,376,12
964,JW_S0743_12_Pink.xlsx,locations,位置と場所についてのことば,JW,S0743,0,0,S0743,f,1,376,12
965,JW_S0743_12_Pink.xlsx,quantifiers,数量を表すことば,JW,S0743,0,0,S0743,f,1,376,12
966,JW_S0743_12_Pink.xlsx,sounds2,幼児語（その２）,JW,S0743,5,0,S0743,f,1,376,12
967,JW_S0743_12_Pink.xlsx,conversations,会話語,JW,S0743,1,1,S0743,f,1,376,12
968,JW_S0743_12_Pink.xlsx,others,その他,JW,S0743,1,0,S0743,f,1,376,12
969,JW_S0745_12_Pink.xlsx,sounds,幼児語,JW,S0745,0,0,S0745,m,1,375,12
970,JW_S0745_12_Pink.xlsx,animals,動物の名前,JW,S0745,0,0,S0745,m,1,375,12
971,JW_S0745_12_Pink.xlsx,vehicles,乗り物,JW,S0745,0,0,S0745,m,1,375,12
972,JW_S0745_12_Pink.xlsx,toys,おもちゃ,JW,S0745,0,0,S0745,m,1,375,12
973,JW_S0745_12_Pink.xlsx,food_drink,食べ物と飲み物,JW,S0745,0,0,S0745,m,1,375,12
974,JW_S0745_12_Pink.xlsx,clothing,衣類,JW,S0745,0,0,S0745,m,1,375,12
975,JW_S0745_12_Pink.xlsx,body_parts,体の部分,JW,S0745,0,0,S0745,m,1,375,12
976,JW_S0745_12_Pink.xlsx,furniture_rooms,家具と部屋,JW,S0745,0,0,S0745,m,1,375,12
977,JW_S0745_12_Pink.xlsx,household,小さな家庭用品,JW,S0745,0,0,S0745,m,1,375,12
978,JW_S0745_12_Pink.xlsx,outside,戸外の物と場所,JW,S0745,0,0,S0745,m,1,375,12
979,JW_S0745_12_Pink.xlsx,people,人々,JW,S0745,4,0,S0745,m,1,375,12
980,JW_S0745_12_Pink.xlsx,games_routines,日課とあいさつ,JW,S0745,9,0,S0745,m,1,375,12
981,JW_S0745_12_Pink.xlsx,action_words,動作語,JW,S0745,0,0,S0745,m,1,375,12
982,JW_S0745_12_Pink.xlsx,time_words,時間についてのことば,JW,S0745,0,0,S0745,m,1,375,12
983,JW_S0745_12_Pink.xlsx,descriptive_words,ようす・性質,JW,S0745,0,0,S0745,m,1,375,12
984,JW_S0745_12_Pink.xlsx,pronouns,代名詞,JW,S0745,0,0,S0745,m,1,375,12
985,JW_S0745_12_Pink.xlsx,question_words,質問のことば,JW,S0745,0,0,S0745,m,1,375,12
986,JW_S0745_12_Pink.xlsx,locations,位置と場所についてのことば,JW,S0745,0,0,S0745,m,1,375,12
987,JW_S0745_12_Pink.xlsx,quantifiers,数量を表すことば,JW,S0745,0,0,S0745,m,1,375,12
988,JW_S0745_12_Pink.xlsx,sounds2,幼児語（その２）,JW,S0745,0,0,S0745,m,1,375,12
989,JW_S0745_12_Pink.xlsx,conversations,会話語,JW,S0745,0,0,S0745,m,1,375,12
990,JW_S0745_12_Pink.xlsx,others,その他,JW,S0745,0,0,S0745,m,1,375,12
991,JW_S0757_12_Pink.xlsx,sounds,幼児語,JW,S0757,1,0,S0757,m,1,374,12
992,JW_S0757_12_Pink.xlsx,animals,動物の名前,JW,S0757,0,0,S0757,m,1,374,12
993,JW_S0757_12_Pink.xlsx,vehicles,乗り物,JW,S0757,0,0,S0757,m,1,374,12
994,JW_S0757_12_Pink.xlsx,toys,おもちゃ,JW,S0757,0,0,S0757,m,1,374,12
995,JW_S0757_12_Pink.xlsx,food_drink,食べ物と飲み物,JW,S0757,0,0,S0757,m,1,374,12
996,JW_S0757_12_Pink.xlsx,clothing,衣類,JW,S0757,0,0,S0757,m,1,374,12
997,JW_S0757_12_Pink.xlsx,body_parts,体の部分,JW,S0757,0,0,S0757,m,1,374,12
998,JW_S0757_12_Pink.xlsx,furniture_rooms,家具と部屋,JW,S0757,0,0,S0757,m,1,374,12
999,JW_S0757_12_Pink.xlsx,household,小さな家庭用品,JW,S0757,0,0,S0757,m,1,374,12
1000,JW_S0757_12_Pink.xlsx,outside,戸外の物と場所,JW,S0757,0,0,S0757,m,1,374,12
1001,JW_S0757_12_Pink.xlsx,people,人々,JW,S0757,0,0,S0757,m,1,374,12
1002,JW_S0757_12_Pink.xlsx,games_routines,日課とあいさつ,JW,S0757,4,0,S0757,m,1,374,12
1003,JW_S0757_12_Pink.xlsx,action_words,動作語,JW,S0757,0,0,S0757,m,1,374,12
1004,JW_S0757_12_Pink.xlsx,time_words,時間についてのことば,JW,S0757,0,0,S0757,m,1,374,12
1005,JW_S0757_12_Pink.xlsx,descriptive_words,ようす・性質,JW,S0757,0,0,S0757,m,1,374,12
1006,JW_S0757_12_Pink.xlsx,pronouns,代名詞,JW,S0757,2,0,S0757,m,1,374,12
1007,JW_S0757_12_Pink.xlsx,question_words,質問のことば,JW,S0757,1,0,S0757,m,1,374,12
1008,JW_S0757_12_Pink.xlsx,locations,位置と場所についてのことば,JW,S0757,0,0,S0757,m,1,374,12
1009,JW_S0757_12_Pink.xlsx,quantifiers,数量を表すことば,JW,S0757,0,0,S0757,m,1,374,12
1010,JW_S0757_12_Pink.xlsx,sounds2,幼児語（その２）,JW,S0757,0,0,S0757,m,1,374,12
1011,JW_S0757_12_Pink.xlsx,conversations,会話語,JW,S0757,0,0,S0757,m,1,374,12
1012,JW_S0757_12_Pink.xlsx,others,その他,JW,S0757,0,0,S0757,m,1,374,12
1013,JW_S0762_13_Pink.xlsx,sounds,幼児語,JW,S0762,3,0,S0762,m,1,400,13
1014,JW_S0762_13_Pink.xlsx,animals,動物の名前,JW,S0762,3,0,S0762,m,1,400,13
1015,JW_S0762_13_Pink.xlsx,vehicles,乗り物,JW,S0762,4,0,S0762,m,1,400,13
1016,JW_S0762_13_Pink.xlsx,toys,おもちゃ,JW,S0762,4,0,S0762,m,1,400,13
1017,JW_S0762_13_Pink.xlsx,food_drink,食べ物と飲み物,JW,S0762,11,0,S0762,m,1,400,13
1018,JW_S0762_13_Pink.xlsx,clothing,衣類,JW,S0762,5,0,S0762,m,1,400,13
1019,JW_S0762_13_Pink.xlsx,body_parts,体の部分,JW,S0762,9,0,S0762,m,1,400,13
1020,JW_S0762_13_Pink.xlsx,furniture_rooms,家具と部屋,JW,S0762,6,0,S0762,m,1,400,13
1021,JW_S0762_13_Pink.xlsx,household,小さな家庭用品,JW,S0762,4,0,S0762,m,1,400,13
1022,JW_S0762_13_Pink.xlsx,outside,戸外の物と場所,JW,S0762,5,0,S0762,m,1,400,13
1023,JW_S0762_13_Pink.xlsx,people,人々,JW,S0762,4,0,S0762,m,1,400,13
1024,JW_S0762_13_Pink.xlsx,games_routines,日課とあいさつ,JW,S0762,14,0,S0762,m,1,400,13
1025,JW_S0762_13_Pink.xlsx,action_words,動作語,JW,S0762,11,0,S0762,m,1,400,13
1026,JW_S0762_13_Pink.xlsx,time_words,時間についてのことば,JW,S0762,0,0,S0762,m,1,400,13
1027,JW_S0762_13_Pink.xlsx,descriptive_words,ようす・性質,JW,S0762,6,0,S0762,m,1,400,13
1028,JW_S0762_13_Pink.xlsx,pronouns,代名詞,JW,S0762,0,0,S0762,m,1,400,13
1029,JW_S0762_13_Pink.xlsx,question_words,質問のことば,JW,S0762,0,0,S0762,m,1,400,13
1030,JW_S0762_13_Pink.xlsx,locations,位置と場所についてのことば,JW,S0762,0,0,S0762,m,1,400,13
1031,JW_S0762_13_Pink.xlsx,quantifiers,数量を表すことば,JW,S0762,1,0,S0762,m,1,400,13
1032,JW_S0762_13_Pink.xlsx,sounds2,幼児語（その２）,JW,S0762,10,0,S0762,m,1,400,13
1033,JW_S0762_13_Pink.xlsx,conversations,会話語,JW,S0762,1,0,S0762,m,1,400,13
1034,JW_S0762_13_Pink.xlsx,others,その他,JW,S0762,2,0,S0762,m,1,400,13
1035,JW_S0763_13_Pink.xlsx,sounds,幼児語,JW,S0763,0,0,S0763,m,1,404,13
1036,JW_S0763_13_Pink.xlsx,animals,動物の名前,JW,S0763,0,0,S0763,m,1,404,13
1037,JW_S0763_13_Pink.xlsx,vehicles,乗り物,JW,S0763,0,0,S0763,m,1,404,13
1038,JW_S0763_13_Pink.xlsx,toys,おもちゃ,JW,S0763,2,0,S0763,m,1,404,13
1039,JW_S0763_13_Pink.xlsx,food_drink,食べ物と飲み物,JW,S0763,4,0,S0763,m,1,404,13
1040,JW_S0763_13_Pink.xlsx,clothing,衣類,JW,S0763,1,0,S0763,m,1,404,13
1041,JW_S0763_13_Pink.xlsx,body_parts,体の部分,JW,S0763,5,0,S0763,m,1,404,13
1042,JW_S0763_13_Pink.xlsx,furniture_rooms,家具と部屋,JW,S0763,1,0,S0763,m,1,404,13
1043,JW_S0763_13_Pink.xlsx,household,小さな家庭用品,JW,S0763,3,0,S0763,m,1,404,13
1044,JW_S0763_13_Pink.xlsx,outside,戸外の物と場所,JW,S0763,2,0,S0763,m,1,404,13
1045,JW_S0763_13_Pink.xlsx,people,人々,JW,S0763,4,0,S0763,m,1,404,13
1046,JW_S0763_13_Pink.xlsx,games_routines,日課とあいさつ,JW,S0763,18,0,S0763,m,1,404,13
1047,JW_S0763_13_Pink.xlsx,action_words,動作語,JW,S0763,21,0,S0763,m,1,404,13
1048,JW_S0763_13_Pink.xlsx,time_words,時間についてのことば,JW,S0763,0,0,S0763,m,1,404,13
1049,JW_S0763_13_Pink.xlsx,descriptive_words,ようす・性質,JW,S0763,4,0,S0763,m,1,404,13
1050,JW_S0763_13_Pink.xlsx,pronouns,代名詞,JW,S0763,4,0,S0763,m,1,404,13
1051,JW_S0763_13_Pink.xlsx,question_words,質問のことば,JW,S0763,0,0,S0763,m,1,404,13
1052,JW_S0763_13_Pink.xlsx,locations,位置と場所についてのことば,JW,S0763,2,0,S0763,m,1,404,13
1053,JW_S0763_13_Pink.xlsx,quantifiers,数量を表すことば,JW,S0763,0,0,S0763,m,1,404,13
1054,JW_S0763_13_Pink.xlsx,sounds2,幼児語（その２）,JW,S0763,3,0,S0763,m,1,404,13
1055,JW_S0763_13_Pink.xlsx,conversations,会話語,JW,S0763,1,0,S0763,m,1,404,13
1056,JW_S0763_13_Pink.xlsx,others,その他,JW,S0763,2,0,S0763,m,1,404,13
1057,JW_S0768_12_Pink.xlsx,sounds,幼児語,JW,S0768,3,0,S0768,m,1,381,12
1058,JW_S0768_12_Pink.xlsx,animals,動物の名前,JW,S0768,2,0,S0768,m,1,381,12
1059,JW_S0768_12_Pink.xlsx,vehicles,乗り物,JW,S0768,2,0,S0768,m,1,381,12
1060,JW_S0768_12_Pink.xlsx,toys,おもちゃ,JW,S0768,3,0,S0768,m,1,381,12
1061,JW_S0768_12_Pink.xlsx,food_drink,食べ物と飲み物,JW,S0768,1,0,S0768,m,1,381,12
1062,JW_S0768_12_Pink.xlsx,clothing,衣類,JW,S0768,1,0,S0768,m,1,381,12
1063,JW_S0768_12_Pink.xlsx,body_parts,体の部分,JW,S0768,2,0,S0768,m,1,381,12
1064,JW_S0768_12_Pink.xlsx,furniture_rooms,家具と部屋,JW,S0768,2,0,S0768,m,1,381,12
1065,JW_S0768_12_Pink.xlsx,household,小さな家庭用品,JW,S0768,1,0,S0768,m,1,381,12
1066,JW_S0768_12_Pink.xlsx,outside,戸外の物と場所,JW,S0768,0,0,S0768,m,1,381,12
1067,JW_S0768_12_Pink.xlsx,people,人々,JW,S0768,3,0,S0768,m,1,381,12
1068,JW_S0768_12_Pink.xlsx,games_routines,日課とあいさつ,JW,S0768,6,0,S0768,m,1,381,12
1069,JW_S0768_12_Pink.xlsx,action_words,動作語,JW,S0768,5,0,S0768,m,1,381,12
1070,JW_S0768_12_Pink.xlsx,time_words,時間についてのことば,JW,S0768,0,0,S0768,m,1,381,12
1071,JW_S0768_12_Pink.xlsx,descriptive_words,ようす・性質,JW,S0768,2,0,S0768,m,1,381,12
1072,JW_S0768_12_Pink.xlsx,pronouns,代名詞,JW,S0768,0,0,S0768,m,1,381,12
1073,JW_S0768_12_Pink.xlsx,question_words,質問のことば,JW,S0768,0,0,S0768,m,1,381,12
1074,JW_S0768_12_Pink.xlsx,locations,位置と場所についてのことば,JW,S0768,0,0,S0768,m,1,381,12
1075,JW_S0768_12_Pink.xlsx,quantifiers,数量を表すことば,JW,S0768,1,0,S0768,m,1,381,12
1076,JW_S0768_12_Pink.xlsx,sounds2,幼児語（その２）,JW,S0768,1,0,S0768,m,1,381,12
1077,JW_S0768_12_Pink.xlsx,conversations,会話語,JW,S0768,0,0,S0768,m,1,381,12
1078,JW_S0768_12_Pink.xlsx,others,その他,JW,S0768,0,0,S0768,m,1,381,12
1079,JW_S0772_12_Pink.xlsx,sounds,幼児語,JW,S0772,0,0,S0772,m,1,376,12
1080,JW_S0772_12_Pink.xlsx,animals,動物の名前,JW,S0772,0,0,S0772,m,1,376,12
1081,JW_S0772_12_Pink.xlsx,vehicles,乗り物,JW,S0772,0,0,S0772,m,1,376,12
1082,JW_S0772_12_Pink.xlsx,toys,おもちゃ,JW,S0772,0,0,S0772,m,1,376,12
1083,JW_S0772_12_Pink.xlsx,food_drink,食べ物と飲み物,JW,S0772,0,0,S0772,m,1,376,12
1084,JW_S0772_12_Pink.xlsx,clothing,衣類,JW,S0772,0,0,S0772,m,1,376,12
1085,JW_S0772_12_Pink.xlsx,body_parts,体の部分,JW,S0772,1,0,S0772,m,1,376,12
1086,JW_S0772_12_Pink.xlsx,furniture_rooms,家具と部屋,JW,S0772,0,0,S0772,m,1,376,12
1087,JW_S0772_12_Pink.xlsx,household,小さな家庭用品,JW,S0772,0,0,S0772,m,1,376,12
1088,JW_S0772_12_Pink.xlsx,outside,戸外の物と場所,JW,S0772,0,0,S0772,m,1,376,12
1089,JW_S0772_12_Pink.xlsx,people,人々,JW,S0772,1,2,S0772,m,1,376,12
1090,JW_S0772_12_Pink.xlsx,games_routines,日課とあいさつ,JW,S0772,1,0,S0772,m,1,376,12
1091,JW_S0772_12_Pink.xlsx,action_words,動作語,JW,S0772,0,0,S0772,m,1,376,12
1092,JW_S0772_12_Pink.xlsx,time_words,時間についてのことば,JW,S0772,0,0,S0772,m,1,376,12
1093,JW_S0772_12_Pink.xlsx,descriptive_words,ようす・性質,JW,S0772,0,0,S0772,m,1,376,12
1094,JW_S0772_12_Pink.xlsx,pronouns,代名詞,JW,S0772,0,0,S0772,m,1,376,12
1095,JW_S0772_12_Pink.xlsx,question_words,質問のことば,JW,S0772,0,0,S0772,m,1,376,12
1096,JW_S0772_12_Pink.xlsx,locations,位置と場所についてのことば,JW,S0772,0,0,S0772,m,1,376,12
1097,JW_S0772_12_Pink.xlsx,quantifiers,数量を表すことば,JW,S0772,0,0,S0772,m,1,376,12
1098,JW_S0772_12_Pink.xlsx,sounds2,幼児語（その２）,JW,S0772,0,0,S0772,m,1,376,12
1099,JW_S0772_12_Pink.xlsx,conversations,会話語,JW,S0772,0,0,S0772,m,1,376,12
1100,JW_S0772_12_Pink.xlsx,others,その他,JW,S0772,0,0,S0772,m,1,376,12
1101,JW_S0783_12_Pink.xlsx,sounds,幼児語,JW,S0783,2,1,S0783,m,1,379,12
1102,JW_S0783_12_Pink.xlsx,animals,動物の名前,JW,S0783,0,0,S0783,m,1,379,12
1103,JW_S0783_12_Pink.xlsx,vehicles,乗り物,JW,S0783,1,0,S0783,m,1,379,12
1104,JW_S0783_12_Pink.xlsx,toys,おもちゃ,JW,S0783,3,0,S0783,m,1,379,12
1105,JW_S0783_12_Pink.xlsx,food_drink,食べ物と飲み物,JW,S0783,2,0,S0783,m,1,379,12
1106,JW_S0783_12_Pink.xlsx,clothing,衣類,JW,S0783,1,0,S0783,m,1,379,12
1107,JW_S0783_12_Pink.xlsx,body_parts,体の部分,JW,S0783,2,0,S0783,m,1,379,12
1108,JW_S0783_12_Pink.xlsx,furniture_rooms,家具と部屋,JW,S0783,3,0,S0783,m,1,379,12
1109,JW_S0783_12_Pink.xlsx,household,小さな家庭用品,JW,S0783,1,0,S0783,m,1,379,12
1110,JW_S0783_12_Pink.xlsx,outside,戸外の物と場所,JW,S0783,1,0,S0783,m,1,379,12
1111,JW_S0783_12_Pink.xlsx,people,人々,JW,S0783,1,2,S0783,m,1,379,12
1112,JW_S0783_12_Pink.xlsx,games_routines,日課とあいさつ,JW,S0783,10,3,S0783,m,1,379,12
1113,JW_S0783_12_Pink.xlsx,action_words,動作語,JW,S0783,9,0,S0783,m,1,379,12
1114,JW_S0783_12_Pink.xlsx,time_words,時間についてのことば,JW,S0783,0,0,S0783,m,1,379,12
1115,JW_S0783_12_Pink.xlsx,descriptive_words,ようす・性質,JW,S0783,3,0,S0783,m,1,379,12
1116,JW_S0783_12_Pink.xlsx,pronouns,代名詞,JW,S0783,1,0,S0783,m,1,379,12
1117,JW_S0783_12_Pink.xlsx,question_words,質問のことば,JW,S0783,2,0,S0783,m,1,379,12
1118,JW_S0783_12_Pink.xlsx,locations,位置と場所についてのことば,JW,S0783,0,0,S0783,m,1,379,12
1119,JW_S0783_12_Pink.xlsx,quantifiers,数量を表すことば,JW,S0783,0,0,S0783,m,1,379,12
1120,JW_S0783_12_Pink.xlsx,sounds2,幼児語（その２）,JW,S0783,3,0,S0783,m,1,379,12
1121,JW_S0783_12_Pink.xlsx,conversations,会話語,JW,S0783,0,0,S0783,m,1,379,12
1122,JW_S0783_12_Pink.xlsx,others,その他,JW,S0783,1,1,S0783,m,1,379,12
1123,JW_S0812_13_Pink.xlsx,sounds,幼児語,JW,S0812,4,1,S0812,f,1,405,13
1124,JW_S0812_13_Pink.xlsx,animals,動物の名前,JW,S0812,13,3,S0812,f,1,405,13
1125,JW_S0812_13_Pink.xlsx,vehicles,乗り物,JW,S0812,4,0,S0812,f,1,405,13
1126,JW_S0812_13_Pink.xlsx,toys,おもちゃ,JW,S0812,5,0,S0812,f,1,405,13
1127,JW_S0812_13_Pink.xlsx,food_drink,食べ物と飲み物,JW,S0812,5,3,S0812,f,1,405,13
1128,JW_S0812_13_Pink.xlsx,clothing,衣類,JW,S0812,1,0,S0812,f,1,405,13
1129,JW_S0812_13_Pink.xlsx,body_parts,体の部分,JW,S0812,4,0,S0812,f,1,405,13
1130,JW_S0812_13_Pink.xlsx,furniture_rooms,家具と部屋,JW,S0812,1,0,S0812,f,1,405,13
1131,JW_S0812_13_Pink.xlsx,household,小さな家庭用品,JW,S0812,1,0,S0812,f,1,405,13
1132,JW_S0812_13_Pink.xlsx,outside,戸外の物と場所,JW,S0812,2,0,S0812,f,1,405,13
1133,JW_S0812_13_Pink.xlsx,people,人々,JW,S0812,4,0,S0812,f,1,405,13
1134,JW_S0812_13_Pink.xlsx,games_routines,日課とあいさつ,JW,S0812,7,1,S0812,f,1,405,13
1135,JW_S0812_13_Pink.xlsx,action_words,動作語,JW,S0812,3,0,S0812,f,1,405,13
1136,JW_S0812_13_Pink.xlsx,time_words,時間についてのことば,JW,S0812,0,0,S0812,f,1,405,13
1137,JW_S0812_13_Pink.xlsx,descriptive_words,ようす・性質,JW,S0812,0,0,S0812,f,1,405,13
1138,JW_S0812_13_Pink.xlsx,pronouns,代名詞,JW,S0812,1,1,S0812,f,1,405,13
1139,JW_S0812_13_Pink.xlsx,question_words,質問のことば,JW,S0812,1,0,S0812,f,1,405,13
1140,JW_S0812_13_Pink.xlsx,locations,位置と場所についてのことば,JW,S0812,1,0,S0812,f,1,405,13
1141,JW_S0812_13_Pink.xlsx,quantifiers,数量を表すことば,JW,S0812,1,0,S0812,f,1,405,13
1142,JW_S0812_13_Pink.xlsx,sounds2,幼児語（その２）,JW,S0812,4,0,S0812,f,1,405,13
1143,JW_S0812_13_Pink.xlsx,conversations,会話語,JW,S0812,0,1,S0812,f,1,405,13
1144,JW_S0812_13_Pink.xlsx,others,その他,JW,S0812,1,0,S0812,f,1,405,13
1145,JW_S0817_12_Pink.xlsx,sounds,幼児語,JW,S0817,0,0,S0783,f,1,391,12
1146,JW_S0817_12_Pink.xlsx,animals,動物の名前,JW,S0817,0,0,S0783,f,1,391,12
1147,JW_S0817_12_Pink.xlsx,vehicles,乗り物,JW,S0817,0,0,S0783,f,1,391,12
1148,JW_S0817_12_Pink.xlsx,toys,おもちゃ,JW,S0817,0,0,S0783,f,1,391,12
1149,JW_S0817_12_Pink.xlsx,food_drink,食べ物と飲み物,JW,S0817,0,0,S0783,f,1,391,12
1150,JW_S0817_12_Pink.xlsx,clothing,衣類,JW,S0817,0,0,S0783,f,1,391,12
1151,JW_S0817_12_Pink.xlsx,body_parts,体の部分,JW,S0817,1,0,S0783,f,1,391,12
1152,JW_S0817_12_Pink.xlsx,furniture_rooms,家具と部屋,JW,S0817,0,0,S0783,f,1,391,12
1153,JW_S0817_12_Pink.xlsx,household,小さな家庭用品,JW,S0817,0,0,S0783,f,1,391,12
1154,JW_S0817_12_Pink.xlsx,outside,戸外の物と場所,JW,S0817,0,0,S0783,f,1,391,12
1155,JW_S0817_12_Pink.xlsx,people,人々,JW,S0817,1,0,S0783,f,1,391,12
1156,JW_S0817_12_Pink.xlsx,games_routines,日課とあいさつ,JW,S0817,1,3,S0783,f,1,391,12
1157,JW_S0817_12_Pink.xlsx,action_words,動作語,JW,S0817,0,0,S0783,f,1,391,12
1158,JW_S0817_12_Pink.xlsx,time_words,時間についてのことば,JW,S0817,0,0,S0783,f,1,391,12
1159,JW_S0817_12_Pink.xlsx,descriptive_words,ようす・性質,JW,S0817,1,0,S0783,f,1,391,12
1160,JW_S0817_12_Pink.xlsx,pronouns,代名詞,JW,S0817,0,0,S0783,f,1,391,12
1161,JW_S0817_12_Pink.xlsx,question_words,質問のことば,JW,S0817,0,0,S0783,f,1,391,12
1162,JW_S0817_12_Pink.xlsx,locations,位置と場所についてのことば,JW,S0817,0,0,S0783,f,1,391,12
1163,JW_S0817_12_Pink.xlsx,quantifiers,数量を表すことば,JW,S0817,0,0,S0783,f,1,391,12
1164,JW_S0817_12_Pink.xlsx,sounds2,幼児語（その２）,JW,S0817,1,0,S0783,f,1,391,12
1165,JW_S0817_12_Pink.xlsx,conversations,会話語,JW,S0817,0,0,S0783,f,1,391,12
1166,JW_S0817_12_Pink.xlsx,others,その他,JW,S0817,0,0,S0783,f,1,391,12
1167,JW_S0832_13_Pink.xlsx,sounds,幼児語,JW,S0832,0,0,S0832,m,1,399,13
1168,JW_S0832_13_Pink.xlsx,animals,動物の名前,JW,S0832,0,0,S0832,m,1,399,13
1169,JW_S0832_13_Pink.xlsx,vehicles,乗り物,JW,S0832,0,0,S0832,m,1,399,13
1170,JW_S0832_13_Pink.xlsx,toys,おもちゃ,JW,S0832,0,0,S0832,m,1,399,13
1171,JW_S0832_13_Pink.xlsx,food_drink,食べ物と飲み物,JW,S0832,1,0,S0832,m,1,399,13
1172,JW_S0832_13_Pink.xlsx,clothing,衣類,JW,S0832,0,0,S0832,m,1,399,13
1173,JW_S0832_13_Pink.xlsx,body_parts,体の部分,JW,S0832,0,0,S0832,m,1,399,13
1174,JW_S0832_13_Pink.xlsx,furniture_rooms,家具と部屋,JW,S0832,0,0,S0832,m,1,399,13
1175,JW_S0832_13_Pink.xlsx,household,小さな家庭用品,JW,S0832,0,0,S0832,m,1,399,13
1176,JW_S0832_13_Pink.xlsx,outside,戸外の物と場所,JW,S0832,0,0,S0832,m,1,399,13
1177,JW_S0832_13_Pink.xlsx,people,人々,JW,S0832,0,0,S0832,m,1,399,13
1178,JW_S0832_13_Pink.xlsx,games_routines,日課とあいさつ,JW,S0832,6,1,S0832,m,1,399,13
1179,JW_S0832_13_Pink.xlsx,action_words,動作語,JW,S0832,3,0,S0832,m,1,399,13
1180,JW_S0832_13_Pink.xlsx,time_words,時間についてのことば,JW,S0832,0,0,S0832,m,1,399,13
1181,JW_S0832_13_Pink.xlsx,descriptive_words,ようす・性質,JW,S0832,1,0,S0832,m,1,399,13
1182,JW_S0832_13_Pink.xlsx,pronouns,代名詞,JW,S0832,0,0,S0832,m,1,399,13
1183,JW_S0832_13_Pink.xlsx,question_words,質問のことば,JW,S0832,0,0,S0832,m,1,399,13
1184,JW_S0832_13_Pink.xlsx,locations,位置と場所についてのことば,JW,S0832,0,0,S0832,m,1,399,13
1185,JW_S0832_13_Pink.xlsx,quantifiers,数量を表すことば,JW,S0832,0,0,S0832,m,1,399,13
1186,JW_S0832_13_Pink.xlsx,sounds2,幼児語（その２）,JW,S0832,2,0,S0832,m,1,399,13
1187,JW_S0832_13_Pink.xlsx,conversations,会話語,JW,S0832,1,0,S0832,m,1,399,13
1188,JW_S0832_13_Pink.xlsx,others,その他,JW,S0832,0,0,S0832,m,1,399,13
1189,JW_S0833_12_Pink.xlsx,sounds,幼児語,JW,S0833,3,0,S0833,m,1,380,12
1190,JW_S0833_12_Pink.xlsx,animals,動物の名前,JW,S0833,0,0,S0833,m,1,380,12
1191,JW_S0833_12_Pink.xlsx,vehicles,乗り物,JW,S0833,0,0,S0833,m,1,380,12
1192,JW_S0833_12_Pink.xlsx,toys,おもちゃ,JW,S0833,0,0,S0833,m,1,380,12
1193,JW_S0833_12_Pink.xlsx,food_drink,食べ物と飲み物,JW,S0833,0,0,S0833,m,1,380,12
1194,JW_S0833_12_Pink.xlsx,clothing,衣類,JW,S0833,0,0,S0833,m,1,380,12
1195,JW_S0833_12_Pink.xlsx,body_parts,体の部分,JW,S0833,0,0,S0833,m,1,380,12
1196,JW_S0833_12_Pink.xlsx,furniture_rooms,家具と部屋,JW,S0833,0,0,S0833,m,1,380,12
1197,JW_S0833_12_Pink.xlsx,household,小さな家庭用品,JW,S0833,0,0,S0833,m,1,380,12
1198,JW_S0833_12_Pink.xlsx,outside,戸外の物と場所,JW,S0833,0,0,S0833,m,1,380,12
1199,JW_S0833_12_Pink.xlsx,people,人々,JW,S0833,2,2,S0833,m,1,380,12
1200,JW_S0833_12_Pink.xlsx,games_routines,日課とあいさつ,JW,S0833,12,1,S0833,m,1,380,12
1201,JW_S0833_12_Pink.xlsx,action_words,動作語,JW,S0833,1,0,S0833,m,1,380,12
1202,JW_S0833_12_Pink.xlsx,time_words,時間についてのことば,JW,S0833,0,0,S0833,m,1,380,12
1203,JW_S0833_12_Pink.xlsx,descriptive_words,ようす・性質,JW,S0833,1,0,S0833,m,1,380,12
1204,JW_S0833_12_Pink.xlsx,pronouns,代名詞,JW,S0833,0,0,S0833,m,1,380,12
1205,JW_S0833_12_Pink.xlsx,question_words,質問のことば,JW,S0833,0,0,S0833,m,1,380,12
1206,JW_S0833_12_Pink.xlsx,locations,位置と場所についてのことば,JW,S0833,0,0,S0833,m,1,380,12
1207,JW_S0833_12_Pink.xlsx,quantifiers,数量を表すことば,JW,S0833,2,0,S0833,m,1,380,12
1208,JW_S0833_12_Pink.xlsx,sounds2,幼児語（その２）,JW,S0833,8,0,S0833,m,1,380,12
1209,JW_S0833_12_Pink.xlsx,conversations,会話語,JW,S0833,2,0,S0833,m,1,380,12
1210,JW_S0833_12_Pink.xlsx,others,その他,JW,S0833,2,0,S0833,m,1,380,12
1211,JW_S0838_12_Pink.xlsx,sounds,幼児語,JW,S0838,0,0,S0838,f,1,379,12
1212,JW_S0838_12_Pink.xlsx,animals,動物の名前,JW,S0838,0,0,S0838,f,1,379,12
1213,JW_S0838_12_Pink.xlsx,vehicles,乗り物,JW,S0838,0,0,S0838,f,1,379,12
1214,JW_S0838_12_Pink.xlsx,toys,おもちゃ,JW,S0838,0,0,S0838,f,1,379,12
1215,JW_S0838_12_Pink.xlsx,food_drink,食べ物と飲み物,JW,S0838,0,0,S0838,f,1,379,12
1216,JW_S0838_12_Pink.xlsx,clothing,衣類,JW,S0838,0,0,S0838,f,1,379,12
1217,JW_S0838_12_Pink.xlsx,body_parts,体の部分,JW,S0838,0,0,S0838,f,1,379,12
1218,JW_S0838_12_Pink.xlsx,furniture_rooms,家具と部屋,JW,S0838,0,0,S0838,f,1,379,12
1219,JW_S0838_12_Pink.xlsx,household,小さな家庭用品,JW,S0838,0,0,S0838,f,1,379,12
1220,JW_S0838_12_Pink.xlsx,outside,戸外の物と場所,JW,S0838,0,0,S0838,f,1,379,12
1221,JW_S0838_12_Pink.xlsx,people,人々,JW,S0838,0,0,S0838,f,1,379,12
1222,JW_S0838_12_Pink.xlsx,games_routines,日課とあいさつ,JW,S0838,0,0,S0838,f,1,379,12
1223,JW_S0838_12_Pink.xlsx,action_words,動作語,JW,S0838,0,0,S0838,f,1,379,12
1224,JW_S0838_12_Pink.xlsx,time_words,時間についてのことば,JW,S0838,0,0,S0838,f,1,379,12
1225,JW_S0838_12_Pink.xlsx,descriptive_words,ようす・性質,JW,S0838,0,0,S0838,f,1,379,12
1226,JW_S0838_12_Pink.xlsx,pronouns,代名詞,JW,S0838,0,0,S0838,f,1,379,12
1227,JW_S0838_12_Pink.xlsx,question_words,質問のことば,JW,S0838,0,0,S0838,f,1,379,12
1228,JW_S0838_12_Pink.xlsx,locations,位置と場所についてのことば,JW,S0838,0,0,S0838,f,1,379,12
1229,JW_S0838_12_Pink.xlsx,quantifiers,数量を表すことば,JW,S0838,0,0,S0838,f,1,379,12
1230,JW_S0838_12_Pink.xlsx,sounds2,幼児語（その２）,JW,S0838,0,0,S0838,f,1,379,12
1231,JW_S0838_12_Pink.xlsx,conversations,会話語,JW,S0838,0,0,S0838,f,1,379,12
1232,JW_S0838_12_Pink.xlsx,others,その他,JW,S0838,0,0,S0838,f,1,379,12
1233,JW_S0851_12_Pink.xlsx,sounds,幼児語,JW,S0851,3,0,S0851,m,1,381,12
1234,JW_S0851_12_Pink.xlsx,animals,動物の名前,JW,S0851,1,0,S0851,m,1,381,12
1235,JW_S0851_12_Pink.xlsx,vehicles,乗り物,JW,S0851,3,0,S0851,m,1,381,12
1236,JW_S0851_12_Pink.xlsx,toys,おもちゃ,JW,S0851,0,0,S0851,m,1,381,12
1237,JW_S0851_12_Pink.xlsx,food_drink,食べ物と飲み物,JW,S0851,5,0,S0851,m,1,381,12
1238,JW_S0851_12_Pink.xlsx,clothing,衣類,JW,S0851,0,0,S0851,m,1,381,12
1239,JW_S0851_12_Pink.xlsx,body_parts,体の部分,JW,S0851,0,0,S0851,m,1,381,12
1240,JW_S0851_12_Pink.xlsx,furniture_rooms,家具と部屋,JW,S0851,2,0,S0851,m,1,381,12
1241,JW_S0851_12_Pink.xlsx,household,小さな家庭用品,JW,S0851,1,0,S0851,m,1,381,12
1242,JW_S0851_12_Pink.xlsx,outside,戸外の物と場所,JW,S0851,2,0,S0851,m,1,381,12
1243,JW_S0851_12_Pink.xlsx,people,人々,JW,S0851,4,0,S0851,m,1,381,12
1244,JW_S0851_12_Pink.xlsx,games_routines,日課とあいさつ,JW,S0851,10,0,S0851,m,1,381,12
1245,JW_S0851_12_Pink.xlsx,action_words,動作語,JW,S0851,3,0,S0851,m,1,381,12
1246,JW_S0851_12_Pink.xlsx,time_words,時間についてのことば,JW,S0851,0,0,S0851,m,1,381,12
1247,JW_S0851_12_Pink.xlsx,descriptive_words,ようす・性質,JW,S0851,1,0,S0851,m,1,381,12
1248,JW_S0851_12_Pink.xlsx,pronouns,代名詞,JW,S0851,0,0,S0851,m,1,381,12
1249,JW_S0851_12_Pink.xlsx,question_words,質問のことば,JW,S0851,0,0,S0851,m,1,381,12
1250,JW_S0851_12_Pink.xlsx,locations,位置と場所についてのことば,JW,S0851,0,0,S0851,m,1,381,12
1251,JW_S0851_12_Pink.xlsx,quantifiers,数量を表すことば,JW,S0851,1,0,S0851,m,1,381,12
1252,JW_S0851_12_Pink.xlsx,sounds2,幼児語（その２）,JW,S0851,1,0,S0851,m,1,381,12
1253,JW_S0851_12_Pink.xlsx,conversations,会話語,JW,S0851,0,0,S0851,m,1,381,12
1254,JW_S0851_12_Pink.xlsx,others,その他,JW,S0851,0,0,S0851,m,1,381,12
1255,JW_S0852_12_Pink.xlsx,sounds,幼児語,JW,S0852,0,0,S0852,m,1,379,12
1256,JW_S0852_12_Pink.xlsx,animals,動物の名前,JW,S0852,0,0,S0852,m,1,379,12
1257,JW_S0852_12_Pink.xlsx,vehicles,乗り物,JW,S0852,0,0,S0852,m,1,379,12
1258,JW_S0852_12_Pink.xlsx,toys,おもちゃ,JW,S0852,0,0,S0852,m,1,379,12
1259,JW_S0852_12_Pink.xlsx,food_drink,食べ物と飲み物,JW,S0852,0,0,S0852,m,1,379,12
1260,JW_S0852_12_Pink.xlsx,clothing,衣類,JW,S0852,0,0,S0852,m,1,379,12
1261,JW_S0852_12_Pink.xlsx,body_parts,体の部分,JW,S0852,0,0,S0852,m,1,379,12
1262,JW_S0852_12_Pink.xlsx,furniture_rooms,家具と部屋,JW,S0852,0,0,S0852,m,1,379,12
1263,JW_S0852_12_Pink.xlsx,household,小さな家庭用品,JW,S0852,0,0,S0852,m,1,379,12
1264,JW_S0852_12_Pink.xlsx,outside,戸外の物と場所,JW,S0852,0,0,S0852,m,1,379,12
1265,JW_S0852_12_Pink.xlsx,people,人々,JW,S0852,0,0,S0852,m,1,379,12
1266,JW_S0852_12_Pink.xlsx,games_routines,日課とあいさつ,JW,S0852,8,0,S0852,m,1,379,12
1267,JW_S0852_12_Pink.xlsx,action_words,動作語,JW,S0852,0,0,S0852,m,1,379,12
1268,JW_S0852_12_Pink.xlsx,time_words,時間についてのことば,JW,S0852,0,0,S0852,m,1,379,12
1269,JW_S0852_12_Pink.xlsx,descriptive_words,ようす・性質,JW,S0852,0,0,S0852,m,1,379,12
1270,JW_S0852_12_Pink.xlsx,pronouns,代名詞,JW,S0852,0,0,S0852,m,1,379,12
1271,JW_S0852_12_Pink.xlsx,question_words,質問のことば,JW,S0852,0,0,S0852,m,1,379,12
1272,JW_S0852_12_Pink.xlsx,locations,位置と場所についてのことば,JW,S0852,0,0,S0852,m,1,379,12
1273,JW_S0852_12_Pink.xlsx,quantifiers,数量を表すことば,JW,S0852,0,0,S0852,m,1,379,12
1274,JW_S0852_12_Pink.xlsx,sounds2,幼児語（その２）,JW,S0852,0,1,S0852,m,1,379,12
1275,JW_S0852_12_Pink.xlsx,conversations,会話語,JW,S0852,0,0,S0852,m,1,379,12
1276,JW_S0852_12_Pink.xlsx,others,その他,JW,S0852,0,0,S0852,m,1,379,12
1277,JW_S0867_12_Pink.xlsx,sounds,幼児語,JW,S0867,3,0,S0867,f,1,378,12
1278,JW_S0867_12_Pink.xlsx,animals,動物の名前,JW,S0867,7,0,S0867,f,1,378,12
1279,JW_S0867_12_Pink.xlsx,vehicles,乗り物,JW,S0867,2,0,S0867,f,1,378,12
1280,JW_S0867_12_Pink.xlsx,toys,おもちゃ,JW,S0867,2,0,S0867,f,1,378,12
1281,JW_S0867_12_Pink.xlsx,food_drink,食べ物と飲み物,JW,S0867,8,0,S0867,f,1,378,12
1282,JW_S0867_12_Pink.xlsx,clothing,衣類,JW,S0867,3,0,S0867,f,1,378,12
1283,JW_S0867_12_Pink.xlsx,body_parts,体の部分,JW,S0867,4,0,S0867,f,1,378,12
1284,JW_S0867_12_Pink.xlsx,furniture_rooms,家具と部屋,JW,S0867,1,0,S0867,f,1,378,12
1285,JW_S0867_12_Pink.xlsx,household,小さな家庭用品,JW,S0867,1,0,S0867,f,1,378,12
1286,JW_S0867_12_Pink.xlsx,outside,戸外の物と場所,JW,S0867,3,0,S0867,f,1,378,12
1287,JW_S0867_12_Pink.xlsx,people,人々,JW,S0867,3,0,S0867,f,1,378,12
1288,JW_S0867_12_Pink.xlsx,games_routines,日課とあいさつ,JW,S0867,9,0,S0867,f,1,378,12
1289,JW_S0867_12_Pink.xlsx,action_words,動作語,JW,S0867,5,0,S0867,f,1,378,12
1290,JW_S0867_12_Pink.xlsx,time_words,時間についてのことば,JW,S0867,0,0,S0867,f,1,378,12
1291,JW_S0867_12_Pink.xlsx,descriptive_words,ようす・性質,JW,S0867,3,0,S0867,f,1,378,12
1292,JW_S0867_12_Pink.xlsx,pronouns,代名詞,JW,S0867,2,0,S0867,f,1,378,12
1293,JW_S0867_12_Pink.xlsx,question_words,質問のことば,JW,S0867,0,0,S0867,f,1,378,12
1294,JW_S0867_12_Pink.xlsx,locations,位置と場所についてのことば,JW,S0867,0,0,S0867,f,1,378,12
1295,JW_S0867_12_Pink.xlsx,quantifiers,数量を表すことば,JW,S0867,1,0,S0867,f,1,378,12
1296,JW_S0867_12_Pink.xlsx,sounds2,幼児語（その２）,JW,S0867,10,0,S0867,f,1,378,12
1297,JW_S0867_12_Pink.xlsx,conversations,会話語,JW,S0867,0,0,S0867,f,1,378,12
1298,JW_S0867_12_Pink.xlsx,others,その他,JW,S0867,1,0,S0867,f,1,378,12
1299,JW_S0927_12_Pink.xlsx,sounds,幼児語,JW,S0927,1,1,S0927,f,1,378,12
1300,JW_S0927_12_Pink.xlsx,animals,動物の名前,JW,S0927,0,0,S0927,f,1,378,12
1301,JW_S0927_12_Pink.xlsx,vehicles,乗り物,JW,S0927,0,0,S0927,f,1,378,12
1302,JW_S0927_12_Pink.xlsx,toys,おもちゃ,JW,S0927,3,0,S0927,f,1,378,12
1303,JW_S0927_12_Pink.xlsx,food_drink,食べ物と飲み物,JW,S0927,2,0,S0927,f,1,378,12
1304,JW_S0927_12_Pink.xlsx,clothing,衣類,JW,S0927,1,0,S0927,f,1,378,12
1305,JW_S0927_12_Pink.xlsx,body_parts,体の部分,JW,S0927,0,0,S0927,f,1,378,12
1306,JW_S0927_12_Pink.xlsx,furniture_rooms,家具と部屋,JW,S0927,0,0,S0927,f,1,378,12
1307,JW_S0927_12_Pink.xlsx,household,小さな家庭用品,JW,S0927,0,0,S0927,f,1,378,12
1308,JW_S0927_12_Pink.xlsx,outside,戸外の物と場所,JW,S0927,0,0,S0927,f,1,378,12
1309,JW_S0927_12_Pink.xlsx,people,人々,JW,S0927,2,0,S0927,f,1,378,12
1310,JW_S0927_12_Pink.xlsx,games_routines,日課とあいさつ,JW,S0927,3,0,S0927,f,1,378,12
1311,JW_S0927_12_Pink.xlsx,action_words,動作語,JW,S0927,0,0,S0927,f,1,378,12
1312,JW_S0927_12_Pink.xlsx,time_words,時間についてのことば,JW,S0927,0,0,S0927,f,1,378,12
1313,JW_S0927_12_Pink.xlsx,descriptive_words,ようす・性質,JW,S0927,0,0,S0927,f,1,378,12
1314,JW_S0927_12_Pink.xlsx,pronouns,代名詞,JW,S0927,0,0,S0927,f,1,378,12
1315,JW_S0927_12_Pink.xlsx,question_words,質問のことば,JW,S0927,0,0,S0927,f,1,378,12
1316,JW_S0927_12_Pink.xlsx,locations,位置と場所についてのことば,JW,S0927,0,0,S0927,f,1,378,12
1317,JW_S0927_12_Pink.xlsx,quantifiers,数量を表すことば,JW,S0927,0,0,S0927,f,1,378,12
1318,JW_S0927_12_Pink.xlsx,sounds2,幼児語（その２）,JW,S0927,0,0,S0927,f,1,378,12
1319,JW_S0927_12_Pink.xlsx,conversations,会話語,JW,S0927,0,0,S0927,f,1,378,12
1320,JW_S0927_12_Pink.xlsx,others,その他,JW,S0927,0,0,S0927,f,1,378,12
1321,JW_S0949_12_Pink.xlsx,sounds,幼児語,JW,S0949,0,0,S0949,m,1,365,12
1322,JW_S0949_12_Pink.xlsx,animals,動物の名前,JW,S0949,0,0,S0949,m,1,365,12
1323,JW_S0949_12_Pink.xlsx,vehicles,乗り物,JW,S0949,0,0,S0949,m,1,365,12
1324,JW_S0949_12_Pink.xlsx,toys,おもちゃ,JW,S0949,0,0,S0949,m,1,365,12
1325,JW_S0949_12_Pink.xlsx,food_drink,食べ物と飲み物,JW,S0949,0,0,S0949,m,1,365,12
1326,JW_S0949_12_Pink.xlsx,clothing,衣類,JW,S0949,0,0,S0949,m,1,365,12
1327,JW_S0949_12_Pink.xlsx,body_parts,体の部分,JW,S0949,0,0,S0949,m,1,365,12
1328,JW_S0949_12_Pink.xlsx,furniture_rooms,家具と部屋,JW,S0949,0,0,S0949,m,1,365,12
1329,JW_S0949_12_Pink.xlsx,household,小さな家庭用品,JW,S0949,0,0,S0949,m,1,365,12
1330,JW_S0949_12_Pink.xlsx,outside,戸外の物と場所,JW,S0949,0,0,S0949,m,1,365,12
1331,JW_S0949_12_Pink.xlsx,people,人々,JW,S0949,0,0,S0949,m,1,365,12
1332,JW_S0949_12_Pink.xlsx,games_routines,日課とあいさつ,JW,S0949,6,0,S0949,m,1,365,12
1333,JW_S0949_12_Pink.xlsx,action_words,動作語,JW,S0949,0,0,S0949,m,1,365,12
1334,JW_S0949_12_Pink.xlsx,time_words,時間についてのことば,JW,S0949,0,0,S0949,m,1,365,12
1335,JW_S0949_12_Pink.xlsx,descriptive_words,ようす・性質,JW,S0949,0,0,S0949,m,1,365,12
1336,JW_S0949_12_Pink.xlsx,pronouns,代名詞,JW,S0949,0,0,S0949,m,1,365,12
1337,JW_S0949_12_Pink.xlsx,question_words,質問のことば,JW,S0949,0,0,S0949,m,1,365,12
1338,JW_S0949_12_Pink.xlsx,locations,位置と場所についてのことば,JW,S0949,0,0,S0949,m,1,365,12
1339,JW_S0949_12_Pink.xlsx,quantifiers,数量を表すことば,JW,S0949,0,0,S0949,m,1,365,12
1340,JW_S0949_12_Pink.xlsx,sounds2,幼児語（その２）,JW,S0949,0,0,S0949,m,1,365,12
1341,JW_S0949_12_Pink.xlsx,conversations,会話語,JW,S0949,0,0,S0949,m,1,365,12
1342,JW_S0949_12_Pink.xlsx,others,その他,JW,S0949,0,0,S0949,m,1,365,12
1343,JW_S0964_13_Pink.xlsx,sounds,幼児語,JW,S0964,1,1,S0964,m,1,410,13
1344,JW_S0964_13_Pink.xlsx,animals,動物の名前,JW,S0964,3,0,S0964,m,1,410,13
1345,JW_S0964_13_Pink.xlsx,vehicles,乗り物,JW,S0964,0,0,S0964,m,1,410,13
1346,JW_S0964_13_Pink.xlsx,toys,おもちゃ,JW,S0964,1,0,S0964,m,1,410,13
1347,JW_S0964_13_Pink.xlsx,food_drink,食べ物と飲み物,JW,S0964,5,0,S0964,m,1,410,13
1348,JW_S0964_13_Pink.xlsx,clothing,衣類,JW,S0964,0,0,S0964,m,1,410,13
1349,JW_S0964_13_Pink.xlsx,body_parts,体の部分,JW,S0964,2,0,S0964,m,1,410,13
1350,JW_S0964_13_Pink.xlsx,furniture_rooms,家具と部屋,JW,S0964,3,0,S0964,m,1,410,13
1351,JW_S0964_13_Pink.xlsx,household,小さな家庭用品,JW,S0964,1,0,S0964,m,1,410,13
1352,JW_S0964_13_Pink.xlsx,outside,戸外の物と場所,JW,S0964,1,0,S0964,m,1,410,13
1353,JW_S0964_13_Pink.xlsx,people,人々,JW,S0964,6,0,S0964,m,1,410,13
1354,JW_S0964_13_Pink.xlsx,games_routines,日課とあいさつ,JW,S0964,8,0,S0964,m,1,410,13
1355,JW_S0964_13_Pink.xlsx,action_words,動作語,JW,S0964,0,0,S0964,m,1,410,13
1356,JW_S0964_13_Pink.xlsx,time_words,時間についてのことば,JW,S0964,0,0,S0964,m,1,410,13
1357,JW_S0964_13_Pink.xlsx,descriptive_words,ようす・性質,JW,S0964,3,0,S0964,m,1,410,13
1358,JW_S0964_13_Pink.xlsx,pronouns,代名詞,JW,S0964,4,0,S0964,m,1,410,13
1359,JW_S0964_13_Pink.xlsx,question_words,質問のことば,JW,S0964,0,0,S0964,m,1,410,13
1360,JW_S0964_13_Pink.xlsx,locations,位置と場所についてのことば,JW,S0964,0,0,S0964,m,1,410,13
1361,JW_S0964_13_Pink.xlsx,quantifiers,数量を表すことば,JW,S0964,1,0,S0964,m,1,410,13
1362,JW_S0964_13_Pink.xlsx,sounds2,幼児語（その２）,JW,S0964,4,0,S0964,m,1,410,13
1363,JW_S0964_13_Pink.xlsx,conversations,会話語,JW,S0964,1,0,S0964,m,1,410,13
1364,JW_S0964_13_Pink.xlsx,others,その他,JW,S0964,0,0,S0964,m,1,410,13
1365,JW_S0997_13_Pink.xlsx,sounds,幼児語,JW,S0997,0,0,S0997,f,1,399,13
1366,JW_S0997_13_Pink.xlsx,animals,動物の名前,JW,S0997,0,0,S0997,f,1,399,13
1367,JW_S0997_13_Pink.xlsx,vehicles,乗り物,JW,S0997,0,0,S0997,f,1,399,13
1368,JW_S0997_13_Pink.xlsx,toys,おもちゃ,JW,S0997,0,0,S0997,f,1,399,13
1369,JW_S0997_13_Pink.xlsx,food_drink,食べ物と飲み物,JW,S0997,0,0,S0997,f,1,399,13
1370,JW_S0997_13_Pink.xlsx,clothing,衣類,JW,S0997,0,0,S0997,f,1,399,13
1371,JW_S0997_13_Pink.xlsx,body_parts,体の部分,JW,S0997,0,0,S0997,f,1,399,13
1372,JW_S0997_13_Pink.xlsx,furniture_rooms,家具と部屋,JW,S0997,0,0,S0997,f,1,399,13
1373,JW_S0997_13_Pink.xlsx,household,小さな家庭用品,JW,S0997,0,0,S0997,f,1,399,13
1374,JW_S0997_13_Pink.xlsx,outside,戸外の物と場所,JW,S0997,0,0,S0997,f,1,399,13
1375,JW_S0997_13_Pink.xlsx,people,人々,JW,S0997,0,2,S0997,f,1,399,13
1376,JW_S0997_13_Pink.xlsx,games_routines,日課とあいさつ,JW,S0997,8,0,S0997,f,1,399,13
1377,JW_S0997_13_Pink.xlsx,action_words,動作語,JW,S0997,2,0,S0997,f,1,399,13
1378,JW_S0997_13_Pink.xlsx,time_words,時間についてのことば,JW,S0997,0,0,S0997,f,1,399,13
1379,JW_S0997_13_Pink.xlsx,descriptive_words,ようす・性質,JW,S0997,0,0,S0997,f,1,399,13
1380,JW_S0997_13_Pink.xlsx,pronouns,代名詞,JW,S0997,0,0,S0997,f,1,399,13
1381,JW_S0997_13_Pink.xlsx,question_words,質問のことば,JW,S0997,0,0,S0997,f,1,399,13
1382,JW_S0997_13_Pink.xlsx,locations,位置と場所についてのことば,JW,S0997,0,0,S0997,f,1,399,13
1383,JW_S0997_13_Pink.xlsx,quantifiers,数量を表すことば,JW,S0997,0,0,S0997,f,1,399,13
1384,JW_S0997_13_Pink.xlsx,sounds2,幼児語（その２）,JW,S0997,0,0,S0997,f,1,399,13
1385,JW_S0997_13_Pink.xlsx,conversations,会話語,JW,S0997,2,0,S0997,f,1,399,13
1386,JW_S0997_13_Pink.xlsx,others,その他,JW,S0997,0,0,S0997,f,1,399,13
1387,KU_K0001_12_Pink.xlsx,sounds,幼児語,KU,K0001,1,0,K0001,m,1,365,12
1388,KU_K0001_12_Pink.xlsx,animals,動物の名前,KU,K0001,0,0,K0001,m,1,365,12
1389,KU_K0001_12_Pink.xlsx,vehicles,乗り物,KU,K0001,0,0,K0001,m,1,365,12
1390,KU_K0001_12_Pink.xlsx,toys,おもちゃ,KU,K0001,0,0,K0001,m,1,365,12
1391,KU_K0001_12_Pink.xlsx,food_drink,食べ物と飲み物,KU,K0001,1,0,K0001,m,1,365,12
1392,KU_K0001_12_Pink.xlsx,clothing,衣類,KU,K0001,0,0,K0001,m,1,365,12
1393,KU_K0001_12_Pink.xlsx,body_parts,体の部分,KU,K0001,2,0,K0001,m,1,365,12
1394,KU_K0001_12_Pink.xlsx,furniture_rooms,家具と部屋,KU,K0001,1,0,K0001,m,1,365,12
1395,KU_K0001_12_Pink.xlsx,household,小さな家庭用品,KU,K0001,1,0,K0001,m,1,365,12
1396,KU_K0001_12_Pink.xlsx,outside,戸外の物と場所,KU,K0001,0,0,K0001,m,1,365,12
1397,KU_K0001_12_Pink.xlsx,people,人々,KU,K0001,1,1,K0001,m,1,365,12
1398,KU_K0001_12_Pink.xlsx,games_routines,日課とあいさつ,KU,K0001,6,0,K0001,m,1,365,12
1399,KU_K0001_12_Pink.xlsx,action_words,動作語,KU,K0001,1,0,K0001,m,1,365,12
1400,KU_K0001_12_Pink.xlsx,time_words,時間についてのことば,KU,K0001,0,0,K0001,m,1,365,12
1401,KU_K0001_12_Pink.xlsx,descriptive_words,ようす・性質,KU,K0001,1,0,K0001,m,1,365,12
1402,KU_K0001_12_Pink.xlsx,pronouns,代名詞,KU,K0001,0,0,K0001,m,1,365,12
1403,KU_K0001_12_Pink.xlsx,question_words,質問のことば,KU,K0001,0,0,K0001,m,1,365,12
1404,KU_K0001_12_Pink.xlsx,locations,位置と場所についてのことば,KU,K0001,0,0,K0001,m,1,365,12
1405,KU_K0001_12_Pink.xlsx,quantifiers,数量を表すことば,KU,K0001,0,0,K0001,m,1,365,12
1406,KU_K0001_12_Pink.xlsx,sounds2,幼児語（その２）,KU,K0001,0,0,K0001,m,1,365,12
1407,KU_K0001_12_Pink.xlsx,conversations,会話語,KU,K0001,0,0,K0001,m,1,365,12
1408,KU_K0001_12_Pink.xlsx,others,その他,KU,K0001,2,0,K0001,m,1,365,12
1409,KU_K0002_12_Pink.xlsx,sounds,幼児語,KU,K0002,0,0,K0002,f,1,365,12
1410,KU_K0002_12_Pink.xlsx,animals,動物の名前,KU,K0002,0,0,K0002,f,1,365,12
1411,KU_K0002_12_Pink.xlsx,vehicles,乗り物,KU,K0002,0,0,K0002,f,1,365,12
1412,KU_K0002_12_Pink.xlsx,toys,おもちゃ,KU,K0002,0,0,K0002,f,1,365,12
1413,KU_K0002_12_Pink.xlsx,food_drink,食べ物と飲み物,KU,K0002,0,0,K0002,f,1,365,12
1414,KU_K0002_12_Pink.xlsx,clothing,衣類,KU,K0002,0,0,K0002,f,1,365,12
1415,KU_K0002_12_Pink.xlsx,body_parts,体の部分,KU,K0002,0,0,K0002,f,1,365,12
1416,KU_K0002_12_Pink.xlsx,furniture_rooms,家具と部屋,KU,K0002,0,0,K0002,f,1,365,12
1417,KU_K0002_12_Pink.xlsx,household,小さな家庭用品,KU,K0002,0,0,K0002,f,1,365,12
1418,KU_K0002_12_Pink.xlsx,outside,戸外の物と場所,KU,K0002,0,0,K0002,f,1,365,12
1419,KU_K0002_12_Pink.xlsx,people,人々,KU,K0002,0,0,K0002,f,1,365,12
1420,KU_K0002_12_Pink.xlsx,games_routines,日課とあいさつ,KU,K0002,1,0,K0002,f,1,365,12
1421,KU_K0002_12_Pink.xlsx,action_words,動作語,KU,K0002,0,0,K0002,f,1,365,12
1422,KU_K0002_12_Pink.xlsx,time_words,時間についてのことば,KU,K0002,0,0,K0002,f,1,365,12
1423,KU_K0002_12_Pink.xlsx,descriptive_words,ようす・性質,KU,K0002,0,0,K0002,f,1,365,12
1424,KU_K0002_12_Pink.xlsx,pronouns,代名詞,KU,K0002,0,0,K0002,f,1,365,12
1425,KU_K0002_12_Pink.xlsx,question_words,質問のことば,KU,K0002,0,0,K0002,f,1,365,12
1426,KU_K0002_12_Pink.xlsx,locations,位置と場所についてのことば,KU,K0002,0,0,K0002,f,1,365,12
1427,KU_K0002_12_Pink.xlsx,quantifiers,数量を表すことば,KU,K0002,0,0,K0002,f,1,365,12
1428,KU_K0002_12_Pink.xlsx,sounds2,幼児語（その２）,KU,K0002,0,0,K0002,f,1,365,12
1429,KU_K0002_12_Pink.xlsx,conversations,会話語,KU,K0002,0,0,K0002,f,1,365,12
1430,KU_K0002_12_Pink.xlsx,others,その他,KU,K0002,0,0,K0002,f,1,365,12
1431,KU_K0003_12_Pink.xlsx,sounds,幼児語,KU,K0003,2,0,K0003,f,1,365,12
1432,KU_K0003_12_Pink.xlsx,animals,動物の名前,KU,K0003,1,0,K0003,f,1,365,12
1433,KU_K0003_12_Pink.xlsx,vehicles,乗り物,KU,K0003,0,0,K0003,f,1,365,12
1434,KU_K0003_12_Pink.xlsx,toys,おもちゃ,KU,K0003,1,0,K0003,f,1,365,12
1435,KU_K0003_12_Pink.xlsx,food_drink,食べ物と飲み物,KU,K0003,2,0,K0003,f,1,365,12
1436,KU_K0003_12_Pink.xlsx,clothing,衣類,KU,K0003,0,0,K0003,f,1,365,12
1437,KU_K0003_12_Pink.xlsx,body_parts,体の部分,KU,K0003,1,0,K0003,f,1,365,12
1438,KU_K0003_12_Pink.xlsx,furniture_rooms,家具と部屋,KU,K0003,0,0,K0003,f,1,365,12
1439,KU_K0003_12_Pink.xlsx,household,小さな家庭用品,KU,K0003,0,0,K0003,f,1,365,12
1440,KU_K0003_12_Pink.xlsx,outside,戸外の物と場所,KU,K0003,0,0,K0003,f,1,365,12
1441,KU_K0003_12_Pink.xlsx,people,人々,KU,K0003,3,0,K0003,f,1,365,12
1442,KU_K0003_12_Pink.xlsx,games_routines,日課とあいさつ,KU,K0003,12,0,K0003,f,1,365,12
1443,KU_K0003_12_Pink.xlsx,action_words,動作語,KU,K0003,6,0,K0003,f,1,365,12
1444,KU_K0003_12_Pink.xlsx,time_words,時間についてのことば,KU,K0003,2,0,K0003,f,1,365,12
1445,KU_K0003_12_Pink.xlsx,descriptive_words,ようす・性質,KU,K0003,5,0,K0003,f,1,365,12
1446,KU_K0003_12_Pink.xlsx,pronouns,代名詞,KU,K0003,1,0,K0003,f,1,365,12
1447,KU_K0003_12_Pink.xlsx,question_words,質問のことば,KU,K0003,0,0,K0003,f,1,365,12
1448,KU_K0003_12_Pink.xlsx,locations,位置と場所についてのことば,KU,K0003,0,0,K0003,f,1,365,12
1449,KU_K0003_12_Pink.xlsx,quantifiers,数量を表すことば,KU,K0003,0,0,K0003,f,1,365,12
1450,KU_K0003_12_Pink.xlsx,sounds2,幼児語（その２）,KU,K0003,1,0,K0003,f,1,365,12
1451,KU_K0003_12_Pink.xlsx,conversations,会話語,KU,K0003,0,0,K0003,f,1,365,12
1452,KU_K0003_12_Pink.xlsx,others,その他,KU,K0003,1,0,K0003,f,1,365,12
1453,KU_K0004_12_Pink.xlsx,sounds,幼児語,KU,K0004,0,0,K0004,f,1,365,12
1454,KU_K0004_12_Pink.xlsx,animals,動物の名前,KU,K0004,0,0,K0004,f,1,365,12
1455,KU_K0004_12_Pink.xlsx,vehicles,乗り物,KU,K0004,2,0,K0004,f,1,365,12
1456,KU_K0004_12_Pink.xlsx,toys,おもちゃ,KU,K0004,4,0,K0004,f,1,365,12
1457,KU_K0004_12_Pink.xlsx,food_drink,食べ物と飲み物,KU,K0004,10,0,K0004,f,1,365,12
1458,KU_K0004_12_Pink.xlsx,clothing,衣類,KU,K0004,5,0,K0004,f,1,365,12
1459,KU_K0004_12_Pink.xlsx,body_parts,体の部分,KU,K0004,3,0,K0004,f,1,365,12
1460,KU_K0004_12_Pink.xlsx,furniture_rooms,家具と部屋,KU,K0004,2,0,K0004,f,1,365,12
1461,KU_K0004_12_Pink.xlsx,household,小さな家庭用品,KU,K0004,7,0,K0004,f,1,365,12
1462,KU_K0004_12_Pink.xlsx,outside,戸外の物と場所,KU,K0004,5,0,K0004,f,1,365,12
1463,KU_K0004_12_Pink.xlsx,people,人々,KU,K0004,8,0,K0004,f,1,365,12
1464,KU_K0004_12_Pink.xlsx,games_routines,日課とあいさつ,KU,K0004,14,0,K0004,f,1,365,12
1465,KU_K0004_12_Pink.xlsx,action_words,動作語,KU,K0004,0,0,K0004,f,1,365,12
1466,KU_K0004_12_Pink.xlsx,time_words,時間についてのことば,KU,K0004,0,0,K0004,f,1,365,12
1467,KU_K0004_12_Pink.xlsx,descriptive_words,ようす・性質,KU,K0004,7,0,K0004,f,1,365,12
1468,KU_K0004_12_Pink.xlsx,pronouns,代名詞,KU,K0004,2,0,K0004,f,1,365,12
1469,KU_K0004_12_Pink.xlsx,question_words,質問のことば,KU,K0004,0,0,K0004,f,1,365,12
1470,KU_K0004_12_Pink.xlsx,locations,位置と場所についてのことば,KU,K0004,1,0,K0004,f,1,365,12
1471,KU_K0004_12_Pink.xlsx,quantifiers,数量を表すことば,KU,K0004,1,0,K0004,f,1,365,12
1472,KU_K0004_12_Pink.xlsx,sounds2,幼児語（その２）,KU,K0004,12,0,K0004,f,1,365,12
1473,KU_K0004_12_Pink.xlsx,conversations,会話語,KU,K0004,2,0,K0004,f,1,365,12
1474,KU_K0004_12_Pink.xlsx,others,その他,KU,K0004,2,0,K0004,f,1,365,12
1475,KU_K0005_12_Pink.xlsx,sounds,幼児語,KU,K0005,0,0,K0005,f,1,365,12
1476,KU_K0005_12_Pink.xlsx,animals,動物の名前,KU,K0005,0,0,K0005,f,1,365,12
1477,KU_K0005_12_Pink.xlsx,vehicles,乗り物,KU,K0005,0,0,K0005,f,1,365,12
1478,KU_K0005_12_Pink.xlsx,toys,おもちゃ,KU,K0005,0,0,K0005,f,1,365,12
1479,KU_K0005_12_Pink.xlsx,food_drink,食べ物と飲み物,KU,K0005,0,0,K0005,f,1,365,12
1480,KU_K0005_12_Pink.xlsx,clothing,衣類,KU,K0005,0,0,K0005,f,1,365,12
1481,KU_K0005_12_Pink.xlsx,body_parts,体の部分,KU,K0005,0,0,K0005,f,1,365,12
1482,KU_K0005_12_Pink.xlsx,furniture_rooms,家具と部屋,KU,K0005,0,0,K0005,f,1,365,12
1483,KU_K0005_12_Pink.xlsx,household,小さな家庭用品,KU,K0005,0,0,K0005,f,1,365,12
1484,KU_K0005_12_Pink.xlsx,outside,戸外の物と場所,KU,K0005,0,0,K0005,f,1,365,12
1485,KU_K0005_12_Pink.xlsx,people,人々,KU,K0005,0,0,K0005,f,1,365,12
1486,KU_K0005_12_Pink.xlsx,games_routines,日課とあいさつ,KU,K0005,0,0,K0005,f,1,365,12
1487,KU_K0005_12_Pink.xlsx,action_words,動作語,KU,K0005,0,0,K0005,f,1,365,12
1488,KU_K0005_12_Pink.xlsx,time_words,時間についてのことば,KU,K0005,0,0,K0005,f,1,365,12
1489,KU_K0005_12_Pink.xlsx,descriptive_words,ようす・性質,KU,K0005,0,0,K0005,f,1,365,12
1490,KU_K0005_12_Pink.xlsx,pronouns,代名詞,KU,K0005,0,0,K0005,f,1,365,12
1491,KU_K0005_12_Pink.xlsx,question_words,質問のことば,KU,K0005,0,0,K0005,f,1,365,12
1492,KU_K0005_12_Pink.xlsx,locations,位置と場所についてのことば,KU,K0005,0,0,K0005,f,1,365,12
1493,KU_K0005_12_Pink.xlsx,quantifiers,数量を表すことば,KU,K0005,0,0,K0005,f,1,365,12
1494,KU_K0005_12_Pink.xlsx,sounds2,幼児語（その２）,KU,K0005,0,0,K0005,f,1,365,12
1495,KU_K0005_12_Pink.xlsx,conversations,会話語,KU,K0005,0,0,K0005,f,1,365,12
1496,KU_K0005_12_Pink.xlsx,others,その他,KU,K0005,0,0,K0005,f,1,365,12
1497,KU_K0006_12_Pink.xlsx,sounds,幼児語,KU,K0006,5,2,K0006,f,1,365,12
1498,KU_K0006_12_Pink.xlsx,animals,動物の名前,KU,K0006,3,2,K0006,f,1,365,12
1499,KU_K0006_12_Pink.xlsx,vehicles,乗り物,KU,K0006,1,0,K0006,f,1,365,12
1500,KU_K0006_12_Pink.xlsx,toys,おもちゃ,KU,K0006,1,0,K0006,f,1,365,12
1501,KU_K0006_12_Pink.xlsx,food_drink,食べ物と飲み物,KU,K0006,5,1,K0006,f,1,365,12
1502,KU_K0006_12_Pink.xlsx,clothing,衣類,KU,K0006,1,0,K0006,f,1,365,12
1503,KU_K0006_12_Pink.xlsx,body_parts,体の部分,KU,K0006,2,0,K0006,f,1,365,12
1504,KU_K0006_12_Pink.xlsx,furniture_rooms,家具と部屋,KU,K0006,4,0,K0006,f,1,365,12
1505,KU_K0006_12_Pink.xlsx,household,小さな家庭用品,KU,K0006,1,0,K0006,f,1,365,12
1506,KU_K0006_12_Pink.xlsx,outside,戸外の物と場所,KU,K0006,2,0,K0006,f,1,365,12
1507,KU_K0006_12_Pink.xlsx,people,人々,KU,K0006,7,2,K0006,f,1,365,12
1508,KU_K0006_12_Pink.xlsx,games_routines,日課とあいさつ,KU,K0006,13,1,K0006,f,1,365,12
1509,KU_K0006_12_Pink.xlsx,action_words,動作語,KU,K0006,2,0,K0006,f,1,365,12
1510,KU_K0006_12_Pink.xlsx,time_words,時間についてのことば,KU,K0006,1,0,K0006,f,1,365,12
1511,KU_K0006_12_Pink.xlsx,descriptive_words,ようす・性質,KU,K0006,3,0,K0006,f,1,365,12
1512,KU_K0006_12_Pink.xlsx,pronouns,代名詞,KU,K0006,1,0,K0006,f,1,365,12
1513,KU_K0006_12_Pink.xlsx,question_words,質問のことば,KU,K0006,0,0,K0006,f,1,365,12
1514,KU_K0006_12_Pink.xlsx,locations,位置と場所についてのことば,KU,K0006,0,0,K0006,f,1,365,12
1515,KU_K0006_12_Pink.xlsx,quantifiers,数量を表すことば,KU,K0006,2,0,K0006,f,1,365,12
1516,KU_K0006_12_Pink.xlsx,sounds2,幼児語（その２）,KU,K0006,6,1,K0006,f,1,365,12
1517,KU_K0006_12_Pink.xlsx,conversations,会話語,KU,K0006,1,0,K0006,f,1,365,12
1518,KU_K0006_12_Pink.xlsx,others,その他,KU,K0006,4,0,K0006,f,1,365,12
1519,KU_K0007_12_Pink.xlsx,sounds,幼児語,KU,K0007,2,0,K0007,m,1,365,12
1520,KU_K0007_12_Pink.xlsx,animals,動物の名前,KU,K0007,0,0,K0007,m,1,365,12
1521,KU_K0007_12_Pink.xlsx,vehicles,乗り物,KU,K0007,1,0,K0007,m,1,365,12
1522,KU_K0007_12_Pink.xlsx,toys,おもちゃ,KU,K0007,2,0,K0007,m,1,365,12
1523,KU_K0007_12_Pink.xlsx,food_drink,食べ物と飲み物,KU,K0007,2,0,K0007,m,1,365,12
1524,KU_K0007_12_Pink.xlsx,clothing,衣類,KU,K0007,0,0,K0007,m,1,365,12
1525,KU_K0007_12_Pink.xlsx,body_parts,体の部分,KU,K0007,0,0,K0007,m,1,365,12
1526,KU_K0007_12_Pink.xlsx,furniture_rooms,家具と部屋,KU,K0007,0,0,K0007,m,1,365,12
1527,KU_K0007_12_Pink.xlsx,household,小さな家庭用品,KU,K0007,0,0,K0007,m,1,365,12
1528,KU_K0007_12_Pink.xlsx,outside,戸外の物と場所,KU,K0007,0,0,K0007,m,1,365,12
1529,KU_K0007_12_Pink.xlsx,people,人々,KU,K0007,1,2,K0007,m,1,365,12
1530,KU_K0007_12_Pink.xlsx,games_routines,日課とあいさつ,KU,K0007,9,1,K0007,m,1,365,12
1531,KU_K0007_12_Pink.xlsx,action_words,動作語,KU,K0007,0,0,K0007,m,1,365,12
1532,KU_K0007_12_Pink.xlsx,time_words,時間についてのことば,KU,K0007,0,0,K0007,m,1,365,12
1533,KU_K0007_12_Pink.xlsx,descriptive_words,ようす・性質,KU,K0007,0,0,K0007,m,1,365,12
1534,KU_K0007_12_Pink.xlsx,pronouns,代名詞,KU,K0007,1,0,K0007,m,1,365,12
1535,KU_K0007_12_Pink.xlsx,question_words,質問のことば,KU,K0007,0,0,K0007,m,1,365,12
1536,KU_K0007_12_Pink.xlsx,locations,位置と場所についてのことば,KU,K0007,0,0,K0007,m,1,365,12
1537,KU_K0007_12_Pink.xlsx,quantifiers,数量を表すことば,KU,K0007,3,0,K0007,m,1,365,12
1538,KU_K0007_12_Pink.xlsx,sounds2,幼児語（その２）,KU,K0007,2,3,K0007,m,1,365,12
1539,KU_K0007_12_Pink.xlsx,conversations,会話語,KU,K0007,0,1,K0007,m,1,365,12
1540,KU_K0007_12_Pink.xlsx,others,その他,KU,K0007,0,0,K0007,m,1,365,12
1541,KU_K0008_12_Pink.xlsx,sounds,幼児語,KU,K0008,3,0,K0008,f,1,365,12
1542,KU_K0008_12_Pink.xlsx,animals,動物の名前,KU,K0008,3,0,K0008,f,1,365,12
1543,KU_K0008_12_Pink.xlsx,vehicles,乗り物,KU,K0008,3,0,K0008,f,1,365,12
1544,KU_K0008_12_Pink.xlsx,toys,おもちゃ,KU,K0008,4,0,K0008,f,1,365,12
1545,KU_K0008_12_Pink.xlsx,food_drink,食べ物と飲み物,KU,K0008,2,5,K0008,f,1,365,12
1546,KU_K0008_12_Pink.xlsx,clothing,衣類,KU,K0008,3,0,K0008,f,1,365,12
1547,KU_K0008_12_Pink.xlsx,body_parts,体の部分,KU,K0008,3,0,K0008,f,1,365,12
1548,KU_K0008_12_Pink.xlsx,furniture_rooms,家具と部屋,KU,K0008,1,0,K0008,f,1,365,12
1549,KU_K0008_12_Pink.xlsx,household,小さな家庭用品,KU,K0008,2,0,K0008,f,1,365,12
1550,KU_K0008_12_Pink.xlsx,outside,戸外の物と場所,KU,K0008,1,0,K0008,f,1,365,12
1551,KU_K0008_12_Pink.xlsx,people,人々,KU,K0008,3,4,K0008,f,1,365,12
1552,KU_K0008_12_Pink.xlsx,games_routines,日課とあいさつ,KU,K0008,9,2,K0008,f,1,365,12
1553,KU_K0008_12_Pink.xlsx,action_words,動作語,KU,K0008,6,0,K0008,f,1,365,12
1554,KU_K0008_12_Pink.xlsx,time_words,時間についてのことば,KU,K0008,0,0,K0008,f,1,365,12
1555,KU_K0008_12_Pink.xlsx,descriptive_words,ようす・性質,KU,K0008,3,0,K0008,f,1,365,12
1556,KU_K0008_12_Pink.xlsx,pronouns,代名詞,KU,K0008,0,0,K0008,f,1,365,12
1557,KU_K0008_12_Pink.xlsx,question_words,質問のことば,KU,K0008,2,0,K0008,f,1,365,12
1558,KU_K0008_12_Pink.xlsx,locations,位置と場所についてのことば,KU,K0008,0,0,K0008,f,1,365,12
1559,KU_K0008_12_Pink.xlsx,quantifiers,数量を表すことば,KU,K0008,0,0,K0008,f,1,365,12
1560,KU_K0008_12_Pink.xlsx,sounds2,幼児語（その２）,KU,K0008,8,1,K0008,f,1,365,12
1561,KU_K0008_12_Pink.xlsx,conversations,会話語,KU,K0008,0,1,K0008,f,1,365,12
1562,KU_K0008_12_Pink.xlsx,others,その他,KU,K0008,3,0,K0008,f,1,365,12
1563,KU_K0009_12_Pink.xlsx,sounds,幼児語,KU,K0009,3,0,K0009,m,1,365,12
1564,KU_K0009_12_Pink.xlsx,animals,動物の名前,KU,K0009,0,0,K0009,m,1,365,12
1565,KU_K0009_12_Pink.xlsx,vehicles,乗り物,KU,K0009,1,0,K0009,m,1,365,12
1566,KU_K0009_12_Pink.xlsx,toys,おもちゃ,KU,K0009,1,0,K0009,m,1,365,12
1567,KU_K0009_12_Pink.xlsx,food_drink,食べ物と飲み物,KU,K0009,1,0,K0009,m,1,365,12
1568,KU_K0009_12_Pink.xlsx,clothing,衣類,KU,K0009,0,0,K0009,m,1,365,12
1569,KU_K0009_12_Pink.xlsx,body_parts,体の部分,KU,K0009,0,0,K0009,m,1,365,12
1570,KU_K0009_12_Pink.xlsx,furniture_rooms,家具と部屋,KU,K0009,0,0,K0009,m,1,365,12
1571,KU_K0009_12_Pink.xlsx,household,小さな家庭用品,KU,K0009,0,0,K0009,m,1,365,12
1572,KU_K0009_12_Pink.xlsx,outside,戸外の物と場所,KU,K0009,0,0,K0009,m,1,365,12
1573,KU_K0009_12_Pink.xlsx,people,人々,KU,K0009,4,0,K0009,m,1,365,12
1574,KU_K0009_12_Pink.xlsx,games_routines,日課とあいさつ,KU,K0009,6,0,K0009,m,1,365,12
1575,KU_K0009_12_Pink.xlsx,action_words,動作語,KU,K0009,7,0,K0009,m,1,365,12
1576,KU_K0009_12_Pink.xlsx,time_words,時間についてのことば,KU,K0009,0,0,K0009,m,1,365,12
1577,KU_K0009_12_Pink.xlsx,descriptive_words,ようす・性質,KU,K0009,1,0,K0009,m,1,365,12
1578,KU_K0009_12_Pink.xlsx,pronouns,代名詞,KU,K0009,3,0,K0009,m,1,365,12
1579,KU_K0009_12_Pink.xlsx,question_words,質問のことば,KU,K0009,0,0,K0009,m,1,365,12
1580,KU_K0009_12_Pink.xlsx,locations,位置と場所についてのことば,KU,K0009,0,0,K0009,m,1,365,12
1581,KU_K0009_12_Pink.xlsx,quantifiers,数量を表すことば,KU,K0009,1,0,K0009,m,1,365,12
1582,KU_K0009_12_Pink.xlsx,sounds2,幼児語（その２）,KU,K0009,2,0,K0009,m,1,365,12
1583,KU_K0009_12_Pink.xlsx,conversations,会話語,KU,K0009,3,0,K0009,m,1,365,12
1584,KU_K0009_12_Pink.xlsx,others,その他,KU,K0009,1,0,K0009,m,1,365,12
1585,KU_K0010_12_Pink.xlsx,sounds,幼児語,KU,K0010,1,0,K0010,m,1,365,12
1586,KU_K0010_12_Pink.xlsx,animals,動物の名前,KU,K0010,0,0,K0010,m,1,365,12
1587,KU_K0010_12_Pink.xlsx,vehicles,乗り物,KU,K0010,0,0,K0010,m,1,365,12
1588,KU_K0010_12_Pink.xlsx,toys,おもちゃ,KU,K0010,1,0,K0010,m,1,365,12
1589,KU_K0010_12_Pink.xlsx,food_drink,食べ物と飲み物,KU,K0010,0,0,K0010,m,1,365,12
1590,KU_K0010_12_Pink.xlsx,clothing,衣類,KU,K0010,0,0,K0010,m,1,365,12
1591,KU_K0010_12_Pink.xlsx,body_parts,体の部分,KU,K0010,0,0,K0010,m,1,365,12
1592,KU_K0010_12_Pink.xlsx,furniture_rooms,家具と部屋,KU,K0010,0,0,K0010,m,1,365,12
1593,KU_K0010_12_Pink.xlsx,household,小さな家庭用品,KU,K0010,0,0,K0010,m,1,365,12
1594,KU_K0010_12_Pink.xlsx,outside,戸外の物と場所,KU,K0010,0,0,K0010,m,1,365,12
1595,KU_K0010_12_Pink.xlsx,people,人々,KU,K0010,0,0,K0010,m,1,365,12
1596,KU_K0010_12_Pink.xlsx,games_routines,日課とあいさつ,KU,K0010,6,0,K0010,m,1,365,12
1597,KU_K0010_12_Pink.xlsx,action_words,動作語,KU,K0010,0,0,K0010,m,1,365,12
1598,KU_K0010_12_Pink.xlsx,time_words,時間についてのことば,KU,K0010,0,0,K0010,m,1,365,12
1599,KU_K0010_12_Pink.xlsx,descriptive_words,ようす・性質,KU,K0010,0,0,K0010,m,1,365,12
1600,KU_K0010_12_Pink.xlsx,pronouns,代名詞,KU,K0010,0,0,K0010,m,1,365,12
1601,KU_K0010_12_Pink.xlsx,question_words,質問のことば,KU,K0010,0,0,K0010,m,1,365,12
1602,KU_K0010_12_Pink.xlsx,locations,位置と場所についてのことば,KU,K0010,0,0,K0010,m,1,365,12
1603,KU_K0010_12_Pink.xlsx,quantifiers,数量を表すことば,KU,K0010,0,0,K0010,m,1,365,12
1604,KU_K0010_12_Pink.xlsx,sounds2,幼児語（その２）,KU,K0010,0,0,K0010,m,1,365,12
1605,KU_K0010_12_Pink.xlsx,conversations,会話語,KU,K0010,0,0,K0010,m,1,365,12
1606,KU_K0010_12_Pink.xlsx,others,その他,KU,K0010,0,0,K0010,m,1,365,12
1607,KU_K0011_12_Pink.xlsx,sounds,幼児語,KU,K0011,1,0,K0011,f,1,365,12
1608,KU_K0011_12_Pink.xlsx,animals,動物の名前,KU,K0011,0,0,K0011,f,1,365,12
1609,KU_K0011_12_Pink.xlsx,vehicles,乗り物,KU,K0011,0,0,K0011,f,1,365,12
1610,KU_K0011_12_Pink.xlsx,toys,おもちゃ,KU,K0011,0,0,K0011,f,1,365,12
1611,KU_K0011_12_Pink.xlsx,food_drink,食べ物と飲み物,KU,K0011,1,0,K0011,f,1,365,12
1612,KU_K0011_12_Pink.xlsx,clothing,衣類,KU,K0011,0,0,K0011,f,1,365,12
1613,KU_K0011_12_Pink.xlsx,body_parts,体の部分,KU,K0011,0,0,K0011,f,1,365,12
1614,KU_K0011_12_Pink.xlsx,furniture_rooms,家具と部屋,KU,K0011,0,0,K0011,f,1,365,12
1615,KU_K0011_12_Pink.xlsx,household,小さな家庭用品,KU,K0011,0,0,K0011,f,1,365,12
1616,KU_K0011_12_Pink.xlsx,outside,戸外の物と場所,KU,K0011,0,0,K0011,f,1,365,12
1617,KU_K0011_12_Pink.xlsx,people,人々,KU,K0011,0,0,K0011,f,1,365,12
1618,KU_K0011_12_Pink.xlsx,games_routines,日課とあいさつ,KU,K0011,1,0,K0011,f,1,365,12
1619,KU_K0011_12_Pink.xlsx,action_words,動作語,KU,K0011,0,0,K0011,f,1,365,12
1620,KU_K0011_12_Pink.xlsx,time_words,時間についてのことば,KU,K0011,0,0,K0011,f,1,365,12
1621,KU_K0011_12_Pink.xlsx,descriptive_words,ようす・性質,KU,K0011,1,0,K0011,f,1,365,12
1622,KU_K0011_12_Pink.xlsx,pronouns,代名詞,KU,K0011,0,0,K0011,f,1,365,12
1623,KU_K0011_12_Pink.xlsx,question_words,質問のことば,KU,K0011,0,0,K0011,f,1,365,12
1624,KU_K0011_12_Pink.xlsx,locations,位置と場所についてのことば,KU,K0011,0,0,K0011,f,1,365,12
1625,KU_K0011_12_Pink.xlsx,quantifiers,数量を表すことば,KU,K0011,0,0,K0011,f,1,365,12
1626,KU_K0011_12_Pink.xlsx,sounds2,幼児語（その２）,KU,K0011,0,0,K0011,f,1,365,12
1627,KU_K0011_12_Pink.xlsx,conversations,会話語,KU,K0011,0,0,K0011,f,1,365,12
1628,KU_K0011_12_Pink.xlsx,others,その他,KU,K0011,0,0,K0011,f,1,365,12
1629,KU_K0012_12_Pink.xlsx,sounds,幼児語,KU,K0012,0,0,K0012,f,1,365,12
1630,KU_K0012_12_Pink.xlsx,animals,動物の名前,KU,K0012,0,0,K0012,f,1,365,12
1631,KU_K0012_12_Pink.xlsx,vehicles,乗り物,KU,K0012,0,0,K0012,f,1,365,12
1632,KU_K0012_12_Pink.xlsx,toys,おもちゃ,KU,K0012,0,0,K0012,f,1,365,12
1633,KU_K0012_12_Pink.xlsx,food_drink,食べ物と飲み物,KU,K0012,1,0,K0012,f,1,365,12
1634,KU_K0012_12_Pink.xlsx,clothing,衣類,KU,K0012,0,0,K0012,f,1,365,12
1635,KU_K0012_12_Pink.xlsx,body_parts,体の部分,KU,K0012,0,0,K0012,f,1,365,12
1636,KU_K0012_12_Pink.xlsx,furniture_rooms,家具と部屋,KU,K0012,0,0,K0012,f,1,365,12
1637,KU_K0012_12_Pink.xlsx,household,小さな家庭用品,KU,K0012,0,0,K0012,f,1,365,12
1638,KU_K0012_12_Pink.xlsx,outside,戸外の物と場所,KU,K0012,0,0,K0012,f,1,365,12
1639,KU_K0012_12_Pink.xlsx,people,人々,KU,K0012,0,0,K0012,f,1,365,12
1640,KU_K0012_12_Pink.xlsx,games_routines,日課とあいさつ,KU,K0012,6,0,K0012,f,1,365,12
1641,KU_K0012_12_Pink.xlsx,action_words,動作語,KU,K0012,0,0,K0012,f,1,365,12
1642,KU_K0012_12_Pink.xlsx,time_words,時間についてのことば,KU,K0012,0,0,K0012,f,1,365,12
1643,KU_K0012_12_Pink.xlsx,descriptive_words,ようす・性質,KU,K0012,3,0,K0012,f,1,365,12
1644,KU_K0012_12_Pink.xlsx,pronouns,代名詞,KU,K0012,0,0,K0012,f,1,365,12
1645,KU_K0012_12_Pink.xlsx,question_words,質問のことば,KU,K0012,0,0,K0012,f,1,365,12
1646,KU_K0012_12_Pink.xlsx,locations,位置と場所についてのことば,KU,K0012,0,0,K0012,f,1,365,12
1647,KU_K0012_12_Pink.xlsx,quantifiers,数量を表すことば,KU,K0012,3,0,K0012,f,1,365,12
1648,KU_K0012_12_Pink.xlsx,sounds2,幼児語（その２）,KU,K0012,1,0,K0012,f,1,365,12
1649,KU_K0012_12_Pink.xlsx,conversations,会話語,KU,K0012,0,0,K0012,f,1,365,12
1650,KU_K0012_12_Pink.xlsx,others,その他,KU,K0012,3,0,K0012,f,1,365,12
1651,KU_K0013_12_Pink.xlsx,sounds,幼児語,KU,K0013,2,0,K0013,f,1,365,12
1652,KU_K0013_12_Pink.xlsx,animals,動物の名前,KU,K0013,3,0,K0013,f,1,365,12
1653,KU_K0013_12_Pink.xlsx,vehicles,乗り物,KU,K0013,0,0,K0013,f,1,365,12
1654,KU_K0013_12_Pink.xlsx,toys,おもちゃ,KU,K0013,0,0,K0013,f,1,365,12
1655,KU_K0013_12_Pink.xlsx,food_drink,食べ物と飲み物,KU,K0013,1,0,K0013,f,1,365,12
1656,KU_K0013_12_Pink.xlsx,clothing,衣類,KU,K0013,0,0,K0013,f,1,365,12
1657,KU_K0013_12_Pink.xlsx,body_parts,体の部分,KU,K0013,1,0,K0013,f,1,365,12
1658,KU_K0013_12_Pink.xlsx,furniture_rooms,家具と部屋,KU,K0013,0,0,K0013,f,1,365,12
1659,KU_K0013_12_Pink.xlsx,household,小さな家庭用品,KU,K0013,0,0,K0013,f,1,365,12
1660,KU_K0013_12_Pink.xlsx,outside,戸外の物と場所,KU,K0013,0,0,K0013,f,1,365,12
1661,KU_K0013_12_Pink.xlsx,people,人々,KU,K0013,5,0,K0013,f,1,365,12
1662,KU_K0013_12_Pink.xlsx,games_routines,日課とあいさつ,KU,K0013,7,0,K0013,f,1,365,12
1663,KU_K0013_12_Pink.xlsx,action_words,動作語,KU,K0013,1,0,K0013,f,1,365,12
1664,KU_K0013_12_Pink.xlsx,time_words,時間についてのことば,KU,K0013,0,0,K0013,f,1,365,12
1665,KU_K0013_12_Pink.xlsx,descriptive_words,ようす・性質,KU,K0013,2,0,K0013,f,1,365,12
1666,KU_K0013_12_Pink.xlsx,pronouns,代名詞,KU,K0013,0,0,K0013,f,1,365,12
1667,KU_K0013_12_Pink.xlsx,question_words,質問のことば,KU,K0013,1,0,K0013,f,1,365,12
1668,KU_K0013_12_Pink.xlsx,locations,位置と場所についてのことば,KU,K0013,0,0,K0013,f,1,365,12
1669,KU_K0013_12_Pink.xlsx,quantifiers,数量を表すことば,KU,K0013,1,0,K0013,f,1,365,12
1670,KU_K0013_12_Pink.xlsx,sounds2,幼児語（その２）,KU,K0013,5,0,K0013,f,1,365,12
1671,KU_K0013_12_Pink.xlsx,conversations,会話語,KU,K0013,0,0,K0013,f,1,365,12
1672,KU_K0013_12_Pink.xlsx,others,その他,KU,K0013,3,0,K0013,f,1,365,12
1673,KU_K0014_12_Pink.xlsx,sounds,幼児語,KU,K0014,6,0,K0014,m,1,365,12
1674,KU_K0014_12_Pink.xlsx,animals,動物の名前,KU,K0014,4,0,K0014,m,1,365,12
1675,KU_K0014_12_Pink.xlsx,vehicles,乗り物,KU,K0014,3,0,K0014,m,1,365,12
1676,KU_K0014_12_Pink.xlsx,toys,おもちゃ,KU,K0014,3,0,K0014,m,1,365,12
1677,KU_K0014_12_Pink.xlsx,food_drink,食べ物と飲み物,KU,K0014,5,0,K0014,m,1,365,12
1678,KU_K0014_12_Pink.xlsx,clothing,衣類,KU,K0014,2,0,K0014,m,1,365,12
1679,KU_K0014_12_Pink.xlsx,body_parts,体の部分,KU,K0014,5,0,K0014,m,1,365,12
1680,KU_K0014_12_Pink.xlsx,furniture_rooms,家具と部屋,KU,K0014,4,0,K0014,m,1,365,12
1681,KU_K0014_12_Pink.xlsx,household,小さな家庭用品,KU,K0014,2,0,K0014,m,1,365,12
1682,KU_K0014_12_Pink.xlsx,outside,戸外の物と場所,KU,K0014,0,0,K0014,m,1,365,12
1683,KU_K0014_12_Pink.xlsx,people,人々,KU,K0014,5,0,K0014,m,1,365,12
1684,KU_K0014_12_Pink.xlsx,games_routines,日課とあいさつ,KU,K0014,11,0,K0014,m,1,365,12
1685,KU_K0014_12_Pink.xlsx,action_words,動作語,KU,K0014,3,0,K0014,m,1,365,12
1686,KU_K0014_12_Pink.xlsx,time_words,時間についてのことば,KU,K0014,0,0,K0014,m,1,365,12
1687,KU_K0014_12_Pink.xlsx,descriptive_words,ようす・性質,KU,K0014,3,1,K0014,m,1,365,12
1688,KU_K0014_12_Pink.xlsx,pronouns,代名詞,KU,K0014,5,0,K0014,m,1,365,12
1689,KU_K0014_12_Pink.xlsx,question_words,質問のことば,KU,K0014,0,0,K0014,m,1,365,12
1690,KU_K0014_12_Pink.xlsx,locations,位置と場所についてのことば,KU,K0014,0,0,K0014,m,1,365,12
1691,KU_K0014_12_Pink.xlsx,quantifiers,数量を表すことば,KU,K0014,0,0,K0014,m,1,365,12
1692,KU_K0014_12_Pink.xlsx,sounds2,幼児語（その２）,KU,K0014,9,0,K0014,m,1,365,12
1693,KU_K0014_12_Pink.xlsx,conversations,会話語,KU,K0014,0,0,K0014,m,1,365,12
1694,KU_K0014_12_Pink.xlsx,others,その他,KU,K0014,2,0,K0014,m,1,365,12
1695,KU_K0015_12_Pink.xlsx,sounds,幼児語,KU,K0015,0,0,K0015,f,1,365,12
1696,KU_K0015_12_Pink.xlsx,animals,動物の名前,KU,K0015,0,0,K0015,f,1,365,12
1697,KU_K0015_12_Pink.xlsx,vehicles,乗り物,KU,K0015,0,0,K0015,f,1,365,12
1698,KU_K0015_12_Pink.xlsx,toys,おもちゃ,KU,K0015,0,0,K0015,f,1,365,12
1699,KU_K0015_12_Pink.xlsx,food_drink,食べ物と飲み物,KU,K0015,2,0,K0015,f,1,365,12
1700,KU_K0015_12_Pink.xlsx,clothing,衣類,KU,K0015,0,0,K0015,f,1,365,12
1701,KU_K0015_12_Pink.xlsx,body_parts,体の部分,KU,K0015,1,0,K0015,f,1,365,12
1702,KU_K0015_12_Pink.xlsx,furniture_rooms,家具と部屋,KU,K0015,0,0,K0015,f,1,365,12
1703,KU_K0015_12_Pink.xlsx,household,小さな家庭用品,KU,K0015,0,0,K0015,f,1,365,12
1704,KU_K0015_12_Pink.xlsx,outside,戸外の物と場所,KU,K0015,0,0,K0015,f,1,365,12
1705,KU_K0015_12_Pink.xlsx,people,人々,KU,K0015,0,2,K0015,f,1,365,12
1706,KU_K0015_12_Pink.xlsx,games_routines,日課とあいさつ,KU,K0015,6,0,K0015,f,1,365,12
1707,KU_K0015_12_Pink.xlsx,action_words,動作語,KU,K0015,0,0,K0015,f,1,365,12
1708,KU_K0015_12_Pink.xlsx,time_words,時間についてのことば,KU,K0015,0,0,K0015,f,1,365,12
1709,KU_K0015_12_Pink.xlsx,descriptive_words,ようす・性質,KU,K0015,0,0,K0015,f,1,365,12
1710,KU_K0015_12_Pink.xlsx,pronouns,代名詞,KU,K0015,0,0,K0015,f,1,365,12
1711,KU_K0015_12_Pink.xlsx,question_words,質問のことば,KU,K0015,0,0,K0015,f,1,365,12
1712,KU_K0015_12_Pink.xlsx,locations,位置と場所についてのことば,KU,K0015,0,0,K0015,f,1,365,12
1713,KU_K0015_12_Pink.xlsx,quantifiers,数量を表すことば,KU,K0015,0,0,K0015,f,1,365,12
1714,KU_K0015_12_Pink.xlsx,sounds2,幼児語（その２）,KU,K0015,0,0,K0015,f,1,365,12
1715,KU_K0015_12_Pink.xlsx,conversations,会話語,KU,K0015,0,0,K0015,f,1,365,12
1716,KU_K0015_12_Pink.xlsx,others,その他,KU,K0015,0,0,K0015,f,1,365,12
1717,KU_K0016_12_Pink.xlsx,sounds,幼児語,KU,K0016,1,0,K0016,f,1,365,12
1718,KU_K0016_12_Pink.xlsx,animals,動物の名前,KU,K0016,0,0,K0016,f,1,365,12
1719,KU_K0016_12_Pink.xlsx,vehicles,乗り物,KU,K0016,0,0,K0016,f,1,365,12
1720,KU_K0016_12_Pink.xlsx,toys,おもちゃ,KU,K0016,0,0,K0016,f,1,365,12
1721,KU_K0016_12_Pink.xlsx,food_drink,食べ物と飲み物,KU,K0016,1,0,K0016,f,1,365,12
1722,KU_K0016_12_Pink.xlsx,clothing,衣類,KU,K0016,0,0,K0016,f,1,365,12
1723,KU_K0016_12_Pink.xlsx,body_parts,体の部分,KU,K0016,0,0,K0016,f,1,365,12
1724,KU_K0016_12_Pink.xlsx,furniture_rooms,家具と部屋,KU,K0016,0,0,K0016,f,1,365,12
1725,KU_K0016_12_Pink.xlsx,household,小さな家庭用品,KU,K0016,0,0,K0016,f,1,365,12
1726,KU_K0016_12_Pink.xlsx,outside,戸外の物と場所,KU,K0016,0,0,K0016,f,1,365,12
1727,KU_K0016_12_Pink.xlsx,people,人々,KU,K0016,1,2,K0016,f,1,365,12
1728,KU_K0016_12_Pink.xlsx,games_routines,日課とあいさつ,KU,K0016,7,0,K0016,f,1,365,12
1729,KU_K0016_12_Pink.xlsx,action_words,動作語,KU,K0016,0,0,K0016,f,1,365,12
1730,KU_K0016_12_Pink.xlsx,time_words,時間についてのことば,KU,K0016,0,0,K0016,f,1,365,12
1731,KU_K0016_12_Pink.xlsx,descriptive_words,ようす・性質,KU,K0016,0,0,K0016,f,1,365,12
1732,KU_K0016_12_Pink.xlsx,pronouns,代名詞,KU,K0016,0,0,K0016,f,1,365,12
1733,KU_K0016_12_Pink.xlsx,question_words,質問のことば,KU,K0016,0,0,K0016,f,1,365,12
1734,KU_K0016_12_Pink.xlsx,locations,位置と場所についてのことば,KU,K0016,0,0,K0016,f,1,365,12
1735,KU_K0016_12_Pink.xlsx,quantifiers,数量を表すことば,KU,K0016,0,0,K0016,f,1,365,12
1736,KU_K0016_12_Pink.xlsx,sounds2,幼児語（その２）,KU,K0016,1,0,K0016,f,1,365,12
1737,KU_K0016_12_Pink.xlsx,conversations,会話語,KU,K0016,0,0,K0016,f,1,365,12
1738,KU_K0016_12_Pink.xlsx,others,その他,KU,K0016,0,0,K0016,f,1,365,12
1739,KU_K0017_12_Pink.xlsx,sounds,幼児語,KU,K0017,2,2,K0017,f,1,365,12
1740,KU_K0017_12_Pink.xlsx,animals,動物の名前,KU,K0017,2,3,K0017,f,1,365,12
1741,KU_K0017_12_Pink.xlsx,vehicles,乗り物,KU,K0017,1,0,K0017,f,1,365,12
1742,KU_K0017_12_Pink.xlsx,toys,おもちゃ,KU,K0017,1,0,K0017,f,1,365,12
1743,KU_K0017_12_Pink.xlsx,food_drink,食べ物と飲み物,KU,K0017,1,1,K0017,f,1,365,12
1744,KU_K0017_12_Pink.xlsx,clothing,衣類,KU,K0017,0,0,K0017,f,1,365,12
1745,KU_K0017_12_Pink.xlsx,body_parts,体の部分,KU,K0017,0,0,K0017,f,1,365,12
1746,KU_K0017_12_Pink.xlsx,furniture_rooms,家具と部屋,KU,K0017,1,0,K0017,f,1,365,12
1747,KU_K0017_12_Pink.xlsx,household,小さな家庭用品,KU,K0017,2,0,K0017,f,1,365,12
1748,KU_K0017_12_Pink.xlsx,outside,戸外の物と場所,KU,K0017,0,0,K0017,f,1,365,12
1749,KU_K0017_12_Pink.xlsx,people,人々,KU,K0017,3,2,K0017,f,1,365,12
1750,KU_K0017_12_Pink.xlsx,games_routines,日課とあいさつ,KU,K0017,4,3,K0017,f,1,365,12
1751,KU_K0017_12_Pink.xlsx,action_words,動作語,KU,K0017,7,1,K0017,f,1,365,12
1752,KU_K0017_12_Pink.xlsx,time_words,時間についてのことば,KU,K0017,0,0,K0017,f,1,365,12
1753,KU_K0017_12_Pink.xlsx,descriptive_words,ようす・性質,KU,K0017,2,0,K0017,f,1,365,12
1754,KU_K0017_12_Pink.xlsx,pronouns,代名詞,KU,K0017,0,0,K0017,f,1,365,12
1755,KU_K0017_12_Pink.xlsx,question_words,質問のことば,KU,K0017,1,0,K0017,f,1,365,12
1756,KU_K0017_12_Pink.xlsx,locations,位置と場所についてのことば,KU,K0017,0,0,K0017,f,1,365,12
1757,KU_K0017_12_Pink.xlsx,quantifiers,数量を表すことば,KU,K0017,0,0,K0017,f,1,365,12
1758,KU_K0017_12_Pink.xlsx,sounds2,幼児語（その２）,KU,K0017,3,2,K0017,f,1,365,12
1759,KU_K0017_12_Pink.xlsx,conversations,会話語,KU,K0017,1,0,K0017,f,1,365,12
1760,KU_K0017_12_Pink.xlsx,others,その他,KU,K0017,0,0,K0017,f,1,365,12
1761,KU_K0018_12_Pink.xlsx,sounds,幼児語,KU,K0018,0,0,K0018,m,1,365,12
1762,KU_K0018_12_Pink.xlsx,animals,動物の名前,KU,K0018,0,0,K0018,m,1,365,12
1763,KU_K0018_12_Pink.xlsx,vehicles,乗り物,KU,K0018,0,0,K0018,m,1,365,12
1764,KU_K0018_12_Pink.xlsx,toys,おもちゃ,KU,K0018,0,0,K0018,m,1,365,12
1765,KU_K0018_12_Pink.xlsx,food_drink,食べ物と飲み物,KU,K0018,0,0,K0018,m,1,365,12
1766,KU_K0018_12_Pink.xlsx,clothing,衣類,KU,K0018,0,0,K0018,m,1,365,12
1767,KU_K0018_12_Pink.xlsx,body_parts,体の部分,KU,K0018,0,0,K0018,m,1,365,12
1768,KU_K0018_12_Pink.xlsx,furniture_rooms,家具と部屋,KU,K0018,0,0,K0018,m,1,365,12
1769,KU_K0018_12_Pink.xlsx,household,小さな家庭用品,KU,K0018,0,0,K0018,m,1,365,12
1770,KU_K0018_12_Pink.xlsx,outside,戸外の物と場所,KU,K0018,0,0,K0018,m,1,365,12
1771,KU_K0018_12_Pink.xlsx,people,人々,KU,K0018,0,0,K0018,m,1,365,12
1772,KU_K0018_12_Pink.xlsx,games_routines,日課とあいさつ,KU,K0018,4,0,K0018,m,1,365,12
1773,KU_K0018_12_Pink.xlsx,action_words,動作語,KU,K0018,0,0,K0018,m,1,365,12
1774,KU_K0018_12_Pink.xlsx,time_words,時間についてのことば,KU,K0018,0,0,K0018,m,1,365,12
1775,KU_K0018_12_Pink.xlsx,descriptive_words,ようす・性質,KU,K0018,0,0,K0018,m,1,365,12
1776,KU_K0018_12_Pink.xlsx,pronouns,代名詞,KU,K0018,0,0,K0018,m,1,365,12
1777,KU_K0018_12_Pink.xlsx,question_words,質問のことば,KU,K0018,0,0,K0018,m,1,365,12
1778,KU_K0018_12_Pink.xlsx,locations,位置と場所についてのことば,KU,K0018,0,0,K0018,m,1,365,12
1779,KU_K0018_12_Pink.xlsx,quantifiers,数量を表すことば,KU,K0018,0,0,K0018,m,1,365,12
1780,KU_K0018_12_Pink.xlsx,sounds2,幼児語（その２）,KU,K0018,0,0,K0018,m,1,365,12
1781,KU_K0018_12_Pink.xlsx,conversations,会話語,KU,K0018,0,0,K0018,m,1,365,12
1782,KU_K0018_12_Pink.xlsx,others,その他,KU,K0018,0,0,K0018,m,1,365,12
1783,KU_K0019_12_Pink.xlsx,sounds,幼児語,KU,K0019,2,0,K0019,m,1,365,12
1784,KU_K0019_12_Pink.xlsx,animals,動物の名前,KU,K0019,0,0,K0019,m,1,365,12
1785,KU_K0019_12_Pink.xlsx,vehicles,乗り物,KU,K0019,0,0,K0019,m,1,365,12
1786,KU_K0019_12_Pink.xlsx,toys,おもちゃ,KU,K0019,0,0,K0019,m,1,365,12
1787,KU_K0019_12_Pink.xlsx,food_drink,食べ物と飲み物,KU,K0019,0,0,K0019,m,1,365,12
1788,KU_K0019_12_Pink.xlsx,clothing,衣類,KU,K0019,0,0,K0019,m,1,365,12
1789,KU_K0019_12_Pink.xlsx,body_parts,体の部分,KU,K0019,0,0,K0019,m,1,365,12
1790,KU_K0019_12_Pink.xlsx,furniture_rooms,家具と部屋,KU,K0019,0,0,K0019,m,1,365,12
1791,KU_K0019_12_Pink.xlsx,household,小さな家庭用品,KU,K0019,0,0,K0019,m,1,365,12
1792,KU_K0019_12_Pink.xlsx,outside,戸外の物と場所,KU,K0019,0,0,K0019,m,1,365,12
1793,KU_K0019_12_Pink.xlsx,people,人々,KU,K0019,2,0,K0019,m,1,365,12
1794,KU_K0019_12_Pink.xlsx,games_routines,日課とあいさつ,KU,K0019,3,0,K0019,m,1,365,12
1795,KU_K0019_12_Pink.xlsx,action_words,動作語,KU,K0019,0,0,K0019,m,1,365,12
1796,KU_K0019_12_Pink.xlsx,time_words,時間についてのことば,KU,K0019,0,0,K0019,m,1,365,12
1797,KU_K0019_12_Pink.xlsx,descriptive_words,ようす・性質,KU,K0019,0,0,K0019,m,1,365,12
1798,KU_K0019_12_Pink.xlsx,pronouns,代名詞,KU,K0019,0,0,K0019,m,1,365,12
1799,KU_K0019_12_Pink.xlsx,question_words,質問のことば,KU,K0019,0,0,K0019,m,1,365,12
1800,KU_K0019_12_Pink.xlsx,locations,位置と場所についてのことば,KU,K0019,0,0,K0019,m,1,365,12
1801,KU_K0019_12_Pink.xlsx,quantifiers,数量を表すことば,KU,K0019,0,0,K0019,m,1,365,12
1802,KU_K0019_12_Pink.xlsx,sounds2,幼児語（その２）,KU,K0019,0,0,K0019,m,1,365,12
1803,KU_K0019_12_Pink.xlsx,conversations,会話語,KU,K0019,1,1,K0019,m,1,365,12
1804,KU_K0019_12_Pink.xlsx,others,その他,KU,K0019,0,0,K0019,m,1,365,12
1805,KU_K0020_12_Pink.xlsx,sounds,幼児語,KU,K0020,6,0,K0020,m,1,365,12
1806,KU_K0020_12_Pink.xlsx,animals,動物の名前,KU,K0020,2,0,K0020,m,1,365,12
1807,KU_K0020_12_Pink.xlsx,vehicles,乗り物,KU,K0020,1,0,K0020,m,1,365,12
1808,KU_K0020_12_Pink.xlsx,toys,おもちゃ,KU,K0020,1,0,K0020,m,1,365,12
1809,KU_K0020_12_Pink.xlsx,food_drink,食べ物と飲み物,KU,K0020,4,0,K0020,m,1,365,12
1810,KU_K0020_12_Pink.xlsx,clothing,衣類,KU,K0020,0,0,K0020,m,1,365,12
1811,KU_K0020_12_Pink.xlsx,body_parts,体の部分,KU,K0020,4,0,K0020,m,1,365,12
1812,KU_K0020_12_Pink.xlsx,furniture_rooms,家具と部屋,KU,K0020,2,0,K0020,m,1,365,12
1813,KU_K0020_12_Pink.xlsx,household,小さな家庭用品,KU,K0020,2,0,K0020,m,1,365,12
1814,KU_K0020_12_Pink.xlsx,outside,戸外の物と場所,KU,K0020,1,0,K0020,m,1,365,12
1815,KU_K0020_12_Pink.xlsx,people,人々,KU,K0020,9,0,K0020,m,1,365,12
1816,KU_K0020_12_Pink.xlsx,games_routines,日課とあいさつ,KU,K0020,15,0,K0020,m,1,365,12
1817,KU_K0020_12_Pink.xlsx,action_words,動作語,KU,K0020,6,0,K0020,m,1,365,12
1818,KU_K0020_12_Pink.xlsx,time_words,時間についてのことば,KU,K0020,1,0,K0020,m,1,365,12
1819,KU_K0020_12_Pink.xlsx,descriptive_words,ようす・性質,KU,K0020,7,0,K0020,m,1,365,12
1820,KU_K0020_12_Pink.xlsx,pronouns,代名詞,KU,K0020,3,0,K0020,m,1,365,12
1821,KU_K0020_12_Pink.xlsx,question_words,質問のことば,KU,K0020,1,0,K0020,m,1,365,12
1822,KU_K0020_12_Pink.xlsx,locations,位置と場所についてのことば,KU,K0020,0,0,K0020,m,1,365,12
1823,KU_K0020_12_Pink.xlsx,quantifiers,数量を表すことば,KU,K0020,2,0,K0020,m,1,365,12
1824,KU_K0020_12_Pink.xlsx,sounds2,幼児語（その２）,KU,K0020,11,0,K0020,m,1,365,12
1825,KU_K0020_12_Pink.xlsx,conversations,会話語,KU,K0020,5,0,K0020,m,1,365,12
1826,KU_K0020_12_Pink.xlsx,others,その他,KU,K0020,5,0,K0020,m,1,365,12
1827,KU_K0021_12_Pink.xlsx,sounds,幼児語,KU,K0021,1,1,K0021,m,1,365,12
1828,KU_K0021_12_Pink.xlsx,animals,動物の名前,KU,K0021,0,0,K0021,m,1,365,12
1829,KU_K0021_12_Pink.xlsx,vehicles,乗り物,KU,K0021,0,0,K0021,m,1,365,12
1830,KU_K0021_12_Pink.xlsx,toys,おもちゃ,KU,K0021,0,0,K0021,m,1,365,12
1831,KU_K0021_12_Pink.xlsx,food_drink,食べ物と飲み物,KU,K0021,0,0,K0021,m,1,365,12
1832,KU_K0021_12_Pink.xlsx,clothing,衣類,KU,K0021,0,0,K0021,m,1,365,12
1833,KU_K0021_12_Pink.xlsx,body_parts,体の部分,KU,K0021,0,0,K0021,m,1,365,12
1834,KU_K0021_12_Pink.xlsx,furniture_rooms,家具と部屋,KU,K0021,0,0,K0021,m,1,365,12
1835,KU_K0021_12_Pink.xlsx,household,小さな家庭用品,KU,K0021,0,0,K0021,m,1,365,12
1836,KU_K0021_12_Pink.xlsx,outside,戸外の物と場所,KU,K0021,0,0,K0021,m,1,365,12
1837,KU_K0021_12_Pink.xlsx,people,人々,KU,K0021,3,0,K0021,m,1,365,12
1838,KU_K0021_12_Pink.xlsx,games_routines,日課とあいさつ,KU,K0021,2,0,K0021,m,1,365,12
1839,KU_K0021_12_Pink.xlsx,action_words,動作語,KU,K0021,1,0,K0021,m,1,365,12
1840,KU_K0021_12_Pink.xlsx,time_words,時間についてのことば,KU,K0021,0,0,K0021,m,1,365,12
1841,KU_K0021_12_Pink.xlsx,descriptive_words,ようす・性質,KU,K0021,0,0,K0021,m,1,365,12
1842,KU_K0021_12_Pink.xlsx,pronouns,代名詞,KU,K0021,0,0,K0021,m,1,365,12
1843,KU_K0021_12_Pink.xlsx,question_words,質問のことば,KU,K0021,0,0,K0021,m,1,365,12
1844,KU_K0021_12_Pink.xlsx,locations,位置と場所についてのことば,KU,K0021,0,0,K0021,m,1,365,12
1845,KU_K0021_12_Pink.xlsx,quantifiers,数量を表すことば,KU,K0021,0,0,K0021,m,1,365,12
1846,KU_K0021_12_Pink.xlsx,sounds2,幼児語（その２）,KU,K0021,1,0,K0021,m,1,365,12
1847,KU_K0021_12_Pink.xlsx,conversations,会話語,KU,K0021,0,0,K0021,m,1,365,12
1848,KU_K0021_12_Pink.xlsx,others,その他,KU,K0021,0,0,K0021,m,1,365,12
1849,KU_K0022_12_Pink.xlsx,sounds,幼児語,KU,K0022,1,2,K0022,m,1,365,12
1850,KU_K0022_12_Pink.xlsx,animals,動物の名前,KU,K0022,6,0,K0022,m,1,365,12
1851,KU_K0022_12_Pink.xlsx,vehicles,乗り物,KU,K0022,2,0,K0022,m,1,365,12
1852,KU_K0022_12_Pink.xlsx,toys,おもちゃ,KU,K0022,1,0,K0022,m,1,365,12
1853,KU_K0022_12_Pink.xlsx,food_drink,食べ物と飲み物,KU,K0022,6,0,K0022,m,1,365,12
1854,KU_K0022_12_Pink.xlsx,clothing,衣類,KU,K0022,1,0,K0022,m,1,365,12
1855,KU_K0022_12_Pink.xlsx,body_parts,体の部分,KU,K0022,1,0,K0022,m,1,365,12
1856,KU_K0022_12_Pink.xlsx,furniture_rooms,家具と部屋,KU,K0022,1,0,K0022,m,1,365,12
1857,KU_K0022_12_Pink.xlsx,household,小さな家庭用品,KU,K0022,1,0,K0022,m,1,365,12
1858,KU_K0022_12_Pink.xlsx,outside,戸外の物と場所,KU,K0022,0,0,K0022,m,1,365,12
1859,KU_K0022_12_Pink.xlsx,people,人々,KU,K0022,1,1,K0022,m,1,365,12
1860,KU_K0022_12_Pink.xlsx,games_routines,日課とあいさつ,KU,K0022,8,3,K0022,m,1,365,12
1861,KU_K0022_12_Pink.xlsx,action_words,動作語,KU,K0022,0,0,K0022,m,1,365,12
1862,KU_K0022_12_Pink.xlsx,time_words,時間についてのことば,KU,K0022,2,0,K0022,m,1,365,12
1863,KU_K0022_12_Pink.xlsx,descriptive_words,ようす・性質,KU,K0022,1,1,K0022,m,1,365,12
1864,KU_K0022_12_Pink.xlsx,pronouns,代名詞,KU,K0022,0,0,K0022,m,1,365,12
1865,KU_K0022_12_Pink.xlsx,question_words,質問のことば,KU,K0022,0,0,K0022,m,1,365,12
1866,KU_K0022_12_Pink.xlsx,locations,位置と場所についてのことば,KU,K0022,0,0,K0022,m,1,365,12
1867,KU_K0022_12_Pink.xlsx,quantifiers,数量を表すことば,KU,K0022,0,0,K0022,m,1,365,12
1868,KU_K0022_12_Pink.xlsx,sounds2,幼児語（その２）,KU,K0022,1,0,K0022,m,1,365,12
1869,KU_K0022_12_Pink.xlsx,conversations,会話語,KU,K0022,0,0,K0022,m,1,365,12
1870,KU_K0022_12_Pink.xlsx,others,その他,KU,K0022,1,0,K0022,m,1,365,12
1871,KU_K0023_12_Pink.xlsx,sounds,幼児語,KU,K0023,1,0,K0023,f,1,365,12
1872,KU_K0023_12_Pink.xlsx,animals,動物の名前,KU,K0023,0,0,K0023,f,1,365,12
1873,KU_K0023_12_Pink.xlsx,vehicles,乗り物,KU,K0023,0,0,K0023,f,1,365,12
1874,KU_K0023_12_Pink.xlsx,toys,おもちゃ,KU,K0023,0,0,K0023,f,1,365,12
1875,KU_K0023_12_Pink.xlsx,food_drink,食べ物と飲み物,KU,K0023,1,0,K0023,f,1,365,12
1876,KU_K0023_12_Pink.xlsx,clothing,衣類,KU,K0023,0,0,K0023,f,1,365,12
1877,KU_K0023_12_Pink.xlsx,body_parts,体の部分,KU,K0023,1,0,K0023,f,1,365,12
1878,KU_K0023_12_Pink.xlsx,furniture_rooms,家具と部屋,KU,K0023,0,0,K0023,f,1,365,12
1879,KU_K0023_12_Pink.xlsx,household,小さな家庭用品,KU,K0023,0,0,K0023,f,1,365,12
1880,KU_K0023_12_Pink.xlsx,outside,戸外の物と場所,KU,K0023,0,0,K0023,f,1,365,12
1881,KU_K0023_12_Pink.xlsx,people,人々,KU,K0023,3,0,K0023,f,1,365,12
1882,KU_K0023_12_Pink.xlsx,games_routines,日課とあいさつ,KU,K0023,4,0,K0023,f,1,365,12
1883,KU_K0023_12_Pink.xlsx,action_words,動作語,KU,K0023,1,0,K0023,f,1,365,12
1884,KU_K0023_12_Pink.xlsx,time_words,時間についてのことば,KU,K0023,0,0,K0023,f,1,365,12
1885,KU_K0023_12_Pink.xlsx,descriptive_words,ようす・性質,KU,K0023,1,0,K0023,f,1,365,12
1886,KU_K0023_12_Pink.xlsx,pronouns,代名詞,KU,K0023,0,0,K0023,f,1,365,12
1887,KU_K0023_12_Pink.xlsx,question_words,質問のことば,KU,K0023,0,0,K0023,f,1,365,12
1888,KU_K0023_12_Pink.xlsx,locations,位置と場所についてのことば,KU,K0023,0,0,K0023,f,1,365,12
1889,KU_K0023_12_Pink.xlsx,quantifiers,数量を表すことば,KU,K0023,0,0,K0023,f,1,365,12
1890,KU_K0023_12_Pink.xlsx,sounds2,幼児語（その２）,KU,K0023,2,0,K0023,f,1,365,12
1891,KU_K0023_12_Pink.xlsx,conversations,会話語,KU,K0023,0,0,K0023,f,1,365,12
1892,KU_K0023_12_Pink.xlsx,others,その他,KU,K0023,1,0,K0023,f,1,365,12
1893,KU_K0024_12_Pink.xlsx,sounds,幼児語,KU,K0024,5,4,K0024,f,1,365,12
1894,KU_K0024_12_Pink.xlsx,animals,動物の名前,KU,K0024,5,0,K0024,f,1,365,12
1895,KU_K0024_12_Pink.xlsx,vehicles,乗り物,KU,K0024,2,1,K0024,f,1,365,12
1896,KU_K0024_12_Pink.xlsx,toys,おもちゃ,KU,K0024,2,0,K0024,f,1,365,12
1897,KU_K0024_12_Pink.xlsx,food_drink,食べ物と飲み物,KU,K0024,0,4,K0024,f,1,365,12
1898,KU_K0024_12_Pink.xlsx,clothing,衣類,KU,K0024,1,0,K0024,f,1,365,12
1899,KU_K0024_12_Pink.xlsx,body_parts,体の部分,KU,K0024,0,0,K0024,f,1,365,12
1900,KU_K0024_12_Pink.xlsx,furniture_rooms,家具と部屋,KU,K0024,0,0,K0024,f,1,365,12
1901,KU_K0024_12_Pink.xlsx,household,小さな家庭用品,KU,K0024,1,0,K0024,f,1,365,12
1902,KU_K0024_12_Pink.xlsx,outside,戸外の物と場所,KU,K0024,1,1,K0024,f,1,365,12
1903,KU_K0024_12_Pink.xlsx,people,人々,KU,K0024,0,4,K0024,f,1,365,12
1904,KU_K0024_12_Pink.xlsx,games_routines,日課とあいさつ,KU,K0024,6,5,K0024,f,1,365,12
1905,KU_K0024_12_Pink.xlsx,action_words,動作語,KU,K0024,0,0,K0024,f,1,365,12
1906,KU_K0024_12_Pink.xlsx,time_words,時間についてのことば,KU,K0024,0,0,K0024,f,1,365,12
1907,KU_K0024_12_Pink.xlsx,descriptive_words,ようす・性質,KU,K0024,2,2,K0024,f,1,365,12
1908,KU_K0024_12_Pink.xlsx,pronouns,代名詞,KU,K0024,0,0,K0024,f,1,365,12
1909,KU_K0024_12_Pink.xlsx,question_words,質問のことば,KU,K0024,0,0,K0024,f,1,365,12
1910,KU_K0024_12_Pink.xlsx,locations,位置と場所についてのことば,KU,K0024,0,0,K0024,f,1,365,12
1911,KU_K0024_12_Pink.xlsx,quantifiers,数量を表すことば,KU,K0024,0,0,K0024,f,1,365,12
1912,KU_K0024_12_Pink.xlsx,sounds2,幼児語（その２）,KU,K0024,2,5,K0024,f,1,365,12
1913,KU_K0024_12_Pink.xlsx,conversations,会話語,KU,K0024,0,0,K0024,f,1,365,12
1914,KU_K0024_12_Pink.xlsx,others,その他,KU,K0024,2,0,K0024,f,1,365,12
1915,KU_K0025_12_Pink.xlsx,sounds,幼児語,KU,K0025,1,0,K0025,f,1,365,12
1916,KU_K0025_12_Pink.xlsx,animals,動物の名前,KU,K0025,0,0,K0025,f,1,365,12
1917,KU_K0025_12_Pink.xlsx,vehicles,乗り物,KU,K0025,0,0,K0025,f,1,365,12
1918,KU_K0025_12_Pink.xlsx,toys,おもちゃ,KU,K0025,0,0,K0025,f,1,365,12
1919,KU_K0025_12_Pink.xlsx,food_drink,食べ物と飲み物,KU,K0025,0,0,K0025,f,1,365,12
1920,KU_K0025_12_Pink.xlsx,clothing,衣類,KU,K0025,0,0,K0025,f,1,365,12
1921,KU_K0025_12_Pink.xlsx,body_parts,体の部分,KU,K0025,0,0,K0025,f,1,365,12
1922,KU_K0025_12_Pink.xlsx,furniture_rooms,家具と部屋,KU,K0025,0,0,K0025,f,1,365,12
1923,KU_K0025_12_Pink.xlsx,household,小さな家庭用品,KU,K0025,0,0,K0025,f,1,365,12
1924,KU_K0025_12_Pink.xlsx,outside,戸外の物と場所,KU,K0025,0,0,K0025,f,1,365,12
1925,KU_K0025_12_Pink.xlsx,people,人々,KU,K0025,0,0,K0025,f,1,365,12
1926,KU_K0025_12_Pink.xlsx,games_routines,日課とあいさつ,KU,K0025,4,0,K0025,f,1,365,12
1927,KU_K0025_12_Pink.xlsx,action_words,動作語,KU,K0025,0,0,K0025,f,1,365,12
1928,KU_K0025_12_Pink.xlsx,time_words,時間についてのことば,KU,K0025,0,0,K0025,f,1,365,12
1929,KU_K0025_12_Pink.xlsx,descriptive_words,ようす・性質,KU,K0025,0,0,K0025,f,1,365,12
1930,KU_K0025_12_Pink.xlsx,pronouns,代名詞,KU,K0025,0,0,K0025,f,1,365,12
1931,KU_K0025_12_Pink.xlsx,question_words,質問のことば,KU,K0025,0,0,K0025,f,1,365,12
1932,KU_K0025_12_Pink.xlsx,locations,位置と場所についてのことば,KU,K0025,0,0,K0025,f,1,365,12
1933,KU_K0025_12_Pink.xlsx,quantifiers,数量を表すことば,KU,K0025,0,0,K0025,f,1,365,12
1934,KU_K0025_12_Pink.xlsx,sounds2,幼児語（その２）,KU,K0025,0,0,K0025,f,1,365,12
1935,KU_K0025_12_Pink.xlsx,conversations,会話語,KU,K0025,0,0,K0025,f,1,365,12
1936,KU_K0025_12_Pink.xlsx,others,その他,KU,K0025,0,0,K0025,f,1,365,12
1937,KU_K0026_12_Pink.xlsx,sounds,幼児語,KU,K0026,0,0,K0026,f,1,365,12
1938,KU_K0026_12_Pink.xlsx,animals,動物の名前,KU,K0026,0,0,K0026,f,1,365,12
1939,KU_K0026_12_Pink.xlsx,vehicles,乗り物,KU,K0026,0,0,K0026,f,1,365,12
1940,KU_K0026_12_Pink.xlsx,toys,おもちゃ,KU,K0026,0,0,K0026,f,1,365,12
1941,KU_K0026_12_Pink.xlsx,food_drink,食べ物と飲み物,KU,K0026,0,0,K0026,f,1,365,12
1942,KU_K0026_12_Pink.xlsx,clothing,衣類,KU,K0026,0,0,K0026,f,1,365,12
1943,KU_K0026_12_Pink.xlsx,body_parts,体の部分,KU,K0026,0,0,K0026,f,1,365,12
1944,KU_K0026_12_Pink.xlsx,furniture_rooms,家具と部屋,KU,K0026,0,0,K0026,f,1,365,12
1945,KU_K0026_12_Pink.xlsx,household,小さな家庭用品,KU,K0026,0,0,K0026,f,1,365,12
1946,KU_K0026_12_Pink.xlsx,outside,戸外の物と場所,KU,K0026,0,0,K0026,f,1,365,12
1947,KU_K0026_12_Pink.xlsx,people,人々,KU,K0026,4,0,K0026,f,1,365,12
1948,KU_K0026_12_Pink.xlsx,games_routines,日課とあいさつ,KU,K0026,11,0,K0026,f,1,365,12
1949,KU_K0026_12_Pink.xlsx,action_words,動作語,KU,K0026,0,0,K0026,f,1,365,12
1950,KU_K0026_12_Pink.xlsx,time_words,時間についてのことば,KU,K0026,0,0,K0026,f,1,365,12
1951,KU_K0026_12_Pink.xlsx,descriptive_words,ようす・性質,KU,K0026,0,0,K0026,f,1,365,12
1952,KU_K0026_12_Pink.xlsx,pronouns,代名詞,KU,K0026,0,0,K0026,f,1,365,12
1953,KU_K0026_12_Pink.xlsx,question_words,質問のことば,KU,K0026,0,0,K0026,f,1,365,12
1954,KU_K0026_12_Pink.xlsx,locations,位置と場所についてのことば,KU,K0026,0,0,K0026,f,1,365,12
1955,KU_K0026_12_Pink.xlsx,quantifiers,数量を表すことば,KU,K0026,0,0,K0026,f,1,365,12
1956,KU_K0026_12_Pink.xlsx,sounds2,幼児語（その２）,KU,K0026,1,0,K0026,f,1,365,12
1957,KU_K0026_12_Pink.xlsx,conversations,会話語,KU,K0026,0,1,K0026,f,1,365,12
1958,KU_K0026_12_Pink.xlsx,others,その他,KU,K0026,0,0,K0026,f,1,365,12
1959,KU_K0027_12_Pink.xlsx,sounds,幼児語,KU,K0027,6,0,K0027,m,1,365,12
1960,KU_K0027_12_Pink.xlsx,animals,動物の名前,KU,K0027,11,0,K0027,m,1,365,12
1961,KU_K0027_12_Pink.xlsx,vehicles,乗り物,KU,K0027,2,0,K0027,m,1,365,12
1962,KU_K0027_12_Pink.xlsx,toys,おもちゃ,KU,K0027,3,0,K0027,m,1,365,12
1963,KU_K0027_12_Pink.xlsx,food_drink,食べ物と飲み物,KU,K0027,6,0,K0027,m,1,365,12
1964,KU_K0027_12_Pink.xlsx,clothing,衣類,KU,K0027,2,0,K0027,m,1,365,12
1965,KU_K0027_12_Pink.xlsx,body_parts,体の部分,KU,K0027,8,0,K0027,m,1,365,12
1966,KU_K0027_12_Pink.xlsx,furniture_rooms,家具と部屋,KU,K0027,6,0,K0027,m,1,365,12
1967,KU_K0027_12_Pink.xlsx,household,小さな家庭用品,KU,K0027,7,0,K0027,m,1,365,12
1968,KU_K0027_12_Pink.xlsx,outside,戸外の物と場所,KU,K0027,3,0,K0027,m,1,365,12
1969,KU_K0027_12_Pink.xlsx,people,人々,KU,K0027,8,0,K0027,m,1,365,12
1970,KU_K0027_12_Pink.xlsx,games_routines,日課とあいさつ,KU,K0027,14,1,K0027,m,1,365,12
1971,KU_K0027_12_Pink.xlsx,action_words,動作語,KU,K0027,15,0,K0027,m,1,365,12
1972,KU_K0027_12_Pink.xlsx,time_words,時間についてのことば,KU,K0027,2,0,K0027,m,1,365,12
1973,KU_K0027_12_Pink.xlsx,descriptive_words,ようす・性質,KU,K0027,5,0,K0027,m,1,365,12
1974,KU_K0027_12_Pink.xlsx,pronouns,代名詞,KU,K0027,2,0,K0027,m,1,365,12
1975,KU_K0027_12_Pink.xlsx,question_words,質問のことば,KU,K0027,2,0,K0027,m,1,365,12
1976,KU_K0027_12_Pink.xlsx,locations,位置と場所についてのことば,KU,K0027,2,0,K0027,m,1,365,12
1977,KU_K0027_12_Pink.xlsx,quantifiers,数量を表すことば,KU,K0027,2,0,K0027,m,1,365,12
1978,KU_K0027_12_Pink.xlsx,sounds2,幼児語（その２）,KU,K0027,8,0,K0027,m,1,365,12
1979,KU_K0027_12_Pink.xlsx,conversations,会話語,KU,K0027,3,0,K0027,m,1,365,12
1980,KU_K0027_12_Pink.xlsx,others,その他,KU,K0027,4,0,K0027,m,1,365,12
1981,KU_K0028_12_Pink.xlsx,sounds,幼児語,KU,K0028,3,0,K0028,f,1,365,12
1982,KU_K0028_12_Pink.xlsx,animals,動物の名前,KU,K0028,2,0,K0028,f,1,365,12
1983,KU_K0028_12_Pink.xlsx,vehicles,乗り物,KU,K0028,0,0,K0028,f,1,365,12
1984,KU_K0028_12_Pink.xlsx,toys,おもちゃ,KU,K0028,1,0,K0028,f,1,365,12
1985,KU_K0028_12_Pink.xlsx,food_drink,食べ物と飲み物,KU,K0028,3,0,K0028,f,1,365,12
1986,KU_K0028_12_Pink.xlsx,clothing,衣類,KU,K0028,1,0,K0028,f,1,365,12
1987,KU_K0028_12_Pink.xlsx,body_parts,体の部分,KU,K0028,0,0,K0028,f,1,365,12
1988,KU_K0028_12_Pink.xlsx,furniture_rooms,家具と部屋,KU,K0028,1,0,K0028,f,1,365,12
1989,KU_K0028_12_Pink.xlsx,household,小さな家庭用品,KU,K0028,2,0,K0028,f,1,365,12
1990,KU_K0028_12_Pink.xlsx,outside,戸外の物と場所,KU,K0028,3,0,K0028,f,1,365,12
1991,KU_K0028_12_Pink.xlsx,people,人々,KU,K0028,4,0,K0028,f,1,365,12
1992,KU_K0028_12_Pink.xlsx,games_routines,日課とあいさつ,KU,K0028,12,0,K0028,f,1,365,12
1993,KU_K0028_12_Pink.xlsx,action_words,動作語,KU,K0028,0,0,K0028,f,1,365,12
1994,KU_K0028_12_Pink.xlsx,time_words,時間についてのことば,KU,K0028,0,0,K0028,f,1,365,12
1995,KU_K0028_12_Pink.xlsx,descriptive_words,ようす・性質,KU,K0028,0,0,K0028,f,1,365,12
1996,KU_K0028_12_Pink.xlsx,pronouns,代名詞,KU,K0028,1,0,K0028,f,1,365,12
1997,KU_K0028_12_Pink.xlsx,question_words,質問のことば,KU,K0028,1,0,K0028,f,1,365,12
1998,KU_K0028_12_Pink.xlsx,locations,位置と場所についてのことば,KU,K0028,0,0,K0028,f,1,365,12
1999,KU_K0028_12_Pink.xlsx,quantifiers,数量を表すことば,KU,K0028,1,0,K0028,f,1,365,12
2000,KU_K0028_12_Pink.xlsx,sounds2,幼児語（その２）,KU,K0028,0,0,K0028,f,1,365,12
2001,KU_K0028_12_Pink.xlsx,conversations,会話語,KU,K0028,2,0,K0028,f,1,365,12
2002,KU_K0028_12_Pink.xlsx,others,その他,KU,K0028,4,0,K0028,f,1,365,12
2003,KU_K0029_12_Pink.xlsx,sounds,幼児語,KU,K0029,0,0,K0029,f,1,365,12
2004,KU_K0029_12_Pink.xlsx,animals,動物の名前,KU,K0029,0,0,K0029,f,1,365,12
2005,KU_K0029_12_Pink.xlsx,vehicles,乗り物,KU,K0029,0,0,K0029,f,1,365,12
2006,KU_K0029_12_Pink.xlsx,toys,おもちゃ,KU,K0029,0,0,K0029,f,1,365,12
2007,KU_K0029_12_Pink.xlsx,food_drink,食べ物と飲み物,KU,K0029,0,0,K0029,f,1,365,12
2008,KU_K0029_12_Pink.xlsx,clothing,衣類,KU,K0029,0,0,K0029,f,1,365,12
2009,KU_K0029_12_Pink.xlsx,body_parts,体の部分,KU,K0029,0,0,K0029,f,1,365,12
2010,KU_K0029_12_Pink.xlsx,furniture_rooms,家具と部屋,KU,K0029,0,0,K0029,f,1,365,12
2011,KU_K0029_12_Pink.xlsx,household,小さな家庭用品,KU,K0029,0,0,K0029,f,1,365,12
2012,KU_K0029_12_Pink.xlsx,outside,戸外の物と場所,KU,K0029,0,0,K0029,f,1,365,12
2013,KU_K0029_12_Pink.xlsx,people,人々,KU,K0029,0,0,K0029,f,1,365,12
2014,KU_K0029_12_Pink.xlsx,games_routines,日課とあいさつ,KU,K0029,0,0,K0029,f,1,365,12
2015,KU_K0029_12_Pink.xlsx,action_words,動作語,KU,K0029,0,0,K0029,f,1,365,12
2016,KU_K0029_12_Pink.xlsx,time_words,時間についてのことば,KU,K0029,0,0,K0029,f,1,365,12
2017,KU_K0029_12_Pink.xlsx,descriptive_words,ようす・性質,KU,K0029,0,0,K0029,f,1,365,12
2018,KU_K0029_12_Pink.xlsx,pronouns,代名詞,KU,K0029,0,0,K0029,f,1,365,12
2019,KU_K0029_12_Pink.xlsx,question_words,質問のことば,KU,K0029,0,0,K0029,f,1,365,12
2020,KU_K0029_12_Pink.xlsx,locations,位置と場所についてのことば,KU,K0029,0,0,K0029,f,1,365,12
2021,KU_K0029_12_Pink.xlsx,quantifiers,数量を表すことば,KU,K0029,0,0,K0029,f,1,365,12
2022,KU_K0029_12_Pink.xlsx,sounds2,幼児語（その２）,KU,K0029,0,0,K0029,f,1,365,12
2023,KU_K0029_12_Pink.xlsx,conversations,会話語,KU,K0029,0,0,K0029,f,1,365,12
2024,KU_K0029_12_Pink.xlsx,others,その他,KU,K0029,0,0,K0029,f,1,365,12
2025,KU_K0030_12_Pink.xlsx,sounds,幼児語,KU,K0030,0,0,K0030,f,1,365,12
2026,KU_K0030_12_Pink.xlsx,animals,動物の名前,KU,K0030,0,0,K0030,f,1,365,12
2027,KU_K0030_12_Pink.xlsx,vehicles,乗り物,KU,K0030,0,0,K0030,f,1,365,12
2028,KU_K0030_12_Pink.xlsx,toys,おもちゃ,KU,K0030,0,0,K0030,f,1,365,12
2029,KU_K0030_12_Pink.xlsx,food_drink,食べ物と飲み物,KU,K0030,1,0,K0030,f,1,365,12
2030,KU_K0030_12_Pink.xlsx,clothing,衣類,KU,K0030,0,0,K0030,f,1,365,12
2031,KU_K0030_12_Pink.xlsx,body_parts,体の部分,KU,K0030,0,0,K0030,f,1,365,12
2032,KU_K0030_12_Pink.xlsx,furniture_rooms,家具と部屋,KU,K0030,0,0,K0030,f,1,365,12
2033,KU_K0030_12_Pink.xlsx,household,小さな家庭用品,KU,K0030,0,0,K0030,f,1,365,12
2034,KU_K0030_12_Pink.xlsx,outside,戸外の物と場所,KU,K0030,0,0,K0030,f,1,365,12
2035,KU_K0030_12_Pink.xlsx,people,人々,KU,K0030,0,2,K0030,f,1,365,12
2036,KU_K0030_12_Pink.xlsx,games_routines,日課とあいさつ,KU,K0030,2,0,K0030,f,1,365,12
2037,KU_K0030_12_Pink.xlsx,action_words,動作語,KU,K0030,0,0,K0030,f,1,365,12
2038,KU_K0030_12_Pink.xlsx,time_words,時間についてのことば,KU,K0030,0,0,K0030,f,1,365,12
2039,KU_K0030_12_Pink.xlsx,descriptive_words,ようす・性質,KU,K0030,0,0,K0030,f,1,365,12
2040,KU_K0030_12_Pink.xlsx,pronouns,代名詞,KU,K0030,0,0,K0030,f,1,365,12
2041,KU_K0030_12_Pink.xlsx,question_words,質問のことば,KU,K0030,0,0,K0030,f,1,365,12
2042,KU_K0030_12_Pink.xlsx,locations,位置と場所についてのことば,KU,K0030,0,0,K0030,f,1,365,12
2043,KU_K0030_12_Pink.xlsx,quantifiers,数量を表すことば,KU,K0030,0,0,K0030,f,1,365,12
2044,KU_K0030_12_Pink.xlsx,sounds2,幼児語（その２）,KU,K0030,0,0,K0030,f,1,365,12
2045,KU_K0030_12_Pink.xlsx,conversations,会話語,KU,K0030,0,0,K0030,f,1,365,12
2046,KU_K0030_12_Pink.xlsx,others,その他,KU,K0030,0,0,K0030,f,1,365,12
2047,KU_K0031_18_Pink.xlsx,sounds,幼児語,KU,K0031,3,2,K0031,m,1,547.5,18
2048,KU_K0031_18_Pink.xlsx,animals,動物の名前,KU,K0031,4,0,K0031,m,1,547.5,18
2049,KU_K0031_18_Pink.xlsx,vehicles,乗り物,KU,K0031,6,0,K0031,m,1,547.5,18
2050,KU_K0031_18_Pink.xlsx,toys,おもちゃ,KU,K0031,8,0,K0031,m,1,547.5,18
2051,KU_K0031_18_Pink.xlsx,food_drink,食べ物と飲み物,KU,K0031,16,4,K0031,m,1,547.5,18
2052,KU_K0031_18_Pink.xlsx,clothing,衣類,KU,K0031,8,0,K0031,m,1,547.5,18
2053,KU_K0031_18_Pink.xlsx,body_parts,体の部分,KU,K0031,11,0,K0031,m,1,547.5,18
2054,KU_K0031_18_Pink.xlsx,furniture_rooms,家具と部屋,KU,K0031,13,0,K0031,m,1,547.5,18
2055,KU_K0031_18_Pink.xlsx,household,小さな家庭用品,KU,K0031,16,0,K0031,m,1,547.5,18
2056,KU_K0031_18_Pink.xlsx,outside,戸外の物と場所,KU,K0031,13,0,K0031,m,1,547.5,18
2057,KU_K0031_18_Pink.xlsx,people,人々,KU,K0031,9,3,K0031,m,1,547.5,18
2058,KU_K0031_18_Pink.xlsx,games_routines,日課とあいさつ,KU,K0031,11,8,K0031,m,1,547.5,18
2059,KU_K0031_18_Pink.xlsx,action_words,動作語,KU,K0031,41,0,K0031,m,1,547.5,18
2060,KU_K0031_18_Pink.xlsx,time_words,時間についてのことば,KU,K0031,0,0,K0031,m,1,547.5,18
2061,KU_K0031_18_Pink.xlsx,descriptive_words,ようす・性質,KU,K0031,14,1,K0031,m,1,547.5,18
2062,KU_K0031_18_Pink.xlsx,pronouns,代名詞,KU,K0031,6,0,K0031,m,1,547.5,18
2063,KU_K0031_18_Pink.xlsx,question_words,質問のことば,KU,K0031,1,0,K0031,m,1,547.5,18
2064,KU_K0031_18_Pink.xlsx,locations,位置と場所についてのことば,KU,K0031,1,0,K0031,m,1,547.5,18
2065,KU_K0031_18_Pink.xlsx,quantifiers,数量を表すことば,KU,K0031,4,0,K0031,m,1,547.5,18
2066,KU_K0031_18_Pink.xlsx,sounds2,幼児語（その２）,KU,K0031,13,1,K0031,m,1,547.5,18
2067,KU_K0031_18_Pink.xlsx,conversations,会話語,KU,K0031,3,0,K0031,m,1,547.5,18
2068,KU_K0031_18_Pink.xlsx,others,その他,KU,K0031,4,0,K0031,m,1,547.5,18
2069,KU_K0032_18_Pink.xlsx,sounds,幼児語,KU,K0032,2,6,K0032,f,1,547.5,18
2070,KU_K0032_18_Pink.xlsx,animals,動物の名前,KU,K0032,5,5,K0032,f,1,547.5,18
2071,KU_K0032_18_Pink.xlsx,vehicles,乗り物,KU,K0032,2,1,K0032,f,1,547.5,18
2072,KU_K0032_18_Pink.xlsx,toys,おもちゃ,KU,K0032,2,0,K0032,f,1,547.5,18
2073,KU_K0032_18_Pink.xlsx,food_drink,食べ物と飲み物,KU,K0032,4,1,K0032,f,1,547.5,18
2074,KU_K0032_18_Pink.xlsx,clothing,衣類,KU,K0032,1,1,K0032,f,1,547.5,18
2075,KU_K0032_18_Pink.xlsx,body_parts,体の部分,KU,K0032,6,0,K0032,f,1,547.5,18
2076,KU_K0032_18_Pink.xlsx,furniture_rooms,家具と部屋,KU,K0032,1,0,K0032,f,1,547.5,18
2077,KU_K0032_18_Pink.xlsx,household,小さな家庭用品,KU,K0032,3,0,K0032,f,1,547.5,18
2078,KU_K0032_18_Pink.xlsx,outside,戸外の物と場所,KU,K0032,3,0,K0032,f,1,547.5,18
2079,KU_K0032_18_Pink.xlsx,people,人々,KU,K0032,2,8,K0032,f,1,547.5,18
2080,KU_K0032_18_Pink.xlsx,games_routines,日課とあいさつ,KU,K0032,3,13,K0032,f,1,547.5,18
2081,KU_K0032_18_Pink.xlsx,action_words,動作語,KU,K0032,19,4,K0032,f,1,547.5,18
2082,KU_K0032_18_Pink.xlsx,time_words,時間についてのことば,KU,K0032,2,0,K0032,f,1,547.5,18
2083,KU_K0032_18_Pink.xlsx,descriptive_words,ようす・性質,KU,K0032,3,3,K0032,f,1,547.5,18
2084,KU_K0032_18_Pink.xlsx,pronouns,代名詞,KU,K0032,0,0,K0032,f,1,547.5,18
2085,KU_K0032_18_Pink.xlsx,question_words,質問のことば,KU,K0032,1,0,K0032,f,1,547.5,18
2086,KU_K0032_18_Pink.xlsx,locations,位置と場所についてのことば,KU,K0032,1,0,K0032,f,1,547.5,18
2087,KU_K0032_18_Pink.xlsx,quantifiers,数量を表すことば,KU,K0032,0,1,K0032,f,1,547.5,18
2088,KU_K0032_18_Pink.xlsx,sounds2,幼児語（その２）,KU,K0032,8,5,K0032,f,1,547.5,18
2089,KU_K0032_18_Pink.xlsx,conversations,会話語,KU,K0032,0,4,K0032,f,1,547.5,18
2090,KU_K0032_18_Pink.xlsx,others,その他,KU,K0032,2,0,K0032,f,1,547.5,18
2091,KU_K0033_18_Pink.xlsx,sounds,幼児語,KU,K0033,4,0,K0033,f,1,547.5,18
2092,KU_K0033_18_Pink.xlsx,animals,動物の名前,KU,K0033,1,0,K0033,f,1,547.5,18
2093,KU_K0033_18_Pink.xlsx,vehicles,乗り物,KU,K0033,1,0,K0033,f,1,547.5,18
2094,KU_K0033_18_Pink.xlsx,toys,おもちゃ,KU,K0033,3,0,K0033,f,1,547.5,18
2095,KU_K0033_18_Pink.xlsx,food_drink,食べ物と飲み物,KU,K0033,7,0,K0033,f,1,547.5,18
2096,KU_K0033_18_Pink.xlsx,clothing,衣類,KU,K0033,1,0,K0033,f,1,547.5,18
2097,KU_K0033_18_Pink.xlsx,body_parts,体の部分,KU,K0033,1,0,K0033,f,1,547.5,18
2098,KU_K0033_18_Pink.xlsx,furniture_rooms,家具と部屋,KU,K0033,0,0,K0033,f,1,547.5,18
2099,KU_K0033_18_Pink.xlsx,household,小さな家庭用品,KU,K0033,0,0,K0033,f,1,547.5,18
2100,KU_K0033_18_Pink.xlsx,outside,戸外の物と場所,KU,K0033,0,0,K0033,f,1,547.5,18
2101,KU_K0033_18_Pink.xlsx,people,人々,KU,K0033,3,3,K0033,f,1,547.5,18
2102,KU_K0033_18_Pink.xlsx,games_routines,日課とあいさつ,KU,K0033,14,3,K0033,f,1,547.5,18
2103,KU_K0033_18_Pink.xlsx,action_words,動作語,KU,K0033,14,0,K0033,f,1,547.5,18
2104,KU_K0033_18_Pink.xlsx,time_words,時間についてのことば,KU,K0033,0,0,K0033,f,1,547.5,18
2105,KU_K0033_18_Pink.xlsx,descriptive_words,ようす・性質,KU,K0033,3,0,K0033,f,1,547.5,18
2106,KU_K0033_18_Pink.xlsx,pronouns,代名詞,KU,K0033,5,0,K0033,f,1,547.5,18
2107,KU_K0033_18_Pink.xlsx,question_words,質問のことば,KU,K0033,0,0,K0033,f,1,547.5,18
2108,KU_K0033_18_Pink.xlsx,locations,位置と場所についてのことば,KU,K0033,0,0,K0033,f,1,547.5,18
2109,KU_K0033_18_Pink.xlsx,quantifiers,数量を表すことば,KU,K0033,1,0,K0033,f,1,547.5,18
2110,KU_K0033_18_Pink.xlsx,sounds2,幼児語（その２）,KU,K0033,6,0,K0033,f,1,547.5,18
2111,KU_K0033_18_Pink.xlsx,conversations,会話語,KU,K0033,0,0,K0033,f,1,547.5,18
2112,KU_K0033_18_Pink.xlsx,others,その他,KU,K0033,2,0,K0033,f,1,547.5,18
2113,KU_K0034_18_Pink.xlsx,sounds,幼児語,KU,K0034,1,9,K0034,f,1,547.5,18
2114,KU_K0034_18_Pink.xlsx,animals,動物の名前,KU,K0034,14,2,K0034,f,1,547.5,18
2115,KU_K0034_18_Pink.xlsx,vehicles,乗り物,KU,K0034,0,0,K0034,f,1,547.5,18
2116,KU_K0034_18_Pink.xlsx,toys,おもちゃ,KU,K0034,6,1,K0034,f,1,547.5,18
2117,KU_K0034_18_Pink.xlsx,food_drink,食べ物と飲み物,KU,K0034,9,6,K0034,f,1,547.5,18
2118,KU_K0034_18_Pink.xlsx,clothing,衣類,KU,K0034,8,2,K0034,f,1,547.5,18
2119,KU_K0034_18_Pink.xlsx,body_parts,体の部分,KU,K0034,15,0,K0034,f,1,547.5,18
2120,KU_K0034_18_Pink.xlsx,furniture_rooms,家具と部屋,KU,K0034,8,1,K0034,f,1,547.5,18
2121,KU_K0034_18_Pink.xlsx,household,小さな家庭用品,KU,K0034,21,1,K0034,f,1,547.5,18
2122,KU_K0034_18_Pink.xlsx,outside,戸外の物と場所,KU,K0034,8,2,K0034,f,1,547.5,18
2123,KU_K0034_18_Pink.xlsx,people,人々,KU,K0034,9,4,K0034,f,1,547.5,18
2124,KU_K0034_18_Pink.xlsx,games_routines,日課とあいさつ,KU,K0034,14,5,K0034,f,1,547.5,18
2125,KU_K0034_18_Pink.xlsx,action_words,動作語,KU,K0034,43,5,K0034,f,1,547.5,18
2126,KU_K0034_18_Pink.xlsx,time_words,時間についてのことば,KU,K0034,3,0,K0034,f,1,547.5,18
2127,KU_K0034_18_Pink.xlsx,descriptive_words,ようす・性質,KU,K0034,14,5,K0034,f,1,547.5,18
2128,KU_K0034_18_Pink.xlsx,pronouns,代名詞,KU,K0034,2,5,K0034,f,1,547.5,18
2129,KU_K0034_18_Pink.xlsx,question_words,質問のことば,KU,K0034,5,0,K0034,f,1,547.5,18
2130,KU_K0034_18_Pink.xlsx,locations,位置と場所についてのことば,KU,K0034,1,0,K0034,f,1,547.5,18
2131,KU_K0034_18_Pink.xlsx,quantifiers,数量を表すことば,KU,K0034,7,0,K0034,f,1,547.5,18
2132,KU_K0034_18_Pink.xlsx,sounds2,幼児語（その２）,KU,K0034,7,12,K0034,f,1,547.5,18
2133,KU_K0034_18_Pink.xlsx,conversations,会話語,KU,K0034,2,1,K0034,f,1,547.5,18
2134,KU_K0034_18_Pink.xlsx,others,その他,KU,K0034,3,3,K0034,f,1,547.5,18
2135,KU_K0035_18_Pink.xlsx,sounds,幼児語,KU,K0035,2,6,K0035,f,1,547.5,18
2136,KU_K0035_18_Pink.xlsx,animals,動物の名前,KU,K0035,2,0,K0035,f,1,547.5,18
2137,KU_K0035_18_Pink.xlsx,vehicles,乗り物,KU,K0035,0,0,K0035,f,1,547.5,18
2138,KU_K0035_18_Pink.xlsx,toys,おもちゃ,KU,K0035,0,0,K0035,f,1,547.5,18
2139,KU_K0035_18_Pink.xlsx,food_drink,食べ物と飲み物,KU,K0035,3,1,K0035,f,1,547.5,18
2140,KU_K0035_18_Pink.xlsx,clothing,衣類,KU,K0035,0,0,K0035,f,1,547.5,18
2141,KU_K0035_18_Pink.xlsx,body_parts,体の部分,KU,K0035,0,1,K0035,f,1,547.5,18
2142,KU_K0035_18_Pink.xlsx,furniture_rooms,家具と部屋,KU,K0035,0,0,K0035,f,1,547.5,18
2143,KU_K0035_18_Pink.xlsx,household,小さな家庭用品,KU,K0035,0,0,K0035,f,1,547.5,18
2144,KU_K0035_18_Pink.xlsx,outside,戸外の物と場所,KU,K0035,0,0,K0035,f,1,547.5,18
2145,KU_K0035_18_Pink.xlsx,people,人々,KU,K0035,1,1,K0035,f,1,547.5,18
2146,KU_K0035_18_Pink.xlsx,games_routines,日課とあいさつ,KU,K0035,9,3,K0035,f,1,547.5,18
2147,KU_K0035_18_Pink.xlsx,action_words,動作語,KU,K0035,1,3,K0035,f,1,547.5,18
2148,KU_K0035_18_Pink.xlsx,time_words,時間についてのことば,KU,K0035,0,0,K0035,f,1,547.5,18
2149,KU_K0035_18_Pink.xlsx,descriptive_words,ようす・性質,KU,K0035,1,2,K0035,f,1,547.5,18
2150,KU_K0035_18_Pink.xlsx,pronouns,代名詞,KU,K0035,0,0,K0035,f,1,547.5,18
2151,KU_K0035_18_Pink.xlsx,question_words,質問のことば,KU,K0035,0,0,K0035,f,1,547.5,18
2152,KU_K0035_18_Pink.xlsx,locations,位置と場所についてのことば,KU,K0035,0,0,K0035,f,1,547.5,18
2153,KU_K0035_18_Pink.xlsx,quantifiers,数量を表すことば,KU,K0035,1,0,K0035,f,1,547.5,18
2154,KU_K0035_18_Pink.xlsx,sounds2,幼児語（その２）,KU,K0035,1,2,K0035,f,1,547.5,18
2155,KU_K0035_18_Pink.xlsx,conversations,会話語,KU,K0035,0,2,K0035,f,1,547.5,18
2156,KU_K0035_18_Pink.xlsx,others,その他,KU,K0035,0,2,K0035,f,1,547.5,18
2157,KU_K0036_18_Pink.xlsx,sounds,幼児語,KU,K0036,2,6,K0036,f,1,547.5,18
2158,KU_K0036_18_Pink.xlsx,animals,動物の名前,KU,K0036,8,8,K0036,f,1,547.5,18
2159,KU_K0036_18_Pink.xlsx,vehicles,乗り物,KU,K0036,2,0,K0036,f,1,547.5,18
2160,KU_K0036_18_Pink.xlsx,toys,おもちゃ,KU,K0036,4,0,K0036,f,1,547.5,18
2161,KU_K0036_18_Pink.xlsx,food_drink,食べ物と飲み物,KU,K0036,6,3,K0036,f,1,547.5,18
2162,KU_K0036_18_Pink.xlsx,clothing,衣類,KU,K0036,3,0,K0036,f,1,547.5,18
2163,KU_K0036_18_Pink.xlsx,body_parts,体の部分,KU,K0036,11,0,K0036,f,1,547.5,18
2164,KU_K0036_18_Pink.xlsx,furniture_rooms,家具と部屋,KU,K0036,2,0,K0036,f,1,547.5,18
2165,KU_K0036_18_Pink.xlsx,household,小さな家庭用品,KU,K0036,0,0,K0036,f,1,547.5,18
2166,KU_K0036_18_Pink.xlsx,outside,戸外の物と場所,KU,K0036,4,0,K0036,f,1,547.5,18
2167,KU_K0036_18_Pink.xlsx,people,人々,KU,K0036,3,3,K0036,f,1,547.5,18
2168,KU_K0036_18_Pink.xlsx,games_routines,日課とあいさつ,KU,K0036,14,2,K0036,f,1,547.5,18
2169,KU_K0036_18_Pink.xlsx,action_words,動作語,KU,K0036,17,2,K0036,f,1,547.5,18
2170,KU_K0036_18_Pink.xlsx,time_words,時間についてのことば,KU,K0036,0,0,K0036,f,1,547.5,18
2171,KU_K0036_18_Pink.xlsx,descriptive_words,ようす・性質,KU,K0036,2,2,K0036,f,1,547.5,18
2172,KU_K0036_18_Pink.xlsx,pronouns,代名詞,KU,K0036,2,0,K0036,f,1,547.5,18
2173,KU_K0036_18_Pink.xlsx,question_words,質問のことば,KU,K0036,2,0,K0036,f,1,547.5,18
2174,KU_K0036_18_Pink.xlsx,locations,位置と場所についてのことば,KU,K0036,0,0,K0036,f,1,547.5,18
2175,KU_K0036_18_Pink.xlsx,quantifiers,数量を表すことば,KU,K0036,1,0,K0036,f,1,547.5,18
2176,KU_K0036_18_Pink.xlsx,sounds2,幼児語（その２）,KU,K0036,6,3,K0036,f,1,547.5,18
2177,KU_K0036_18_Pink.xlsx,conversations,会話語,KU,K0036,3,0,K0036,f,1,547.5,18
2178,KU_K0036_18_Pink.xlsx,others,その他,KU,K0036,3,1,K0036,f,1,547.5,18
2179,KU_K0037_18_Pink.xlsx,sounds,幼児語,KU,K0037,3,6,K0037,f,1,547.5,18
2180,KU_K0037_18_Pink.xlsx,animals,動物の名前,KU,K0037,7,6,K0037,f,1,547.5,18
2181,KU_K0037_18_Pink.xlsx,vehicles,乗り物,KU,K0037,2,1,K0037,f,1,547.5,18
2182,KU_K0037_18_Pink.xlsx,toys,おもちゃ,KU,K0037,6,0,K0037,f,1,547.5,18
2183,KU_K0037_18_Pink.xlsx,food_drink,食べ物と飲み物,KU,K0037,10,6,K0037,f,1,547.5,18
2184,KU_K0037_18_Pink.xlsx,clothing,衣類,KU,K0037,5,0,K0037,f,1,547.5,18
2185,KU_K0037_18_Pink.xlsx,body_parts,体の部分,KU,K0037,11,2,K0037,f,1,547.5,18
2186,KU_K0037_18_Pink.xlsx,furniture_rooms,家具と部屋,KU,K0037,14,0,K0037,f,1,547.5,18
2187,KU_K0037_18_Pink.xlsx,household,小さな家庭用品,KU,K0037,5,0,K0037,f,1,547.5,18
2188,KU_K0037_18_Pink.xlsx,outside,戸外の物と場所,KU,K0037,4,2,K0037,f,1,547.5,18
2189,KU_K0037_18_Pink.xlsx,people,人々,KU,K0037,4,8,K0037,f,1,547.5,18
2190,KU_K0037_18_Pink.xlsx,games_routines,日課とあいさつ,KU,K0037,13,5,K0037,f,1,547.5,18
2191,KU_K0037_18_Pink.xlsx,action_words,動作語,KU,K0037,36,2,K0037,f,1,547.5,18
2192,KU_K0037_18_Pink.xlsx,time_words,時間についてのことば,KU,K0037,2,0,K0037,f,1,547.5,18
2193,KU_K0037_18_Pink.xlsx,descriptive_words,ようす・性質,KU,K0037,12,5,K0037,f,1,547.5,18
2194,KU_K0037_18_Pink.xlsx,pronouns,代名詞,KU,K0037,1,0,K0037,f,1,547.5,18
2195,KU_K0037_18_Pink.xlsx,question_words,質問のことば,KU,K0037,2,0,K0037,f,1,547.5,18
2196,KU_K0037_18_Pink.xlsx,locations,位置と場所についてのことば,KU,K0037,1,0,K0037,f,1,547.5,18
2197,KU_K0037_18_Pink.xlsx,quantifiers,数量を表すことば,KU,K0037,4,2,K0037,f,1,547.5,18
2198,KU_K0037_18_Pink.xlsx,sounds2,幼児語（その２）,KU,K0037,12,10,K0037,f,1,547.5,18
2199,KU_K0037_18_Pink.xlsx,conversations,会話語,KU,K0037,2,5,K0037,f,1,547.5,18
2200,KU_K0037_18_Pink.xlsx,others,その他,KU,K0037,3,2,K0037,f,1,547.5,18
2201,KU_K0038_18_Pink.xlsx,sounds,幼児語,KU,K0038,4,3,K0038,m,1,547.5,18
2202,KU_K0038_18_Pink.xlsx,animals,動物の名前,KU,K0038,5,2,K0038,m,1,547.5,18
2203,KU_K0038_18_Pink.xlsx,vehicles,乗り物,KU,K0038,3,2,K0038,m,1,547.5,18
2204,KU_K0038_18_Pink.xlsx,toys,おもちゃ,KU,K0038,3,0,K0038,m,1,547.5,18
2205,KU_K0038_18_Pink.xlsx,food_drink,食べ物と飲み物,KU,K0038,8,2,K0038,m,1,547.5,18
2206,KU_K0038_18_Pink.xlsx,clothing,衣類,KU,K0038,3,0,K0038,m,1,547.5,18
2207,KU_K0038_18_Pink.xlsx,body_parts,体の部分,KU,K0038,9,0,K0038,m,1,547.5,18
2208,KU_K0038_18_Pink.xlsx,furniture_rooms,家具と部屋,KU,K0038,5,0,K0038,m,1,547.5,18
2209,KU_K0038_18_Pink.xlsx,household,小さな家庭用品,KU,K0038,8,0,K0038,m,1,547.5,18
2210,KU_K0038_18_Pink.xlsx,outside,戸外の物と場所,KU,K0038,2,0,K0038,m,1,547.5,18
2211,KU_K0038_18_Pink.xlsx,people,人々,KU,K0038,5,3,K0038,m,1,547.5,18
2212,KU_K0038_18_Pink.xlsx,games_routines,日課とあいさつ,KU,K0038,18,1,K0038,m,1,547.5,18
2213,KU_K0038_18_Pink.xlsx,action_words,動作語,KU,K0038,20,0,K0038,m,1,547.5,18
2214,KU_K0038_18_Pink.xlsx,time_words,時間についてのことば,KU,K0038,2,0,K0038,m,1,547.5,18
2215,KU_K0038_18_Pink.xlsx,descriptive_words,ようす・性質,KU,K0038,11,0,K0038,m,1,547.5,18
2216,KU_K0038_18_Pink.xlsx,pronouns,代名詞,KU,K0038,8,0,K0038,m,1,547.5,18
2217,KU_K0038_18_Pink.xlsx,question_words,質問のことば,KU,K0038,4,0,K0038,m,1,547.5,18
2218,KU_K0038_18_Pink.xlsx,locations,位置と場所についてのことば,KU,K0038,4,0,K0038,m,1,547.5,18
2219,KU_K0038_18_Pink.xlsx,quantifiers,数量を表すことば,KU,K0038,5,0,K0038,m,1,547.5,18
2220,KU_K0038_18_Pink.xlsx,sounds2,幼児語（その２）,KU,K0038,11,3,K0038,m,1,547.5,18
2221,KU_K0038_18_Pink.xlsx,conversations,会話語,KU,K0038,9,1,K0038,m,1,547.5,18
2222,KU_K0038_18_Pink.xlsx,others,その他,KU,K0038,5,0,K0038,m,1,547.5,18
2223,KU_K0039_18_Pink.xlsx,sounds,幼児語,KU,K0039,4,5,K0039,f,1,547.5,18
2224,KU_K0039_18_Pink.xlsx,animals,動物の名前,KU,K0039,8,3,K0039,f,1,547.5,18
2225,KU_K0039_18_Pink.xlsx,vehicles,乗り物,KU,K0039,3,0,K0039,f,1,547.5,18
2226,KU_K0039_18_Pink.xlsx,toys,おもちゃ,KU,K0039,8,0,K0039,f,1,547.5,18
2227,KU_K0039_18_Pink.xlsx,food_drink,食べ物と飲み物,KU,K0039,19,3,K0039,f,1,547.5,18
2228,KU_K0039_18_Pink.xlsx,clothing,衣類,KU,K0039,9,2,K0039,f,1,547.5,18
2229,KU_K0039_18_Pink.xlsx,body_parts,体の部分,KU,K0039,11,4,K0039,f,1,547.5,18
2230,KU_K0039_18_Pink.xlsx,furniture_rooms,家具と部屋,KU,K0039,10,0,K0039,f,1,547.5,18
2231,KU_K0039_18_Pink.xlsx,household,小さな家庭用品,KU,K0039,26,0,K0039,f,1,547.5,18
2232,KU_K0039_18_Pink.xlsx,outside,戸外の物と場所,KU,K0039,11,0,K0039,f,1,547.5,18
2233,KU_K0039_18_Pink.xlsx,people,人々,KU,K0039,5,5,K0039,f,1,547.5,18
2234,KU_K0039_18_Pink.xlsx,games_routines,日課とあいさつ,KU,K0039,13,4,K0039,f,1,547.5,18
2235,KU_K0039_18_Pink.xlsx,action_words,動作語,KU,K0039,47,4,K0039,f,1,547.5,18
2236,KU_K0039_18_Pink.xlsx,time_words,時間についてのことば,KU,K0039,1,0,K0039,f,1,547.5,18
2237,KU_K0039_18_Pink.xlsx,descriptive_words,ようす・性質,KU,K0039,13,8,K0039,f,1,547.5,18
2238,KU_K0039_18_Pink.xlsx,pronouns,代名詞,KU,K0039,0,3,K0039,f,1,547.5,18
2239,KU_K0039_18_Pink.xlsx,question_words,質問のことば,KU,K0039,2,0,K0039,f,1,547.5,18
2240,KU_K0039_18_Pink.xlsx,locations,位置と場所についてのことば,KU,K0039,2,0,K0039,f,1,547.5,18
2241,KU_K0039_18_Pink.xlsx,quantifiers,数量を表すことば,KU,K0039,3,2,K0039,f,1,547.5,18
2242,KU_K0039_18_Pink.xlsx,sounds2,幼児語（その２）,KU,K0039,12,9,K0039,f,1,547.5,18
2243,KU_K0039_18_Pink.xlsx,conversations,会話語,KU,K0039,5,0,K0039,f,1,547.5,18
2244,KU_K0039_18_Pink.xlsx,others,その他,KU,K0039,4,4,K0039,f,1,547.5,18
2245,KU_K0040_18_Pink.xlsx,sounds,幼児語,KU,K0040,4,2,K0040,m,1,547.5,18
2246,KU_K0040_18_Pink.xlsx,animals,動物の名前,KU,K0040,2,0,K0040,m,1,547.5,18
2247,KU_K0040_18_Pink.xlsx,vehicles,乗り物,KU,K0040,3,1,K0040,m,1,547.5,18
2248,KU_K0040_18_Pink.xlsx,toys,おもちゃ,KU,K0040,6,0,K0040,m,1,547.5,18
2249,KU_K0040_18_Pink.xlsx,food_drink,食べ物と飲み物,KU,K0040,13,2,K0040,m,1,547.5,18
2250,KU_K0040_18_Pink.xlsx,clothing,衣類,KU,K0040,2,0,K0040,m,1,547.5,18
2251,KU_K0040_18_Pink.xlsx,body_parts,体の部分,KU,K0040,5,0,K0040,m,1,547.5,18
2252,KU_K0040_18_Pink.xlsx,furniture_rooms,家具と部屋,KU,K0040,3,0,K0040,m,1,547.5,18
2253,KU_K0040_18_Pink.xlsx,household,小さな家庭用品,KU,K0040,5,0,K0040,m,1,547.5,18
2254,KU_K0040_18_Pink.xlsx,outside,戸外の物と場所,KU,K0040,2,0,K0040,m,1,547.5,18
2255,KU_K0040_18_Pink.xlsx,people,人々,KU,K0040,3,5,K0040,m,1,547.5,18
2256,KU_K0040_18_Pink.xlsx,games_routines,日課とあいさつ,KU,K0040,16,2,K0040,m,1,547.5,18
2257,KU_K0040_18_Pink.xlsx,action_words,動作語,KU,K0040,13,0,K0040,m,1,547.5,18
2258,KU_K0040_18_Pink.xlsx,time_words,時間についてのことば,KU,K0040,1,0,K0040,m,1,547.5,18
2259,KU_K0040_18_Pink.xlsx,descriptive_words,ようす・性質,KU,K0040,14,2,K0040,m,1,547.5,18
2260,KU_K0040_18_Pink.xlsx,pronouns,代名詞,KU,K0040,5,0,K0040,m,1,547.5,18
2261,KU_K0040_18_Pink.xlsx,question_words,質問のことば,KU,K0040,0,0,K0040,m,1,547.5,18
2262,KU_K0040_18_Pink.xlsx,locations,位置と場所についてのことば,KU,K0040,1,0,K0040,m,1,547.5,18
2263,KU_K0040_18_Pink.xlsx,quantifiers,数量を表すことば,KU,K0040,4,0,K0040,m,1,547.5,18
2264,KU_K0040_18_Pink.xlsx,sounds2,幼児語（その２）,KU,K0040,4,4,K0040,m,1,547.5,18
2265,KU_K0040_18_Pink.xlsx,conversations,会話語,KU,K0040,1,0,K0040,m,1,547.5,18
2266,KU_K0040_18_Pink.xlsx,others,その他,KU,K0040,4,0,K0040,m,1,547.5,18
2267,KU_K0041_18_Pink.xlsx,sounds,幼児語,KU,K0041,0,1,K0041,m,1,547.5,18
2268,KU_K0041_18_Pink.xlsx,animals,動物の名前,KU,K0041,0,0,K0041,m,1,547.5,18
2269,KU_K0041_18_Pink.xlsx,vehicles,乗り物,KU,K0041,1,0,K0041,m,1,547.5,18
2270,KU_K0041_18_Pink.xlsx,toys,おもちゃ,KU,K0041,3,0,K0041,m,1,547.5,18
2271,KU_K0041_18_Pink.xlsx,food_drink,食べ物と飲み物,KU,K0041,3,0,K0041,m,1,547.5,18
2272,KU_K0041_18_Pink.xlsx,clothing,衣類,KU,K0041,1,0,K0041,m,1,547.5,18
2273,KU_K0041_18_Pink.xlsx,body_parts,体の部分,KU,K0041,0,0,K0041,m,1,547.5,18
2274,KU_K0041_18_Pink.xlsx,furniture_rooms,家具と部屋,KU,K0041,0,0,K0041,m,1,547.5,18
2275,KU_K0041_18_Pink.xlsx,household,小さな家庭用品,KU,K0041,4,0,K0041,m,1,547.5,18
2276,KU_K0041_18_Pink.xlsx,outside,戸外の物と場所,KU,K0041,1,0,K0041,m,1,547.5,18
2277,KU_K0041_18_Pink.xlsx,people,人々,KU,K0041,3,0,K0041,m,1,547.5,18
2278,KU_K0041_18_Pink.xlsx,games_routines,日課とあいさつ,KU,K0041,9,0,K0041,m,1,547.5,18
2279,KU_K0041_18_Pink.xlsx,action_words,動作語,KU,K0041,10,0,K0041,m,1,547.5,18
2280,KU_K0041_18_Pink.xlsx,time_words,時間についてのことば,KU,K0041,1,0,K0041,m,1,547.5,18
2281,KU_K0041_18_Pink.xlsx,descriptive_words,ようす・性質,KU,K0041,3,0,K0041,m,1,547.5,18
2282,KU_K0041_18_Pink.xlsx,pronouns,代名詞,KU,K0041,0,0,K0041,m,1,547.5,18
2283,KU_K0041_18_Pink.xlsx,question_words,質問のことば,KU,K0041,0,0,K0041,m,1,547.5,18
2284,KU_K0041_18_Pink.xlsx,locations,位置と場所についてのことば,KU,K0041,0,0,K0041,m,1,547.5,18
2285,KU_K0041_18_Pink.xlsx,quantifiers,数量を表すことば,KU,K0041,2,0,K0041,m,1,547.5,18
2286,KU_K0041_18_Pink.xlsx,sounds2,幼児語（その２）,KU,K0041,7,0,K0041,m,1,547.5,18
2287,KU_K0041_18_Pink.xlsx,conversations,会話語,KU,K0041,4,1,K0041,m,1,547.5,18
2288,KU_K0041_18_Pink.xlsx,others,その他,KU,K0041,4,1,K0041,m,1,547.5,18
2289,KU_K0042_18_Pink.xlsx,sounds,幼児語,KU,K0042,3,0,K0042,f,1,547.5,18
2290,KU_K0042_18_Pink.xlsx,animals,動物の名前,KU,K0042,0,0,K0042,f,1,547.5,18
2291,KU_K0042_18_Pink.xlsx,vehicles,乗り物,KU,K0042,0,0,K0042,f,1,547.5,18
2292,KU_K0042_18_Pink.xlsx,toys,おもちゃ,KU,K0042,1,0,K0042,f,1,547.5,18
2293,KU_K0042_18_Pink.xlsx,food_drink,食べ物と飲み物,KU,K0042,6,0,K0042,f,1,547.5,18
2294,KU_K0042_18_Pink.xlsx,clothing,衣類,KU,K0042,4,0,K0042,f,1,547.5,18
2295,KU_K0042_18_Pink.xlsx,body_parts,体の部分,KU,K0042,3,0,K0042,f,1,547.5,18
2296,KU_K0042_18_Pink.xlsx,furniture_rooms,家具と部屋,KU,K0042,2,0,K0042,f,1,547.5,18
2297,KU_K0042_18_Pink.xlsx,household,小さな家庭用品,KU,K0042,4,0,K0042,f,1,547.5,18
2298,KU_K0042_18_Pink.xlsx,outside,戸外の物と場所,KU,K0042,0,0,K0042,f,1,547.5,18
2299,KU_K0042_18_Pink.xlsx,people,人々,KU,K0042,5,0,K0042,f,1,547.5,18
2300,KU_K0042_18_Pink.xlsx,games_routines,日課とあいさつ,KU,K0042,7,0,K0042,f,1,547.5,18
2301,KU_K0042_18_Pink.xlsx,action_words,動作語,KU,K0042,6,0,K0042,f,1,547.5,18
2302,KU_K0042_18_Pink.xlsx,time_words,時間についてのことば,KU,K0042,0,0,K0042,f,1,547.5,18
2303,KU_K0042_18_Pink.xlsx,descriptive_words,ようす・性質,KU,K0042,0,0,K0042,f,1,547.5,18
2304,KU_K0042_18_Pink.xlsx,pronouns,代名詞,KU,K0042,0,0,K0042,f,1,547.5,18
2305,KU_K0042_18_Pink.xlsx,question_words,質問のことば,KU,K0042,0,0,K0042,f,1,547.5,18
2306,KU_K0042_18_Pink.xlsx,locations,位置と場所についてのことば,KU,K0042,0,0,K0042,f,1,547.5,18
2307,KU_K0042_18_Pink.xlsx,quantifiers,数量を表すことば,KU,K0042,0,0,K0042,f,1,547.5,18
2308,KU_K0042_18_Pink.xlsx,sounds2,幼児語（その２）,KU,K0042,5,0,K0042,f,1,547.5,18
2309,KU_K0042_18_Pink.xlsx,conversations,会話語,KU,K0042,0,0,K0042,f,1,547.5,18
2310,KU_K0042_18_Pink.xlsx,others,その他,KU,K0042,2,0,K0042,f,1,547.5,18
2311,KU_K0043_18_Pink.xlsx,sounds,幼児語,KU,K0043,2,3,K0043,f,1,547.5,18
2312,KU_K0043_18_Pink.xlsx,animals,動物の名前,KU,K0043,2,0,K0043,f,1,547.5,18
2313,KU_K0043_18_Pink.xlsx,vehicles,乗り物,KU,K0043,2,0,K0043,f,1,547.5,18
2314,KU_K0043_18_Pink.xlsx,toys,おもちゃ,KU,K0043,2,0,K0043,f,1,547.5,18
2315,KU_K0043_18_Pink.xlsx,food_drink,食べ物と飲み物,KU,K0043,2,3,K0043,f,1,547.5,18
2316,KU_K0043_18_Pink.xlsx,clothing,衣類,KU,K0043,2,0,K0043,f,1,547.5,18
2317,KU_K0043_18_Pink.xlsx,body_parts,体の部分,KU,K0043,2,0,K0043,f,1,547.5,18
2318,KU_K0043_18_Pink.xlsx,furniture_rooms,家具と部屋,KU,K0043,0,0,K0043,f,1,547.5,18
2319,KU_K0043_18_Pink.xlsx,household,小さな家庭用品,KU,K0043,6,1,K0043,f,1,547.5,18
2320,KU_K0043_18_Pink.xlsx,outside,戸外の物と場所,KU,K0043,4,0,K0043,f,1,547.5,18
2321,KU_K0043_18_Pink.xlsx,people,人々,KU,K0043,2,3,K0043,f,1,547.5,18
2322,KU_K0043_18_Pink.xlsx,games_routines,日課とあいさつ,KU,K0043,18,1,K0043,f,1,547.5,18
2323,KU_K0043_18_Pink.xlsx,action_words,動作語,KU,K0043,24,0,K0043,f,1,547.5,18
2324,KU_K0043_18_Pink.xlsx,time_words,時間についてのことば,KU,K0043,1,0,K0043,f,1,547.5,18
2325,KU_K0043_18_Pink.xlsx,descriptive_words,ようす・性質,KU,K0043,9,0,K0043,f,1,547.5,18
2326,KU_K0043_18_Pink.xlsx,pronouns,代名詞,KU,K0043,4,0,K0043,f,1,547.5,18
2327,KU_K0043_18_Pink.xlsx,question_words,質問のことば,KU,K0043,4,0,K0043,f,1,547.5,18
2328,KU_K0043_18_Pink.xlsx,locations,位置と場所についてのことば,KU,K0043,0,0,K0043,f,1,547.5,18
2329,KU_K0043_18_Pink.xlsx,quantifiers,数量を表すことば,KU,K0043,2,0,K0043,f,1,547.5,18
2330,KU_K0043_18_Pink.xlsx,sounds2,幼児語（その２）,KU,K0043,8,0,K0043,f,1,547.5,18
2331,KU_K0043_18_Pink.xlsx,conversations,会話語,KU,K0043,0,0,K0043,f,1,547.5,18
2332,KU_K0043_18_Pink.xlsx,others,その他,KU,K0043,1,0,K0043,f,1,547.5,18
2333,KU_K0044_18_Pink.xlsx,sounds,幼児語,KU,K0044,1,11,K0044,f,1,547.5,18
2334,KU_K0044_18_Pink.xlsx,animals,動物の名前,KU,K0044,20,12,K0044,f,1,547.5,18
2335,KU_K0044_18_Pink.xlsx,vehicles,乗り物,KU,K0044,4,4,K0044,f,1,547.5,18
2336,KU_K0044_18_Pink.xlsx,toys,おもちゃ,KU,K0044,8,0,K0044,f,1,547.5,18
2337,KU_K0044_18_Pink.xlsx,food_drink,食べ物と飲み物,KU,K0044,15,5,K0044,f,1,547.5,18
2338,KU_K0044_18_Pink.xlsx,clothing,衣類,KU,K0044,7,0,K0044,f,1,547.5,18
2339,KU_K0044_18_Pink.xlsx,body_parts,体の部分,KU,K0044,16,1,K0044,f,1,547.5,18
2340,KU_K0044_18_Pink.xlsx,furniture_rooms,家具と部屋,KU,K0044,16,0,K0044,f,1,547.5,18
2341,KU_K0044_18_Pink.xlsx,household,小さな家庭用品,KU,K0044,18,4,K0044,f,1,547.5,18
2342,KU_K0044_18_Pink.xlsx,outside,戸外の物と場所,KU,K0044,9,2,K0044,f,1,547.5,18
2343,KU_K0044_18_Pink.xlsx,people,人々,KU,K0044,3,6,K0044,f,1,547.5,18
2344,KU_K0044_18_Pink.xlsx,games_routines,日課とあいさつ,KU,K0044,8,11,K0044,f,1,547.5,18
2345,KU_K0044_18_Pink.xlsx,action_words,動作語,KU,K0044,28,2,K0044,f,1,547.5,18
2346,KU_K0044_18_Pink.xlsx,time_words,時間についてのことば,KU,K0044,1,0,K0044,f,1,547.5,18
2347,KU_K0044_18_Pink.xlsx,descriptive_words,ようす・性質,KU,K0044,16,1,K0044,f,1,547.5,18
2348,KU_K0044_18_Pink.xlsx,pronouns,代名詞,KU,K0044,1,0,K0044,f,1,547.5,18
2349,KU_K0044_18_Pink.xlsx,question_words,質問のことば,KU,K0044,3,0,K0044,f,1,547.5,18
2350,KU_K0044_18_Pink.xlsx,locations,位置と場所についてのことば,KU,K0044,7,0,K0044,f,1,547.5,18
2351,KU_K0044_18_Pink.xlsx,quantifiers,数量を表すことば,KU,K0044,4,0,K0044,f,1,547.5,18
2352,KU_K0044_18_Pink.xlsx,sounds2,幼児語（その２）,KU,K0044,15,5,K0044,f,1,547.5,18
2353,KU_K0044_18_Pink.xlsx,conversations,会話語,KU,K0044,1,3,K0044,f,1,547.5,18
2354,KU_K0044_18_Pink.xlsx,others,その他,KU,K0044,5,1,K0044,f,1,547.5,18
2355,KU_K0045_18_Pink.xlsx,sounds,幼児語,KU,K0045,2,10,K0045,m,1,547.5,18
2356,KU_K0045_18_Pink.xlsx,animals,動物の名前,KU,K0045,10,5,K0045,m,1,547.5,18
2357,KU_K0045_18_Pink.xlsx,vehicles,乗り物,KU,K0045,2,4,K0045,m,1,547.5,18
2358,KU_K0045_18_Pink.xlsx,toys,おもちゃ,KU,K0045,5,1,K0045,m,1,547.5,18
2359,KU_K0045_18_Pink.xlsx,food_drink,食べ物と飲み物,KU,K0045,4,6,K0045,m,1,547.5,18
2360,KU_K0045_18_Pink.xlsx,clothing,衣類,KU,K0045,4,2,K0045,m,1,547.5,18
2361,KU_K0045_18_Pink.xlsx,body_parts,体の部分,KU,K0045,11,3,K0045,m,1,547.5,18
2362,KU_K0045_18_Pink.xlsx,furniture_rooms,家具と部屋,KU,K0045,8,0,K0045,m,1,547.5,18
2363,KU_K0045_18_Pink.xlsx,household,小さな家庭用品,KU,K0045,11,3,K0045,m,1,547.5,18
2364,KU_K0045_18_Pink.xlsx,outside,戸外の物と場所,KU,K0045,5,2,K0045,m,1,547.5,18
2365,KU_K0045_18_Pink.xlsx,people,人々,KU,K0045,4,3,K0045,m,1,547.5,18
2366,KU_K0045_18_Pink.xlsx,games_routines,日課とあいさつ,KU,K0045,16,3,K0045,m,1,547.5,18
2367,KU_K0045_18_Pink.xlsx,action_words,動作語,KU,K0045,26,3,K0045,m,1,547.5,18
2368,KU_K0045_18_Pink.xlsx,time_words,時間についてのことば,KU,K0045,4,0,K0045,m,1,547.5,18
2369,KU_K0045_18_Pink.xlsx,descriptive_words,ようす・性質,KU,K0045,9,3,K0045,m,1,547.5,18
2370,KU_K0045_18_Pink.xlsx,pronouns,代名詞,KU,K0045,1,2,K0045,m,1,547.5,18
2371,KU_K0045_18_Pink.xlsx,question_words,質問のことば,KU,K0045,2,0,K0045,m,1,547.5,18
2372,KU_K0045_18_Pink.xlsx,locations,位置と場所についてのことば,KU,K0045,1,0,K0045,m,1,547.5,18
2373,KU_K0045_18_Pink.xlsx,quantifiers,数量を表すことば,KU,K0045,4,2,K0045,m,1,547.5,18
2374,KU_K0045_18_Pink.xlsx,sounds2,幼児語（その２）,KU,K0045,17,7,K0045,m,1,547.5,18
2375,KU_K0045_18_Pink.xlsx,conversations,会話語,KU,K0045,0,3,K0045,m,1,547.5,18
2376,KU_K0045_18_Pink.xlsx,others,その他,KU,K0045,2,1,K0045,m,1,547.5,18
2377,KU_K0046_18_Pink.xlsx,sounds,幼児語,KU,K0046,1,11,K0046,f,1,547.5,18
2378,KU_K0046_18_Pink.xlsx,animals,動物の名前,KU,K0046,23,4,K0046,f,1,547.5,18
2379,KU_K0046_18_Pink.xlsx,vehicles,乗り物,KU,K0046,6,2,K0046,f,1,547.5,18
2380,KU_K0046_18_Pink.xlsx,toys,おもちゃ,KU,K0046,2,5,K0046,f,1,547.5,18
2381,KU_K0046_18_Pink.xlsx,food_drink,食べ物と飲み物,KU,K0046,8,11,K0046,f,1,547.5,18
2382,KU_K0046_18_Pink.xlsx,clothing,衣類,KU,K0046,8,3,K0046,f,1,547.5,18
2383,KU_K0046_18_Pink.xlsx,body_parts,体の部分,KU,K0046,9,3,K0046,f,1,547.5,18
2384,KU_K0046_18_Pink.xlsx,furniture_rooms,家具と部屋,KU,K0046,6,1,K0046,f,1,547.5,18
2385,KU_K0046_18_Pink.xlsx,household,小さな家庭用品,KU,K0046,16,4,K0046,f,1,547.5,18
2386,KU_K0046_18_Pink.xlsx,outside,戸外の物と場所,KU,K0046,11,2,K0046,f,1,547.5,18
2387,KU_K0046_18_Pink.xlsx,people,人々,KU,K0046,5,3,K0046,f,1,547.5,18
2388,KU_K0046_18_Pink.xlsx,games_routines,日課とあいさつ,KU,K0046,17,2,K0046,f,1,547.5,18
2389,KU_K0046_18_Pink.xlsx,action_words,動作語,KU,K0046,34,4,K0046,f,1,547.5,18
2390,KU_K0046_18_Pink.xlsx,time_words,時間についてのことば,KU,K0046,2,0,K0046,f,1,547.5,18
2391,KU_K0046_18_Pink.xlsx,descriptive_words,ようす・性質,KU,K0046,12,3,K0046,f,1,547.5,18
2392,KU_K0046_18_Pink.xlsx,pronouns,代名詞,KU,K0046,8,1,K0046,f,1,547.5,18
2393,KU_K0046_18_Pink.xlsx,question_words,質問のことば,KU,K0046,5,0,K0046,f,1,547.5,18
2394,KU_K0046_18_Pink.xlsx,locations,位置と場所についてのことば,KU,K0046,7,0,K0046,f,1,547.5,18
2395,KU_K0046_18_Pink.xlsx,quantifiers,数量を表すことば,KU,K0046,6,0,K0046,f,1,547.5,18
2396,KU_K0046_18_Pink.xlsx,sounds2,幼児語（その２）,KU,K0046,11,17,K0046,f,1,547.5,18
2397,KU_K0046_18_Pink.xlsx,conversations,会話語,KU,K0046,4,2,K0046,f,1,547.5,18
2398,KU_K0046_18_Pink.xlsx,others,その他,KU,K0046,3,2,K0046,f,1,547.5,18
2399,KU_K0047_18_Pink.xlsx,sounds,幼児語,KU,K0047,5,1,K0047,f,1,547.5,18
2400,KU_K0047_18_Pink.xlsx,animals,動物の名前,KU,K0047,10,0,K0047,f,1,547.5,18
2401,KU_K0047_18_Pink.xlsx,vehicles,乗り物,KU,K0047,3,0,K0047,f,1,547.5,18
2402,KU_K0047_18_Pink.xlsx,toys,おもちゃ,KU,K0047,3,0,K0047,f,1,547.5,18
2403,KU_K0047_18_Pink.xlsx,food_drink,食べ物と飲み物,KU,K0047,12,0,K0047,f,1,547.5,18
2404,KU_K0047_18_Pink.xlsx,clothing,衣類,KU,K0047,5,0,K0047,f,1,547.5,18
2405,KU_K0047_18_Pink.xlsx,body_parts,体の部分,KU,K0047,4,0,K0047,f,1,547.5,18
2406,KU_K0047_18_Pink.xlsx,furniture_rooms,家具と部屋,KU,K0047,4,0,K0047,f,1,547.5,18
2407,KU_K0047_18_Pink.xlsx,household,小さな家庭用品,KU,K0047,6,0,K0047,f,1,547.5,18
2408,KU_K0047_18_Pink.xlsx,outside,戸外の物と場所,KU,K0047,4,0,K0047,f,1,547.5,18
2409,KU_K0047_18_Pink.xlsx,people,人々,KU,K0047,7,0,K0047,f,1,547.5,18
2410,KU_K0047_18_Pink.xlsx,games_routines,日課とあいさつ,KU,K0047,12,0,K0047,f,1,547.5,18
2411,KU_K0047_18_Pink.xlsx,action_words,動作語,KU,K0047,7,0,K0047,f,1,547.5,18
2412,KU_K0047_18_Pink.xlsx,time_words,時間についてのことば,KU,K0047,0,0,K0047,f,1,547.5,18
2413,KU_K0047_18_Pink.xlsx,descriptive_words,ようす・性質,KU,K0047,14,0,K0047,f,1,547.5,18
2414,KU_K0047_18_Pink.xlsx,pronouns,代名詞,KU,K0047,2,0,K0047,f,1,547.5,18
2415,KU_K0047_18_Pink.xlsx,question_words,質問のことば,KU,K0047,0,0,K0047,f,1,547.5,18
2416,KU_K0047_18_Pink.xlsx,locations,位置と場所についてのことば,KU,K0047,0,0,K0047,f,1,547.5,18
2417,KU_K0047_18_Pink.xlsx,quantifiers,数量を表すことば,KU,K0047,1,0,K0047,f,1,547.5,18
2418,KU_K0047_18_Pink.xlsx,sounds2,幼児語（その２）,KU,K0047,15,0,K0047,f,1,547.5,18
2419,KU_K0047_18_Pink.xlsx,conversations,会話語,KU,K0047,1,0,K0047,f,1,547.5,18
2420,KU_K0047_18_Pink.xlsx,others,その他,KU,K0047,2,0,K0047,f,1,547.5,18
2421,KU_K0048_18_Pink.xlsx,sounds,幼児語,KU,K0048,4,2,K0048,f,1,547.5,18
2422,KU_K0048_18_Pink.xlsx,animals,動物の名前,KU,K0048,3,0,K0048,f,1,547.5,18
2423,KU_K0048_18_Pink.xlsx,vehicles,乗り物,KU,K0048,1,0,K0048,f,1,547.5,18
2424,KU_K0048_18_Pink.xlsx,toys,おもちゃ,KU,K0048,4,0,K0048,f,1,547.5,18
2425,KU_K0048_18_Pink.xlsx,food_drink,食べ物と飲み物,KU,K0048,8,5,K0048,f,1,547.5,18
2426,KU_K0048_18_Pink.xlsx,clothing,衣類,KU,K0048,3,5,K0048,f,1,547.5,18
2427,KU_K0048_18_Pink.xlsx,body_parts,体の部分,KU,K0048,7,5,K0048,f,1,547.5,18
2428,KU_K0048_18_Pink.xlsx,furniture_rooms,家具と部屋,KU,K0048,4,0,K0048,f,1,547.5,18
2429,KU_K0048_18_Pink.xlsx,household,小さな家庭用品,KU,K0048,7,4,K0048,f,1,547.5,18
2430,KU_K0048_18_Pink.xlsx,outside,戸外の物と場所,KU,K0048,2,2,K0048,f,1,547.5,18
2431,KU_K0048_18_Pink.xlsx,people,人々,KU,K0048,2,5,K0048,f,1,547.5,18
2432,KU_K0048_18_Pink.xlsx,games_routines,日課とあいさつ,KU,K0048,4,10,K0048,f,1,547.5,18
2433,KU_K0048_18_Pink.xlsx,action_words,動作語,KU,K0048,24,0,K0048,f,1,547.5,18
2434,KU_K0048_18_Pink.xlsx,time_words,時間についてのことば,KU,K0048,1,0,K0048,f,1,547.5,18
2435,KU_K0048_18_Pink.xlsx,descriptive_words,ようす・性質,KU,K0048,2,3,K0048,f,1,547.5,18
2436,KU_K0048_18_Pink.xlsx,pronouns,代名詞,KU,K0048,0,0,K0048,f,1,547.5,18
2437,KU_K0048_18_Pink.xlsx,question_words,質問のことば,KU,K0048,0,0,K0048,f,1,547.5,18
2438,KU_K0048_18_Pink.xlsx,locations,位置と場所についてのことば,KU,K0048,1,0,K0048,f,1,547.5,18
2439,KU_K0048_18_Pink.xlsx,quantifiers,数量を表すことば,KU,K0048,2,2,K0048,f,1,547.5,18
2440,KU_K0048_18_Pink.xlsx,sounds2,幼児語（その２）,KU,K0048,5,8,K0048,f,1,547.5,18
2441,KU_K0048_18_Pink.xlsx,conversations,会話語,KU,K0048,0,0,K0048,f,1,547.5,18
2442,KU_K0048_18_Pink.xlsx,others,その他,KU,K0048,0,0,K0048,f,1,547.5,18
2443,KU_K0049_18_Pink.xlsx,sounds,幼児語,KU,K0049,1,8,K0049,f,1,547.5,18
2444,KU_K0049_18_Pink.xlsx,animals,動物の名前,KU,K0049,6,16,K0049,f,1,547.5,18
2445,KU_K0049_18_Pink.xlsx,vehicles,乗り物,KU,K0049,1,3,K0049,f,1,547.5,18
2446,KU_K0049_18_Pink.xlsx,toys,おもちゃ,KU,K0049,2,2,K0049,f,1,547.5,18
2447,KU_K0049_18_Pink.xlsx,food_drink,食べ物と飲み物,KU,K0049,3,8,K0049,f,1,547.5,18
2448,KU_K0049_18_Pink.xlsx,clothing,衣類,KU,K0049,1,2,K0049,f,1,547.5,18
2449,KU_K0049_18_Pink.xlsx,body_parts,体の部分,KU,K0049,2,7,K0049,f,1,547.5,18
2450,KU_K0049_18_Pink.xlsx,furniture_rooms,家具と部屋,KU,K0049,4,1,K0049,f,1,547.5,18
2451,KU_K0049_18_Pink.xlsx,household,小さな家庭用品,KU,K0049,5,5,K0049,f,1,547.5,18
2452,KU_K0049_18_Pink.xlsx,outside,戸外の物と場所,KU,K0049,1,6,K0049,f,1,547.5,18
2453,KU_K0049_18_Pink.xlsx,people,人々,KU,K0049,1,7,K0049,f,1,547.5,18
2454,KU_K0049_18_Pink.xlsx,games_routines,日課とあいさつ,KU,K0049,7,10,K0049,f,1,547.5,18
2455,KU_K0049_18_Pink.xlsx,action_words,動作語,KU,K0049,3,8,K0049,f,1,547.5,18
2456,KU_K0049_18_Pink.xlsx,time_words,時間についてのことば,KU,K0049,0,0,K0049,f,1,547.5,18
2457,KU_K0049_18_Pink.xlsx,descriptive_words,ようす・性質,KU,K0049,1,5,K0049,f,1,547.5,18
2458,KU_K0049_18_Pink.xlsx,pronouns,代名詞,KU,K0049,2,0,K0049,f,1,547.5,18
2459,KU_K0049_18_Pink.xlsx,question_words,質問のことば,KU,K0049,2,0,K0049,f,1,547.5,18
2460,KU_K0049_18_Pink.xlsx,locations,位置と場所についてのことば,KU,K0049,0,0,K0049,f,1,547.5,18
2461,KU_K0049_18_Pink.xlsx,quantifiers,数量を表すことば,KU,K0049,0,0,K0049,f,1,547.5,18
2462,KU_K0049_18_Pink.xlsx,sounds2,幼児語（その２）,KU,K0049,6,14,K0049,f,1,547.5,18
2463,KU_K0049_18_Pink.xlsx,conversations,会話語,KU,K0049,0,0,K0049,f,1,547.5,18
2464,KU_K0049_18_Pink.xlsx,others,その他,KU,K0049,0,1,K0049,f,1,547.5,18
2465,KU_K0050_18_Pink.xlsx,sounds,幼児語,KU,K0050,2,2,K0050,m,1,547.5,18
2466,KU_K0050_18_Pink.xlsx,animals,動物の名前,KU,K0050,3,0,K0050,m,1,547.5,18
2467,KU_K0050_18_Pink.xlsx,vehicles,乗り物,KU,K0050,8,0,K0050,m,1,547.5,18
2468,KU_K0050_18_Pink.xlsx,toys,おもちゃ,KU,K0050,5,0,K0050,m,1,547.5,18
2469,KU_K0050_18_Pink.xlsx,food_drink,食べ物と飲み物,KU,K0050,5,0,K0050,m,1,547.5,18
2470,KU_K0050_18_Pink.xlsx,clothing,衣類,KU,K0050,6,0,K0050,m,1,547.5,18
2471,KU_K0050_18_Pink.xlsx,body_parts,体の部分,KU,K0050,7,0,K0050,m,1,547.5,18
2472,KU_K0050_18_Pink.xlsx,furniture_rooms,家具と部屋,KU,K0050,4,0,K0050,m,1,547.5,18
2473,KU_K0050_18_Pink.xlsx,household,小さな家庭用品,KU,K0050,3,0,K0050,m,1,547.5,18
2474,KU_K0050_18_Pink.xlsx,outside,戸外の物と場所,KU,K0050,4,0,K0050,m,1,547.5,18
2475,KU_K0050_18_Pink.xlsx,people,人々,KU,K0050,3,2,K0050,m,1,547.5,18
2476,KU_K0050_18_Pink.xlsx,games_routines,日課とあいさつ,KU,K0050,9,0,K0050,m,1,547.5,18
2477,KU_K0050_18_Pink.xlsx,action_words,動作語,KU,K0050,2,0,K0050,m,1,547.5,18
2478,KU_K0050_18_Pink.xlsx,time_words,時間についてのことば,KU,K0050,0,0,K0050,m,1,547.5,18
2479,KU_K0050_18_Pink.xlsx,descriptive_words,ようす・性質,KU,K0050,5,0,K0050,m,1,547.5,18
2480,KU_K0050_18_Pink.xlsx,pronouns,代名詞,KU,K0050,2,0,K0050,m,1,547.5,18
2481,KU_K0050_18_Pink.xlsx,question_words,質問のことば,KU,K0050,4,0,K0050,m,1,547.5,18
2482,KU_K0050_18_Pink.xlsx,locations,位置と場所についてのことば,KU,K0050,1,0,K0050,m,1,547.5,18
2483,KU_K0050_18_Pink.xlsx,quantifiers,数量を表すことば,KU,K0050,1,0,K0050,m,1,547.5,18
2484,KU_K0050_18_Pink.xlsx,sounds2,幼児語（その２）,KU,K0050,14,0,K0050,m,1,547.5,18
2485,KU_K0050_18_Pink.xlsx,conversations,会話語,KU,K0050,11,0,K0050,m,1,547.5,18
2486,KU_K0050_18_Pink.xlsx,others,その他,KU,K0050,4,1,K0050,m,1,547.5,18
2487,KU_K0051_18_Pink.xlsx,sounds,幼児語,KU,K0051,2,0,K0051,f,1,547.5,18
2488,KU_K0051_18_Pink.xlsx,animals,動物の名前,KU,K0051,0,0,K0051,f,1,547.5,18
2489,KU_K0051_18_Pink.xlsx,vehicles,乗り物,KU,K0051,0,0,K0051,f,1,547.5,18
2490,KU_K0051_18_Pink.xlsx,toys,おもちゃ,KU,K0051,0,0,K0051,f,1,547.5,18
2491,KU_K0051_18_Pink.xlsx,food_drink,食べ物と飲み物,KU,K0051,1,0,K0051,f,1,547.5,18
2492,KU_K0051_18_Pink.xlsx,clothing,衣類,KU,K0051,1,0,K0051,f,1,547.5,18
2493,KU_K0051_18_Pink.xlsx,body_parts,体の部分,KU,K0051,0,0,K0051,f,1,547.5,18
2494,KU_K0051_18_Pink.xlsx,furniture_rooms,家具と部屋,KU,K0051,1,0,K0051,f,1,547.5,18
2495,KU_K0051_18_Pink.xlsx,household,小さな家庭用品,KU,K0051,1,0,K0051,f,1,547.5,18
2496,KU_K0051_18_Pink.xlsx,outside,戸外の物と場所,KU,K0051,1,0,K0051,f,1,547.5,18
2497,KU_K0051_18_Pink.xlsx,people,人々,KU,K0051,4,0,K0051,f,1,547.5,18
2498,KU_K0051_18_Pink.xlsx,games_routines,日課とあいさつ,KU,K0051,12,0,K0051,f,1,547.5,18
2499,KU_K0051_18_Pink.xlsx,action_words,動作語,KU,K0051,3,0,K0051,f,1,547.5,18
2500,KU_K0051_18_Pink.xlsx,time_words,時間についてのことば,KU,K0051,0,0,K0051,f,1,547.5,18
2501,KU_K0051_18_Pink.xlsx,descriptive_words,ようす・性質,KU,K0051,7,0,K0051,f,1,547.5,18
2502,KU_K0051_18_Pink.xlsx,pronouns,代名詞,KU,K0051,7,0,K0051,f,1,547.5,18
2503,KU_K0051_18_Pink.xlsx,question_words,質問のことば,KU,K0051,1,0,K0051,f,1,547.5,18
2504,KU_K0051_18_Pink.xlsx,locations,位置と場所についてのことば,KU,K0051,0,0,K0051,f,1,547.5,18
2505,KU_K0051_18_Pink.xlsx,quantifiers,数量を表すことば,KU,K0051,2,0,K0051,f,1,547.5,18
2506,KU_K0051_18_Pink.xlsx,sounds2,幼児語（その２）,KU,K0051,0,0,K0051,f,1,547.5,18
2507,KU_K0051_18_Pink.xlsx,conversations,会話語,KU,K0051,0,0,K0051,f,1,547.5,18
2508,KU_K0051_18_Pink.xlsx,others,その他,KU,K0051,2,0,K0051,f,1,547.5,18
2509,KU_K0052_18_Pink.xlsx,sounds,幼児語,KU,K0052,3,1,K0052,m,1,547.5,18
2510,KU_K0052_18_Pink.xlsx,animals,動物の名前,KU,K0052,0,0,K0052,m,1,547.5,18
2511,KU_K0052_18_Pink.xlsx,vehicles,乗り物,KU,K0052,3,0,K0052,m,1,547.5,18
2512,KU_K0052_18_Pink.xlsx,toys,おもちゃ,KU,K0052,0,0,K0052,m,1,547.5,18
2513,KU_K0052_18_Pink.xlsx,food_drink,食べ物と飲み物,KU,K0052,0,0,K0052,m,1,547.5,18
2514,KU_K0052_18_Pink.xlsx,clothing,衣類,KU,K0052,1,0,K0052,m,1,547.5,18
2515,KU_K0052_18_Pink.xlsx,body_parts,体の部分,KU,K0052,1,0,K0052,m,1,547.5,18
2516,KU_K0052_18_Pink.xlsx,furniture_rooms,家具と部屋,KU,K0052,1,0,K0052,m,1,547.5,18
2517,KU_K0052_18_Pink.xlsx,household,小さな家庭用品,KU,K0052,0,0,K0052,m,1,547.5,18
2518,KU_K0052_18_Pink.xlsx,outside,戸外の物と場所,KU,K0052,0,0,K0052,m,1,547.5,18
2519,KU_K0052_18_Pink.xlsx,people,人々,KU,K0052,2,0,K0052,m,1,547.5,18
2520,KU_K0052_18_Pink.xlsx,games_routines,日課とあいさつ,KU,K0052,6,1,K0052,m,1,547.5,18
2521,KU_K0052_18_Pink.xlsx,action_words,動作語,KU,K0052,4,0,K0052,m,1,547.5,18
2522,KU_K0052_18_Pink.xlsx,time_words,時間についてのことば,KU,K0052,0,0,K0052,m,1,547.5,18
2523,KU_K0052_18_Pink.xlsx,descriptive_words,ようす・性質,KU,K0052,0,1,K0052,m,1,547.5,18
2524,KU_K0052_18_Pink.xlsx,pronouns,代名詞,KU,K0052,0,0,K0052,m,1,547.5,18
2525,KU_K0052_18_Pink.xlsx,question_words,質問のことば,KU,K0052,0,0,K0052,m,1,547.5,18
2526,KU_K0052_18_Pink.xlsx,locations,位置と場所についてのことば,KU,K0052,0,0,K0052,m,1,547.5,18
2527,KU_K0052_18_Pink.xlsx,quantifiers,数量を表すことば,KU,K0052,0,0,K0052,m,1,547.5,18
2528,KU_K0052_18_Pink.xlsx,sounds2,幼児語（その２）,KU,K0052,3,0,K0052,m,1,547.5,18
2529,KU_K0052_18_Pink.xlsx,conversations,会話語,KU,K0052,2,0,K0052,m,1,547.5,18
2530,KU_K0052_18_Pink.xlsx,others,その他,KU,K0052,1,0,K0052,m,1,547.5,18
2531,KU_K0053_18_Pink.xlsx,sounds,幼児語,KU,K0053,0,12,K0053,f,1,547.5,18
2532,KU_K0053_18_Pink.xlsx,animals,動物の名前,KU,K0053,11,18,K0053,f,1,547.5,18
2533,KU_K0053_18_Pink.xlsx,vehicles,乗り物,KU,K0053,1,6,K0053,f,1,547.5,18
2534,KU_K0053_18_Pink.xlsx,toys,おもちゃ,KU,K0053,5,1,K0053,f,1,547.5,18
2535,KU_K0053_18_Pink.xlsx,food_drink,食べ物と飲み物,KU,K0053,8,20,K0053,f,1,547.5,18
2536,KU_K0053_18_Pink.xlsx,clothing,衣類,KU,K0053,6,6,K0053,f,1,547.5,18
2537,KU_K0053_18_Pink.xlsx,body_parts,体の部分,KU,K0053,7,10,K0053,f,1,547.5,18
2538,KU_K0053_18_Pink.xlsx,furniture_rooms,家具と部屋,KU,K0053,9,4,K0053,f,1,547.5,18
2539,KU_K0053_18_Pink.xlsx,household,小さな家庭用品,KU,K0053,13,8,K0053,f,1,547.5,18
2540,KU_K0053_18_Pink.xlsx,outside,戸外の物と場所,KU,K0053,10,3,K0053,f,1,547.5,18
2541,KU_K0053_18_Pink.xlsx,people,人々,KU,K0053,6,6,K0053,f,1,547.5,18
2542,KU_K0053_18_Pink.xlsx,games_routines,日課とあいさつ,KU,K0053,3,16,K0053,f,1,547.5,18
2543,KU_K0053_18_Pink.xlsx,action_words,動作語,KU,K0053,32,12,K0053,f,1,547.5,18
2544,KU_K0053_18_Pink.xlsx,time_words,時間についてのことば,KU,K0053,2,1,K0053,f,1,547.5,18
2545,KU_K0053_18_Pink.xlsx,descriptive_words,ようす・性質,KU,K0053,5,17,K0053,f,1,547.5,18
2546,KU_K0053_18_Pink.xlsx,pronouns,代名詞,KU,K0053,3,3,K0053,f,1,547.5,18
2547,KU_K0053_18_Pink.xlsx,question_words,質問のことば,KU,K0053,5,0,K0053,f,1,547.5,18
2548,KU_K0053_18_Pink.xlsx,locations,位置と場所についてのことば,KU,K0053,1,2,K0053,f,1,547.5,18
2549,KU_K0053_18_Pink.xlsx,quantifiers,数量を表すことば,KU,K0053,0,8,K0053,f,1,547.5,18
2550,KU_K0053_18_Pink.xlsx,sounds2,幼児語（その２）,KU,K0053,6,17,K0053,f,1,547.5,18
2551,KU_K0053_18_Pink.xlsx,conversations,会話語,KU,K0053,1,6,K0053,f,1,547.5,18
2552,KU_K0053_18_Pink.xlsx,others,その他,KU,K0053,2,4,K0053,f,1,547.5,18
2553,KU_K0054_18_Pink.xlsx,sounds,幼児語,KU,K0054,2,4,K0054,f,1,547.5,18
2554,KU_K0054_18_Pink.xlsx,animals,動物の名前,KU,K0054,7,1,K0054,f,1,547.5,18
2555,KU_K0054_18_Pink.xlsx,vehicles,乗り物,KU,K0054,5,0,K0054,f,1,547.5,18
2556,KU_K0054_18_Pink.xlsx,toys,おもちゃ,KU,K0054,4,1,K0054,f,1,547.5,18
2557,KU_K0054_18_Pink.xlsx,food_drink,食べ物と飲み物,KU,K0054,5,4,K0054,f,1,547.5,18
2558,KU_K0054_18_Pink.xlsx,clothing,衣類,KU,K0054,4,0,K0054,f,1,547.5,18
2559,KU_K0054_18_Pink.xlsx,body_parts,体の部分,KU,K0054,0,0,K0054,f,1,547.5,18
2560,KU_K0054_18_Pink.xlsx,furniture_rooms,家具と部屋,KU,K0054,1,0,K0054,f,1,547.5,18
2561,KU_K0054_18_Pink.xlsx,household,小さな家庭用品,KU,K0054,7,0,K0054,f,1,547.5,18
2562,KU_K0054_18_Pink.xlsx,outside,戸外の物と場所,KU,K0054,4,1,K0054,f,1,547.5,18
2563,KU_K0054_18_Pink.xlsx,people,人々,KU,K0054,2,1,K0054,f,1,547.5,18
2564,KU_K0054_18_Pink.xlsx,games_routines,日課とあいさつ,KU,K0054,14,0,K0054,f,1,547.5,18
2565,KU_K0054_18_Pink.xlsx,action_words,動作語,KU,K0054,11,0,K0054,f,1,547.5,18
2566,KU_K0054_18_Pink.xlsx,time_words,時間についてのことば,KU,K0054,0,0,K0054,f,1,547.5,18
2567,KU_K0054_18_Pink.xlsx,descriptive_words,ようす・性質,KU,K0054,2,0,K0054,f,1,547.5,18
2568,KU_K0054_18_Pink.xlsx,pronouns,代名詞,KU,K0054,0,0,K0054,f,1,547.5,18
2569,KU_K0054_18_Pink.xlsx,question_words,質問のことば,KU,K0054,0,0,K0054,f,1,547.5,18
2570,KU_K0054_18_Pink.xlsx,locations,位置と場所についてのことば,KU,K0054,0,0,K0054,f,1,547.5,18
2571,KU_K0054_18_Pink.xlsx,quantifiers,数量を表すことば,KU,K0054,1,0,K0054,f,1,547.5,18
2572,KU_K0054_18_Pink.xlsx,sounds2,幼児語（その２）,KU,K0054,0,1,K0054,f,1,547.5,18
2573,KU_K0054_18_Pink.xlsx,conversations,会話語,KU,K0054,0,0,K0054,f,1,547.5,18
2574,KU_K0054_18_Pink.xlsx,others,その他,KU,K0054,0,2,K0054,f,1,547.5,18
2575,KU_K0055_18_Pink.xlsx,sounds,幼児語,KU,K0055,3,1,K0055,f,1,547.5,18
2576,KU_K0055_18_Pink.xlsx,animals,動物の名前,KU,K0055,4,0,K0055,f,1,547.5,18
2577,KU_K0055_18_Pink.xlsx,vehicles,乗り物,KU,K0055,2,0,K0055,f,1,547.5,18
2578,KU_K0055_18_Pink.xlsx,toys,おもちゃ,KU,K0055,3,0,K0055,f,1,547.5,18
2579,KU_K0055_18_Pink.xlsx,food_drink,食べ物と飲み物,KU,K0055,8,0,K0055,f,1,547.5,18
2580,KU_K0055_18_Pink.xlsx,clothing,衣類,KU,K0055,7,0,K0055,f,1,547.5,18
2581,KU_K0055_18_Pink.xlsx,body_parts,体の部分,KU,K0055,16,0,K0055,f,1,547.5,18
2582,KU_K0055_18_Pink.xlsx,furniture_rooms,家具と部屋,KU,K0055,3,0,K0055,f,1,547.5,18
2583,KU_K0055_18_Pink.xlsx,household,小さな家庭用品,KU,K0055,6,0,K0055,f,1,547.5,18
2584,KU_K0055_18_Pink.xlsx,outside,戸外の物と場所,KU,K0055,2,0,K0055,f,1,547.5,18
2585,KU_K0055_18_Pink.xlsx,people,人々,KU,K0055,5,1,K0055,f,1,547.5,18
2586,KU_K0055_18_Pink.xlsx,games_routines,日課とあいさつ,KU,K0055,13,1,K0055,f,1,547.5,18
2587,KU_K0055_18_Pink.xlsx,action_words,動作語,KU,K0055,6,0,K0055,f,1,547.5,18
2588,KU_K0055_18_Pink.xlsx,time_words,時間についてのことば,KU,K0055,1,0,K0055,f,1,547.5,18
2589,KU_K0055_18_Pink.xlsx,descriptive_words,ようす・性質,KU,K0055,7,0,K0055,f,1,547.5,18
2590,KU_K0055_18_Pink.xlsx,pronouns,代名詞,KU,K0055,0,0,K0055,f,1,547.5,18
2591,KU_K0055_18_Pink.xlsx,question_words,質問のことば,KU,K0055,0,0,K0055,f,1,547.5,18
2592,KU_K0055_18_Pink.xlsx,locations,位置と場所についてのことば,KU,K0055,0,0,K0055,f,1,547.5,18
2593,KU_K0055_18_Pink.xlsx,quantifiers,数量を表すことば,KU,K0055,3,0,K0055,f,1,547.5,18
2594,KU_K0055_18_Pink.xlsx,sounds2,幼児語（その２）,KU,K0055,9,0,K0055,f,1,547.5,18
2595,KU_K0055_18_Pink.xlsx,conversations,会話語,KU,K0055,0,1,K0055,f,1,547.5,18
2596,KU_K0055_18_Pink.xlsx,others,その他,KU,K0055,0,0,K0055,f,1,547.5,18
2597,KU_K0056_18_Pink.xlsx,sounds,幼児語,KU,K0056,10,0,K0056,m,1,547.5,18
2598,KU_K0056_18_Pink.xlsx,animals,動物の名前,KU,K0056,24,0,K0056,m,1,547.5,18
2599,KU_K0056_18_Pink.xlsx,vehicles,乗り物,KU,K0056,5,0,K0056,m,1,547.5,18
2600,KU_K0056_18_Pink.xlsx,toys,おもちゃ,KU,K0056,6,0,K0056,m,1,547.5,18
2601,KU_K0056_18_Pink.xlsx,food_drink,食べ物と飲み物,KU,K0056,7,2,K0056,m,1,547.5,18
2602,KU_K0056_18_Pink.xlsx,clothing,衣類,KU,K0056,8,1,K0056,m,1,547.5,18
2603,KU_K0056_18_Pink.xlsx,body_parts,体の部分,KU,K0056,14,0,K0056,m,1,547.5,18
2604,KU_K0056_18_Pink.xlsx,furniture_rooms,家具と部屋,KU,K0056,13,0,K0056,m,1,547.5,18
2605,KU_K0056_18_Pink.xlsx,household,小さな家庭用品,KU,K0056,19,0,K0056,m,1,547.5,18
2606,KU_K0056_18_Pink.xlsx,outside,戸外の物と場所,KU,K0056,12,0,K0056,m,1,547.5,18
2607,KU_K0056_18_Pink.xlsx,people,人々,KU,K0056,7,3,K0056,m,1,547.5,18
2608,KU_K0056_18_Pink.xlsx,games_routines,日課とあいさつ,KU,K0056,17,0,K0056,m,1,547.5,18
2609,KU_K0056_18_Pink.xlsx,action_words,動作語,KU,K0056,32,0,K0056,m,1,547.5,18
2610,KU_K0056_18_Pink.xlsx,time_words,時間についてのことば,KU,K0056,2,0,K0056,m,1,547.5,18
2611,KU_K0056_18_Pink.xlsx,descriptive_words,ようす・性質,KU,K0056,14,0,K0056,m,1,547.5,18
2612,KU_K0056_18_Pink.xlsx,pronouns,代名詞,KU,K0056,5,0,K0056,m,1,547.5,18
2613,KU_K0056_18_Pink.xlsx,question_words,質問のことば,KU,K0056,3,0,K0056,m,1,547.5,18
2614,KU_K0056_18_Pink.xlsx,locations,位置と場所についてのことば,KU,K0056,6,0,K0056,m,1,547.5,18
2615,KU_K0056_18_Pink.xlsx,quantifiers,数量を表すことば,KU,K0056,6,1,K0056,m,1,547.5,18
2616,KU_K0056_18_Pink.xlsx,sounds2,幼児語（その２）,KU,K0056,14,0,K0056,m,1,547.5,18
2617,KU_K0056_18_Pink.xlsx,conversations,会話語,KU,K0056,3,2,K0056,m,1,547.5,18
2618,KU_K0056_18_Pink.xlsx,others,その他,KU,K0056,4,0,K0056,m,1,547.5,18
2619,KU_K0057_18_Pink.xlsx,sounds,幼児語,KU,K0057,3,9,K0057,m,1,547.5,18
2620,KU_K0057_18_Pink.xlsx,animals,動物の名前,KU,K0057,23,6,K0057,m,1,547.5,18
2621,KU_K0057_18_Pink.xlsx,vehicles,乗り物,KU,K0057,0,9,K0057,m,1,547.5,18
2622,KU_K0057_18_Pink.xlsx,toys,おもちゃ,KU,K0057,4,0,K0057,m,1,547.5,18
2623,KU_K0057_18_Pink.xlsx,food_drink,食べ物と飲み物,KU,K0057,14,11,K0057,m,1,547.5,18
2624,KU_K0057_18_Pink.xlsx,clothing,衣類,KU,K0057,1,4,K0057,m,1,547.5,18
2625,KU_K0057_18_Pink.xlsx,body_parts,体の部分,KU,K0057,8,9,K0057,m,1,547.5,18
2626,KU_K0057_18_Pink.xlsx,furniture_rooms,家具と部屋,KU,K0057,7,0,K0057,m,1,547.5,18
2627,KU_K0057_18_Pink.xlsx,household,小さな家庭用品,KU,K0057,11,0,K0057,m,1,547.5,18
2628,KU_K0057_18_Pink.xlsx,outside,戸外の物と場所,KU,K0057,3,0,K0057,m,1,547.5,18
2629,KU_K0057_18_Pink.xlsx,people,人々,KU,K0057,5,8,K0057,m,1,547.5,18
2630,KU_K0057_18_Pink.xlsx,games_routines,日課とあいさつ,KU,K0057,14,5,K0057,m,1,547.5,18
2631,KU_K0057_18_Pink.xlsx,action_words,動作語,KU,K0057,36,9,K0057,m,1,547.5,18
2632,KU_K0057_18_Pink.xlsx,time_words,時間についてのことば,KU,K0057,8,0,K0057,m,1,547.5,18
2633,KU_K0057_18_Pink.xlsx,descriptive_words,ようす・性質,KU,K0057,20,8,K0057,m,1,547.5,18
2634,KU_K0057_18_Pink.xlsx,pronouns,代名詞,KU,K0057,5,6,K0057,m,1,547.5,18
2635,KU_K0057_18_Pink.xlsx,question_words,質問のことば,KU,K0057,6,0,K0057,m,1,547.5,18
2636,KU_K0057_18_Pink.xlsx,locations,位置と場所についてのことば,KU,K0057,9,0,K0057,m,1,547.5,18
2637,KU_K0057_18_Pink.xlsx,quantifiers,数量を表すことば,KU,K0057,5,3,K0057,m,1,547.5,18
2638,KU_K0057_18_Pink.xlsx,sounds2,幼児語（その２）,KU,K0057,11,18,K0057,m,1,547.5,18
2639,KU_K0057_18_Pink.xlsx,conversations,会話語,KU,K0057,8,6,K0057,m,1,547.5,18
2640,KU_K0057_18_Pink.xlsx,others,その他,KU,K0057,4,5,K0057,m,1,547.5,18
2641,KU_K0058_18_Pink.xlsx,sounds,幼児語,KU,K0058,4,5,K0058,f,1,547.5,18
2642,KU_K0058_18_Pink.xlsx,animals,動物の名前,KU,K0058,3,0,K0058,f,1,547.5,18
2643,KU_K0058_18_Pink.xlsx,vehicles,乗り物,KU,K0058,2,1,K0058,f,1,547.5,18
2644,KU_K0058_18_Pink.xlsx,toys,おもちゃ,KU,K0058,2,1,K0058,f,1,547.5,18
2645,KU_K0058_18_Pink.xlsx,food_drink,食べ物と飲み物,KU,K0058,1,1,K0058,f,1,547.5,18
2646,KU_K0058_18_Pink.xlsx,clothing,衣類,KU,K0058,0,3,K0058,f,1,547.5,18
2647,KU_K0058_18_Pink.xlsx,body_parts,体の部分,KU,K0058,2,1,K0058,f,1,547.5,18
2648,KU_K0058_18_Pink.xlsx,furniture_rooms,家具と部屋,KU,K0058,3,0,K0058,f,1,547.5,18
2649,KU_K0058_18_Pink.xlsx,household,小さな家庭用品,KU,K0058,4,0,K0058,f,1,547.5,18
2650,KU_K0058_18_Pink.xlsx,outside,戸外の物と場所,KU,K0058,1,1,K0058,f,1,547.5,18
2651,KU_K0058_18_Pink.xlsx,people,人々,KU,K0058,2,4,K0058,f,1,547.5,18
2652,KU_K0058_18_Pink.xlsx,games_routines,日課とあいさつ,KU,K0058,3,12,K0058,f,1,547.5,18
2653,KU_K0058_18_Pink.xlsx,action_words,動作語,KU,K0058,5,2,K0058,f,1,547.5,18
2654,KU_K0058_18_Pink.xlsx,time_words,時間についてのことば,KU,K0058,0,0,K0058,f,1,547.5,18
2655,KU_K0058_18_Pink.xlsx,descriptive_words,ようす・性質,KU,K0058,2,4,K0058,f,1,547.5,18
2656,KU_K0058_18_Pink.xlsx,pronouns,代名詞,KU,K0058,0,3,K0058,f,1,547.5,18
2657,KU_K0058_18_Pink.xlsx,question_words,質問のことば,KU,K0058,3,0,K0058,f,1,547.5,18
2658,KU_K0058_18_Pink.xlsx,locations,位置と場所についてのことば,KU,K0058,1,0,K0058,f,1,547.5,18
2659,KU_K0058_18_Pink.xlsx,quantifiers,数量を表すことば,KU,K0058,2,2,K0058,f,1,547.5,18
2660,KU_K0058_18_Pink.xlsx,sounds2,幼児語（その２）,KU,K0058,10,2,K0058,f,1,547.5,18
2661,KU_K0058_18_Pink.xlsx,conversations,会話語,KU,K0058,3,7,K0058,f,1,547.5,18
2662,KU_K0058_18_Pink.xlsx,others,その他,KU,K0058,2,3,K0058,f,1,547.5,18
2663,KU_K0059_18_Pink.xlsx,sounds,幼児語,KU,K0059,0,2,K0059,f,1,547.5,18
2664,KU_K0059_18_Pink.xlsx,animals,動物の名前,KU,K0059,0,0,K0059,f,1,547.5,18
2665,KU_K0059_18_Pink.xlsx,vehicles,乗り物,KU,K0059,0,0,K0059,f,1,547.5,18
2666,KU_K0059_18_Pink.xlsx,toys,おもちゃ,KU,K0059,0,0,K0059,f,1,547.5,18
2667,KU_K0059_18_Pink.xlsx,food_drink,食べ物と飲み物,KU,K0059,0,1,K0059,f,1,547.5,18
2668,KU_K0059_18_Pink.xlsx,clothing,衣類,KU,K0059,0,1,K0059,f,1,547.5,18
2669,KU_K0059_18_Pink.xlsx,body_parts,体の部分,KU,K0059,0,0,K0059,f,1,547.5,18
2670,KU_K0059_18_Pink.xlsx,furniture_rooms,家具と部屋,KU,K0059,1,0,K0059,f,1,547.5,18
2671,KU_K0059_18_Pink.xlsx,household,小さな家庭用品,KU,K0059,0,0,K0059,f,1,547.5,18
2672,KU_K0059_18_Pink.xlsx,outside,戸外の物と場所,KU,K0059,0,0,K0059,f,1,547.5,18
2673,KU_K0059_18_Pink.xlsx,people,人々,KU,K0059,0,1,K0059,f,1,547.5,18
2674,KU_K0059_18_Pink.xlsx,games_routines,日課とあいさつ,KU,K0059,0,1,K0059,f,1,547.5,18
2675,KU_K0059_18_Pink.xlsx,action_words,動作語,KU,K0059,0,0,K0059,f,1,547.5,18
2676,KU_K0059_18_Pink.xlsx,time_words,時間についてのことば,KU,K0059,0,0,K0059,f,1,547.5,18
2677,KU_K0059_18_Pink.xlsx,descriptive_words,ようす・性質,KU,K0059,0,0,K0059,f,1,547.5,18
2678,KU_K0059_18_Pink.xlsx,pronouns,代名詞,KU,K0059,0,0,K0059,f,1,547.5,18
2679,KU_K0059_18_Pink.xlsx,question_words,質問のことば,KU,K0059,0,0,K0059,f,1,547.5,18
2680,KU_K0059_18_Pink.xlsx,locations,位置と場所についてのことば,KU,K0059,0,0,K0059,f,1,547.5,18
2681,KU_K0059_18_Pink.xlsx,quantifiers,数量を表すことば,KU,K0059,0,0,K0059,f,1,547.5,18
2682,KU_K0059_18_Pink.xlsx,sounds2,幼児語（その２）,KU,K0059,1,1,K0059,f,1,547.5,18
2683,KU_K0059_18_Pink.xlsx,conversations,会話語,KU,K0059,0,0,K0059,f,1,547.5,18
2684,KU_K0059_18_Pink.xlsx,others,その他,KU,K0059,0,0,K0059,f,1,547.5,18
2685,KU_K0060_18_Pink.xlsx,sounds,幼児語,KU,K0060,3,0,K0060,f,1,547.5,18
2686,KU_K0060_18_Pink.xlsx,animals,動物の名前,KU,K0060,5,0,K0060,f,1,547.5,18
2687,KU_K0060_18_Pink.xlsx,vehicles,乗り物,KU,K0060,1,0,K0060,f,1,547.5,18
2688,KU_K0060_18_Pink.xlsx,toys,おもちゃ,KU,K0060,1,0,K0060,f,1,547.5,18
2689,KU_K0060_18_Pink.xlsx,food_drink,食べ物と飲み物,KU,K0060,6,0,K0060,f,1,547.5,18
2690,KU_K0060_18_Pink.xlsx,clothing,衣類,KU,K0060,1,0,K0060,f,1,547.5,18
2691,KU_K0060_18_Pink.xlsx,body_parts,体の部分,KU,K0060,5,0,K0060,f,1,547.5,18
2692,KU_K0060_18_Pink.xlsx,furniture_rooms,家具と部屋,KU,K0060,3,0,K0060,f,1,547.5,18
2693,KU_K0060_18_Pink.xlsx,household,小さな家庭用品,KU,K0060,2,0,K0060,f,1,547.5,18
2694,KU_K0060_18_Pink.xlsx,outside,戸外の物と場所,KU,K0060,2,0,K0060,f,1,547.5,18
2695,KU_K0060_18_Pink.xlsx,people,人々,KU,K0060,4,0,K0060,f,1,547.5,18
2696,KU_K0060_18_Pink.xlsx,games_routines,日課とあいさつ,KU,K0060,15,0,K0060,f,1,547.5,18
2697,KU_K0060_18_Pink.xlsx,action_words,動作語,KU,K0060,9,0,K0060,f,1,547.5,18
2698,KU_K0060_18_Pink.xlsx,time_words,時間についてのことば,KU,K0060,0,0,K0060,f,1,547.5,18
2699,KU_K0060_18_Pink.xlsx,descriptive_words,ようす・性質,KU,K0060,5,0,K0060,f,1,547.5,18
2700,KU_K0060_18_Pink.xlsx,pronouns,代名詞,KU,K0060,0,0,K0060,f,1,547.5,18
2701,KU_K0060_18_Pink.xlsx,question_words,質問のことば,KU,K0060,0,0,K0060,f,1,547.5,18
2702,KU_K0060_18_Pink.xlsx,locations,位置と場所についてのことば,KU,K0060,0,0,K0060,f,1,547.5,18
2703,KU_K0060_18_Pink.xlsx,quantifiers,数量を表すことば,KU,K0060,0,0,K0060,f,1,547.5,18
2704,KU_K0060_18_Pink.xlsx,sounds2,幼児語（その２）,KU,K0060,3,4,K0060,f,1,547.5,18
2705,KU_K0060_18_Pink.xlsx,conversations,会話語,KU,K0060,0,0,K0060,f,1,547.5,18
2706,KU_K0060_18_Pink.xlsx,others,その他,KU,K0060,0,1,K0060,f,1,547.5,18
2707,LT_S0109_12_Pink.xlsx,sounds,幼児語,LT,S0109,4,0,S0109,f,1,366,12
2708,LT_S0109_12_Pink.xlsx,animals,動物の名前,LT,S0109,5,0,S0109,f,1,366,12
2709,LT_S0109_12_Pink.xlsx,vehicles,乗り物,LT,S0109,0,0,S0109,f,1,366,12
2710,LT_S0109_12_Pink.xlsx,toys,おもちゃ,LT,S0109,3,0,S0109,f,1,366,12
2711,LT_S0109_12_Pink.xlsx,food_drink,食べ物と飲み物,LT,S0109,3,0,S0109,f,1,366,12
2712,LT_S0109_12_Pink.xlsx,clothing,衣類,LT,S0109,0,0,S0109,f,1,366,12
2713,LT_S0109_12_Pink.xlsx,body_parts,体の部分,LT,S0109,0,0,S0109,f,1,366,12
2714,LT_S0109_12_Pink.xlsx,furniture_rooms,家具と部屋,LT,S0109,0,0,S0109,f,1,366,12
2715,LT_S0109_12_Pink.xlsx,household,小さな家庭用品,LT,S0109,1,0,S0109,f,1,366,12
2716,LT_S0109_12_Pink.xlsx,outside,戸外の物と場所,LT,S0109,5,0,S0109,f,1,366,12
2717,LT_S0109_12_Pink.xlsx,people,人々,LT,S0109,2,3,S0109,f,1,366,12
2718,LT_S0109_12_Pink.xlsx,games_routines,日課とあいさつ,LT,S0109,11,0,S0109,f,1,366,12
2719,LT_S0109_12_Pink.xlsx,action_words,動作語,LT,S0109,5,0,S0109,f,1,366,12
2720,LT_S0109_12_Pink.xlsx,time_words,時間についてのことば,LT,S0109,1,0,S0109,f,1,366,12
2721,LT_S0109_12_Pink.xlsx,descriptive_words,ようす・性質,LT,S0109,9,0,S0109,f,1,366,12
2722,LT_S0109_12_Pink.xlsx,pronouns,代名詞,LT,S0109,0,0,S0109,f,1,366,12
2723,LT_S0109_12_Pink.xlsx,question_words,質問のことば,LT,S0109,2,0,S0109,f,1,366,12
2724,LT_S0109_12_Pink.xlsx,locations,位置と場所についてのことば,LT,S0109,0,0,S0109,f,1,366,12
2725,LT_S0109_12_Pink.xlsx,quantifiers,数量を表すことば,LT,S0109,1,0,S0109,f,1,366,12
2726,LT_S0109_12_Pink.xlsx,sounds2,幼児語（その２）,LT,S0109,9,0,S0109,f,1,366,12
2727,LT_S0109_12_Pink.xlsx,conversations,会話語,LT,S0109,1,0,S0109,f,1,366,12
2728,LT_S0109_12_Pink.xlsx,others,その他,LT,S0109,3,0,S0109,f,1,366,12
2729,LT_S0109_15_Pink.xlsx,sounds,幼児語,LT,S0109,5,2,S0109,f,1,462,15
2730,LT_S0109_15_Pink.xlsx,animals,動物の名前,LT,S0109,10,2,S0109,f,1,462,15
2731,LT_S0109_15_Pink.xlsx,vehicles,乗り物,LT,S0109,5,1,S0109,f,1,462,15
2732,LT_S0109_15_Pink.xlsx,toys,おもちゃ,LT,S0109,6,0,S0109,f,1,462,15
2733,LT_S0109_15_Pink.xlsx,food_drink,食べ物と飲み物,LT,S0109,6,0,S0109,f,1,462,15
2734,LT_S0109_15_Pink.xlsx,clothing,衣類,LT,S0109,6,0,S0109,f,1,462,15
2735,LT_S0109_15_Pink.xlsx,body_parts,体の部分,LT,S0109,8,0,S0109,f,1,462,15
2736,LT_S0109_15_Pink.xlsx,furniture_rooms,家具と部屋,LT,S0109,7,0,S0109,f,1,462,15
2737,LT_S0109_15_Pink.xlsx,household,小さな家庭用品,LT,S0109,5,0,S0109,f,1,462,15
2738,LT_S0109_15_Pink.xlsx,outside,戸外の物と場所,LT,S0109,5,1,S0109,f,1,462,15
2739,LT_S0109_15_Pink.xlsx,people,人々,LT,S0109,1,3,S0109,f,1,462,15
2740,LT_S0109_15_Pink.xlsx,games_routines,日課とあいさつ,LT,S0109,12,0,S0109,f,1,462,15
2741,LT_S0109_15_Pink.xlsx,action_words,動作語,LT,S0109,7,0,S0109,f,1,462,15
2742,LT_S0109_15_Pink.xlsx,time_words,時間についてのことば,LT,S0109,0,0,S0109,f,1,462,15
2743,LT_S0109_15_Pink.xlsx,descriptive_words,ようす・性質,LT,S0109,6,0,S0109,f,1,462,15
2744,LT_S0109_15_Pink.xlsx,pronouns,代名詞,LT,S0109,2,0,S0109,f,1,462,15
2745,LT_S0109_15_Pink.xlsx,question_words,質問のことば,LT,S0109,2,0,S0109,f,1,462,15
2746,LT_S0109_15_Pink.xlsx,locations,位置と場所についてのことば,LT,S0109,0,0,S0109,f,1,462,15
2747,LT_S0109_15_Pink.xlsx,quantifiers,数量を表すことば,LT,S0109,1,1,S0109,f,1,462,15
2748,LT_S0109_15_Pink.xlsx,sounds2,幼児語（その２）,LT,S0109,12,2,S0109,f,1,462,15
2749,LT_S0109_15_Pink.xlsx,conversations,会話語,LT,S0109,2,1,S0109,f,1,462,15
2750,LT_S0109_15_Pink.xlsx,others,その他,LT,S0109,4,0,S0109,f,1,462,15
2751,LT_S0111_12_Pink.xlsx,sounds,幼児語,LT,S0111,0,0,S0111,m,1,370,12
2752,LT_S0111_12_Pink.xlsx,animals,動物の名前,LT,S0111,0,0,S0111,m,1,370,12
2753,LT_S0111_12_Pink.xlsx,vehicles,乗り物,LT,S0111,0,0,S0111,m,1,370,12
2754,LT_S0111_12_Pink.xlsx,toys,おもちゃ,LT,S0111,0,0,S0111,m,1,370,12
2755,LT_S0111_12_Pink.xlsx,food_drink,食べ物と飲み物,LT,S0111,0,0,S0111,m,1,370,12
2756,LT_S0111_12_Pink.xlsx,clothing,衣類,LT,S0111,0,0,S0111,m,1,370,12
2757,LT_S0111_12_Pink.xlsx,body_parts,体の部分,LT,S0111,0,0,S0111,m,1,370,12
2758,LT_S0111_12_Pink.xlsx,furniture_rooms,家具と部屋,LT,S0111,0,0,S0111,m,1,370,12
2759,LT_S0111_12_Pink.xlsx,household,小さな家庭用品,LT,S0111,0,0,S0111,m,1,370,12
2760,LT_S0111_12_Pink.xlsx,outside,戸外の物と場所,LT,S0111,0,0,S0111,m,1,370,12
2761,LT_S0111_12_Pink.xlsx,people,人々,LT,S0111,0,0,S0111,m,1,370,12
2762,LT_S0111_12_Pink.xlsx,games_routines,日課とあいさつ,LT,S0111,1,0,S0111,m,1,370,12
2763,LT_S0111_12_Pink.xlsx,action_words,動作語,LT,S0111,0,0,S0111,m,1,370,12
2764,LT_S0111_12_Pink.xlsx,time_words,時間についてのことば,LT,S0111,0,0,S0111,m,1,370,12
2765,LT_S0111_12_Pink.xlsx,descriptive_words,ようす・性質,LT,S0111,0,0,S0111,m,1,370,12
2766,LT_S0111_12_Pink.xlsx,pronouns,代名詞,LT,S0111,0,0,S0111,m,1,370,12
2767,LT_S0111_12_Pink.xlsx,question_words,質問のことば,LT,S0111,0,0,S0111,m,1,370,12
2768,LT_S0111_12_Pink.xlsx,locations,位置と場所についてのことば,LT,S0111,0,0,S0111,m,1,370,12
2769,LT_S0111_12_Pink.xlsx,quantifiers,数量を表すことば,LT,S0111,0,0,S0111,m,1,370,12
2770,LT_S0111_12_Pink.xlsx,sounds2,幼児語（その２）,LT,S0111,0,0,S0111,m,1,370,12
2771,LT_S0111_12_Pink.xlsx,conversations,会話語,LT,S0111,0,0,S0111,m,1,370,12
2772,LT_S0111_12_Pink.xlsx,others,その他,LT,S0111,0,0,S0111,m,1,370,12
2773,LT_S0112_12_Pink.xlsx,sounds,幼児語,LT,S0112,2,0,S0112,f,1,376,12
2774,LT_S0112_12_Pink.xlsx,animals,動物の名前,LT,S0112,0,0,S0112,f,1,376,12
2775,LT_S0112_12_Pink.xlsx,vehicles,乗り物,LT,S0112,0,0,S0112,f,1,376,12
2776,LT_S0112_12_Pink.xlsx,toys,おもちゃ,LT,S0112,0,0,S0112,f,1,376,12
2777,LT_S0112_12_Pink.xlsx,food_drink,食べ物と飲み物,LT,S0112,4,1,S0112,f,1,376,12
2778,LT_S0112_12_Pink.xlsx,clothing,衣類,LT,S0112,0,0,S0112,f,1,376,12
2779,LT_S0112_12_Pink.xlsx,body_parts,体の部分,LT,S0112,1,0,S0112,f,1,376,12
2780,LT_S0112_12_Pink.xlsx,furniture_rooms,家具と部屋,LT,S0112,0,0,S0112,f,1,376,12
2781,LT_S0112_12_Pink.xlsx,household,小さな家庭用品,LT,S0112,2,0,S0112,f,1,376,12
2782,LT_S0112_12_Pink.xlsx,outside,戸外の物と場所,LT,S0112,2,0,S0112,f,1,376,12
2783,LT_S0112_12_Pink.xlsx,people,人々,LT,S0112,6,1,S0112,f,1,376,12
2784,LT_S0112_12_Pink.xlsx,games_routines,日課とあいさつ,LT,S0112,4,2,S0112,f,1,376,12
2785,LT_S0112_12_Pink.xlsx,action_words,動作語,LT,S0112,2,0,S0112,f,1,376,12
2786,LT_S0112_12_Pink.xlsx,time_words,時間についてのことば,LT,S0112,0,0,S0112,f,1,376,12
2787,LT_S0112_12_Pink.xlsx,descriptive_words,ようす・性質,LT,S0112,2,0,S0112,f,1,376,12
2788,LT_S0112_12_Pink.xlsx,pronouns,代名詞,LT,S0112,0,0,S0112,f,1,376,12
2789,LT_S0112_12_Pink.xlsx,question_words,質問のことば,LT,S0112,0,0,S0112,f,1,376,12
2790,LT_S0112_12_Pink.xlsx,locations,位置と場所についてのことば,LT,S0112,0,0,S0112,f,1,376,12
2791,LT_S0112_12_Pink.xlsx,quantifiers,数量を表すことば,LT,S0112,0,0,S0112,f,1,376,12
2792,LT_S0112_12_Pink.xlsx,sounds2,幼児語（その２）,LT,S0112,5,2,S0112,f,1,376,12
2793,LT_S0112_12_Pink.xlsx,conversations,会話語,LT,S0112,0,0,S0112,f,1,376,12
2794,LT_S0112_12_Pink.xlsx,others,その他,LT,S0112,2,0,S0112,f,1,376,12
2795,LT_S0112_15_Pink.xlsx,sounds,幼児語,LT,S0112,3,3,S0112,f,1,457,15
2796,LT_S0112_15_Pink.xlsx,animals,動物の名前,LT,S0112,3,0,S0112,f,1,457,15
2797,LT_S0112_15_Pink.xlsx,vehicles,乗り物,LT,S0112,1,0,S0112,f,1,457,15
2798,LT_S0112_15_Pink.xlsx,toys,おもちゃ,LT,S0112,3,0,S0112,f,1,457,15
2799,LT_S0112_15_Pink.xlsx,food_drink,食べ物と飲み物,LT,S0112,5,1,S0112,f,1,457,15
2800,LT_S0112_15_Pink.xlsx,clothing,衣類,LT,S0112,5,0,S0112,f,1,457,15
2801,LT_S0112_15_Pink.xlsx,body_parts,体の部分,LT,S0112,3,1,S0112,f,1,457,15
2802,LT_S0112_15_Pink.xlsx,furniture_rooms,家具と部屋,LT,S0112,5,0,S0112,f,1,457,15
2803,LT_S0112_15_Pink.xlsx,household,小さな家庭用品,LT,S0112,5,0,S0112,f,1,457,15
2804,LT_S0112_15_Pink.xlsx,outside,戸外の物と場所,LT,S0112,4,0,S0112,f,1,457,15
2805,LT_S0112_15_Pink.xlsx,people,人々,LT,S0112,2,6,S0112,f,1,457,15
2806,LT_S0112_15_Pink.xlsx,games_routines,日課とあいさつ,LT,S0112,13,2,S0112,f,1,457,15
2807,LT_S0112_15_Pink.xlsx,action_words,動作語,LT,S0112,22,2,S0112,f,1,457,15
2808,LT_S0112_15_Pink.xlsx,time_words,時間についてのことば,LT,S0112,0,0,S0112,f,1,457,15
2809,LT_S0112_15_Pink.xlsx,descriptive_words,ようす・性質,LT,S0112,5,2,S0112,f,1,457,15
2810,LT_S0112_15_Pink.xlsx,pronouns,代名詞,LT,S0112,0,0,S0112,f,1,457,15
2811,LT_S0112_15_Pink.xlsx,question_words,質問のことば,LT,S0112,0,0,S0112,f,1,457,15
2812,LT_S0112_15_Pink.xlsx,locations,位置と場所についてのことば,LT,S0112,0,0,S0112,f,1,457,15
2813,LT_S0112_15_Pink.xlsx,quantifiers,数量を表すことば,LT,S0112,0,0,S0112,f,1,457,15
2814,LT_S0112_15_Pink.xlsx,sounds2,幼児語（その２）,LT,S0112,8,5,S0112,f,1,457,15
2815,LT_S0112_15_Pink.xlsx,conversations,会話語,LT,S0112,1,3,S0112,f,1,457,15
2816,LT_S0112_15_Pink.xlsx,others,その他,LT,S0112,1,2,S0112,f,1,457,15
2817,LT_S0144_11_Pink.xlsx,sounds,幼児語,LT,S0144,4,1,S0144,f,1,363,11
2818,LT_S0144_11_Pink.xlsx,animals,動物の名前,LT,S0144,2,0,S0144,f,1,363,11
2819,LT_S0144_11_Pink.xlsx,vehicles,乗り物,LT,S0144,0,0,S0144,f,1,363,11
2820,LT_S0144_11_Pink.xlsx,toys,おもちゃ,LT,S0144,3,0,S0144,f,1,363,11
2821,LT_S0144_11_Pink.xlsx,food_drink,食べ物と飲み物,LT,S0144,4,0,S0144,f,1,363,11
2822,LT_S0144_11_Pink.xlsx,clothing,衣類,LT,S0144,1,0,S0144,f,1,363,11
2823,LT_S0144_11_Pink.xlsx,body_parts,体の部分,LT,S0144,2,0,S0144,f,1,363,11
2824,LT_S0144_11_Pink.xlsx,furniture_rooms,家具と部屋,LT,S0144,1,0,S0144,f,1,363,11
2825,LT_S0144_11_Pink.xlsx,household,小さな家庭用品,LT,S0144,1,0,S0144,f,1,363,11
2826,LT_S0144_11_Pink.xlsx,outside,戸外の物と場所,LT,S0144,2,0,S0144,f,1,363,11
2827,LT_S0144_11_Pink.xlsx,people,人々,LT,S0144,5,0,S0144,f,1,363,11
2828,LT_S0144_11_Pink.xlsx,games_routines,日課とあいさつ,LT,S0144,7,0,S0144,f,1,363,11
2829,LT_S0144_11_Pink.xlsx,action_words,動作語,LT,S0144,4,0,S0144,f,1,363,11
2830,LT_S0144_11_Pink.xlsx,time_words,時間についてのことば,LT,S0144,0,0,S0144,f,1,363,11
2831,LT_S0144_11_Pink.xlsx,descriptive_words,ようす・性質,LT,S0144,3,0,S0144,f,1,363,11
2832,LT_S0144_11_Pink.xlsx,pronouns,代名詞,LT,S0144,0,0,S0144,f,1,363,11
2833,LT_S0144_11_Pink.xlsx,question_words,質問のことば,LT,S0144,1,0,S0144,f,1,363,11
2834,LT_S0144_11_Pink.xlsx,locations,位置と場所についてのことば,LT,S0144,0,0,S0144,f,1,363,11
2835,LT_S0144_11_Pink.xlsx,quantifiers,数量を表すことば,LT,S0144,1,0,S0144,f,1,363,11
2836,LT_S0144_11_Pink.xlsx,sounds2,幼児語（その２）,LT,S0144,1,0,S0144,f,1,363,11
2837,LT_S0144_11_Pink.xlsx,conversations,会話語,LT,S0144,1,0,S0144,f,1,363,11
2838,LT_S0144_11_Pink.xlsx,others,その他,LT,S0144,1,0,S0144,f,1,363,11
2839,LT_S0144_15_Pink.xlsx,sounds,幼児語,LT,S0144,1,4,S0144,f,1,474,15
2840,LT_S0144_15_Pink.xlsx,animals,動物の名前,LT,S0144,1,1,S0144,f,1,474,15
2841,LT_S0144_15_Pink.xlsx,vehicles,乗り物,LT,S0144,2,0,S0144,f,1,474,15
2842,LT_S0144_15_Pink.xlsx,toys,おもちゃ,LT,S0144,5,0,S0144,f,1,474,15
2843,LT_S0144_15_Pink.xlsx,food_drink,食べ物と飲み物,LT,S0144,12,0,S0144,f,1,474,15
2844,LT_S0144_15_Pink.xlsx,clothing,衣類,LT,S0144,3,0,S0144,f,1,474,15
2845,LT_S0144_15_Pink.xlsx,body_parts,体の部分,LT,S0144,8,0,S0144,f,1,474,15
2846,LT_S0144_15_Pink.xlsx,furniture_rooms,家具と部屋,LT,S0144,6,0,S0144,f,1,474,15
2847,LT_S0144_15_Pink.xlsx,household,小さな家庭用品,LT,S0144,4,0,S0144,f,1,474,15
2848,LT_S0144_15_Pink.xlsx,outside,戸外の物と場所,LT,S0144,7,0,S0144,f,1,474,15
2849,LT_S0144_15_Pink.xlsx,people,人々,LT,S0144,6,2,S0144,f,1,474,15
2850,LT_S0144_15_Pink.xlsx,games_routines,日課とあいさつ,LT,S0144,18,0,S0144,f,1,474,15
2851,LT_S0144_15_Pink.xlsx,action_words,動作語,LT,S0144,16,0,S0144,f,1,474,15
2852,LT_S0144_15_Pink.xlsx,time_words,時間についてのことば,LT,S0144,0,0,S0144,f,1,474,15
2853,LT_S0144_15_Pink.xlsx,descriptive_words,ようす・性質,LT,S0144,8,0,S0144,f,1,474,15
2854,LT_S0144_15_Pink.xlsx,pronouns,代名詞,LT,S0144,2,0,S0144,f,1,474,15
2855,LT_S0144_15_Pink.xlsx,question_words,質問のことば,LT,S0144,3,0,S0144,f,1,474,15
2856,LT_S0144_15_Pink.xlsx,locations,位置と場所についてのことば,LT,S0144,2,0,S0144,f,1,474,15
2857,LT_S0144_15_Pink.xlsx,quantifiers,数量を表すことば,LT,S0144,5,0,S0144,f,1,474,15
2858,LT_S0144_15_Pink.xlsx,sounds2,幼児語（その２）,LT,S0144,7,2,S0144,f,1,474,15
2859,LT_S0144_15_Pink.xlsx,conversations,会話語,LT,S0144,4,4,S0144,f,1,474,15
2860,LT_S0144_15_Pink.xlsx,others,その他,LT,S0144,4,1,S0144,f,1,474,15
2861,LT_S0147_12_Pink.xlsx,sounds,幼児語,LT,S0147,3,0,S0147,m,1,368,12
2862,LT_S0147_12_Pink.xlsx,animals,動物の名前,LT,S0147,1,0,S0147,m,1,368,12
2863,LT_S0147_12_Pink.xlsx,vehicles,乗り物,LT,S0147,0,0,S0147,m,1,368,12
2864,LT_S0147_12_Pink.xlsx,toys,おもちゃ,LT,S0147,0,0,S0147,m,1,368,12
2865,LT_S0147_12_Pink.xlsx,food_drink,食べ物と飲み物,LT,S0147,5,0,S0147,m,1,368,12
2866,LT_S0147_12_Pink.xlsx,clothing,衣類,LT,S0147,0,0,S0147,m,1,368,12
2867,LT_S0147_12_Pink.xlsx,body_parts,体の部分,LT,S0147,1,0,S0147,m,1,368,12
2868,LT_S0147_12_Pink.xlsx,furniture_rooms,家具と部屋,LT,S0147,0,0,S0147,m,1,368,12
2869,LT_S0147_12_Pink.xlsx,household,小さな家庭用品,LT,S0147,0,0,S0147,m,1,368,12
2870,LT_S0147_12_Pink.xlsx,outside,戸外の物と場所,LT,S0147,0,0,S0147,m,1,368,12
2871,LT_S0147_12_Pink.xlsx,people,人々,LT,S0147,7,0,S0147,m,1,368,12
2872,LT_S0147_12_Pink.xlsx,games_routines,日課とあいさつ,LT,S0147,9,0,S0147,m,1,368,12
2873,LT_S0147_12_Pink.xlsx,action_words,動作語,LT,S0147,5,0,S0147,m,1,368,12
2874,LT_S0147_12_Pink.xlsx,time_words,時間についてのことば,LT,S0147,0,0,S0147,m,1,368,12
2875,LT_S0147_12_Pink.xlsx,descriptive_words,ようす・性質,LT,S0147,3,0,S0147,m,1,368,12
2876,LT_S0147_12_Pink.xlsx,pronouns,代名詞,LT,S0147,1,0,S0147,m,1,368,12
2877,LT_S0147_12_Pink.xlsx,question_words,質問のことば,LT,S0147,0,0,S0147,m,1,368,12
2878,LT_S0147_12_Pink.xlsx,locations,位置と場所についてのことば,LT,S0147,0,0,S0147,m,1,368,12
2879,LT_S0147_12_Pink.xlsx,quantifiers,数量を表すことば,LT,S0147,0,0,S0147,m,1,368,12
2880,LT_S0147_12_Pink.xlsx,sounds2,幼児語（その２）,LT,S0147,3,0,S0147,m,1,368,12
2881,LT_S0147_12_Pink.xlsx,conversations,会話語,LT,S0147,0,3,S0147,m,1,368,12
2882,LT_S0147_12_Pink.xlsx,others,その他,LT,S0147,0,0,S0147,m,1,368,12
2883,LT_S0147_14_Pink.xlsx,sounds,幼児語,LT,S0147,2,0,S0147,m,1,451,14
2884,LT_S0147_14_Pink.xlsx,animals,動物の名前,LT,S0147,0,0,S0147,m,1,451,14
2885,LT_S0147_14_Pink.xlsx,vehicles,乗り物,LT,S0147,0,0,S0147,m,1,451,14
2886,LT_S0147_14_Pink.xlsx,toys,おもちゃ,LT,S0147,3,0,S0147,m,1,451,14
2887,LT_S0147_14_Pink.xlsx,food_drink,食べ物と飲み物,LT,S0147,10,0,S0147,m,1,451,14
2888,LT_S0147_14_Pink.xlsx,clothing,衣類,LT,S0147,2,0,S0147,m,1,451,14
2889,LT_S0147_14_Pink.xlsx,body_parts,体の部分,LT,S0147,4,0,S0147,m,1,451,14
2890,LT_S0147_14_Pink.xlsx,furniture_rooms,家具と部屋,LT,S0147,1,0,S0147,m,1,451,14
2891,LT_S0147_14_Pink.xlsx,household,小さな家庭用品,LT,S0147,0,0,S0147,m,1,451,14
2892,LT_S0147_14_Pink.xlsx,outside,戸外の物と場所,LT,S0147,0,0,S0147,m,1,451,14
2893,LT_S0147_14_Pink.xlsx,people,人々,LT,S0147,6,0,S0147,m,1,451,14
2894,LT_S0147_14_Pink.xlsx,games_routines,日課とあいさつ,LT,S0147,6,0,S0147,m,1,451,14
2895,LT_S0147_14_Pink.xlsx,action_words,動作語,LT,S0147,4,0,S0147,m,1,451,14
2896,LT_S0147_14_Pink.xlsx,time_words,時間についてのことば,LT,S0147,0,0,S0147,m,1,451,14
2897,LT_S0147_14_Pink.xlsx,descriptive_words,ようす・性質,LT,S0147,1,0,S0147,m,1,451,14
2898,LT_S0147_14_Pink.xlsx,pronouns,代名詞,LT,S0147,2,0,S0147,m,1,451,14
2899,LT_S0147_14_Pink.xlsx,question_words,質問のことば,LT,S0147,0,0,S0147,m,1,451,14
2900,LT_S0147_14_Pink.xlsx,locations,位置と場所についてのことば,LT,S0147,0,0,S0147,m,1,451,14
2901,LT_S0147_14_Pink.xlsx,quantifiers,数量を表すことば,LT,S0147,0,0,S0147,m,1,451,14
2902,LT_S0147_14_Pink.xlsx,sounds2,幼児語（その２）,LT,S0147,3,0,S0147,m,1,451,14
2903,LT_S0147_14_Pink.xlsx,conversations,会話語,LT,S0147,0,1,S0147,m,1,451,14
2904,LT_S0147_14_Pink.xlsx,others,その他,LT,S0147,2,0,S0147,m,1,451,14
2905,LT_S0169_12_Pink.xlsx,sounds,幼児語,LT,S0169,0,0,S0169,m,1,367,12
2906,LT_S0169_12_Pink.xlsx,animals,動物の名前,LT,S0169,0,0,S0169,m,1,367,12
2907,LT_S0169_12_Pink.xlsx,vehicles,乗り物,LT,S0169,0,0,S0169,m,1,367,12
2908,LT_S0169_12_Pink.xlsx,toys,おもちゃ,LT,S0169,2,0,S0169,m,1,367,12
2909,LT_S0169_12_Pink.xlsx,food_drink,食べ物と飲み物,LT,S0169,1,0,S0169,m,1,367,12
2910,LT_S0169_12_Pink.xlsx,clothing,衣類,LT,S0169,0,0,S0169,m,1,367,12
2911,LT_S0169_12_Pink.xlsx,body_parts,体の部分,LT,S0169,0,0,S0169,m,1,367,12
2912,LT_S0169_12_Pink.xlsx,furniture_rooms,家具と部屋,LT,S0169,0,0,S0169,m,1,367,12
2913,LT_S0169_12_Pink.xlsx,household,小さな家庭用品,LT,S0169,0,0,S0169,m,1,367,12
2914,LT_S0169_12_Pink.xlsx,outside,戸外の物と場所,LT,S0169,0,0,S0169,m,1,367,12
2915,LT_S0169_12_Pink.xlsx,people,人々,LT,S0169,3,0,S0169,m,1,367,12
2916,LT_S0169_12_Pink.xlsx,games_routines,日課とあいさつ,LT,S0169,4,0,S0169,m,1,367,12
2917,LT_S0169_12_Pink.xlsx,action_words,動作語,LT,S0169,0,0,S0169,m,1,367,12
2918,LT_S0169_12_Pink.xlsx,time_words,時間についてのことば,LT,S0169,0,0,S0169,m,1,367,12
2919,LT_S0169_12_Pink.xlsx,descriptive_words,ようす・性質,LT,S0169,0,0,S0169,m,1,367,12
2920,LT_S0169_12_Pink.xlsx,pronouns,代名詞,LT,S0169,0,0,S0169,m,1,367,12
2921,LT_S0169_12_Pink.xlsx,question_words,質問のことば,LT,S0169,0,0,S0169,m,1,367,12
2922,LT_S0169_12_Pink.xlsx,locations,位置と場所についてのことば,LT,S0169,0,0,S0169,m,1,367,12
2923,LT_S0169_12_Pink.xlsx,quantifiers,数量を表すことば,LT,S0169,0,0,S0169,m,1,367,12
2924,LT_S0169_12_Pink.xlsx,sounds2,幼児語（その２）,LT,S0169,0,0,S0169,m,1,367,12
2925,LT_S0169_12_Pink.xlsx,conversations,会話語,LT,S0169,0,0,S0169,m,1,367,12
2926,LT_S0169_12_Pink.xlsx,others,その他,LT,S0169,1,0,S0169,m,1,367,12
2927,LT_S0169_15_Pink.xlsx,sounds,幼児語,LT,S0169,2,2,S0169,m,1,464,15
2928,LT_S0169_15_Pink.xlsx,animals,動物の名前,LT,S0169,4,0,S0169,m,1,464,15
2929,LT_S0169_15_Pink.xlsx,vehicles,乗り物,LT,S0169,1,0,S0169,m,1,464,15
2930,LT_S0169_15_Pink.xlsx,toys,おもちゃ,LT,S0169,3,0,S0169,m,1,464,15
2931,LT_S0169_15_Pink.xlsx,food_drink,食べ物と飲み物,LT,S0169,2,1,S0169,m,1,464,15
2932,LT_S0169_15_Pink.xlsx,clothing,衣類,LT,S0169,3,0,S0169,m,1,464,15
2933,LT_S0169_15_Pink.xlsx,body_parts,体の部分,LT,S0169,3,0,S0169,m,1,464,15
2934,LT_S0169_15_Pink.xlsx,furniture_rooms,家具と部屋,LT,S0169,0,0,S0169,m,1,464,15
2935,LT_S0169_15_Pink.xlsx,household,小さな家庭用品,LT,S0169,0,0,S0169,m,1,464,15
2936,LT_S0169_15_Pink.xlsx,outside,戸外の物と場所,LT,S0169,0,1,S0169,m,1,464,15
2937,LT_S0169_15_Pink.xlsx,people,人々,LT,S0169,2,1,S0169,m,1,464,15
2938,LT_S0169_15_Pink.xlsx,games_routines,日課とあいさつ,LT,S0169,9,1,S0169,m,1,464,15
2939,LT_S0169_15_Pink.xlsx,action_words,動作語,LT,S0169,2,0,S0169,m,1,464,15
2940,LT_S0169_15_Pink.xlsx,time_words,時間についてのことば,LT,S0169,0,0,S0169,m,1,464,15
2941,LT_S0169_15_Pink.xlsx,descriptive_words,ようす・性質,LT,S0169,3,1,S0169,m,1,464,15
2942,LT_S0169_15_Pink.xlsx,pronouns,代名詞,LT,S0169,0,0,S0169,m,1,464,15
2943,LT_S0169_15_Pink.xlsx,question_words,質問のことば,LT,S0169,0,0,S0169,m,1,464,15
2944,LT_S0169_15_Pink.xlsx,locations,位置と場所についてのことば,LT,S0169,0,0,S0169,m,1,464,15
2945,LT_S0169_15_Pink.xlsx,quantifiers,数量を表すことば,LT,S0169,0,0,S0169,m,1,464,15
2946,LT_S0169_15_Pink.xlsx,sounds2,幼児語（その２）,LT,S0169,3,2,S0169,m,1,464,15
2947,LT_S0169_15_Pink.xlsx,conversations,会話語,LT,S0169,0,0,S0169,m,1,464,15
2948,LT_S0169_15_Pink.xlsx,others,その他,LT,S0169,1,1,S0169,m,1,464,15
2949,LT_S0175_12_Pink.xlsx,sounds,幼児語,LT,S0175,1,0,S0175,m,1,372,12
2950,LT_S0175_12_Pink.xlsx,animals,動物の名前,LT,S0175,0,0,S0175,m,1,372,12
2951,LT_S0175_12_Pink.xlsx,vehicles,乗り物,LT,S0175,2,0,S0175,m,1,372,12
2952,LT_S0175_12_Pink.xlsx,toys,おもちゃ,LT,S0175,0,0,S0175,m,1,372,12
2953,LT_S0175_12_Pink.xlsx,food_drink,食べ物と飲み物,LT,S0175,2,0,S0175,m,1,372,12
2954,LT_S0175_12_Pink.xlsx,clothing,衣類,LT,S0175,1,0,S0175,m,1,372,12
2955,LT_S0175_12_Pink.xlsx,body_parts,体の部分,LT,S0175,2,0,S0175,m,1,372,12
2956,LT_S0175_12_Pink.xlsx,furniture_rooms,家具と部屋,LT,S0175,0,0,S0175,m,1,372,12
2957,LT_S0175_12_Pink.xlsx,household,小さな家庭用品,LT,S0175,0,0,S0175,m,1,372,12
2958,LT_S0175_12_Pink.xlsx,outside,戸外の物と場所,LT,S0175,0,0,S0175,m,1,372,12
2959,LT_S0175_12_Pink.xlsx,people,人々,LT,S0175,2,0,S0175,m,1,372,12
2960,LT_S0175_12_Pink.xlsx,games_routines,日課とあいさつ,LT,S0175,5,0,S0175,m,1,372,12
2961,LT_S0175_12_Pink.xlsx,action_words,動作語,LT,S0175,1,0,S0175,m,1,372,12
2962,LT_S0175_12_Pink.xlsx,time_words,時間についてのことば,LT,S0175,0,0,S0175,m,1,372,12
2963,LT_S0175_12_Pink.xlsx,descriptive_words,ようす・性質,LT,S0175,0,0,S0175,m,1,372,12
2964,LT_S0175_12_Pink.xlsx,pronouns,代名詞,LT,S0175,0,0,S0175,m,1,372,12
2965,LT_S0175_12_Pink.xlsx,question_words,質問のことば,LT,S0175,0,0,S0175,m,1,372,12
2966,LT_S0175_12_Pink.xlsx,locations,位置と場所についてのことば,LT,S0175,0,0,S0175,m,1,372,12
2967,LT_S0175_12_Pink.xlsx,quantifiers,数量を表すことば,LT,S0175,0,0,S0175,m,1,372,12
2968,LT_S0175_12_Pink.xlsx,sounds2,幼児語（その２）,LT,S0175,0,0,S0175,m,1,372,12
2969,LT_S0175_12_Pink.xlsx,conversations,会話語,LT,S0175,0,0,S0175,m,1,372,12
2970,LT_S0175_12_Pink.xlsx,others,その他,LT,S0175,0,0,S0175,m,1,372,12
2971,LT_S0175_15_Pink.xlsx,sounds,幼児語,LT,S0175,0,1,S0175,m,1,462,15
2972,LT_S0175_15_Pink.xlsx,animals,動物の名前,LT,S0175,0,0,S0175,m,1,462,15
2973,LT_S0175_15_Pink.xlsx,vehicles,乗り物,LT,S0175,0,0,S0175,m,1,462,15
2974,LT_S0175_15_Pink.xlsx,toys,おもちゃ,LT,S0175,0,0,S0175,m,1,462,15
2975,LT_S0175_15_Pink.xlsx,food_drink,食べ物と飲み物,LT,S0175,0,0,S0175,m,1,462,15
2976,LT_S0175_15_Pink.xlsx,clothing,衣類,LT,S0175,0,0,S0175,m,1,462,15
2977,LT_S0175_15_Pink.xlsx,body_parts,体の部分,LT,S0175,0,0,S0175,m,1,462,15
2978,LT_S0175_15_Pink.xlsx,furniture_rooms,家具と部屋,LT,S0175,0,0,S0175,m,1,462,15
2979,LT_S0175_15_Pink.xlsx,household,小さな家庭用品,LT,S0175,0,0,S0175,m,1,462,15
2980,LT_S0175_15_Pink.xlsx,outside,戸外の物と場所,LT,S0175,0,0,S0175,m,1,462,15
2981,LT_S0175_15_Pink.xlsx,people,人々,LT,S0175,0,0,S0175,m,1,462,15
2982,LT_S0175_15_Pink.xlsx,games_routines,日課とあいさつ,LT,S0175,2,3,S0175,m,1,462,15
2983,LT_S0175_15_Pink.xlsx,action_words,動作語,LT,S0175,0,0,S0175,m,1,462,15
2984,LT_S0175_15_Pink.xlsx,time_words,時間についてのことば,LT,S0175,0,0,S0175,m,1,462,15
2985,LT_S0175_15_Pink.xlsx,descriptive_words,ようす・性質,LT,S0175,0,0,S0175,m,1,462,15
2986,LT_S0175_15_Pink.xlsx,pronouns,代名詞,LT,S0175,0,0,S0175,m,1,462,15
2987,LT_S0175_15_Pink.xlsx,question_words,質問のことば,LT,S0175,0,0,S0175,m,1,462,15
2988,LT_S0175_15_Pink.xlsx,locations,位置と場所についてのことば,LT,S0175,0,0,S0175,m,1,462,15
2989,LT_S0175_15_Pink.xlsx,quantifiers,数量を表すことば,LT,S0175,0,0,S0175,m,1,462,15
2990,LT_S0175_15_Pink.xlsx,sounds2,幼児語（その２）,LT,S0175,0,0,S0175,m,1,462,15
2991,LT_S0175_15_Pink.xlsx,conversations,会話語,LT,S0175,0,0,S0175,m,1,462,15
2992,LT_S0175_15_Pink.xlsx,others,その他,LT,S0175,0,0,S0175,m,1,462,15
2993,LT_S0304_12_Pink.xlsx,sounds,幼児語,LT,S0304,0,0,S0304,f,1,370,12
2994,LT_S0304_12_Pink.xlsx,animals,動物の名前,LT,S0304,0,0,S0304,f,1,370,12
2995,LT_S0304_12_Pink.xlsx,vehicles,乗り物,LT,S0304,0,0,S0304,f,1,370,12
2996,LT_S0304_12_Pink.xlsx,toys,おもちゃ,LT,S0304,1,0,S0304,f,1,370,12
2997,LT_S0304_12_Pink.xlsx,food_drink,食べ物と飲み物,LT,S0304,3,0,S0304,f,1,370,12
2998,LT_S0304_12_Pink.xlsx,clothing,衣類,LT,S0304,0,1,S0304,f,1,370,12
2999,LT_S0304_12_Pink.xlsx,body_parts,体の部分,LT,S0304,0,0,S0304,f,1,370,12
3000,LT_S0304_12_Pink.xlsx,furniture_rooms,家具と部屋,LT,S0304,0,0,S0304,f,1,370,12
3001,LT_S0304_12_Pink.xlsx,household,小さな家庭用品,LT,S0304,0,0,S0304,f,1,370,12
3002,LT_S0304_12_Pink.xlsx,outside,戸外の物と場所,LT,S0304,0,0,S0304,f,1,370,12
3003,LT_S0304_12_Pink.xlsx,people,人々,LT,S0304,3,1,S0304,f,1,370,12
3004,LT_S0304_12_Pink.xlsx,games_routines,日課とあいさつ,LT,S0304,6,1,S0304,f,1,370,12
3005,LT_S0304_12_Pink.xlsx,action_words,動作語,LT,S0304,0,0,S0304,f,1,370,12
3006,LT_S0304_12_Pink.xlsx,time_words,時間についてのことば,LT,S0304,0,0,S0304,f,1,370,12
3007,LT_S0304_12_Pink.xlsx,descriptive_words,ようす・性質,LT,S0304,0,0,S0304,f,1,370,12
3008,LT_S0304_12_Pink.xlsx,pronouns,代名詞,LT,S0304,2,0,S0304,f,1,370,12
3009,LT_S0304_12_Pink.xlsx,question_words,質問のことば,LT,S0304,0,0,S0304,f,1,370,12
3010,LT_S0304_12_Pink.xlsx,locations,位置と場所についてのことば,LT,S0304,0,0,S0304,f,1,370,12
3011,LT_S0304_12_Pink.xlsx,quantifiers,数量を表すことば,LT,S0304,2,0,S0304,f,1,370,12
3012,LT_S0304_12_Pink.xlsx,sounds2,幼児語（その２）,LT,S0304,6,0,S0304,f,1,370,12
3013,LT_S0304_12_Pink.xlsx,conversations,会話語,LT,S0304,0,0,S0304,f,1,370,12
3014,LT_S0304_12_Pink.xlsx,others,その他,LT,S0304,3,0,S0304,f,1,370,12
3015,LT_S0304_15_Pink.xlsx,sounds,幼児語,LT,S0304,0,8,S0304,f,1,458,15
3016,LT_S0304_15_Pink.xlsx,animals,動物の名前,LT,S0304,4,2,S0304,f,1,458,15
3017,LT_S0304_15_Pink.xlsx,vehicles,乗り物,LT,S0304,1,1,S0304,f,1,458,15
3018,LT_S0304_15_Pink.xlsx,toys,おもちゃ,LT,S0304,5,0,S0304,f,1,458,15
3019,LT_S0304_15_Pink.xlsx,food_drink,食べ物と飲み物,LT,S0304,8,4,S0304,f,1,458,15
3020,LT_S0304_15_Pink.xlsx,clothing,衣類,LT,S0304,2,3,S0304,f,1,458,15
3021,LT_S0304_15_Pink.xlsx,body_parts,体の部分,LT,S0304,7,1,S0304,f,1,458,15
3022,LT_S0304_15_Pink.xlsx,furniture_rooms,家具と部屋,LT,S0304,3,1,S0304,f,1,458,15
3023,LT_S0304_15_Pink.xlsx,household,小さな家庭用品,LT,S0304,5,0,S0304,f,1,458,15
3024,LT_S0304_15_Pink.xlsx,outside,戸外の物と場所,LT,S0304,3,2,S0304,f,1,458,15
3025,LT_S0304_15_Pink.xlsx,people,人々,LT,S0304,1,5,S0304,f,1,458,15
3026,LT_S0304_15_Pink.xlsx,games_routines,日課とあいさつ,LT,S0304,13,3,S0304,f,1,458,15
3027,LT_S0304_15_Pink.xlsx,action_words,動作語,LT,S0304,10,2,S0304,f,1,458,15
3028,LT_S0304_15_Pink.xlsx,time_words,時間についてのことば,LT,S0304,1,0,S0304,f,1,458,15
3029,LT_S0304_15_Pink.xlsx,descriptive_words,ようす・性質,LT,S0304,3,1,S0304,f,1,458,15
3030,LT_S0304_15_Pink.xlsx,pronouns,代名詞,LT,S0304,3,2,S0304,f,1,458,15
3031,LT_S0304_15_Pink.xlsx,question_words,質問のことば,LT,S0304,2,0,S0304,f,1,458,15
3032,LT_S0304_15_Pink.xlsx,locations,位置と場所についてのことば,LT,S0304,0,0,S0304,f,1,458,15
3033,LT_S0304_15_Pink.xlsx,quantifiers,数量を表すことば,LT,S0304,3,0,S0304,f,1,458,15
3034,LT_S0304_15_Pink.xlsx,sounds2,幼児語（その２）,LT,S0304,2,13,S0304,f,1,458,15
3035,LT_S0304_15_Pink.xlsx,conversations,会話語,LT,S0304,0,1,S0304,f,1,458,15
3036,LT_S0304_15_Pink.xlsx,others,その他,LT,S0304,2,1,S0304,f,1,458,15
3037,LT_S0307_15_Pink.xlsx,sounds,幼児語,LT,S0307,5,5,S0307,f,1,456,15
3038,LT_S0307_15_Pink.xlsx,animals,動物の名前,LT,S0307,19,8,S0307,f,1,456,15
3039,LT_S0307_15_Pink.xlsx,vehicles,乗り物,LT,S0307,4,0,S0307,f,1,456,15
3040,LT_S0307_15_Pink.xlsx,toys,おもちゃ,LT,S0307,7,0,S0307,f,1,456,15
3041,LT_S0307_15_Pink.xlsx,food_drink,食べ物と飲み物,LT,S0307,9,0,S0307,f,1,456,15
3042,LT_S0307_15_Pink.xlsx,clothing,衣類,LT,S0307,5,0,S0307,f,1,456,15
3043,LT_S0307_15_Pink.xlsx,body_parts,体の部分,LT,S0307,2,0,S0307,f,1,456,15
3044,LT_S0307_15_Pink.xlsx,furniture_rooms,家具と部屋,LT,S0307,4,0,S0307,f,1,456,15
3045,LT_S0307_15_Pink.xlsx,household,小さな家庭用品,LT,S0307,5,0,S0307,f,1,456,15
3046,LT_S0307_15_Pink.xlsx,outside,戸外の物と場所,LT,S0307,0,0,S0307,f,1,456,15
3047,LT_S0307_15_Pink.xlsx,people,人々,LT,S0307,0,4,S0307,f,1,456,15
3048,LT_S0307_15_Pink.xlsx,games_routines,日課とあいさつ,LT,S0307,10,5,S0307,f,1,456,15
3049,LT_S0307_15_Pink.xlsx,action_words,動作語,LT,S0307,11,0,S0307,f,1,456,15
3050,LT_S0307_15_Pink.xlsx,time_words,時間についてのことば,LT,S0307,0,0,S0307,f,1,456,15
3051,LT_S0307_15_Pink.xlsx,descriptive_words,ようす・性質,LT,S0307,2,0,S0307,f,1,456,15
3052,LT_S0307_15_Pink.xlsx,pronouns,代名詞,LT,S0307,0,0,S0307,f,1,456,15
3053,LT_S0307_15_Pink.xlsx,question_words,質問のことば,LT,S0307,0,0,S0307,f,1,456,15
3054,LT_S0307_15_Pink.xlsx,locations,位置と場所についてのことば,LT,S0307,0,0,S0307,f,1,456,15
3055,LT_S0307_15_Pink.xlsx,quantifiers,数量を表すことば,LT,S0307,2,0,S0307,f,1,456,15
3056,LT_S0307_15_Pink.xlsx,sounds2,幼児語（その２）,LT,S0307,9,0,S0307,f,1,456,15
3057,LT_S0307_15_Pink.xlsx,conversations,会話語,LT,S0307,0,1,S0307,f,1,456,15
3058,LT_S0307_15_Pink.xlsx,others,その他,LT,S0307,1,2,S0307,f,1,456,15
3059,LT_S0340_12_Pink.xlsx,sounds,幼児語,LT,S0340,0,0,S0340,m,1,378,12
3060,LT_S0340_12_Pink.xlsx,animals,動物の名前,LT,S0340,0,0,S0340,m,1,378,12
3061,LT_S0340_12_Pink.xlsx,vehicles,乗り物,LT,S0340,0,0,S0340,m,1,378,12
3062,LT_S0340_12_Pink.xlsx,toys,おもちゃ,LT,S0340,0,0,S0340,m,1,378,12
3063,LT_S0340_12_Pink.xlsx,food_drink,食べ物と飲み物,LT,S0340,0,0,S0340,m,1,378,12
3064,LT_S0340_12_Pink.xlsx,clothing,衣類,LT,S0340,0,0,S0340,m,1,378,12
3065,LT_S0340_12_Pink.xlsx,body_parts,体の部分,LT,S0340,0,0,S0340,m,1,378,12
3066,LT_S0340_12_Pink.xlsx,furniture_rooms,家具と部屋,LT,S0340,0,0,S0340,m,1,378,12
3067,LT_S0340_12_Pink.xlsx,household,小さな家庭用品,LT,S0340,0,0,S0340,m,1,378,12
3068,LT_S0340_12_Pink.xlsx,outside,戸外の物と場所,LT,S0340,0,0,S0340,m,1,378,12
3069,LT_S0340_12_Pink.xlsx,people,人々,LT,S0340,5,0,S0340,m,1,378,12
3070,LT_S0340_12_Pink.xlsx,games_routines,日課とあいさつ,LT,S0340,7,0,S0340,m,1,378,12
3071,LT_S0340_12_Pink.xlsx,action_words,動作語,LT,S0340,0,0,S0340,m,1,378,12
3072,LT_S0340_12_Pink.xlsx,time_words,時間についてのことば,LT,S0340,0,0,S0340,m,1,378,12
3073,LT_S0340_12_Pink.xlsx,descriptive_words,ようす・性質,LT,S0340,0,0,S0340,m,1,378,12
3074,LT_S0340_12_Pink.xlsx,pronouns,代名詞,LT,S0340,0,0,S0340,m,1,378,12
3075,LT_S0340_12_Pink.xlsx,question_words,質問のことば,LT,S0340,0,0,S0340,m,1,378,12
3076,LT_S0340_12_Pink.xlsx,locations,位置と場所についてのことば,LT,S0340,0,0,S0340,m,1,378,12
3077,LT_S0340_12_Pink.xlsx,quantifiers,数量を表すことば,LT,S0340,0,0,S0340,m,1,378,12
3078,LT_S0340_12_Pink.xlsx,sounds2,幼児語（その２）,LT,S0340,0,0,S0340,m,1,378,12
3079,LT_S0340_12_Pink.xlsx,conversations,会話語,LT,S0340,0,0,S0340,m,1,378,12
3080,LT_S0340_12_Pink.xlsx,others,その他,LT,S0340,0,0,S0340,m,1,378,12
3081,LT_S0340_15_Pink.xlsx,sounds,幼児語,LT,S0340,3,2,S0340,m,1,467,15
3082,LT_S0340_15_Pink.xlsx,animals,動物の名前,LT,S0340,1,0,S0340,m,1,467,15
3083,LT_S0340_15_Pink.xlsx,vehicles,乗り物,LT,S0340,2,0,S0340,m,1,467,15
3084,LT_S0340_15_Pink.xlsx,toys,おもちゃ,LT,S0340,0,0,S0340,m,1,467,15
3085,LT_S0340_15_Pink.xlsx,food_drink,食べ物と飲み物,LT,S0340,11,0,S0340,m,1,467,15
3086,LT_S0340_15_Pink.xlsx,clothing,衣類,LT,S0340,1,0,S0340,m,1,467,15
3087,LT_S0340_15_Pink.xlsx,body_parts,体の部分,LT,S0340,1,0,S0340,m,1,467,15
3088,LT_S0340_15_Pink.xlsx,furniture_rooms,家具と部屋,LT,S0340,6,0,S0340,m,1,467,15
3089,LT_S0340_15_Pink.xlsx,household,小さな家庭用品,LT,S0340,3,0,S0340,m,1,467,15
3090,LT_S0340_15_Pink.xlsx,outside,戸外の物と場所,LT,S0340,0,0,S0340,m,1,467,15
3091,LT_S0340_15_Pink.xlsx,people,人々,LT,S0340,5,0,S0340,m,1,467,15
3092,LT_S0340_15_Pink.xlsx,games_routines,日課とあいさつ,LT,S0340,9,0,S0340,m,1,467,15
3093,LT_S0340_15_Pink.xlsx,action_words,動作語,LT,S0340,13,0,S0340,m,1,467,15
3094,LT_S0340_15_Pink.xlsx,time_words,時間についてのことば,LT,S0340,0,0,S0340,m,1,467,15
3095,LT_S0340_15_Pink.xlsx,descriptive_words,ようす・性質,LT,S0340,7,0,S0340,m,1,467,15
3096,LT_S0340_15_Pink.xlsx,pronouns,代名詞,LT,S0340,2,0,S0340,m,1,467,15
3097,LT_S0340_15_Pink.xlsx,question_words,質問のことば,LT,S0340,1,0,S0340,m,1,467,15
3098,LT_S0340_15_Pink.xlsx,locations,位置と場所についてのことば,LT,S0340,0,0,S0340,m,1,467,15
3099,LT_S0340_15_Pink.xlsx,quantifiers,数量を表すことば,LT,S0340,0,0,S0340,m,1,467,15
3100,LT_S0340_15_Pink.xlsx,sounds2,幼児語（その２）,LT,S0340,3,0,S0340,m,1,467,15
3101,LT_S0340_15_Pink.xlsx,conversations,会話語,LT,S0340,1,0,S0340,m,1,467,15
3102,LT_S0340_15_Pink.xlsx,others,その他,LT,S0340,1,0,S0340,m,1,467,15
3103,LT_S0389_12_Pink.xlsx,sounds,幼児語,LT,S0389,2,0,S0389,m,1,384,12
3104,LT_S0389_12_Pink.xlsx,animals,動物の名前,LT,S0389,0,0,S0389,m,1,384,12
3105,LT_S0389_12_Pink.xlsx,vehicles,乗り物,LT,S0389,0,0,S0389,m,1,384,12
3106,LT_S0389_12_Pink.xlsx,toys,おもちゃ,LT,S0389,0,0,S0389,m,1,384,12
3107,LT_S0389_12_Pink.xlsx,food_drink,食べ物と飲み物,LT,S0389,0,0,S0389,m,1,384,12
3108,LT_S0389_12_Pink.xlsx,clothing,衣類,LT,S0389,0,0,S0389,m,1,384,12
3109,LT_S0389_12_Pink.xlsx,body_parts,体の部分,LT,S0389,1,0,S0389,m,1,384,12
3110,LT_S0389_12_Pink.xlsx,furniture_rooms,家具と部屋,LT,S0389,0,0,S0389,m,1,384,12
3111,LT_S0389_12_Pink.xlsx,household,小さな家庭用品,LT,S0389,0,0,S0389,m,1,384,12
3112,LT_S0389_12_Pink.xlsx,outside,戸外の物と場所,LT,S0389,0,0,S0389,m,1,384,12
3113,LT_S0389_12_Pink.xlsx,people,人々,LT,S0389,1,1,S0389,m,1,384,12
3114,LT_S0389_12_Pink.xlsx,games_routines,日課とあいさつ,LT,S0389,11,0,S0389,m,1,384,12
3115,LT_S0389_12_Pink.xlsx,action_words,動作語,LT,S0389,1,0,S0389,m,1,384,12
3116,LT_S0389_12_Pink.xlsx,time_words,時間についてのことば,LT,S0389,0,0,S0389,m,1,384,12
3117,LT_S0389_12_Pink.xlsx,descriptive_words,ようす・性質,LT,S0389,0,0,S0389,m,1,384,12
3118,LT_S0389_12_Pink.xlsx,pronouns,代名詞,LT,S0389,0,0,S0389,m,1,384,12
3119,LT_S0389_12_Pink.xlsx,question_words,質問のことば,LT,S0389,0,0,S0389,m,1,384,12
3120,LT_S0389_12_Pink.xlsx,locations,位置と場所についてのことば,LT,S0389,0,0,S0389,m,1,384,12
3121,LT_S0389_12_Pink.xlsx,quantifiers,数量を表すことば,LT,S0389,0,0,S0389,m,1,384,12
3122,LT_S0389_12_Pink.xlsx,sounds2,幼児語（その２）,LT,S0389,0,1,S0389,m,1,384,12
3123,LT_S0389_12_Pink.xlsx,conversations,会話語,LT,S0389,4,0,S0389,m,1,384,12
3124,LT_S0389_12_Pink.xlsx,others,その他,LT,S0389,0,0,S0389,m,1,384,12
3125,LT_S0389_15_Pink.xlsx,sounds,幼児語,LT,S0389,3,0,S0389,m,1,471,15
3126,LT_S0389_15_Pink.xlsx,animals,動物の名前,LT,S0389,1,0,S0389,m,1,471,15
3127,LT_S0389_15_Pink.xlsx,vehicles,乗り物,LT,S0389,0,0,S0389,m,1,471,15
3128,LT_S0389_15_Pink.xlsx,toys,おもちゃ,LT,S0389,1,0,S0389,m,1,471,15
3129,LT_S0389_15_Pink.xlsx,food_drink,食べ物と飲み物,LT,S0389,4,0,S0389,m,1,471,15
3130,LT_S0389_15_Pink.xlsx,clothing,衣類,LT,S0389,0,0,S0389,m,1,471,15
3131,LT_S0389_15_Pink.xlsx,body_parts,体の部分,LT,S0389,4,0,S0389,m,1,471,15
3132,LT_S0389_15_Pink.xlsx,furniture_rooms,家具と部屋,LT,S0389,2,0,S0389,m,1,471,15
3133,LT_S0389_15_Pink.xlsx,household,小さな家庭用品,LT,S0389,0,0,S0389,m,1,471,15
3134,LT_S0389_15_Pink.xlsx,outside,戸外の物と場所,LT,S0389,0,0,S0389,m,1,471,15
3135,LT_S0389_15_Pink.xlsx,people,人々,LT,S0389,4,0,S0389,m,1,471,15
3136,LT_S0389_15_Pink.xlsx,games_routines,日課とあいさつ,LT,S0389,8,2,S0389,m,1,471,15
3137,LT_S0389_15_Pink.xlsx,action_words,動作語,LT,S0389,0,0,S0389,m,1,471,15
3138,LT_S0389_15_Pink.xlsx,time_words,時間についてのことば,LT,S0389,1,0,S0389,m,1,471,15
3139,LT_S0389_15_Pink.xlsx,descriptive_words,ようす・性質,LT,S0389,1,0,S0389,m,1,471,15
3140,LT_S0389_15_Pink.xlsx,pronouns,代名詞,LT,S0389,2,0,S0389,m,1,471,15
3141,LT_S0389_15_Pink.xlsx,question_words,質問のことば,LT,S0389,0,0,S0389,m,1,471,15
3142,LT_S0389_15_Pink.xlsx,locations,位置と場所についてのことば,LT,S0389,0,0,S0389,m,1,471,15
3143,LT_S0389_15_Pink.xlsx,quantifiers,数量を表すことば,LT,S0389,2,0,S0389,m,1,471,15
3144,LT_S0389_15_Pink.xlsx,sounds2,幼児語（その２）,LT,S0389,6,0,S0389,m,1,471,15
3145,LT_S0389_15_Pink.xlsx,conversations,会話語,LT,S0389,6,0,S0389,m,1,471,15
3146,LT_S0389_15_Pink.xlsx,others,その他,LT,S0389,2,0,S0389,m,1,471,15
3147,LT_S0391_15_Pink.xlsx,sounds,幼児語,LT,S0391,3,1,S0391,f,1,461,15
3148,LT_S0391_15_Pink.xlsx,animals,動物の名前,LT,S0391,3,1,S0391,f,1,461,15
3149,LT_S0391_15_Pink.xlsx,vehicles,乗り物,LT,S0391,2,0,S0391,f,1,461,15
3150,LT_S0391_15_Pink.xlsx,toys,おもちゃ,LT,S0391,4,0,S0391,f,1,461,15
3151,LT_S0391_15_Pink.xlsx,food_drink,食べ物と飲み物,LT,S0391,2,1,S0391,f,1,461,15
3152,LT_S0391_15_Pink.xlsx,clothing,衣類,LT,S0391,5,0,S0391,f,1,461,15
3153,LT_S0391_15_Pink.xlsx,body_parts,体の部分,LT,S0391,9,0,S0391,f,1,461,15
3154,LT_S0391_15_Pink.xlsx,furniture_rooms,家具と部屋,LT,S0391,2,0,S0391,f,1,461,15
3155,LT_S0391_15_Pink.xlsx,household,小さな家庭用品,LT,S0391,1,0,S0391,f,1,461,15
3156,LT_S0391_15_Pink.xlsx,outside,戸外の物と場所,LT,S0391,1,1,S0391,f,1,461,15
3157,LT_S0391_15_Pink.xlsx,people,人々,LT,S0391,4,1,S0391,f,1,461,15
3158,LT_S0391_15_Pink.xlsx,games_routines,日課とあいさつ,LT,S0391,7,1,S0391,f,1,461,15
3159,LT_S0391_15_Pink.xlsx,action_words,動作語,LT,S0391,13,0,S0391,f,1,461,15
3160,LT_S0391_15_Pink.xlsx,time_words,時間についてのことば,LT,S0391,0,0,S0391,f,1,461,15
3161,LT_S0391_15_Pink.xlsx,descriptive_words,ようす・性質,LT,S0391,5,0,S0391,f,1,461,15
3162,LT_S0391_15_Pink.xlsx,pronouns,代名詞,LT,S0391,4,0,S0391,f,1,461,15
3163,LT_S0391_15_Pink.xlsx,question_words,質問のことば,LT,S0391,1,0,S0391,f,1,461,15
3164,LT_S0391_15_Pink.xlsx,locations,位置と場所についてのことば,LT,S0391,2,0,S0391,f,1,461,15
3165,LT_S0391_15_Pink.xlsx,quantifiers,数量を表すことば,LT,S0391,2,0,S0391,f,1,461,15
3166,LT_S0391_15_Pink.xlsx,sounds2,幼児語（その２）,LT,S0391,3,0,S0391,f,1,461,15
3167,LT_S0391_15_Pink.xlsx,conversations,会話語,LT,S0391,6,0,S0391,f,1,461,15
3168,LT_S0391_15_Pink.xlsx,others,その他,LT,S0391,2,0,S0391,f,1,461,15
3169,LT_S0402_12_Pink.xlsx,sounds,幼児語,LT,S0402,0,0,S0402,f,1,380,12
3170,LT_S0402_12_Pink.xlsx,animals,動物の名前,LT,S0402,0,0,S0402,f,1,380,12
3171,LT_S0402_12_Pink.xlsx,vehicles,乗り物,LT,S0402,0,0,S0402,f,1,380,12
3172,LT_S0402_12_Pink.xlsx,toys,おもちゃ,LT,S0402,0,0,S0402,f,1,380,12
3173,LT_S0402_12_Pink.xlsx,food_drink,食べ物と飲み物,LT,S0402,0,0,S0402,f,1,380,12
3174,LT_S0402_12_Pink.xlsx,clothing,衣類,LT,S0402,0,0,S0402,f,1,380,12
3175,LT_S0402_12_Pink.xlsx,body_parts,体の部分,LT,S0402,0,0,S0402,f,1,380,12
3176,LT_S0402_12_Pink.xlsx,furniture_rooms,家具と部屋,LT,S0402,0,0,S0402,f,1,380,12
3177,LT_S0402_12_Pink.xlsx,household,小さな家庭用品,LT,S0402,0,0,S0402,f,1,380,12
3178,LT_S0402_12_Pink.xlsx,outside,戸外の物と場所,LT,S0402,0,0,S0402,f,1,380,12
3179,LT_S0402_12_Pink.xlsx,people,人々,LT,S0402,0,0,S0402,f,1,380,12
3180,LT_S0402_12_Pink.xlsx,games_routines,日課とあいさつ,LT,S0402,3,0,S0402,f,1,380,12
3181,LT_S0402_12_Pink.xlsx,action_words,動作語,LT,S0402,0,0,S0402,f,1,380,12
3182,LT_S0402_12_Pink.xlsx,time_words,時間についてのことば,LT,S0402,0,0,S0402,f,1,380,12
3183,LT_S0402_12_Pink.xlsx,descriptive_words,ようす・性質,LT,S0402,0,0,S0402,f,1,380,12
3184,LT_S0402_12_Pink.xlsx,pronouns,代名詞,LT,S0402,0,0,S0402,f,1,380,12
3185,LT_S0402_12_Pink.xlsx,question_words,質問のことば,LT,S0402,0,0,S0402,f,1,380,12
3186,LT_S0402_12_Pink.xlsx,locations,位置と場所についてのことば,LT,S0402,0,0,S0402,f,1,380,12
3187,LT_S0402_12_Pink.xlsx,quantifiers,数量を表すことば,LT,S0402,0,0,S0402,f,1,380,12
3188,LT_S0402_12_Pink.xlsx,sounds2,幼児語（その２）,LT,S0402,0,0,S0402,f,1,380,12
3189,LT_S0402_12_Pink.xlsx,conversations,会話語,LT,S0402,0,0,S0402,f,1,380,12
3190,LT_S0402_12_Pink.xlsx,others,その他,LT,S0402,0,0,S0402,f,1,380,12
3191,LT_S0402_16_Pink.xlsx,sounds,幼児語,LT,S0402,1,1,S0402,f,1,491,16
3192,LT_S0402_16_Pink.xlsx,animals,動物の名前,LT,S0402,0,1,S0402,f,1,491,16
3193,LT_S0402_16_Pink.xlsx,vehicles,乗り物,LT,S0402,0,0,S0402,f,1,491,16
3194,LT_S0402_16_Pink.xlsx,toys,おもちゃ,LT,S0402,0,0,S0402,f,1,491,16
3195,LT_S0402_16_Pink.xlsx,food_drink,食べ物と飲み物,LT,S0402,4,0,S0402,f,1,491,16
3196,LT_S0402_16_Pink.xlsx,clothing,衣類,LT,S0402,3,0,S0402,f,1,491,16
3197,LT_S0402_16_Pink.xlsx,body_parts,体の部分,LT,S0402,2,0,S0402,f,1,491,16
3198,LT_S0402_16_Pink.xlsx,furniture_rooms,家具と部屋,LT,S0402,0,0,S0402,f,1,491,16
3199,LT_S0402_16_Pink.xlsx,household,小さな家庭用品,LT,S0402,1,0,S0402,f,1,491,16
3200,LT_S0402_16_Pink.xlsx,outside,戸外の物と場所,LT,S0402,1,0,S0402,f,1,491,16
3201,LT_S0402_16_Pink.xlsx,people,人々,LT,S0402,3,1,S0402,f,1,491,16
3202,LT_S0402_16_Pink.xlsx,games_routines,日課とあいさつ,LT,S0402,7,1,S0402,f,1,491,16
3203,LT_S0402_16_Pink.xlsx,action_words,動作語,LT,S0402,6,0,S0402,f,1,491,16
3204,LT_S0402_16_Pink.xlsx,time_words,時間についてのことば,LT,S0402,0,0,S0402,f,1,491,16
3205,LT_S0402_16_Pink.xlsx,descriptive_words,ようす・性質,LT,S0402,0,0,S0402,f,1,491,16
3206,LT_S0402_16_Pink.xlsx,pronouns,代名詞,LT,S0402,1,0,S0402,f,1,491,16
3207,LT_S0402_16_Pink.xlsx,question_words,質問のことば,LT,S0402,0,0,S0402,f,1,491,16
3208,LT_S0402_16_Pink.xlsx,locations,位置と場所についてのことば,LT,S0402,0,0,S0402,f,1,491,16
3209,LT_S0402_16_Pink.xlsx,quantifiers,数量を表すことば,LT,S0402,0,0,S0402,f,1,491,16
3210,LT_S0402_16_Pink.xlsx,sounds2,幼児語（その２）,LT,S0402,3,1,S0402,f,1,491,16
3211,LT_S0402_16_Pink.xlsx,conversations,会話語,LT,S0402,0,0,S0402,f,1,491,16
3212,LT_S0402_16_Pink.xlsx,others,その他,LT,S0402,0,0,S0402,f,1,491,16
3213,LT_S0414_12_Pink.xlsx,sounds,幼児語,LT,S0414,3,0,S0414,f,1,367,12
3214,LT_S0414_12_Pink.xlsx,animals,動物の名前,LT,S0414,1,0,S0414,f,1,367,12
3215,LT_S0414_12_Pink.xlsx,vehicles,乗り物,LT,S0414,2,0,S0414,f,1,367,12
3216,LT_S0414_12_Pink.xlsx,toys,おもちゃ,LT,S0414,1,0,S0414,f,1,367,12
3217,LT_S0414_12_Pink.xlsx,food_drink,食べ物と飲み物,LT,S0414,7,0,S0414,f,1,367,12
3218,LT_S0414_12_Pink.xlsx,clothing,衣類,LT,S0414,1,0,S0414,f,1,367,12
3219,LT_S0414_12_Pink.xlsx,body_parts,体の部分,LT,S0414,3,0,S0414,f,1,367,12
3220,LT_S0414_12_Pink.xlsx,furniture_rooms,家具と部屋,LT,S0414,3,0,S0414,f,1,367,12
3221,LT_S0414_12_Pink.xlsx,household,小さな家庭用品,LT,S0414,4,0,S0414,f,1,367,12
3222,LT_S0414_12_Pink.xlsx,outside,戸外の物と場所,LT,S0414,2,0,S0414,f,1,367,12
3223,LT_S0414_12_Pink.xlsx,people,人々,LT,S0414,3,1,S0414,f,1,367,12
3224,LT_S0414_12_Pink.xlsx,games_routines,日課とあいさつ,LT,S0414,5,0,S0414,f,1,367,12
3225,LT_S0414_12_Pink.xlsx,action_words,動作語,LT,S0414,7,0,S0414,f,1,367,12
3226,LT_S0414_12_Pink.xlsx,time_words,時間についてのことば,LT,S0414,0,0,S0414,f,1,367,12
3227,LT_S0414_12_Pink.xlsx,descriptive_words,ようす・性質,LT,S0414,3,0,S0414,f,1,367,12
3228,LT_S0414_12_Pink.xlsx,pronouns,代名詞,LT,S0414,1,0,S0414,f,1,367,12
3229,LT_S0414_12_Pink.xlsx,question_words,質問のことば,LT,S0414,1,0,S0414,f,1,367,12
3230,LT_S0414_12_Pink.xlsx,locations,位置と場所についてのことば,LT,S0414,0,0,S0414,f,1,367,12
3231,LT_S0414_12_Pink.xlsx,quantifiers,数量を表すことば,LT,S0414,1,0,S0414,f,1,367,12
3232,LT_S0414_12_Pink.xlsx,sounds2,幼児語（その２）,LT,S0414,1,0,S0414,f,1,367,12
3233,LT_S0414_12_Pink.xlsx,conversations,会話語,LT,S0414,0,0,S0414,f,1,367,12
3234,LT_S0414_12_Pink.xlsx,others,その他,LT,S0414,3,0,S0414,f,1,367,12
3235,LT_S0414_14_Pink.xlsx,sounds,幼児語,LT,S0414,7,0,S0414,f,1,454,14
3236,LT_S0414_14_Pink.xlsx,animals,動物の名前,LT,S0414,13,0,S0414,f,1,454,14
3237,LT_S0414_14_Pink.xlsx,vehicles,乗り物,LT,S0414,3,1,S0414,f,1,454,14
3238,LT_S0414_14_Pink.xlsx,toys,おもちゃ,LT,S0414,4,0,S0414,f,1,454,14
3239,LT_S0414_14_Pink.xlsx,food_drink,食べ物と飲み物,LT,S0414,11,0,S0414,f,1,454,14
3240,LT_S0414_14_Pink.xlsx,clothing,衣類,LT,S0414,4,0,S0414,f,1,454,14
3241,LT_S0414_14_Pink.xlsx,body_parts,体の部分,LT,S0414,13,1,S0414,f,1,454,14
3242,LT_S0414_14_Pink.xlsx,furniture_rooms,家具と部屋,LT,S0414,6,0,S0414,f,1,454,14
3243,LT_S0414_14_Pink.xlsx,household,小さな家庭用品,LT,S0414,9,0,S0414,f,1,454,14
3244,LT_S0414_14_Pink.xlsx,outside,戸外の物と場所,LT,S0414,4,0,S0414,f,1,454,14
3245,LT_S0414_14_Pink.xlsx,people,人々,LT,S0414,8,1,S0414,f,1,454,14
3246,LT_S0414_14_Pink.xlsx,games_routines,日課とあいさつ,LT,S0414,18,0,S0414,f,1,454,14
3247,LT_S0414_14_Pink.xlsx,action_words,動作語,LT,S0414,31,0,S0414,f,1,454,14
3248,LT_S0414_14_Pink.xlsx,time_words,時間についてのことば,LT,S0414,0,0,S0414,f,1,454,14
3249,LT_S0414_14_Pink.xlsx,descriptive_words,ようす・性質,LT,S0414,13,0,S0414,f,1,454,14
3250,LT_S0414_14_Pink.xlsx,pronouns,代名詞,LT,S0414,3,0,S0414,f,1,454,14
3251,LT_S0414_14_Pink.xlsx,question_words,質問のことば,LT,S0414,3,0,S0414,f,1,454,14
3252,LT_S0414_14_Pink.xlsx,locations,位置と場所についてのことば,LT,S0414,1,0,S0414,f,1,454,14
3253,LT_S0414_14_Pink.xlsx,quantifiers,数量を表すことば,LT,S0414,0,0,S0414,f,1,454,14
3254,LT_S0414_14_Pink.xlsx,sounds2,幼児語（その２）,LT,S0414,8,1,S0414,f,1,454,14
3255,LT_S0414_14_Pink.xlsx,conversations,会話語,LT,S0414,0,0,S0414,f,1,454,14
3256,LT_S0414_14_Pink.xlsx,others,その他,LT,S0414,2,0,S0414,f,1,454,14
3257,LT_S0421_13_Pink.xlsx,sounds,幼児語,LT,S0421,8,0,S0421,m,1,396,13
3258,LT_S0421_13_Pink.xlsx,animals,動物の名前,LT,S0421,31,0,S0421,m,1,396,13
3259,LT_S0421_13_Pink.xlsx,vehicles,乗り物,LT,S0421,6,0,S0421,m,1,396,13
3260,LT_S0421_13_Pink.xlsx,toys,おもちゃ,LT,S0421,7,0,S0421,m,1,396,13
3261,LT_S0421_13_Pink.xlsx,food_drink,食べ物と飲み物,LT,S0421,27,0,S0421,m,1,396,13
3262,LT_S0421_13_Pink.xlsx,clothing,衣類,LT,S0421,9,0,S0421,m,1,396,13
3263,LT_S0421_13_Pink.xlsx,body_parts,体の部分,LT,S0421,20,0,S0421,m,1,396,13
3264,LT_S0421_13_Pink.xlsx,furniture_rooms,家具と部屋,LT,S0421,11,0,S0421,m,1,396,13
3265,LT_S0421_13_Pink.xlsx,household,小さな家庭用品,LT,S0421,26,0,S0421,m,1,396,13
3266,LT_S0421_13_Pink.xlsx,outside,戸外の物と場所,LT,S0421,17,0,S0421,m,1,396,13
3267,LT_S0421_13_Pink.xlsx,people,人々,LT,S0421,7,1,S0421,m,1,396,13
3268,LT_S0421_13_Pink.xlsx,games_routines,日課とあいさつ,LT,S0421,18,1,S0421,m,1,396,13
3269,LT_S0421_13_Pink.xlsx,action_words,動作語,LT,S0421,50,0,S0421,m,1,396,13
3270,LT_S0421_13_Pink.xlsx,time_words,時間についてのことば,LT,S0421,6,0,S0421,m,1,396,13
3271,LT_S0421_13_Pink.xlsx,descriptive_words,ようす・性質,LT,S0421,30,0,S0421,m,1,396,13
3272,LT_S0421_13_Pink.xlsx,pronouns,代名詞,LT,S0421,5,0,S0421,m,1,396,13
3273,LT_S0421_13_Pink.xlsx,question_words,質問のことば,LT,S0421,6,0,S0421,m,1,396,13
3274,LT_S0421_13_Pink.xlsx,locations,位置と場所についてのことば,LT,S0421,9,0,S0421,m,1,396,13
3275,LT_S0421_13_Pink.xlsx,quantifiers,数量を表すことば,LT,S0421,8,0,S0421,m,1,396,13
3276,LT_S0421_13_Pink.xlsx,sounds2,幼児語（その２）,LT,S0421,22,0,S0421,m,1,396,13
3277,LT_S0421_13_Pink.xlsx,conversations,会話語,LT,S0421,14,0,S0421,m,1,396,13
3278,LT_S0421_13_Pink.xlsx,others,その他,LT,S0421,8,0,S0421,m,1,396,13
3279,LT_S0421_15_Pink.xlsx,sounds,幼児語,LT,S0421,4,3,S0421,m,1,458,15
3280,LT_S0421_15_Pink.xlsx,animals,動物の名前,LT,S0421,11,2,S0421,m,1,458,15
3281,LT_S0421_15_Pink.xlsx,vehicles,乗り物,LT,S0421,6,0,S0421,m,1,458,15
3282,LT_S0421_15_Pink.xlsx,toys,おもちゃ,LT,S0421,5,0,S0421,m,1,458,15
3283,LT_S0421_15_Pink.xlsx,food_drink,食べ物と飲み物,LT,S0421,23,0,S0421,m,1,458,15
3284,LT_S0421_15_Pink.xlsx,clothing,衣類,LT,S0421,6,0,S0421,m,1,458,15
3285,LT_S0421_15_Pink.xlsx,body_parts,体の部分,LT,S0421,20,0,S0421,m,1,458,15
3286,LT_S0421_15_Pink.xlsx,furniture_rooms,家具と部屋,LT,S0421,14,0,S0421,m,1,458,15
3287,LT_S0421_15_Pink.xlsx,household,小さな家庭用品,LT,S0421,17,0,S0421,m,1,458,15
3288,LT_S0421_15_Pink.xlsx,outside,戸外の物と場所,LT,S0421,16,0,S0421,m,1,458,15
3289,LT_S0421_15_Pink.xlsx,people,人々,LT,S0421,17,0,S0421,m,1,458,15
3290,LT_S0421_15_Pink.xlsx,games_routines,日課とあいさつ,LT,S0421,16,3,S0421,m,1,458,15
3291,LT_S0421_15_Pink.xlsx,action_words,動作語,LT,S0421,54,0,S0421,m,1,458,15
3292,LT_S0421_15_Pink.xlsx,time_words,時間についてのことば,LT,S0421,8,0,S0421,m,1,458,15
3293,LT_S0421_15_Pink.xlsx,descriptive_words,ようす・性質,LT,S0421,33,0,S0421,m,1,458,15
3294,LT_S0421_15_Pink.xlsx,pronouns,代名詞,LT,S0421,9,0,S0421,m,1,458,15
3295,LT_S0421_15_Pink.xlsx,question_words,質問のことば,LT,S0421,6,0,S0421,m,1,458,15
3296,LT_S0421_15_Pink.xlsx,locations,位置と場所についてのことば,LT,S0421,7,0,S0421,m,1,458,15
3297,LT_S0421_15_Pink.xlsx,quantifiers,数量を表すことば,LT,S0421,8,0,S0421,m,1,458,15
3298,LT_S0421_15_Pink.xlsx,sounds2,幼児語（その２）,LT,S0421,23,3,S0421,m,1,458,15
3299,LT_S0421_15_Pink.xlsx,conversations,会話語,LT,S0421,11,1,S0421,m,1,458,15
3300,LT_S0421_15_Pink.xlsx,others,その他,LT,S0421,8,1,S0421,m,1,458,15
3301,LT_S0467_12_Pink.xlsx,sounds,幼児語,LT,S0467,0,0,S0467,f,1,368,12
3302,LT_S0467_12_Pink.xlsx,animals,動物の名前,LT,S0467,0,0,S0467,f,1,368,12
3303,LT_S0467_12_Pink.xlsx,vehicles,乗り物,LT,S0467,0,0,S0467,f,1,368,12
3304,LT_S0467_12_Pink.xlsx,toys,おもちゃ,LT,S0467,0,0,S0467,f,1,368,12
3305,LT_S0467_12_Pink.xlsx,food_drink,食べ物と飲み物,LT,S0467,0,0,S0467,f,1,368,12
3306,LT_S0467_12_Pink.xlsx,clothing,衣類,LT,S0467,0,0,S0467,f,1,368,12
3307,LT_S0467_12_Pink.xlsx,body_parts,体の部分,LT,S0467,0,0,S0467,f,1,368,12
3308,LT_S0467_12_Pink.xlsx,furniture_rooms,家具と部屋,LT,S0467,0,0,S0467,f,1,368,12
3309,LT_S0467_12_Pink.xlsx,household,小さな家庭用品,LT,S0467,0,0,S0467,f,1,368,12
3310,LT_S0467_12_Pink.xlsx,outside,戸外の物と場所,LT,S0467,0,0,S0467,f,1,368,12
3311,LT_S0467_12_Pink.xlsx,people,人々,LT,S0467,0,0,S0467,f,1,368,12
3312,LT_S0467_12_Pink.xlsx,games_routines,日課とあいさつ,LT,S0467,1,0,S0467,f,1,368,12
3313,LT_S0467_12_Pink.xlsx,action_words,動作語,LT,S0467,0,0,S0467,f,1,368,12
3314,LT_S0467_12_Pink.xlsx,time_words,時間についてのことば,LT,S0467,0,0,S0467,f,1,368,12
3315,LT_S0467_12_Pink.xlsx,descriptive_words,ようす・性質,LT,S0467,0,0,S0467,f,1,368,12
3316,LT_S0467_12_Pink.xlsx,pronouns,代名詞,LT,S0467,0,0,S0467,f,1,368,12
3317,LT_S0467_12_Pink.xlsx,question_words,質問のことば,LT,S0467,0,0,S0467,f,1,368,12
3318,LT_S0467_12_Pink.xlsx,locations,位置と場所についてのことば,LT,S0467,0,0,S0467,f,1,368,12
3319,LT_S0467_12_Pink.xlsx,quantifiers,数量を表すことば,LT,S0467,0,0,S0467,f,1,368,12
3320,LT_S0467_12_Pink.xlsx,sounds2,幼児語（その２）,LT,S0467,0,0,S0467,f,1,368,12
3321,LT_S0467_12_Pink.xlsx,conversations,会話語,LT,S0467,0,0,S0467,f,1,368,12
3322,LT_S0467_12_Pink.xlsx,others,その他,LT,S0467,0,0,S0467,f,1,368,12
3323,LT_S0467_15_Pink.xlsx,sounds,幼児語,LT,S0467,1,0,S0467,f,1,463,15
3324,LT_S0467_15_Pink.xlsx,animals,動物の名前,LT,S0467,0,0,S0467,f,1,463,15
3325,LT_S0467_15_Pink.xlsx,vehicles,乗り物,LT,S0467,0,0,S0467,f,1,463,15
3326,LT_S0467_15_Pink.xlsx,toys,おもちゃ,LT,S0467,0,0,S0467,f,1,463,15
3327,LT_S0467_15_Pink.xlsx,food_drink,食べ物と飲み物,LT,S0467,0,0,S0467,f,1,463,15
3328,LT_S0467_15_Pink.xlsx,clothing,衣類,LT,S0467,0,0,S0467,f,1,463,15
3329,LT_S0467_15_Pink.xlsx,body_parts,体の部分,LT,S0467,1,0,S0467,f,1,463,15
3330,LT_S0467_15_Pink.xlsx,furniture_rooms,家具と部屋,LT,S0467,0,0,S0467,f,1,463,15
3331,LT_S0467_15_Pink.xlsx,household,小さな家庭用品,LT,S0467,0,0,S0467,f,1,463,15
3332,LT_S0467_15_Pink.xlsx,outside,戸外の物と場所,LT,S0467,0,0,S0467,f,1,463,15
3333,LT_S0467_15_Pink.xlsx,people,人々,LT,S0467,0,0,S0467,f,1,463,15
3334,LT_S0467_15_Pink.xlsx,games_routines,日課とあいさつ,LT,S0467,2,0,S0467,f,1,463,15
3335,LT_S0467_15_Pink.xlsx,action_words,動作語,LT,S0467,0,0,S0467,f,1,463,15
3336,LT_S0467_15_Pink.xlsx,time_words,時間についてのことば,LT,S0467,0,0,S0467,f,1,463,15
3337,LT_S0467_15_Pink.xlsx,descriptive_words,ようす・性質,LT,S0467,2,0,S0467,f,1,463,15
3338,LT_S0467_15_Pink.xlsx,pronouns,代名詞,LT,S0467,0,0,S0467,f,1,463,15
3339,LT_S0467_15_Pink.xlsx,question_words,質問のことば,LT,S0467,0,0,S0467,f,1,463,15
3340,LT_S0467_15_Pink.xlsx,locations,位置と場所についてのことば,LT,S0467,0,0,S0467,f,1,463,15
3341,LT_S0467_15_Pink.xlsx,quantifiers,数量を表すことば,LT,S0467,0,0,S0467,f,1,463,15
3342,LT_S0467_15_Pink.xlsx,sounds2,幼児語（その２）,LT,S0467,1,0,S0467,f,1,463,15
3343,LT_S0467_15_Pink.xlsx,conversations,会話語,LT,S0467,1,0,S0467,f,1,463,15
3344,LT_S0467_15_Pink.xlsx,others,その他,LT,S0467,0,0,S0467,f,1,463,15
3345,LT_S0477_11_Pink.xlsx,sounds,幼児語,LT,S0477,0,0,S0477,f,1,360,11
3346,LT_S0477_11_Pink.xlsx,animals,動物の名前,LT,S0477,0,0,S0477,f,1,360,11
3347,LT_S0477_11_Pink.xlsx,vehicles,乗り物,LT,S0477,0,0,S0477,f,1,360,11
3348,LT_S0477_11_Pink.xlsx,toys,おもちゃ,LT,S0477,0,0,S0477,f,1,360,11
3349,LT_S0477_11_Pink.xlsx,food_drink,食べ物と飲み物,LT,S0477,0,0,S0477,f,1,360,11
3350,LT_S0477_11_Pink.xlsx,clothing,衣類,LT,S0477,0,0,S0477,f,1,360,11
3351,LT_S0477_11_Pink.xlsx,body_parts,体の部分,LT,S0477,0,0,S0477,f,1,360,11
3352,LT_S0477_11_Pink.xlsx,furniture_rooms,家具と部屋,LT,S0477,0,0,S0477,f,1,360,11
3353,LT_S0477_11_Pink.xlsx,household,小さな家庭用品,LT,S0477,0,0,S0477,f,1,360,11
3354,LT_S0477_11_Pink.xlsx,outside,戸外の物と場所,LT,S0477,0,0,S0477,f,1,360,11
3355,LT_S0477_11_Pink.xlsx,people,人々,LT,S0477,3,0,S0477,f,1,360,11
3356,LT_S0477_11_Pink.xlsx,games_routines,日課とあいさつ,LT,S0477,3,0,S0477,f,1,360,11
3357,LT_S0477_11_Pink.xlsx,action_words,動作語,LT,S0477,0,0,S0477,f,1,360,11
3358,LT_S0477_11_Pink.xlsx,time_words,時間についてのことば,LT,S0477,0,0,S0477,f,1,360,11
3359,LT_S0477_11_Pink.xlsx,descriptive_words,ようす・性質,LT,S0477,0,0,S0477,f,1,360,11
3360,LT_S0477_11_Pink.xlsx,pronouns,代名詞,LT,S0477,0,0,S0477,f,1,360,11
3361,LT_S0477_11_Pink.xlsx,question_words,質問のことば,LT,S0477,0,0,S0477,f,1,360,11
3362,LT_S0477_11_Pink.xlsx,locations,位置と場所についてのことば,LT,S0477,0,0,S0477,f,1,360,11
3363,LT_S0477_11_Pink.xlsx,quantifiers,数量を表すことば,LT,S0477,0,0,S0477,f,1,360,11
3364,LT_S0477_11_Pink.xlsx,sounds2,幼児語（その２）,LT,S0477,0,0,S0477,f,1,360,11
3365,LT_S0477_11_Pink.xlsx,conversations,会話語,LT,S0477,0,0,S0477,f,1,360,11
3366,LT_S0477_11_Pink.xlsx,others,その他,LT,S0477,0,0,S0477,f,1,360,11
3367,LT_S0477_15_Pink.xlsx,sounds,幼児語,LT,S0477,4,3,S0477,f,1,475,15
3368,LT_S0477_15_Pink.xlsx,animals,動物の名前,LT,S0477,0,0,S0477,f,1,475,15
3369,LT_S0477_15_Pink.xlsx,vehicles,乗り物,LT,S0477,3,0,S0477,f,1,475,15
3370,LT_S0477_15_Pink.xlsx,toys,おもちゃ,LT,S0477,2,0,S0477,f,1,475,15
3371,LT_S0477_15_Pink.xlsx,food_drink,食べ物と飲み物,LT,S0477,5,0,S0477,f,1,475,15
3372,LT_S0477_15_Pink.xlsx,clothing,衣類,LT,S0477,2,0,S0477,f,1,475,15
3373,LT_S0477_15_Pink.xlsx,body_parts,体の部分,LT,S0477,0,0,S0477,f,1,475,15
3374,LT_S0477_15_Pink.xlsx,furniture_rooms,家具と部屋,LT,S0477,2,0,S0477,f,1,475,15
3375,LT_S0477_15_Pink.xlsx,household,小さな家庭用品,LT,S0477,3,0,S0477,f,1,475,15
3376,LT_S0477_15_Pink.xlsx,outside,戸外の物と場所,LT,S0477,1,0,S0477,f,1,475,15
3377,LT_S0477_15_Pink.xlsx,people,人々,LT,S0477,4,2,S0477,f,1,475,15
3378,LT_S0477_15_Pink.xlsx,games_routines,日課とあいさつ,LT,S0477,11,3,S0477,f,1,475,15
3379,LT_S0477_15_Pink.xlsx,action_words,動作語,LT,S0477,2,0,S0477,f,1,475,15
3380,LT_S0477_15_Pink.xlsx,time_words,時間についてのことば,LT,S0477,0,0,S0477,f,1,475,15
3381,LT_S0477_15_Pink.xlsx,descriptive_words,ようす・性質,LT,S0477,2,0,S0477,f,1,475,15
3382,LT_S0477_15_Pink.xlsx,pronouns,代名詞,LT,S0477,5,0,S0477,f,1,475,15
3383,LT_S0477_15_Pink.xlsx,question_words,質問のことば,LT,S0477,0,0,S0477,f,1,475,15
3384,LT_S0477_15_Pink.xlsx,locations,位置と場所についてのことば,LT,S0477,0,0,S0477,f,1,475,15
3385,LT_S0477_15_Pink.xlsx,quantifiers,数量を表すことば,LT,S0477,1,0,S0477,f,1,475,15
3386,LT_S0477_15_Pink.xlsx,sounds2,幼児語（その２）,LT,S0477,5,0,S0477,f,1,475,15
3387,LT_S0477_15_Pink.xlsx,conversations,会話語,LT,S0477,1,0,S0477,f,1,475,15
3388,LT_S0477_15_Pink.xlsx,others,その他,LT,S0477,1,0,S0477,f,1,475,15
3389,LT_S0513_12_Pink.xlsx,sounds,幼児語,LT,S0513,11,1,S0513,m,1,366,12
3390,LT_S0513_12_Pink.xlsx,animals,動物の名前,LT,S0513,1,0,S0513,m,1,366,12
3391,LT_S0513_12_Pink.xlsx,vehicles,乗り物,LT,S0513,3,0,S0513,m,1,366,12
3392,LT_S0513_12_Pink.xlsx,toys,おもちゃ,LT,S0513,4,0,S0513,m,1,366,12
3393,LT_S0513_12_Pink.xlsx,food_drink,食べ物と飲み物,LT,S0513,1,0,S0513,m,1,366,12
3394,LT_S0513_12_Pink.xlsx,clothing,衣類,LT,S0513,0,0,S0513,m,1,366,12
3395,LT_S0513_12_Pink.xlsx,body_parts,体の部分,LT,S0513,2,0,S0513,m,1,366,12
3396,LT_S0513_12_Pink.xlsx,furniture_rooms,家具と部屋,LT,S0513,0,0,S0513,m,1,366,12
3397,LT_S0513_12_Pink.xlsx,household,小さな家庭用品,LT,S0513,0,0,S0513,m,1,366,12
3398,LT_S0513_12_Pink.xlsx,outside,戸外の物と場所,LT,S0513,0,0,S0513,m,1,366,12
3399,LT_S0513_12_Pink.xlsx,people,人々,LT,S0513,4,3,S0513,m,1,366,12
3400,LT_S0513_12_Pink.xlsx,games_routines,日課とあいさつ,LT,S0513,6,0,S0513,m,1,366,12
3401,LT_S0513_12_Pink.xlsx,action_words,動作語,LT,S0513,0,0,S0513,m,1,366,12
3402,LT_S0513_12_Pink.xlsx,time_words,時間についてのことば,LT,S0513,0,0,S0513,m,1,366,12
3403,LT_S0513_12_Pink.xlsx,descriptive_words,ようす・性質,LT,S0513,0,0,S0513,m,1,366,12
3404,LT_S0513_12_Pink.xlsx,pronouns,代名詞,LT,S0513,0,0,S0513,m,1,366,12
3405,LT_S0513_12_Pink.xlsx,question_words,質問のことば,LT,S0513,0,0,S0513,m,1,366,12
3406,LT_S0513_12_Pink.xlsx,locations,位置と場所についてのことば,LT,S0513,0,0,S0513,m,1,366,12
3407,LT_S0513_12_Pink.xlsx,quantifiers,数量を表すことば,LT,S0513,0,0,S0513,m,1,366,12
3408,LT_S0513_12_Pink.xlsx,sounds2,幼児語（その２）,LT,S0513,0,1,S0513,m,1,366,12
3409,LT_S0513_12_Pink.xlsx,conversations,会話語,LT,S0513,0,0,S0513,m,1,366,12
3410,LT_S0513_12_Pink.xlsx,others,その他,LT,S0513,0,0,S0513,m,1,366,12
3411,LT_S0513_15_Pink.xlsx,sounds,幼児語,LT,S0513,7,4,S0513,m,1,459,15
3412,LT_S0513_15_Pink.xlsx,animals,動物の名前,LT,S0513,18,1,S0513,m,1,459,15
3413,LT_S0513_15_Pink.xlsx,vehicles,乗り物,LT,S0513,5,0,S0513,m,1,459,15
3414,LT_S0513_15_Pink.xlsx,toys,おもちゃ,LT,S0513,5,0,S0513,m,1,459,15
3415,LT_S0513_15_Pink.xlsx,food_drink,食べ物と飲み物,LT,S0513,9,3,S0513,m,1,459,15
3416,LT_S0513_15_Pink.xlsx,clothing,衣類,LT,S0513,4,2,S0513,m,1,459,15
3417,LT_S0513_15_Pink.xlsx,body_parts,体の部分,LT,S0513,15,1,S0513,m,1,459,15
3418,LT_S0513_15_Pink.xlsx,furniture_rooms,家具と部屋,LT,S0513,7,0,S0513,m,1,459,15
3419,LT_S0513_15_Pink.xlsx,household,小さな家庭用品,LT,S0513,9,1,S0513,m,1,459,15
3420,LT_S0513_15_Pink.xlsx,outside,戸外の物と場所,LT,S0513,4,1,S0513,m,1,459,15
3421,LT_S0513_15_Pink.xlsx,people,人々,LT,S0513,3,4,S0513,m,1,459,15
3422,LT_S0513_15_Pink.xlsx,games_routines,日課とあいさつ,LT,S0513,11,1,S0513,m,1,459,15
3423,LT_S0513_15_Pink.xlsx,action_words,動作語,LT,S0513,8,1,S0513,m,1,459,15
3424,LT_S0513_15_Pink.xlsx,time_words,時間についてのことば,LT,S0513,0,0,S0513,m,1,459,15
3425,LT_S0513_15_Pink.xlsx,descriptive_words,ようす・性質,LT,S0513,2,0,S0513,m,1,459,15
3426,LT_S0513_15_Pink.xlsx,pronouns,代名詞,LT,S0513,0,0,S0513,m,1,459,15
3427,LT_S0513_15_Pink.xlsx,question_words,質問のことば,LT,S0513,1,1,S0513,m,1,459,15
3428,LT_S0513_15_Pink.xlsx,locations,位置と場所についてのことば,LT,S0513,0,0,S0513,m,1,459,15
3429,LT_S0513_15_Pink.xlsx,quantifiers,数量を表すことば,LT,S0513,1,0,S0513,m,1,459,15
3430,LT_S0513_15_Pink.xlsx,sounds2,幼児語（その２）,LT,S0513,8,3,S0513,m,1,459,15
3431,LT_S0513_15_Pink.xlsx,conversations,会話語,LT,S0513,0,1,S0513,m,1,459,15
3432,LT_S0513_15_Pink.xlsx,others,その他,LT,S0513,2,1,S0513,m,1,459,15
3433,LT_S0527_13_Pink.xlsx,sounds,幼児語,LT,S0527,1,0,S0527,m,1,406,13
3434,LT_S0527_13_Pink.xlsx,animals,動物の名前,LT,S0527,0,0,S0527,m,1,406,13
3435,LT_S0527_13_Pink.xlsx,vehicles,乗り物,LT,S0527,0,0,S0527,m,1,406,13
3436,LT_S0527_13_Pink.xlsx,toys,おもちゃ,LT,S0527,0,0,S0527,m,1,406,13
3437,LT_S0527_13_Pink.xlsx,food_drink,食べ物と飲み物,LT,S0527,1,0,S0527,m,1,406,13
3438,LT_S0527_13_Pink.xlsx,clothing,衣類,LT,S0527,1,0,S0527,m,1,406,13
3439,LT_S0527_13_Pink.xlsx,body_parts,体の部分,LT,S0527,4,0,S0527,m,1,406,13
3440,LT_S0527_13_Pink.xlsx,furniture_rooms,家具と部屋,LT,S0527,1,0,S0527,m,1,406,13
3441,LT_S0527_13_Pink.xlsx,household,小さな家庭用品,LT,S0527,0,0,S0527,m,1,406,13
3442,LT_S0527_13_Pink.xlsx,outside,戸外の物と場所,LT,S0527,0,0,S0527,m,1,406,13
3443,LT_S0527_13_Pink.xlsx,people,人々,LT,S0527,4,0,S0527,m,1,406,13
3444,LT_S0527_13_Pink.xlsx,games_routines,日課とあいさつ,LT,S0527,6,0,S0527,m,1,406,13
3445,LT_S0527_13_Pink.xlsx,action_words,動作語,LT,S0527,4,0,S0527,m,1,406,13
3446,LT_S0527_13_Pink.xlsx,time_words,時間についてのことば,LT,S0527,0,0,S0527,m,1,406,13
3447,LT_S0527_13_Pink.xlsx,descriptive_words,ようす・性質,LT,S0527,1,0,S0527,m,1,406,13
3448,LT_S0527_13_Pink.xlsx,pronouns,代名詞,LT,S0527,0,0,S0527,m,1,406,13
3449,LT_S0527_13_Pink.xlsx,question_words,質問のことば,LT,S0527,0,0,S0527,m,1,406,13
3450,LT_S0527_13_Pink.xlsx,locations,位置と場所についてのことば,LT,S0527,0,0,S0527,m,1,406,13
3451,LT_S0527_13_Pink.xlsx,quantifiers,数量を表すことば,LT,S0527,0,0,S0527,m,1,406,13
3452,LT_S0527_13_Pink.xlsx,sounds2,幼児語（その２）,LT,S0527,5,0,S0527,m,1,406,13
3453,LT_S0527_13_Pink.xlsx,conversations,会話語,LT,S0527,0,0,S0527,m,1,406,13
3454,LT_S0527_13_Pink.xlsx,others,その他,LT,S0527,1,0,S0527,m,1,406,13
3455,LT_S0527_15_Pink.xlsx,sounds,幼児語,LT,S0527,3,2,S0527,m,1,457,15
3456,LT_S0527_15_Pink.xlsx,animals,動物の名前,LT,S0527,4,0,S0527,m,1,457,15
3457,LT_S0527_15_Pink.xlsx,vehicles,乗り物,LT,S0527,2,0,S0527,m,1,457,15
3458,LT_S0527_15_Pink.xlsx,toys,おもちゃ,LT,S0527,0,0,S0527,m,1,457,15
3459,LT_S0527_15_Pink.xlsx,food_drink,食べ物と飲み物,LT,S0527,3,1,S0527,m,1,457,15
3460,LT_S0527_15_Pink.xlsx,clothing,衣類,LT,S0527,1,0,S0527,m,1,457,15
3461,LT_S0527_15_Pink.xlsx,body_parts,体の部分,LT,S0527,4,0,S0527,m,1,457,15
3462,LT_S0527_15_Pink.xlsx,furniture_rooms,家具と部屋,LT,S0527,3,0,S0527,m,1,457,15
3463,LT_S0527_15_Pink.xlsx,household,小さな家庭用品,LT,S0527,1,0,S0527,m,1,457,15
3464,LT_S0527_15_Pink.xlsx,outside,戸外の物と場所,LT,S0527,0,1,S0527,m,1,457,15
3465,LT_S0527_15_Pink.xlsx,people,人々,LT,S0527,1,3,S0527,m,1,457,15
3466,LT_S0527_15_Pink.xlsx,games_routines,日課とあいさつ,LT,S0527,9,3,S0527,m,1,457,15
3467,LT_S0527_15_Pink.xlsx,action_words,動作語,LT,S0527,2,0,S0527,m,1,457,15
3468,LT_S0527_15_Pink.xlsx,time_words,時間についてのことば,LT,S0527,0,0,S0527,m,1,457,15
3469,LT_S0527_15_Pink.xlsx,descriptive_words,ようす・性質,LT,S0527,1,1,S0527,m,1,457,15
3470,LT_S0527_15_Pink.xlsx,pronouns,代名詞,LT,S0527,0,0,S0527,m,1,457,15
3471,LT_S0527_15_Pink.xlsx,question_words,質問のことば,LT,S0527,0,0,S0527,m,1,457,15
3472,LT_S0527_15_Pink.xlsx,locations,位置と場所についてのことば,LT,S0527,0,0,S0527,m,1,457,15
3473,LT_S0527_15_Pink.xlsx,quantifiers,数量を表すことば,LT,S0527,1,0,S0527,m,1,457,15
3474,LT_S0527_15_Pink.xlsx,sounds2,幼児語（その２）,LT,S0527,2,2,S0527,m,1,457,15
3475,LT_S0527_15_Pink.xlsx,conversations,会話語,LT,S0527,1,0,S0527,m,1,457,15
3476,LT_S0527_15_Pink.xlsx,others,その他,LT,S0527,1,1,S0527,m,1,457,15
3477,LT_S0555_12_Pink.xlsx,sounds,幼児語,LT,S0555,3,0,S0555,f,1,372,12
3478,LT_S0555_12_Pink.xlsx,animals,動物の名前,LT,S0555,5,0,S0555,f,1,372,12
3479,LT_S0555_12_Pink.xlsx,vehicles,乗り物,LT,S0555,0,0,S0555,f,1,372,12
3480,LT_S0555_12_Pink.xlsx,toys,おもちゃ,LT,S0555,0,0,S0555,f,1,372,12
3481,LT_S0555_12_Pink.xlsx,food_drink,食べ物と飲み物,LT,S0555,2,0,S0555,f,1,372,12
3482,LT_S0555_12_Pink.xlsx,clothing,衣類,LT,S0555,0,0,S0555,f,1,372,12
3483,LT_S0555_12_Pink.xlsx,body_parts,体の部分,LT,S0555,0,0,S0555,f,1,372,12
3484,LT_S0555_12_Pink.xlsx,furniture_rooms,家具と部屋,LT,S0555,1,0,S0555,f,1,372,12
3485,LT_S0555_12_Pink.xlsx,household,小さな家庭用品,LT,S0555,0,0,S0555,f,1,372,12
3486,LT_S0555_12_Pink.xlsx,outside,戸外の物と場所,LT,S0555,1,0,S0555,f,1,372,12
3487,LT_S0555_12_Pink.xlsx,people,人々,LT,S0555,4,0,S0555,f,1,372,12
3488,LT_S0555_12_Pink.xlsx,games_routines,日課とあいさつ,LT,S0555,10,0,S0555,f,1,372,12
3489,LT_S0555_12_Pink.xlsx,action_words,動作語,LT,S0555,0,0,S0555,f,1,372,12
3490,LT_S0555_12_Pink.xlsx,time_words,時間についてのことば,LT,S0555,0,0,S0555,f,1,372,12
3491,LT_S0555_12_Pink.xlsx,descriptive_words,ようす・性質,LT,S0555,0,0,S0555,f,1,372,12
3492,LT_S0555_12_Pink.xlsx,pronouns,代名詞,LT,S0555,0,0,S0555,f,1,372,12
3493,LT_S0555_12_Pink.xlsx,question_words,質問のことば,LT,S0555,1,0,S0555,f,1,372,12
3494,LT_S0555_12_Pink.xlsx,locations,位置と場所についてのことば,LT,S0555,0,0,S0555,f,1,372,12
3495,LT_S0555_12_Pink.xlsx,quantifiers,数量を表すことば,LT,S0555,0,0,S0555,f,1,372,12
3496,LT_S0555_12_Pink.xlsx,sounds2,幼児語（その２）,LT,S0555,3,0,S0555,f,1,372,12
3497,LT_S0555_12_Pink.xlsx,conversations,会話語,LT,S0555,0,0,S0555,f,1,372,12
3498,LT_S0555_12_Pink.xlsx,others,その他,LT,S0555,1,0,S0555,f,1,372,12
3499,LT_S0555_15_Pink.xlsx,sounds,幼児語,LT,S0555,4,3,S0555,f,1,467,15
3500,LT_S0555_15_Pink.xlsx,animals,動物の名前,LT,S0555,7,2,S0555,f,1,467,15
3501,LT_S0555_15_Pink.xlsx,vehicles,乗り物,LT,S0555,4,0,S0555,f,1,467,15
3502,LT_S0555_15_Pink.xlsx,toys,おもちゃ,LT,S0555,3,0,S0555,f,1,467,15
3503,LT_S0555_15_Pink.xlsx,food_drink,食べ物と飲み物,LT,S0555,11,2,S0555,f,1,467,15
3504,LT_S0555_15_Pink.xlsx,clothing,衣類,LT,S0555,4,0,S0555,f,1,467,15
3505,LT_S0555_15_Pink.xlsx,body_parts,体の部分,LT,S0555,11,0,S0555,f,1,467,15
3506,LT_S0555_15_Pink.xlsx,furniture_rooms,家具と部屋,LT,S0555,4,0,S0555,f,1,467,15
3507,LT_S0555_15_Pink.xlsx,household,小さな家庭用品,LT,S0555,4,0,S0555,f,1,467,15
3508,LT_S0555_15_Pink.xlsx,outside,戸外の物と場所,LT,S0555,2,0,S0555,f,1,467,15
3509,LT_S0555_15_Pink.xlsx,people,人々,LT,S0555,3,1,S0555,f,1,467,15
3510,LT_S0555_15_Pink.xlsx,games_routines,日課とあいさつ,LT,S0555,10,0,S0555,f,1,467,15
3511,LT_S0555_15_Pink.xlsx,action_words,動作語,LT,S0555,18,0,S0555,f,1,467,15
3512,LT_S0555_15_Pink.xlsx,time_words,時間についてのことば,LT,S0555,0,0,S0555,f,1,467,15
3513,LT_S0555_15_Pink.xlsx,descriptive_words,ようす・性質,LT,S0555,1,0,S0555,f,1,467,15
3514,LT_S0555_15_Pink.xlsx,pronouns,代名詞,LT,S0555,0,1,S0555,f,1,467,15
3515,LT_S0555_15_Pink.xlsx,question_words,質問のことば,LT,S0555,2,0,S0555,f,1,467,15
3516,LT_S0555_15_Pink.xlsx,locations,位置と場所についてのことば,LT,S0555,0,0,S0555,f,1,467,15
3517,LT_S0555_15_Pink.xlsx,quantifiers,数量を表すことば,LT,S0555,1,0,S0555,f,1,467,15
3518,LT_S0555_15_Pink.xlsx,sounds2,幼児語（その２）,LT,S0555,1,0,S0555,f,1,467,15
3519,LT_S0555_15_Pink.xlsx,conversations,会話語,LT,S0555,0,0,S0555,f,1,467,15
3520,LT_S0555_15_Pink.xlsx,others,その他,LT,S0555,4,1,S0555,f,1,467,15
3521,LT_S0559_11_Pink.xlsx,sounds,幼児語,LT,S0559,0,1,S0559,m,1,363,11
3522,LT_S0559_11_Pink.xlsx,animals,動物の名前,LT,S0559,0,0,S0559,m,1,363,11
3523,LT_S0559_11_Pink.xlsx,vehicles,乗り物,LT,S0559,0,0,S0559,m,1,363,11
3524,LT_S0559_11_Pink.xlsx,toys,おもちゃ,LT,S0559,0,0,S0559,m,1,363,11
3525,LT_S0559_11_Pink.xlsx,food_drink,食べ物と飲み物,LT,S0559,0,0,S0559,m,1,363,11
3526,LT_S0559_11_Pink.xlsx,clothing,衣類,LT,S0559,0,0,S0559,m,1,363,11
3527,LT_S0559_11_Pink.xlsx,body_parts,体の部分,LT,S0559,0,0,S0559,m,1,363,11
3528,LT_S0559_11_Pink.xlsx,furniture_rooms,家具と部屋,LT,S0559,0,0,S0559,m,1,363,11
3529,LT_S0559_11_Pink.xlsx,household,小さな家庭用品,LT,S0559,0,0,S0559,m,1,363,11
3530,LT_S0559_11_Pink.xlsx,outside,戸外の物と場所,LT,S0559,0,0,S0559,m,1,363,11
3531,LT_S0559_11_Pink.xlsx,people,人々,LT,S0559,0,0,S0559,m,1,363,11
3532,LT_S0559_11_Pink.xlsx,games_routines,日課とあいさつ,LT,S0559,5,0,S0559,m,1,363,11
3533,LT_S0559_11_Pink.xlsx,action_words,動作語,LT,S0559,0,0,S0559,m,1,363,11
3534,LT_S0559_11_Pink.xlsx,time_words,時間についてのことば,LT,S0559,0,0,S0559,m,1,363,11
3535,LT_S0559_11_Pink.xlsx,descriptive_words,ようす・性質,LT,S0559,0,0,S0559,m,1,363,11
3536,LT_S0559_11_Pink.xlsx,pronouns,代名詞,LT,S0559,0,0,S0559,m,1,363,11
3537,LT_S0559_11_Pink.xlsx,question_words,質問のことば,LT,S0559,0,0,S0559,m,1,363,11
3538,LT_S0559_11_Pink.xlsx,locations,位置と場所についてのことば,LT,S0559,0,0,S0559,m,1,363,11
3539,LT_S0559_11_Pink.xlsx,quantifiers,数量を表すことば,LT,S0559,0,0,S0559,m,1,363,11
3540,LT_S0559_11_Pink.xlsx,sounds2,幼児語（その２）,LT,S0559,0,0,S0559,m,1,363,11
3541,LT_S0559_11_Pink.xlsx,conversations,会話語,LT,S0559,0,0,S0559,m,1,363,11
3542,LT_S0559_11_Pink.xlsx,others,その他,LT,S0559,0,0,S0559,m,1,363,11
3543,LT_S0559_15_Pink.xlsx,sounds,幼児語,LT,S0559,0,1,S0559,m,1,458,15
3544,LT_S0559_15_Pink.xlsx,animals,動物の名前,LT,S0559,0,0,S0559,m,1,458,15
3545,LT_S0559_15_Pink.xlsx,vehicles,乗り物,LT,S0559,0,0,S0559,m,1,458,15
3546,LT_S0559_15_Pink.xlsx,toys,おもちゃ,LT,S0559,1,0,S0559,m,1,458,15
3547,LT_S0559_15_Pink.xlsx,food_drink,食べ物と飲み物,LT,S0559,0,1,S0559,m,1,458,15
3548,LT_S0559_15_Pink.xlsx,clothing,衣類,LT,S0559,1,0,S0559,m,1,458,15
3549,LT_S0559_15_Pink.xlsx,body_parts,体の部分,LT,S0559,2,0,S0559,m,1,458,15
3550,LT_S0559_15_Pink.xlsx,furniture_rooms,家具と部屋,LT,S0559,2,0,S0559,m,1,458,15
3551,LT_S0559_15_Pink.xlsx,household,小さな家庭用品,LT,S0559,2,0,S0559,m,1,458,15
3552,LT_S0559_15_Pink.xlsx,outside,戸外の物と場所,LT,S0559,4,0,S0559,m,1,458,15
3553,LT_S0559_15_Pink.xlsx,people,人々,LT,S0559,4,0,S0559,m,1,458,15
3554,LT_S0559_15_Pink.xlsx,games_routines,日課とあいさつ,LT,S0559,6,2,S0559,m,1,458,15
3555,LT_S0559_15_Pink.xlsx,action_words,動作語,LT,S0559,5,1,S0559,m,1,458,15
3556,LT_S0559_15_Pink.xlsx,time_words,時間についてのことば,LT,S0559,0,0,S0559,m,1,458,15
3557,LT_S0559_15_Pink.xlsx,descriptive_words,ようす・性質,LT,S0559,1,1,S0559,m,1,458,15
3558,LT_S0559_15_Pink.xlsx,pronouns,代名詞,LT,S0559,0,1,S0559,m,1,458,15
3559,LT_S0559_15_Pink.xlsx,question_words,質問のことば,LT,S0559,0,0,S0559,m,1,458,15
3560,LT_S0559_15_Pink.xlsx,locations,位置と場所についてのことば,LT,S0559,0,0,S0559,m,1,458,15
3561,LT_S0559_15_Pink.xlsx,quantifiers,数量を表すことば,LT,S0559,3,0,S0559,m,1,458,15
3562,LT_S0559_15_Pink.xlsx,sounds2,幼児語（その２）,LT,S0559,6,0,S0559,m,1,458,15
3563,LT_S0559_15_Pink.xlsx,conversations,会話語,LT,S0559,1,3,S0559,m,1,458,15
3564,LT_S0559_15_Pink.xlsx,others,その他,LT,S0559,0,0,S0559,m,1,458,15
3565,LT_S0564_12_Pink.xlsx,sounds,幼児語,LT,S0564,0,0,S0564,m,1,372,12
3566,LT_S0564_12_Pink.xlsx,animals,動物の名前,LT,S0564,0,0,S0564,m,1,372,12
3567,LT_S0564_12_Pink.xlsx,vehicles,乗り物,LT,S0564,0,0,S0564,m,1,372,12
3568,LT_S0564_12_Pink.xlsx,toys,おもちゃ,LT,S0564,0,0,S0564,m,1,372,12
3569,LT_S0564_12_Pink.xlsx,food_drink,食べ物と飲み物,LT,S0564,0,0,S0564,m,1,372,12
3570,LT_S0564_12_Pink.xlsx,clothing,衣類,LT,S0564,0,0,S0564,m,1,372,12
3571,LT_S0564_12_Pink.xlsx,body_parts,体の部分,LT,S0564,0,0,S0564,m,1,372,12
3572,LT_S0564_12_Pink.xlsx,furniture_rooms,家具と部屋,LT,S0564,0,0,S0564,m,1,372,12
3573,LT_S0564_12_Pink.xlsx,household,小さな家庭用品,LT,S0564,0,0,S0564,m,1,372,12
3574,LT_S0564_12_Pink.xlsx,outside,戸外の物と場所,LT,S0564,0,0,S0564,m,1,372,12
3575,LT_S0564_12_Pink.xlsx,people,人々,LT,S0564,1,0,S0564,m,1,372,12
3576,LT_S0564_12_Pink.xlsx,games_routines,日課とあいさつ,LT,S0564,6,0,S0564,m,1,372,12
3577,LT_S0564_12_Pink.xlsx,action_words,動作語,LT,S0564,0,0,S0564,m,1,372,12
3578,LT_S0564_12_Pink.xlsx,time_words,時間についてのことば,LT,S0564,0,0,S0564,m,1,372,12
3579,LT_S0564_12_Pink.xlsx,descriptive_words,ようす・性質,LT,S0564,0,0,S0564,m,1,372,12
3580,LT_S0564_12_Pink.xlsx,pronouns,代名詞,LT,S0564,0,0,S0564,m,1,372,12
3581,LT_S0564_12_Pink.xlsx,question_words,質問のことば,LT,S0564,0,0,S0564,m,1,372,12
3582,LT_S0564_12_Pink.xlsx,locations,位置と場所についてのことば,LT,S0564,0,0,S0564,m,1,372,12
3583,LT_S0564_12_Pink.xlsx,quantifiers,数量を表すことば,LT,S0564,0,0,S0564,m,1,372,12
3584,LT_S0564_12_Pink.xlsx,sounds2,幼児語（その２）,LT,S0564,0,0,S0564,m,1,372,12
3585,LT_S0564_12_Pink.xlsx,conversations,会話語,LT,S0564,1,1,S0564,m,1,372,12
3586,LT_S0564_12_Pink.xlsx,others,その他,LT,S0564,0,0,S0564,m,1,372,12
3587,LT_S0577_12_Pink.xlsx,sounds,幼児語,LT,S0577,0,0,S0577,f,1,372,12
3588,LT_S0577_12_Pink.xlsx,animals,動物の名前,LT,S0577,0,0,S0577,f,1,372,12
3589,LT_S0577_12_Pink.xlsx,vehicles,乗り物,LT,S0577,0,0,S0577,f,1,372,12
3590,LT_S0577_12_Pink.xlsx,toys,おもちゃ,LT,S0577,0,0,S0577,f,1,372,12
3591,LT_S0577_12_Pink.xlsx,food_drink,食べ物と飲み物,LT,S0577,0,0,S0577,f,1,372,12
3592,LT_S0577_12_Pink.xlsx,clothing,衣類,LT,S0577,0,0,S0577,f,1,372,12
3593,LT_S0577_12_Pink.xlsx,body_parts,体の部分,LT,S0577,0,0,S0577,f,1,372,12
3594,LT_S0577_12_Pink.xlsx,furniture_rooms,家具と部屋,LT,S0577,0,0,S0577,f,1,372,12
3595,LT_S0577_12_Pink.xlsx,household,小さな家庭用品,LT,S0577,0,0,S0577,f,1,372,12
3596,LT_S0577_12_Pink.xlsx,outside,戸外の物と場所,LT,S0577,0,0,S0577,f,1,372,12
3597,LT_S0577_12_Pink.xlsx,people,人々,LT,S0577,2,2,S0577,f,1,372,12
3598,LT_S0577_12_Pink.xlsx,games_routines,日課とあいさつ,LT,S0577,2,0,S0577,f,1,372,12
3599,LT_S0577_12_Pink.xlsx,action_words,動作語,LT,S0577,0,0,S0577,f,1,372,12
3600,LT_S0577_12_Pink.xlsx,time_words,時間についてのことば,LT,S0577,0,0,S0577,f,1,372,12
3601,LT_S0577_12_Pink.xlsx,descriptive_words,ようす・性質,LT,S0577,2,0,S0577,f,1,372,12
3602,LT_S0577_12_Pink.xlsx,pronouns,代名詞,LT,S0577,0,0,S0577,f,1,372,12
3603,LT_S0577_12_Pink.xlsx,question_words,質問のことば,LT,S0577,0,0,S0577,f,1,372,12
3604,LT_S0577_12_Pink.xlsx,locations,位置と場所についてのことば,LT,S0577,0,0,S0577,f,1,372,12
3605,LT_S0577_12_Pink.xlsx,quantifiers,数量を表すことば,LT,S0577,0,0,S0577,f,1,372,12
3606,LT_S0577_12_Pink.xlsx,sounds2,幼児語（その２）,LT,S0577,0,0,S0577,f,1,372,12
3607,LT_S0577_12_Pink.xlsx,conversations,会話語,LT,S0577,0,0,S0577,f,1,372,12
3608,LT_S0577_12_Pink.xlsx,others,その他,LT,S0577,0,0,S0577,f,1,372,12
3609,LT_S0577_15_Pink.xlsx,sounds,幼児語,LT,S0577,2,2,S0577,f,1,460,15
3610,LT_S0577_15_Pink.xlsx,animals,動物の名前,LT,S0577,2,2,S0577,f,1,460,15
3611,LT_S0577_15_Pink.xlsx,vehicles,乗り物,LT,S0577,0,0,S0577,f,1,460,15
3612,LT_S0577_15_Pink.xlsx,toys,おもちゃ,LT,S0577,2,0,S0577,f,1,460,15
3613,LT_S0577_15_Pink.xlsx,food_drink,食べ物と飲み物,LT,S0577,5,0,S0577,f,1,460,15
3614,LT_S0577_15_Pink.xlsx,clothing,衣類,LT,S0577,0,0,S0577,f,1,460,15
3615,LT_S0577_15_Pink.xlsx,body_parts,体の部分,LT,S0577,0,0,S0577,f,1,460,15
3616,LT_S0577_15_Pink.xlsx,furniture_rooms,家具と部屋,LT,S0577,0,0,S0577,f,1,460,15
3617,LT_S0577_15_Pink.xlsx,household,小さな家庭用品,LT,S0577,0,0,S0577,f,1,460,15
3618,LT_S0577_15_Pink.xlsx,outside,戸外の物と場所,LT,S0577,0,0,S0577,f,1,460,15
3619,LT_S0577_15_Pink.xlsx,people,人々,LT,S0577,0,3,S0577,f,1,460,15
3620,LT_S0577_15_Pink.xlsx,games_routines,日課とあいさつ,LT,S0577,0,3,S0577,f,1,460,15
3621,LT_S0577_15_Pink.xlsx,action_words,動作語,LT,S0577,0,0,S0577,f,1,460,15
3622,LT_S0577_15_Pink.xlsx,time_words,時間についてのことば,LT,S0577,0,0,S0577,f,1,460,15
3623,LT_S0577_15_Pink.xlsx,descriptive_words,ようす・性質,LT,S0577,0,2,S0577,f,1,460,15
3624,LT_S0577_15_Pink.xlsx,pronouns,代名詞,LT,S0577,0,0,S0577,f,1,460,15
3625,LT_S0577_15_Pink.xlsx,question_words,質問のことば,LT,S0577,0,0,S0577,f,1,460,15
3626,LT_S0577_15_Pink.xlsx,locations,位置と場所についてのことば,LT,S0577,0,0,S0577,f,1,460,15
3627,LT_S0577_15_Pink.xlsx,quantifiers,数量を表すことば,LT,S0577,0,0,S0577,f,1,460,15
3628,LT_S0577_15_Pink.xlsx,sounds2,幼児語（その２）,LT,S0577,6,1,S0577,f,1,460,15
3629,LT_S0577_15_Pink.xlsx,conversations,会話語,LT,S0577,1,4,S0577,f,1,460,15
3630,LT_S0577_15_Pink.xlsx,others,その他,LT,S0577,3,0,S0577,f,1,460,15
3631,LT_S0592_12_Pink.xlsx,sounds,幼児語,LT,S0592,0,1,S0592,m,1,379,12
3632,LT_S0592_12_Pink.xlsx,animals,動物の名前,LT,S0592,0,0,S0592,m,1,379,12
3633,LT_S0592_12_Pink.xlsx,vehicles,乗り物,LT,S0592,0,0,S0592,m,1,379,12
3634,LT_S0592_12_Pink.xlsx,toys,おもちゃ,LT,S0592,0,0,S0592,m,1,379,12
3635,LT_S0592_12_Pink.xlsx,food_drink,食べ物と飲み物,LT,S0592,0,0,S0592,m,1,379,12
3636,LT_S0592_12_Pink.xlsx,clothing,衣類,LT,S0592,0,0,S0592,m,1,379,12
3637,LT_S0592_12_Pink.xlsx,body_parts,体の部分,LT,S0592,0,0,S0592,m,1,379,12
3638,LT_S0592_12_Pink.xlsx,furniture_rooms,家具と部屋,LT,S0592,0,0,S0592,m,1,379,12
3639,LT_S0592_12_Pink.xlsx,household,小さな家庭用品,LT,S0592,0,0,S0592,m,1,379,12
3640,LT_S0592_12_Pink.xlsx,outside,戸外の物と場所,LT,S0592,0,0,S0592,m,1,379,12
3641,LT_S0592_12_Pink.xlsx,people,人々,LT,S0592,0,0,S0592,m,1,379,12
3642,LT_S0592_12_Pink.xlsx,games_routines,日課とあいさつ,LT,S0592,0,2,S0592,m,1,379,12
3643,LT_S0592_12_Pink.xlsx,action_words,動作語,LT,S0592,0,0,S0592,m,1,379,12
3644,LT_S0592_12_Pink.xlsx,time_words,時間についてのことば,LT,S0592,0,0,S0592,m,1,379,12
3645,LT_S0592_12_Pink.xlsx,descriptive_words,ようす・性質,LT,S0592,0,0,S0592,m,1,379,12
3646,LT_S0592_12_Pink.xlsx,pronouns,代名詞,LT,S0592,0,0,S0592,m,1,379,12
3647,LT_S0592_12_Pink.xlsx,question_words,質問のことば,LT,S0592,0,0,S0592,m,1,379,12
3648,LT_S0592_12_Pink.xlsx,locations,位置と場所についてのことば,LT,S0592,0,0,S0592,m,1,379,12
3649,LT_S0592_12_Pink.xlsx,quantifiers,数量を表すことば,LT,S0592,0,0,S0592,m,1,379,12
3650,LT_S0592_12_Pink.xlsx,sounds2,幼児語（その２）,LT,S0592,0,0,S0592,m,1,379,12
3651,LT_S0592_12_Pink.xlsx,conversations,会話語,LT,S0592,0,0,S0592,m,1,379,12
3652,LT_S0592_12_Pink.xlsx,others,その他,LT,S0592,0,0,S0592,m,1,379,12
3653,LT_S0606_12_Pink.xlsx,sounds,幼児語,LT,S0606,2,0,S0606,f,1,370,12
3654,LT_S0606_12_Pink.xlsx,animals,動物の名前,LT,S0606,0,0,S0606,f,1,370,12
3655,LT_S0606_12_Pink.xlsx,vehicles,乗り物,LT,S0606,0,0,S0606,f,1,370,12
3656,LT_S0606_12_Pink.xlsx,toys,おもちゃ,LT,S0606,0,0,S0606,f,1,370,12
3657,LT_S0606_12_Pink.xlsx,food_drink,食べ物と飲み物,LT,S0606,0,0,S0606,f,1,370,12
3658,LT_S0606_12_Pink.xlsx,clothing,衣類,LT,S0606,0,0,S0606,f,1,370,12
3659,LT_S0606_12_Pink.xlsx,body_parts,体の部分,LT,S0606,0,0,S0606,f,1,370,12
3660,LT_S0606_12_Pink.xlsx,furniture_rooms,家具と部屋,LT,S0606,0,0,S0606,f,1,370,12
3661,LT_S0606_12_Pink.xlsx,household,小さな家庭用品,LT,S0606,0,0,S0606,f,1,370,12
3662,LT_S0606_12_Pink.xlsx,outside,戸外の物と場所,LT,S0606,0,0,S0606,f,1,370,12
3663,LT_S0606_12_Pink.xlsx,people,人々,LT,S0606,0,0,S0606,f,1,370,12
3664,LT_S0606_12_Pink.xlsx,games_routines,日課とあいさつ,LT,S0606,7,1,S0606,f,1,370,12
3665,LT_S0606_12_Pink.xlsx,action_words,動作語,LT,S0606,0,0,S0606,f,1,370,12
3666,LT_S0606_12_Pink.xlsx,time_words,時間についてのことば,LT,S0606,0,0,S0606,f,1,370,12
3667,LT_S0606_12_Pink.xlsx,descriptive_words,ようす・性質,LT,S0606,1,0,S0606,f,1,370,12
3668,LT_S0606_12_Pink.xlsx,pronouns,代名詞,LT,S0606,0,0,S0606,f,1,370,12
3669,LT_S0606_12_Pink.xlsx,question_words,質問のことば,LT,S0606,0,0,S0606,f,1,370,12
3670,LT_S0606_12_Pink.xlsx,locations,位置と場所についてのことば,LT,S0606,0,0,S0606,f,1,370,12
3671,LT_S0606_12_Pink.xlsx,quantifiers,数量を表すことば,LT,S0606,0,0,S0606,f,1,370,12
3672,LT_S0606_12_Pink.xlsx,sounds2,幼児語（その２）,LT,S0606,1,0,S0606,f,1,370,12
3673,LT_S0606_12_Pink.xlsx,conversations,会話語,LT,S0606,2,0,S0606,f,1,370,12
3674,LT_S0606_12_Pink.xlsx,others,その他,LT,S0606,1,0,S0606,f,1,370,12
3675,LT_S0606_15_Pink.xlsx,sounds,幼児語,LT,S0606,0,0,S0606,f,1,464,15
3676,LT_S0606_15_Pink.xlsx,animals,動物の名前,LT,S0606,0,0,S0606,f,1,464,15
3677,LT_S0606_15_Pink.xlsx,vehicles,乗り物,LT,S0606,0,0,S0606,f,1,464,15
3678,LT_S0606_15_Pink.xlsx,toys,おもちゃ,LT,S0606,0,0,S0606,f,1,464,15
3679,LT_S0606_15_Pink.xlsx,food_drink,食べ物と飲み物,LT,S0606,4,0,S0606,f,1,464,15
3680,LT_S0606_15_Pink.xlsx,clothing,衣類,LT,S0606,1,0,S0606,f,1,464,15
3681,LT_S0606_15_Pink.xlsx,body_parts,体の部分,LT,S0606,0,0,S0606,f,1,464,15
3682,LT_S0606_15_Pink.xlsx,furniture_rooms,家具と部屋,LT,S0606,0,0,S0606,f,1,464,15
3683,LT_S0606_15_Pink.xlsx,household,小さな家庭用品,LT,S0606,0,0,S0606,f,1,464,15
3684,LT_S0606_15_Pink.xlsx,outside,戸外の物と場所,LT,S0606,0,0,S0606,f,1,464,15
3685,LT_S0606_15_Pink.xlsx,people,人々,LT,S0606,2,0,S0606,f,1,464,15
3686,LT_S0606_15_Pink.xlsx,games_routines,日課とあいさつ,LT,S0606,7,0,S0606,f,1,464,15
3687,LT_S0606_15_Pink.xlsx,action_words,動作語,LT,S0606,6,0,S0606,f,1,464,15
3688,LT_S0606_15_Pink.xlsx,time_words,時間についてのことば,LT,S0606,0,0,S0606,f,1,464,15
3689,LT_S0606_15_Pink.xlsx,descriptive_words,ようす・性質,LT,S0606,1,0,S0606,f,1,464,15
3690,LT_S0606_15_Pink.xlsx,pronouns,代名詞,LT,S0606,4,0,S0606,f,1,464,15
3691,LT_S0606_15_Pink.xlsx,question_words,質問のことば,LT,S0606,0,0,S0606,f,1,464,15
3692,LT_S0606_15_Pink.xlsx,locations,位置と場所についてのことば,LT,S0606,0,0,S0606,f,1,464,15
3693,LT_S0606_15_Pink.xlsx,quantifiers,数量を表すことば,LT,S0606,1,0,S0606,f,1,464,15
3694,LT_S0606_15_Pink.xlsx,sounds2,幼児語（その２）,LT,S0606,3,0,S0606,f,1,464,15
3695,LT_S0606_15_Pink.xlsx,conversations,会話語,LT,S0606,2,1,S0606,f,1,464,15
3696,LT_S0606_15_Pink.xlsx,others,その他,LT,S0606,0,0,S0606,f,1,464,15
3697,LT_S0617_12_Pink.xlsx,sounds,幼児語,LT,S0617,0,0,S0617,m,1,370,12
3698,LT_S0617_12_Pink.xlsx,animals,動物の名前,LT,S0617,0,0,S0617,m,1,370,12
3699,LT_S0617_12_Pink.xlsx,vehicles,乗り物,LT,S0617,1,0,S0617,m,1,370,12
3700,LT_S0617_12_Pink.xlsx,toys,おもちゃ,LT,S0617,0,0,S0617,m,1,370,12
3701,LT_S0617_12_Pink.xlsx,food_drink,食べ物と飲み物,LT,S0617,1,0,S0617,m,1,370,12
3702,LT_S0617_12_Pink.xlsx,clothing,衣類,LT,S0617,0,0,S0617,m,1,370,12
3703,LT_S0617_12_Pink.xlsx,body_parts,体の部分,LT,S0617,0,0,S0617,m,1,370,12
3704,LT_S0617_12_Pink.xlsx,furniture_rooms,家具と部屋,LT,S0617,0,0,S0617,m,1,370,12
3705,LT_S0617_12_Pink.xlsx,household,小さな家庭用品,LT,S0617,0,0,S0617,m,1,370,12
3706,LT_S0617_12_Pink.xlsx,outside,戸外の物と場所,LT,S0617,0,0,S0617,m,1,370,12
3707,LT_S0617_12_Pink.xlsx,people,人々,LT,S0617,3,0,S0617,m,1,370,12
3708,LT_S0617_12_Pink.xlsx,games_routines,日課とあいさつ,LT,S0617,3,0,S0617,m,1,370,12
3709,LT_S0617_12_Pink.xlsx,action_words,動作語,LT,S0617,3,0,S0617,m,1,370,12
3710,LT_S0617_12_Pink.xlsx,time_words,時間についてのことば,LT,S0617,0,0,S0617,m,1,370,12
3711,LT_S0617_12_Pink.xlsx,descriptive_words,ようす・性質,LT,S0617,1,0,S0617,m,1,370,12
3712,LT_S0617_12_Pink.xlsx,pronouns,代名詞,LT,S0617,2,0,S0617,m,1,370,12
3713,LT_S0617_12_Pink.xlsx,question_words,質問のことば,LT,S0617,0,0,S0617,m,1,370,12
3714,LT_S0617_12_Pink.xlsx,locations,位置と場所についてのことば,LT,S0617,0,0,S0617,m,1,370,12
3715,LT_S0617_12_Pink.xlsx,quantifiers,数量を表すことば,LT,S0617,0,0,S0617,m,1,370,12
3716,LT_S0617_12_Pink.xlsx,sounds2,幼児語（その２）,LT,S0617,0,0,S0617,m,1,370,12
3717,LT_S0617_12_Pink.xlsx,conversations,会話語,LT,S0617,1,0,S0617,m,1,370,12
3718,LT_S0617_12_Pink.xlsx,others,その他,LT,S0617,1,0,S0617,m,1,370,12
3719,LT_S0617_15_Pink.xlsx,sounds,幼児語,LT,S0617,0,0,S0617,m,1,464,15
3720,LT_S0617_15_Pink.xlsx,animals,動物の名前,LT,S0617,0,0,S0617,m,1,464,15
3721,LT_S0617_15_Pink.xlsx,vehicles,乗り物,LT,S0617,0,0,S0617,m,1,464,15
3722,LT_S0617_15_Pink.xlsx,toys,おもちゃ,LT,S0617,0,0,S0617,m,1,464,15
3723,LT_S0617_15_Pink.xlsx,food_drink,食べ物と飲み物,LT,S0617,1,0,S0617,m,1,464,15
3724,LT_S0617_15_Pink.xlsx,clothing,衣類,LT,S0617,0,0,S0617,m,1,464,15
3725,LT_S0617_15_Pink.xlsx,body_parts,体の部分,LT,S0617,1,0,S0617,m,1,464,15
3726,LT_S0617_15_Pink.xlsx,furniture_rooms,家具と部屋,LT,S0617,2,0,S0617,m,1,464,15
3727,LT_S0617_15_Pink.xlsx,household,小さな家庭用品,LT,S0617,1,0,S0617,m,1,464,15
3728,LT_S0617_15_Pink.xlsx,outside,戸外の物と場所,LT,S0617,0,0,S0617,m,1,464,15
3729,LT_S0617_15_Pink.xlsx,people,人々,LT,S0617,3,0,S0617,m,1,464,15
3730,LT_S0617_15_Pink.xlsx,games_routines,日課とあいさつ,LT,S0617,9,0,S0617,m,1,464,15
3731,LT_S0617_15_Pink.xlsx,action_words,動作語,LT,S0617,5,0,S0617,m,1,464,15
3732,LT_S0617_15_Pink.xlsx,time_words,時間についてのことば,LT,S0617,0,0,S0617,m,1,464,15
3733,LT_S0617_15_Pink.xlsx,descriptive_words,ようす・性質,LT,S0617,1,0,S0617,m,1,464,15
3734,LT_S0617_15_Pink.xlsx,pronouns,代名詞,LT,S0617,4,0,S0617,m,1,464,15
3735,LT_S0617_15_Pink.xlsx,question_words,質問のことば,LT,S0617,2,0,S0617,m,1,464,15
3736,LT_S0617_15_Pink.xlsx,locations,位置と場所についてのことば,LT,S0617,0,0,S0617,m,1,464,15
3737,LT_S0617_15_Pink.xlsx,quantifiers,数量を表すことば,LT,S0617,1,0,S0617,m,1,464,15
3738,LT_S0617_15_Pink.xlsx,sounds2,幼児語（その２）,LT,S0617,1,0,S0617,m,1,464,15
3739,LT_S0617_15_Pink.xlsx,conversations,会話語,LT,S0617,1,0,S0617,m,1,464,15
3740,LT_S0617_15_Pink.xlsx,others,その他,LT,S0617,1,0,S0617,m,1,464,15
3741,LT_S0645_15_Pink.xlsx,sounds,幼児語,LT,S0645,3,2,S0645,f,1,459,15
3742,LT_S0645_15_Pink.xlsx,animals,動物の名前,LT,S0645,9,2,S0645,f,1,459,15
3743,LT_S0645_15_Pink.xlsx,vehicles,乗り物,LT,S0645,2,0,S0645,f,1,459,15
3744,LT_S0645_15_Pink.xlsx,toys,おもちゃ,LT,S0645,1,0,S0645,f,1,459,15
3745,LT_S0645_15_Pink.xlsx,food_drink,食べ物と飲み物,LT,S0645,6,1,S0645,f,1,459,15
3746,LT_S0645_15_Pink.xlsx,clothing,衣類,LT,S0645,3,0,S0645,f,1,459,15
3747,LT_S0645_15_Pink.xlsx,body_parts,体の部分,LT,S0645,13,0,S0645,f,1,459,15
3748,LT_S0645_15_Pink.xlsx,furniture_rooms,家具と部屋,LT,S0645,3,0,S0645,f,1,459,15
3749,LT_S0645_15_Pink.xlsx,household,小さな家庭用品,LT,S0645,5,0,S0645,f,1,459,15
3750,LT_S0645_15_Pink.xlsx,outside,戸外の物と場所,LT,S0645,5,0,S0645,f,1,459,15
3751,LT_S0645_15_Pink.xlsx,people,人々,LT,S0645,5,3,S0645,f,1,459,15
3752,LT_S0645_15_Pink.xlsx,games_routines,日課とあいさつ,LT,S0645,15,1,S0645,f,1,459,15
3753,LT_S0645_15_Pink.xlsx,action_words,動作語,LT,S0645,17,0,S0645,f,1,459,15
3754,LT_S0645_15_Pink.xlsx,time_words,時間についてのことば,LT,S0645,0,0,S0645,f,1,459,15
3755,LT_S0645_15_Pink.xlsx,descriptive_words,ようす・性質,LT,S0645,8,0,S0645,f,1,459,15
3756,LT_S0645_15_Pink.xlsx,pronouns,代名詞,LT,S0645,3,0,S0645,f,1,459,15
3757,LT_S0645_15_Pink.xlsx,question_words,質問のことば,LT,S0645,0,0,S0645,f,1,459,15
3758,LT_S0645_15_Pink.xlsx,locations,位置と場所についてのことば,LT,S0645,0,0,S0645,f,1,459,15
3759,LT_S0645_15_Pink.xlsx,quantifiers,数量を表すことば,LT,S0645,0,0,S0645,f,1,459,15
3760,LT_S0645_15_Pink.xlsx,sounds2,幼児語（その２）,LT,S0645,12,0,S0645,f,1,459,15
3761,LT_S0645_15_Pink.xlsx,conversations,会話語,LT,S0645,0,0,S0645,f,1,459,15
3762,LT_S0645_15_Pink.xlsx,others,その他,LT,S0645,3,0,S0645,f,1,459,15
3763,LT_S0655_11_Pink.xlsx,sounds,幼児語,LT,S0655,0,0,S0655,f,1,358,11
3764,LT_S0655_11_Pink.xlsx,animals,動物の名前,LT,S0655,0,0,S0655,f,1,358,11
3765,LT_S0655_11_Pink.xlsx,vehicles,乗り物,LT,S0655,0,0,S0655,f,1,358,11
3766,LT_S0655_11_Pink.xlsx,toys,おもちゃ,LT,S0655,0,0,S0655,f,1,358,11
3767,LT_S0655_11_Pink.xlsx,food_drink,食べ物と飲み物,LT,S0655,1,0,S0655,f,1,358,11
3768,LT_S0655_11_Pink.xlsx,clothing,衣類,LT,S0655,0,0,S0655,f,1,358,11
3769,LT_S0655_11_Pink.xlsx,body_parts,体の部分,LT,S0655,0,0,S0655,f,1,358,11
3770,LT_S0655_11_Pink.xlsx,furniture_rooms,家具と部屋,LT,S0655,0,0,S0655,f,1,358,11
3771,LT_S0655_11_Pink.xlsx,household,小さな家庭用品,LT,S0655,0,0,S0655,f,1,358,11
3772,LT_S0655_11_Pink.xlsx,outside,戸外の物と場所,LT,S0655,0,0,S0655,f,1,358,11
3773,LT_S0655_11_Pink.xlsx,people,人々,LT,S0655,0,0,S0655,f,1,358,11
3774,LT_S0655_11_Pink.xlsx,games_routines,日課とあいさつ,LT,S0655,2,1,S0655,f,1,358,11
3775,LT_S0655_11_Pink.xlsx,action_words,動作語,LT,S0655,0,0,S0655,f,1,358,11
3776,LT_S0655_11_Pink.xlsx,time_words,時間についてのことば,LT,S0655,0,0,S0655,f,1,358,11
3777,LT_S0655_11_Pink.xlsx,descriptive_words,ようす・性質,LT,S0655,0,0,S0655,f,1,358,11
3778,LT_S0655_11_Pink.xlsx,pronouns,代名詞,LT,S0655,0,0,S0655,f,1,358,11
3779,LT_S0655_11_Pink.xlsx,question_words,質問のことば,LT,S0655,0,0,S0655,f,1,358,11
3780,LT_S0655_11_Pink.xlsx,locations,位置と場所についてのことば,LT,S0655,0,0,S0655,f,1,358,11
3781,LT_S0655_11_Pink.xlsx,quantifiers,数量を表すことば,LT,S0655,0,0,S0655,f,1,358,11
3782,LT_S0655_11_Pink.xlsx,sounds2,幼児語（その２）,LT,S0655,0,0,S0655,f,1,358,11
3783,LT_S0655_11_Pink.xlsx,conversations,会話語,LT,S0655,0,0,S0655,f,1,358,11
3784,LT_S0655_11_Pink.xlsx,others,その他,LT,S0655,0,0,S0655,f,1,358,11
3785,LT_S0655_15_Pink.xlsx,sounds,幼児語,LT,S0655,2,1,S0655,f,1,463,15
3786,LT_S0655_15_Pink.xlsx,animals,動物の名前,LT,S0655,0,0,S0655,f,1,463,15
3787,LT_S0655_15_Pink.xlsx,vehicles,乗り物,LT,S0655,0,0,S0655,f,1,463,15
3788,LT_S0655_15_Pink.xlsx,toys,おもちゃ,LT,S0655,1,0,S0655,f,1,463,15
3789,LT_S0655_15_Pink.xlsx,food_drink,食べ物と飲み物,LT,S0655,5,0,S0655,f,1,463,15
3790,LT_S0655_15_Pink.xlsx,clothing,衣類,LT,S0655,0,0,S0655,f,1,463,15
3791,LT_S0655_15_Pink.xlsx,body_parts,体の部分,LT,S0655,0,0,S0655,f,1,463,15
3792,LT_S0655_15_Pink.xlsx,furniture_rooms,家具と部屋,LT,S0655,1,0,S0655,f,1,463,15
3793,LT_S0655_15_Pink.xlsx,household,小さな家庭用品,LT,S0655,0,0,S0655,f,1,463,15
3794,LT_S0655_15_Pink.xlsx,outside,戸外の物と場所,LT,S0655,2,0,S0655,f,1,463,15
3795,LT_S0655_15_Pink.xlsx,people,人々,LT,S0655,0,0,S0655,f,1,463,15
3796,LT_S0655_15_Pink.xlsx,games_routines,日課とあいさつ,LT,S0655,8,3,S0655,f,1,463,15
3797,LT_S0655_15_Pink.xlsx,action_words,動作語,LT,S0655,5,0,S0655,f,1,463,15
3798,LT_S0655_15_Pink.xlsx,time_words,時間についてのことば,LT,S0655,0,0,S0655,f,1,463,15
3799,LT_S0655_15_Pink.xlsx,descriptive_words,ようす・性質,LT,S0655,1,0,S0655,f,1,463,15
3800,LT_S0655_15_Pink.xlsx,pronouns,代名詞,LT,S0655,2,0,S0655,f,1,463,15
3801,LT_S0655_15_Pink.xlsx,question_words,質問のことば,LT,S0655,0,0,S0655,f,1,463,15
3802,LT_S0655_15_Pink.xlsx,locations,位置と場所についてのことば,LT,S0655,0,0,S0655,f,1,463,15
3803,LT_S0655_15_Pink.xlsx,quantifiers,数量を表すことば,LT,S0655,1,0,S0655,f,1,463,15
3804,LT_S0655_15_Pink.xlsx,sounds2,幼児語（その２）,LT,S0655,2,0,S0655,f,1,463,15
3805,LT_S0655_15_Pink.xlsx,conversations,会話語,LT,S0655,0,0,S0655,f,1,463,15
3806,LT_S0655_15_Pink.xlsx,others,その他,LT,S0655,2,0,S0655,f,1,463,15
3807,LT_S0674_12_Pink.xlsx,sounds,幼児語,LT,S0674,0,0,S0674,m,1,370,12
3808,LT_S0674_12_Pink.xlsx,animals,動物の名前,LT,S0674,0,0,S0674,m,1,370,12
3809,LT_S0674_12_Pink.xlsx,vehicles,乗り物,LT,S0674,5,0,S0674,m,1,370,12
3810,LT_S0674_12_Pink.xlsx,toys,おもちゃ,LT,S0674,1,0,S0674,m,1,370,12
3811,LT_S0674_12_Pink.xlsx,food_drink,食べ物と飲み物,LT,S0674,1,0,S0674,m,1,370,12
3812,LT_S0674_12_Pink.xlsx,clothing,衣類,LT,S0674,0,0,S0674,m,1,370,12
3813,LT_S0674_12_Pink.xlsx,body_parts,体の部分,LT,S0674,0,0,S0674,m,1,370,12
3814,LT_S0674_12_Pink.xlsx,furniture_rooms,家具と部屋,LT,S0674,0,0,S0674,m,1,370,12
3815,LT_S0674_12_Pink.xlsx,household,小さな家庭用品,LT,S0674,0,0,S0674,m,1,370,12
3816,LT_S0674_12_Pink.xlsx,outside,戸外の物と場所,LT,S0674,0,0,S0674,m,1,370,12
3817,LT_S0674_12_Pink.xlsx,people,人々,LT,S0674,1,0,S0674,m,1,370,12
3818,LT_S0674_12_Pink.xlsx,games_routines,日課とあいさつ,LT,S0674,5,0,S0674,m,1,370,12
3819,LT_S0674_12_Pink.xlsx,action_words,動作語,LT,S0674,0,0,S0674,m,1,370,12
3820,LT_S0674_12_Pink.xlsx,time_words,時間についてのことば,LT,S0674,0,0,S0674,m,1,370,12
3821,LT_S0674_12_Pink.xlsx,descriptive_words,ようす・性質,LT,S0674,0,0,S0674,m,1,370,12
3822,LT_S0674_12_Pink.xlsx,pronouns,代名詞,LT,S0674,0,0,S0674,m,1,370,12
3823,LT_S0674_12_Pink.xlsx,question_words,質問のことば,LT,S0674,0,0,S0674,m,1,370,12
3824,LT_S0674_12_Pink.xlsx,locations,位置と場所についてのことば,LT,S0674,0,0,S0674,m,1,370,12
3825,LT_S0674_12_Pink.xlsx,quantifiers,数量を表すことば,LT,S0674,0,0,S0674,m,1,370,12
3826,LT_S0674_12_Pink.xlsx,sounds2,幼児語（その２）,LT,S0674,0,0,S0674,m,1,370,12
3827,LT_S0674_12_Pink.xlsx,conversations,会話語,LT,S0674,0,0,S0674,m,1,370,12
3828,LT_S0674_12_Pink.xlsx,others,その他,LT,S0674,0,0,S0674,m,1,370,12
3829,LT_S0674_14_Pink.xlsx,sounds,幼児語,LT,S0674,4,0,S0674,m,1,455,14
3830,LT_S0674_14_Pink.xlsx,animals,動物の名前,LT,S0674,11,0,S0674,m,1,455,14
3831,LT_S0674_14_Pink.xlsx,vehicles,乗り物,LT,S0674,9,0,S0674,m,1,455,14
3832,LT_S0674_14_Pink.xlsx,toys,おもちゃ,LT,S0674,5,0,S0674,m,1,455,14
3833,LT_S0674_14_Pink.xlsx,food_drink,食べ物と飲み物,LT,S0674,12,0,S0674,m,1,455,14
3834,LT_S0674_14_Pink.xlsx,clothing,衣類,LT,S0674,1,0,S0674,m,1,455,14
3835,LT_S0674_14_Pink.xlsx,body_parts,体の部分,LT,S0674,6,0,S0674,m,1,455,14
3836,LT_S0674_14_Pink.xlsx,furniture_rooms,家具と部屋,LT,S0674,1,0,S0674,m,1,455,14
3837,LT_S0674_14_Pink.xlsx,household,小さな家庭用品,LT,S0674,1,0,S0674,m,1,455,14
3838,LT_S0674_14_Pink.xlsx,outside,戸外の物と場所,LT,S0674,0,0,S0674,m,1,455,14
3839,LT_S0674_14_Pink.xlsx,people,人々,LT,S0674,2,0,S0674,m,1,455,14
3840,LT_S0674_14_Pink.xlsx,games_routines,日課とあいさつ,LT,S0674,9,0,S0674,m,1,455,14
3841,LT_S0674_14_Pink.xlsx,action_words,動作語,LT,S0674,5,0,S0674,m,1,455,14
3842,LT_S0674_14_Pink.xlsx,time_words,時間についてのことば,LT,S0674,0,0,S0674,m,1,455,14
3843,LT_S0674_14_Pink.xlsx,descriptive_words,ようす・性質,LT,S0674,0,0,S0674,m,1,455,14
3844,LT_S0674_14_Pink.xlsx,pronouns,代名詞,LT,S0674,0,0,S0674,m,1,455,14
3845,LT_S0674_14_Pink.xlsx,question_words,質問のことば,LT,S0674,0,0,S0674,m,1,455,14
3846,LT_S0674_14_Pink.xlsx,locations,位置と場所についてのことば,LT,S0674,0,0,S0674,m,1,455,14
3847,LT_S0674_14_Pink.xlsx,quantifiers,数量を表すことば,LT,S0674,0,0,S0674,m,1,455,14
3848,LT_S0674_14_Pink.xlsx,sounds2,幼児語（その２）,LT,S0674,0,0,S0674,m,1,455,14
3849,LT_S0674_14_Pink.xlsx,conversations,会話語,LT,S0674,0,0,S0674,m,1,455,14
3850,LT_S0674_14_Pink.xlsx,others,その他,LT,S0674,0,0,S0674,m,1,455,14
3851,LT_S0685_12_Pink.xlsx,sounds,幼児語,LT,S0685,6,3,S0685,f,1,375,12
3852,LT_S0685_12_Pink.xlsx,animals,動物の名前,LT,S0685,8,0,S0685,f,1,375,12
3853,LT_S0685_12_Pink.xlsx,vehicles,乗り物,LT,S0685,5,0,S0685,f,1,375,12
3854,LT_S0685_12_Pink.xlsx,toys,おもちゃ,LT,S0685,3,0,S0685,f,1,375,12
3855,LT_S0685_12_Pink.xlsx,food_drink,食べ物と飲み物,LT,S0685,8,0,S0685,f,1,375,12
3856,LT_S0685_12_Pink.xlsx,clothing,衣類,LT,S0685,2,0,S0685,f,1,375,12
3857,LT_S0685_12_Pink.xlsx,body_parts,体の部分,LT,S0685,8,0,S0685,f,1,375,12
3858,LT_S0685_12_Pink.xlsx,furniture_rooms,家具と部屋,LT,S0685,3,0,S0685,f,1,375,12
3859,LT_S0685_12_Pink.xlsx,household,小さな家庭用品,LT,S0685,8,0,S0685,f,1,375,12
3860,LT_S0685_12_Pink.xlsx,outside,戸外の物と場所,LT,S0685,3,0,S0685,f,1,375,12
3861,LT_S0685_12_Pink.xlsx,people,人々,LT,S0685,6,1,S0685,f,1,375,12
3862,LT_S0685_12_Pink.xlsx,games_routines,日課とあいさつ,LT,S0685,15,1,S0685,f,1,375,12
3863,LT_S0685_12_Pink.xlsx,action_words,動作語,LT,S0685,31,2,S0685,f,1,375,12
3864,LT_S0685_12_Pink.xlsx,time_words,時間についてのことば,LT,S0685,1,0,S0685,f,1,375,12
3865,LT_S0685_12_Pink.xlsx,descriptive_words,ようす・性質,LT,S0685,12,0,S0685,f,1,375,12
3866,LT_S0685_12_Pink.xlsx,pronouns,代名詞,LT,S0685,5,0,S0685,f,1,375,12
3867,LT_S0685_12_Pink.xlsx,question_words,質問のことば,LT,S0685,4,0,S0685,f,1,375,12
3868,LT_S0685_12_Pink.xlsx,locations,位置と場所についてのことば,LT,S0685,2,0,S0685,f,1,375,12
3869,LT_S0685_12_Pink.xlsx,quantifiers,数量を表すことば,LT,S0685,3,0,S0685,f,1,375,12
3870,LT_S0685_12_Pink.xlsx,sounds2,幼児語（その２）,LT,S0685,11,2,S0685,f,1,375,12
3871,LT_S0685_12_Pink.xlsx,conversations,会話語,LT,S0685,7,1,S0685,f,1,375,12
3872,LT_S0685_12_Pink.xlsx,others,その他,LT,S0685,5,1,S0685,f,1,375,12
3873,LT_S0770_12_Pink.xlsx,sounds,幼児語,LT,S0770,0,0,S0770,m,1,371,12
3874,LT_S0770_12_Pink.xlsx,animals,動物の名前,LT,S0770,3,0,S0770,m,1,371,12
3875,LT_S0770_12_Pink.xlsx,vehicles,乗り物,LT,S0770,3,0,S0770,m,1,371,12
3876,LT_S0770_12_Pink.xlsx,toys,おもちゃ,LT,S0770,4,0,S0770,m,1,371,12
3877,LT_S0770_12_Pink.xlsx,food_drink,食べ物と飲み物,LT,S0770,14,0,S0770,m,1,371,12
3878,LT_S0770_12_Pink.xlsx,clothing,衣類,LT,S0770,1,0,S0770,m,1,371,12
3879,LT_S0770_12_Pink.xlsx,body_parts,体の部分,LT,S0770,8,0,S0770,m,1,371,12
3880,LT_S0770_12_Pink.xlsx,furniture_rooms,家具と部屋,LT,S0770,9,0,S0770,m,1,371,12
3881,LT_S0770_12_Pink.xlsx,household,小さな家庭用品,LT,S0770,2,0,S0770,m,1,371,12
3882,LT_S0770_12_Pink.xlsx,outside,戸外の物と場所,LT,S0770,3,0,S0770,m,1,371,12
3883,LT_S0770_12_Pink.xlsx,people,人々,LT,S0770,10,2,S0770,m,1,371,12
3884,LT_S0770_12_Pink.xlsx,games_routines,日課とあいさつ,LT,S0770,10,0,S0770,m,1,371,12
3885,LT_S0770_12_Pink.xlsx,action_words,動作語,LT,S0770,12,0,S0770,m,1,371,12
3886,LT_S0770_12_Pink.xlsx,time_words,時間についてのことば,LT,S0770,0,0,S0770,m,1,371,12
3887,LT_S0770_12_Pink.xlsx,descriptive_words,ようす・性質,LT,S0770,12,0,S0770,m,1,371,12
3888,LT_S0770_12_Pink.xlsx,pronouns,代名詞,LT,S0770,2,0,S0770,m,1,371,12
3889,LT_S0770_12_Pink.xlsx,question_words,質問のことば,LT,S0770,1,0,S0770,m,1,371,12
3890,LT_S0770_12_Pink.xlsx,locations,位置と場所についてのことば,LT,S0770,0,0,S0770,m,1,371,12
3891,LT_S0770_12_Pink.xlsx,quantifiers,数量を表すことば,LT,S0770,0,0,S0770,m,1,371,12
3892,LT_S0770_12_Pink.xlsx,sounds2,幼児語（その２）,LT,S0770,6,1,S0770,m,1,371,12
3893,LT_S0770_12_Pink.xlsx,conversations,会話語,LT,S0770,0,0,S0770,m,1,371,12
3894,LT_S0770_12_Pink.xlsx,others,その他,LT,S0770,1,1,S0770,m,1,371,12
3895,LT_S0770_15_Pink.xlsx,sounds,幼児語,LT,S0770,5,4,S0770,m,1,476,15
3896,LT_S0770_15_Pink.xlsx,animals,動物の名前,LT,S0770,21,0,S0770,m,1,476,15
3897,LT_S0770_15_Pink.xlsx,vehicles,乗り物,LT,S0770,3,0,S0770,m,1,476,15
3898,LT_S0770_15_Pink.xlsx,toys,おもちゃ,LT,S0770,6,0,S0770,m,1,476,15
3899,LT_S0770_15_Pink.xlsx,food_drink,食べ物と飲み物,LT,S0770,22,1,S0770,m,1,476,15
3900,LT_S0770_15_Pink.xlsx,clothing,衣類,LT,S0770,8,0,S0770,m,1,476,15
3901,LT_S0770_15_Pink.xlsx,body_parts,体の部分,LT,S0770,17,0,S0770,m,1,476,15
3902,LT_S0770_15_Pink.xlsx,furniture_rooms,家具と部屋,LT,S0770,15,0,S0770,m,1,476,15
3903,LT_S0770_15_Pink.xlsx,household,小さな家庭用品,LT,S0770,15,0,S0770,m,1,476,15
3904,LT_S0770_15_Pink.xlsx,outside,戸外の物と場所,LT,S0770,7,0,S0770,m,1,476,15
3905,LT_S0770_15_Pink.xlsx,people,人々,LT,S0770,11,3,S0770,m,1,476,15
3906,LT_S0770_15_Pink.xlsx,games_routines,日課とあいさつ,LT,S0770,14,3,S0770,m,1,476,15
3907,LT_S0770_15_Pink.xlsx,action_words,動作語,LT,S0770,31,0,S0770,m,1,476,15
3908,LT_S0770_15_Pink.xlsx,time_words,時間についてのことば,LT,S0770,8,0,S0770,m,1,476,15
3909,LT_S0770_15_Pink.xlsx,descriptive_words,ようす・性質,LT,S0770,11,0,S0770,m,1,476,15
3910,LT_S0770_15_Pink.xlsx,pronouns,代名詞,LT,S0770,7,0,S0770,m,1,476,15
3911,LT_S0770_15_Pink.xlsx,question_words,質問のことば,LT,S0770,3,0,S0770,m,1,476,15
3912,LT_S0770_15_Pink.xlsx,locations,位置と場所についてのことば,LT,S0770,1,0,S0770,m,1,476,15
3913,LT_S0770_15_Pink.xlsx,quantifiers,数量を表すことば,LT,S0770,3,0,S0770,m,1,476,15
3914,LT_S0770_15_Pink.xlsx,sounds2,幼児語（その２）,LT,S0770,11,0,S0770,m,1,476,15
3915,LT_S0770_15_Pink.xlsx,conversations,会話語,LT,S0770,4,1,S0770,m,1,476,15
3916,LT_S0770_15_Pink.xlsx,others,その他,LT,S0770,3,2,S0770,m,1,476,15
3917,LT_S0800_12_Pink.xlsx,sounds,幼児語,LT,S0800,0,0,S0800,m,1,366,12
3918,LT_S0800_12_Pink.xlsx,animals,動物の名前,LT,S0800,0,0,S0800,m,1,366,12
3919,LT_S0800_12_Pink.xlsx,vehicles,乗り物,LT,S0800,0,0,S0800,m,1,366,12
3920,LT_S0800_12_Pink.xlsx,toys,おもちゃ,LT,S0800,0,0,S0800,m,1,366,12
3921,LT_S0800_12_Pink.xlsx,food_drink,食べ物と飲み物,LT,S0800,0,0,S0800,m,1,366,12
3922,LT_S0800_12_Pink.xlsx,clothing,衣類,LT,S0800,0,0,S0800,m,1,366,12
3923,LT_S0800_12_Pink.xlsx,body_parts,体の部分,LT,S0800,0,0,S0800,m,1,366,12
3924,LT_S0800_12_Pink.xlsx,furniture_rooms,家具と部屋,LT,S0800,0,0,S0800,m,1,366,12
3925,LT_S0800_12_Pink.xlsx,household,小さな家庭用品,LT,S0800,0,0,S0800,m,1,366,12
3926,LT_S0800_12_Pink.xlsx,outside,戸外の物と場所,LT,S0800,0,0,S0800,m,1,366,12
3927,LT_S0800_12_Pink.xlsx,people,人々,LT,S0800,0,0,S0800,m,1,366,12
3928,LT_S0800_12_Pink.xlsx,games_routines,日課とあいさつ,LT,S0800,0,0,S0800,m,1,366,12
3929,LT_S0800_12_Pink.xlsx,action_words,動作語,LT,S0800,0,0,S0800,m,1,366,12
3930,LT_S0800_12_Pink.xlsx,time_words,時間についてのことば,LT,S0800,0,0,S0800,m,1,366,12
3931,LT_S0800_12_Pink.xlsx,descriptive_words,ようす・性質,LT,S0800,0,0,S0800,m,1,366,12
3932,LT_S0800_12_Pink.xlsx,pronouns,代名詞,LT,S0800,0,0,S0800,m,1,366,12
3933,LT_S0800_12_Pink.xlsx,question_words,質問のことば,LT,S0800,0,0,S0800,m,1,366,12
3934,LT_S0800_12_Pink.xlsx,locations,位置と場所についてのことば,LT,S0800,0,0,S0800,m,1,366,12
3935,LT_S0800_12_Pink.xlsx,quantifiers,数量を表すことば,LT,S0800,0,0,S0800,m,1,366,12
3936,LT_S0800_12_Pink.xlsx,sounds2,幼児語（その２）,LT,S0800,0,0,S0800,m,1,366,12
3937,LT_S0800_12_Pink.xlsx,conversations,会話語,LT,S0800,0,0,S0800,m,1,366,12
3938,LT_S0800_12_Pink.xlsx,others,その他,LT,S0800,0,0,S0800,m,1,366,12
3939,LT_S0800_15_Pink.xlsx,sounds,幼児語,LT,S0800,3,0,S0800,m,1,457,15
3940,LT_S0800_15_Pink.xlsx,animals,動物の名前,LT,S0800,2,0,S0800,m,1,457,15
3941,LT_S0800_15_Pink.xlsx,vehicles,乗り物,LT,S0800,1,0,S0800,m,1,457,15
3942,LT_S0800_15_Pink.xlsx,toys,おもちゃ,LT,S0800,0,0,S0800,m,1,457,15
3943,LT_S0800_15_Pink.xlsx,food_drink,食べ物と飲み物,LT,S0800,1,0,S0800,m,1,457,15
3944,LT_S0800_15_Pink.xlsx,clothing,衣類,LT,S0800,0,0,S0800,m,1,457,15
3945,LT_S0800_15_Pink.xlsx,body_parts,体の部分,LT,S0800,1,0,S0800,m,1,457,15
3946,LT_S0800_15_Pink.xlsx,furniture_rooms,家具と部屋,LT,S0800,0,0,S0800,m,1,457,15
3947,LT_S0800_15_Pink.xlsx,household,小さな家庭用品,LT,S0800,0,0,S0800,m,1,457,15
3948,LT_S0800_15_Pink.xlsx,outside,戸外の物と場所,LT,S0800,0,0,S0800,m,1,457,15
3949,LT_S0800_15_Pink.xlsx,people,人々,LT,S0800,3,0,S0800,m,1,457,15
3950,LT_S0800_15_Pink.xlsx,games_routines,日課とあいさつ,LT,S0800,6,0,S0800,m,1,457,15
3951,LT_S0800_15_Pink.xlsx,action_words,動作語,LT,S0800,0,0,S0800,m,1,457,15
3952,LT_S0800_15_Pink.xlsx,time_words,時間についてのことば,LT,S0800,0,0,S0800,m,1,457,15
3953,LT_S0800_15_Pink.xlsx,descriptive_words,ようす・性質,LT,S0800,0,0,S0800,m,1,457,15
3954,LT_S0800_15_Pink.xlsx,pronouns,代名詞,LT,S0800,0,0,S0800,m,1,457,15
3955,LT_S0800_15_Pink.xlsx,question_words,質問のことば,LT,S0800,0,0,S0800,m,1,457,15
3956,LT_S0800_15_Pink.xlsx,locations,位置と場所についてのことば,LT,S0800,0,0,S0800,m,1,457,15
3957,LT_S0800_15_Pink.xlsx,quantifiers,数量を表すことば,LT,S0800,0,0,S0800,m,1,457,15
3958,LT_S0800_15_Pink.xlsx,sounds2,幼児語（その２）,LT,S0800,0,0,S0800,m,1,457,15
3959,LT_S0800_15_Pink.xlsx,conversations,会話語,LT,S0800,0,0,S0800,m,1,457,15
3960,LT_S0800_15_Pink.xlsx,others,その他,LT,S0800,0,0,S0800,m,1,457,15
3961,LT_S0821_11_Pink.xlsx,sounds,幼児語,LT,S0821,0,0,S0821,f,1,359,11
3962,LT_S0821_11_Pink.xlsx,animals,動物の名前,LT,S0821,0,0,S0821,f,1,359,11
3963,LT_S0821_11_Pink.xlsx,vehicles,乗り物,LT,S0821,0,0,S0821,f,1,359,11
3964,LT_S0821_11_Pink.xlsx,toys,おもちゃ,LT,S0821,3,0,S0821,f,1,359,11
3965,LT_S0821_11_Pink.xlsx,food_drink,食べ物と飲み物,LT,S0821,0,0,S0821,f,1,359,11
3966,LT_S0821_11_Pink.xlsx,clothing,衣類,LT,S0821,0,0,S0821,f,1,359,11
3967,LT_S0821_11_Pink.xlsx,body_parts,体の部分,LT,S0821,1,0,S0821,f,1,359,11
3968,LT_S0821_11_Pink.xlsx,furniture_rooms,家具と部屋,LT,S0821,0,0,S0821,f,1,359,11
3969,LT_S0821_11_Pink.xlsx,household,小さな家庭用品,LT,S0821,0,0,S0821,f,1,359,11
3970,LT_S0821_11_Pink.xlsx,outside,戸外の物と場所,LT,S0821,0,0,S0821,f,1,359,11
3971,LT_S0821_11_Pink.xlsx,people,人々,LT,S0821,3,0,S0821,f,1,359,11
3972,LT_S0821_11_Pink.xlsx,games_routines,日課とあいさつ,LT,S0821,3,1,S0821,f,1,359,11
3973,LT_S0821_11_Pink.xlsx,action_words,動作語,LT,S0821,0,0,S0821,f,1,359,11
3974,LT_S0821_11_Pink.xlsx,time_words,時間についてのことば,LT,S0821,0,0,S0821,f,1,359,11
3975,LT_S0821_11_Pink.xlsx,descriptive_words,ようす・性質,LT,S0821,1,0,S0821,f,1,359,11
3976,LT_S0821_11_Pink.xlsx,pronouns,代名詞,LT,S0821,2,0,S0821,f,1,359,11
3977,LT_S0821_11_Pink.xlsx,question_words,質問のことば,LT,S0821,0,0,S0821,f,1,359,11
3978,LT_S0821_11_Pink.xlsx,locations,位置と場所についてのことば,LT,S0821,0,0,S0821,f,1,359,11
3979,LT_S0821_11_Pink.xlsx,quantifiers,数量を表すことば,LT,S0821,0,0,S0821,f,1,359,11
3980,LT_S0821_11_Pink.xlsx,sounds2,幼児語（その２）,LT,S0821,1,0,S0821,f,1,359,11
3981,LT_S0821_11_Pink.xlsx,conversations,会話語,LT,S0821,1,0,S0821,f,1,359,11
3982,LT_S0821_11_Pink.xlsx,others,その他,LT,S0821,1,0,S0821,f,1,359,11
3983,LT_S0833_12_Pink.xlsx,sounds,幼児語,LT,S0833,3,0,S0833,m,1,380,12
3984,LT_S0833_12_Pink.xlsx,animals,動物の名前,LT,S0833,0,0,S0833,m,1,380,12
3985,LT_S0833_12_Pink.xlsx,vehicles,乗り物,LT,S0833,0,0,S0833,m,1,380,12
3986,LT_S0833_12_Pink.xlsx,toys,おもちゃ,LT,S0833,0,0,S0833,m,1,380,12
3987,LT_S0833_12_Pink.xlsx,food_drink,食べ物と飲み物,LT,S0833,0,0,S0833,m,1,380,12
3988,LT_S0833_12_Pink.xlsx,clothing,衣類,LT,S0833,0,0,S0833,m,1,380,12
3989,LT_S0833_12_Pink.xlsx,body_parts,体の部分,LT,S0833,0,0,S0833,m,1,380,12
3990,LT_S0833_12_Pink.xlsx,furniture_rooms,家具と部屋,LT,S0833,0,0,S0833,m,1,380,12
3991,LT_S0833_12_Pink.xlsx,household,小さな家庭用品,LT,S0833,0,0,S0833,m,1,380,12
3992,LT_S0833_12_Pink.xlsx,outside,戸外の物と場所,LT,S0833,0,0,S0833,m,1,380,12
3993,LT_S0833_12_Pink.xlsx,people,人々,LT,S0833,2,2,S0833,m,1,380,12
3994,LT_S0833_12_Pink.xlsx,games_routines,日課とあいさつ,LT,S0833,12,1,S0833,m,1,380,12
3995,LT_S0833_12_Pink.xlsx,action_words,動作語,LT,S0833,1,0,S0833,m,1,380,12
3996,LT_S0833_12_Pink.xlsx,time_words,時間についてのことば,LT,S0833,0,0,S0833,m,1,380,12
3997,LT_S0833_12_Pink.xlsx,descriptive_words,ようす・性質,LT,S0833,1,0,S0833,m,1,380,12
3998,LT_S0833_12_Pink.xlsx,pronouns,代名詞,LT,S0833,0,0,S0833,m,1,380,12
3999,LT_S0833_12_Pink.xlsx,question_words,質問のことば,LT,S0833,0,0,S0833,m,1,380,12
4000,LT_S0833_12_Pink.xlsx,locations,位置と場所についてのことば,LT,S0833,0,0,S0833,m,1,380,12
4001,LT_S0833_12_Pink.xlsx,quantifiers,数量を表すことば,LT,S0833,2,0,S0833,m,1,380,12
4002,LT_S0833_12_Pink.xlsx,sounds2,幼児語（その２）,LT,S0833,8,0,S0833,m,1,380,12
4003,LT_S0833_12_Pink.xlsx,conversations,会話語,LT,S0833,2,0,S0833,m,1,380,12
4004,LT_S0833_12_Pink.xlsx,others,その他,LT,S0833,2,0,S0833,m,1,380,12
4005,LT_S0833_15_Pink.xlsx,sounds,幼児語,LT,S0833,6,0,S0833,m,1,459,15
4006,LT_S0833_15_Pink.xlsx,animals,動物の名前,LT,S0833,0,0,S0833,m,1,459,15
4007,LT_S0833_15_Pink.xlsx,vehicles,乗り物,LT,S0833,1,0,S0833,m,1,459,15
4008,LT_S0833_15_Pink.xlsx,toys,おもちゃ,LT,S0833,4,0,S0833,m,1,459,15
4009,LT_S0833_15_Pink.xlsx,food_drink,食べ物と飲み物,LT,S0833,8,1,S0833,m,1,459,15
4010,LT_S0833_15_Pink.xlsx,clothing,衣類,LT,S0833,2,0,S0833,m,1,459,15
4011,LT_S0833_15_Pink.xlsx,body_parts,体の部分,LT,S0833,11,0,S0833,m,1,459,15
4012,LT_S0833_15_Pink.xlsx,furniture_rooms,家具と部屋,LT,S0833,1,0,S0833,m,1,459,15
4013,LT_S0833_15_Pink.xlsx,household,小さな家庭用品,LT,S0833,9,0,S0833,m,1,459,15
4014,LT_S0833_15_Pink.xlsx,outside,戸外の物と場所,LT,S0833,2,0,S0833,m,1,459,15
4015,LT_S0833_15_Pink.xlsx,people,人々,LT,S0833,6,0,S0833,m,1,459,15
4016,LT_S0833_15_Pink.xlsx,games_routines,日課とあいさつ,LT,S0833,11,6,S0833,m,1,459,15
4017,LT_S0833_15_Pink.xlsx,action_words,動作語,LT,S0833,10,0,S0833,m,1,459,15
4018,LT_S0833_15_Pink.xlsx,time_words,時間についてのことば,LT,S0833,0,0,S0833,m,1,459,15
4019,LT_S0833_15_Pink.xlsx,descriptive_words,ようす・性質,LT,S0833,3,0,S0833,m,1,459,15
4020,LT_S0833_15_Pink.xlsx,pronouns,代名詞,LT,S0833,0,0,S0833,m,1,459,15
4021,LT_S0833_15_Pink.xlsx,question_words,質問のことば,LT,S0833,2,0,S0833,m,1,459,15
4022,LT_S0833_15_Pink.xlsx,locations,位置と場所についてのことば,LT,S0833,0,0,S0833,m,1,459,15
4023,LT_S0833_15_Pink.xlsx,quantifiers,数量を表すことば,LT,S0833,2,0,S0833,m,1,459,15
4024,LT_S0833_15_Pink.xlsx,sounds2,幼児語（その２）,LT,S0833,8,3,S0833,m,1,459,15
4025,LT_S0833_15_Pink.xlsx,conversations,会話語,LT,S0833,0,0,S0833,m,1,459,15
4026,LT_S0833_15_Pink.xlsx,others,その他,LT,S0833,3,0,S0833,m,1,459,15
4027,LT_S0913_12_Pink.xlsx,sounds,幼児語,LT,S0913,0,0,S0913,m,1,365,12
4028,LT_S0913_12_Pink.xlsx,animals,動物の名前,LT,S0913,0,0,S0913,m,1,365,12
4029,LT_S0913_12_Pink.xlsx,vehicles,乗り物,LT,S0913,0,0,S0913,m,1,365,12
4030,LT_S0913_12_Pink.xlsx,toys,おもちゃ,LT,S0913,0,0,S0913,m,1,365,12
4031,LT_S0913_12_Pink.xlsx,food_drink,食べ物と飲み物,LT,S0913,0,0,S0913,m,1,365,12
4032,LT_S0913_12_Pink.xlsx,clothing,衣類,LT,S0913,0,0,S0913,m,1,365,12
4033,LT_S0913_12_Pink.xlsx,body_parts,体の部分,LT,S0913,0,0,S0913,m,1,365,12
4034,LT_S0913_12_Pink.xlsx,furniture_rooms,家具と部屋,LT,S0913,0,0,S0913,m,1,365,12
4035,LT_S0913_12_Pink.xlsx,household,小さな家庭用品,LT,S0913,0,0,S0913,m,1,365,12
4036,LT_S0913_12_Pink.xlsx,outside,戸外の物と場所,LT,S0913,0,0,S0913,m,1,365,12
4037,LT_S0913_12_Pink.xlsx,people,人々,LT,S0913,2,0,S0913,m,1,365,12
4038,LT_S0913_12_Pink.xlsx,games_routines,日課とあいさつ,LT,S0913,1,0,S0913,m,1,365,12
4039,LT_S0913_12_Pink.xlsx,action_words,動作語,LT,S0913,0,0,S0913,m,1,365,12
4040,LT_S0913_12_Pink.xlsx,time_words,時間についてのことば,LT,S0913,0,0,S0913,m,1,365,12
4041,LT_S0913_12_Pink.xlsx,descriptive_words,ようす・性質,LT,S0913,0,0,S0913,m,1,365,12
4042,LT_S0913_12_Pink.xlsx,pronouns,代名詞,LT,S0913,1,0,S0913,m,1,365,12
4043,LT_S0913_12_Pink.xlsx,question_words,質問のことば,LT,S0913,0,0,S0913,m,1,365,12
4044,LT_S0913_12_Pink.xlsx,locations,位置と場所についてのことば,LT,S0913,0,0,S0913,m,1,365,12
4045,LT_S0913_12_Pink.xlsx,quantifiers,数量を表すことば,LT,S0913,0,0,S0913,m,1,365,12
4046,LT_S0913_12_Pink.xlsx,sounds2,幼児語（その２）,LT,S0913,0,0,S0913,m,1,365,12
4047,LT_S0913_12_Pink.xlsx,conversations,会話語,LT,S0913,0,0,S0913,m,1,365,12
4048,LT_S0913_12_Pink.xlsx,others,その他,LT,S0913,0,0,S0913,m,1,365,12
4049,MS_O0198_13_Pink.xlsx,sounds,幼児語,MS,O0198,4,0,O0198,m,1,424,13
4050,MS_O0198_13_Pink.xlsx,animals,動物の名前,MS,O0198,13,0,O0198,m,1,424,13
4051,MS_O0198_13_Pink.xlsx,vehicles,乗り物,MS,O0198,6,0,O0198,m,1,424,13
4052,MS_O0198_13_Pink.xlsx,toys,おもちゃ,MS,O0198,4,0,O0198,m,1,424,13
4053,MS_O0198_13_Pink.xlsx,food_drink,食べ物と飲み物,MS,O0198,6,0,O0198,m,1,424,13
4054,MS_O0198_13_Pink.xlsx,clothing,衣類,MS,O0198,5,0,O0198,m,1,424,13
4055,MS_O0198_13_Pink.xlsx,body_parts,体の部分,MS,O0198,6,0,O0198,m,1,424,13
4056,MS_O0198_13_Pink.xlsx,furniture_rooms,家具と部屋,MS,O0198,4,0,O0198,m,1,424,13
4057,MS_O0198_13_Pink.xlsx,household,小さな家庭用品,MS,O0198,9,0,O0198,m,1,424,13
4058,MS_O0198_13_Pink.xlsx,outside,戸外の物と場所,MS,O0198,5,0,O0198,m,1,424,13
4059,MS_O0198_13_Pink.xlsx,people,人々,MS,O0198,6,0,O0198,m,1,424,13
4060,MS_O0198_13_Pink.xlsx,games_routines,日課とあいさつ,MS,O0198,14,1,O0198,m,1,424,13
4061,MS_O0198_13_Pink.xlsx,action_words,動作語,MS,O0198,21,0,O0198,m,1,424,13
4062,MS_O0198_13_Pink.xlsx,time_words,時間についてのことば,MS,O0198,0,0,O0198,m,1,424,13
4063,MS_O0198_13_Pink.xlsx,descriptive_words,ようす・性質,MS,O0198,3,0,O0198,m,1,424,13
4064,MS_O0198_13_Pink.xlsx,pronouns,代名詞,MS,O0198,0,0,O0198,m,1,424,13
4065,MS_O0198_13_Pink.xlsx,question_words,質問のことば,MS,O0198,0,0,O0198,m,1,424,13
4066,MS_O0198_13_Pink.xlsx,locations,位置と場所についてのことば,MS,O0198,0,0,O0198,m,1,424,13
4067,MS_O0198_13_Pink.xlsx,quantifiers,数量を表すことば,MS,O0198,0,0,O0198,m,1,424,13
4068,MS_O0198_13_Pink.xlsx,sounds2,幼児語（その２）,MS,O0198,2,0,O0198,m,1,424,13
4069,MS_O0198_13_Pink.xlsx,conversations,会話語,MS,O0198,0,0,O0198,m,1,424,13
4070,MS_O0198_13_Pink.xlsx,others,その他,MS,O0198,0,0,O0198,m,1,424,13
4071,MS_O0206_12_Pink.xlsx,sounds,幼児語,MS,O0206,6,0,O0206,f,1,367,12
4072,MS_O0206_12_Pink.xlsx,animals,動物の名前,MS,O0206,10,0,O0206,f,1,367,12
4073,MS_O0206_12_Pink.xlsx,vehicles,乗り物,MS,O0206,4,0,O0206,f,1,367,12
4074,MS_O0206_12_Pink.xlsx,toys,おもちゃ,MS,O0206,6,0,O0206,f,1,367,12
4075,MS_O0206_12_Pink.xlsx,food_drink,食べ物と飲み物,MS,O0206,12,1,O0206,f,1,367,12
4076,MS_O0206_12_Pink.xlsx,clothing,衣類,MS,O0206,4,0,O0206,f,1,367,12
4077,MS_O0206_12_Pink.xlsx,body_parts,体の部分,MS,O0206,8,0,O0206,f,1,367,12
4078,MS_O0206_12_Pink.xlsx,furniture_rooms,家具と部屋,MS,O0206,9,0,O0206,f,1,367,12
4079,MS_O0206_12_Pink.xlsx,household,小さな家庭用品,MS,O0206,10,0,O0206,f,1,367,12
4080,MS_O0206_12_Pink.xlsx,outside,戸外の物と場所,MS,O0206,6,0,O0206,f,1,367,12
4081,MS_O0206_12_Pink.xlsx,people,人々,MS,O0206,8,0,O0206,f,1,367,12
4082,MS_O0206_12_Pink.xlsx,games_routines,日課とあいさつ,MS,O0206,13,0,O0206,f,1,367,12
4083,MS_O0206_12_Pink.xlsx,action_words,動作語,MS,O0206,8,0,O0206,f,1,367,12
4084,MS_O0206_12_Pink.xlsx,time_words,時間についてのことば,MS,O0206,0,0,O0206,f,1,367,12
4085,MS_O0206_12_Pink.xlsx,descriptive_words,ようす・性質,MS,O0206,3,0,O0206,f,1,367,12
4086,MS_O0206_12_Pink.xlsx,pronouns,代名詞,MS,O0206,0,0,O0206,f,1,367,12
4087,MS_O0206_12_Pink.xlsx,question_words,質問のことば,MS,O0206,0,0,O0206,f,1,367,12
4088,MS_O0206_12_Pink.xlsx,locations,位置と場所についてのことば,MS,O0206,0,0,O0206,f,1,367,12
4089,MS_O0206_12_Pink.xlsx,quantifiers,数量を表すことば,MS,O0206,0,0,O0206,f,1,367,12
4090,MS_O0206_12_Pink.xlsx,sounds2,幼児語（その２）,MS,O0206,9,0,O0206,f,1,367,12
4091,MS_O0206_12_Pink.xlsx,conversations,会話語,MS,O0206,1,0,O0206,f,1,367,12
4092,MS_O0206_12_Pink.xlsx,others,その他,MS,O0206,0,0,O0206,f,1,367,12
4093,MS_O0208_12_Pink.xlsx,sounds,幼児語,MS,O0208,0,0,O0208,m,1,390,12
4094,MS_O0208_12_Pink.xlsx,animals,動物の名前,MS,O0208,0,0,O0208,m,1,390,12
4095,MS_O0208_12_Pink.xlsx,vehicles,乗り物,MS,O0208,0,0,O0208,m,1,390,12
4096,MS_O0208_12_Pink.xlsx,toys,おもちゃ,MS,O0208,0,0,O0208,m,1,390,12
4097,MS_O0208_12_Pink.xlsx,food_drink,食べ物と飲み物,MS,O0208,0,0,O0208,m,1,390,12
4098,MS_O0208_12_Pink.xlsx,clothing,衣類,MS,O0208,0,0,O0208,m,1,390,12
4099,MS_O0208_12_Pink.xlsx,body_parts,体の部分,MS,O0208,0,0,O0208,m,1,390,12
4100,MS_O0208_12_Pink.xlsx,furniture_rooms,家具と部屋,MS,O0208,0,0,O0208,m,1,390,12
4101,MS_O0208_12_Pink.xlsx,household,小さな家庭用品,MS,O0208,0,0,O0208,m,1,390,12
4102,MS_O0208_12_Pink.xlsx,outside,戸外の物と場所,MS,O0208,0,0,O0208,m,1,390,12
4103,MS_O0208_12_Pink.xlsx,people,人々,MS,O0208,0,0,O0208,m,1,390,12
4104,MS_O0208_12_Pink.xlsx,games_routines,日課とあいさつ,MS,O0208,1,0,O0208,m,1,390,12
4105,MS_O0208_12_Pink.xlsx,action_words,動作語,MS,O0208,0,0,O0208,m,1,390,12
4106,MS_O0208_12_Pink.xlsx,time_words,時間についてのことば,MS,O0208,0,0,O0208,m,1,390,12
4107,MS_O0208_12_Pink.xlsx,descriptive_words,ようす・性質,MS,O0208,0,0,O0208,m,1,390,12
4108,MS_O0208_12_Pink.xlsx,pronouns,代名詞,MS,O0208,0,0,O0208,m,1,390,12
4109,MS_O0208_12_Pink.xlsx,question_words,質問のことば,MS,O0208,0,0,O0208,m,1,390,12
4110,MS_O0208_12_Pink.xlsx,locations,位置と場所についてのことば,MS,O0208,0,0,O0208,m,1,390,12
4111,MS_O0208_12_Pink.xlsx,quantifiers,数量を表すことば,MS,O0208,0,0,O0208,m,1,390,12
4112,MS_O0208_12_Pink.xlsx,sounds2,幼児語（その２）,MS,O0208,0,1,O0208,m,1,390,12
4113,MS_O0208_12_Pink.xlsx,conversations,会話語,MS,O0208,0,0,O0208,m,1,390,12
4114,MS_O0208_12_Pink.xlsx,others,その他,MS,O0208,0,0,O0208,m,1,390,12
4115,MS_O0223_12_Pink.xlsx,sounds,幼児語,MS,O0223,4,0,O0223,f,1,378,12
4116,MS_O0223_12_Pink.xlsx,animals,動物の名前,MS,O0223,0,0,O0223,f,1,378,12
4117,MS_O0223_12_Pink.xlsx,vehicles,乗り物,MS,O0223,0,0,O0223,f,1,378,12
4118,MS_O0223_12_Pink.xlsx,toys,おもちゃ,MS,O0223,1,0,O0223,f,1,378,12
4119,MS_O0223_12_Pink.xlsx,food_drink,食べ物と飲み物,MS,O0223,1,0,O0223,f,1,378,12
4120,MS_O0223_12_Pink.xlsx,clothing,衣類,MS,O0223,0,0,O0223,f,1,378,12
4121,MS_O0223_12_Pink.xlsx,body_parts,体の部分,MS,O0223,0,0,O0223,f,1,378,12
4122,MS_O0223_12_Pink.xlsx,furniture_rooms,家具と部屋,MS,O0223,0,0,O0223,f,1,378,12
4123,MS_O0223_12_Pink.xlsx,household,小さな家庭用品,MS,O0223,0,0,O0223,f,1,378,12
4124,MS_O0223_12_Pink.xlsx,outside,戸外の物と場所,MS,O0223,1,0,O0223,f,1,378,12
4125,MS_O0223_12_Pink.xlsx,people,人々,MS,O0223,6,0,O0223,f,1,378,12
4126,MS_O0223_12_Pink.xlsx,games_routines,日課とあいさつ,MS,O0223,1,1,O0223,f,1,378,12
4127,MS_O0223_12_Pink.xlsx,action_words,動作語,MS,O0223,1,0,O0223,f,1,378,12
4128,MS_O0223_12_Pink.xlsx,time_words,時間についてのことば,MS,O0223,0,0,O0223,f,1,378,12
4129,MS_O0223_12_Pink.xlsx,descriptive_words,ようす・性質,MS,O0223,0,0,O0223,f,1,378,12
4130,MS_O0223_12_Pink.xlsx,pronouns,代名詞,MS,O0223,0,0,O0223,f,1,378,12
4131,MS_O0223_12_Pink.xlsx,question_words,質問のことば,MS,O0223,0,0,O0223,f,1,378,12
4132,MS_O0223_12_Pink.xlsx,locations,位置と場所についてのことば,MS,O0223,0,0,O0223,f,1,378,12
4133,MS_O0223_12_Pink.xlsx,quantifiers,数量を表すことば,MS,O0223,0,0,O0223,f,1,378,12
4134,MS_O0223_12_Pink.xlsx,sounds2,幼児語（その２）,MS,O0223,2,0,O0223,f,1,378,12
4135,MS_O0223_12_Pink.xlsx,conversations,会話語,MS,O0223,0,2,O0223,f,1,378,12
4136,MS_O0223_12_Pink.xlsx,others,その他,MS,O0223,0,1,O0223,f,1,378,12
4137,MS_O0232_13_Pink.xlsx,sounds,幼児語,MS,O0232,0,0,O0232,f,1,406,13
4138,MS_O0232_13_Pink.xlsx,animals,動物の名前,MS,O0232,0,0,O0232,f,1,406,13
4139,MS_O0232_13_Pink.xlsx,vehicles,乗り物,MS,O0232,0,0,O0232,f,1,406,13
4140,MS_O0232_13_Pink.xlsx,toys,おもちゃ,MS,O0232,0,0,O0232,f,1,406,13
4141,MS_O0232_13_Pink.xlsx,food_drink,食べ物と飲み物,MS,O0232,0,0,O0232,f,1,406,13
4142,MS_O0232_13_Pink.xlsx,clothing,衣類,MS,O0232,0,0,O0232,f,1,406,13
4143,MS_O0232_13_Pink.xlsx,body_parts,体の部分,MS,O0232,0,0,O0232,f,1,406,13
4144,MS_O0232_13_Pink.xlsx,furniture_rooms,家具と部屋,MS,O0232,0,0,O0232,f,1,406,13
4145,MS_O0232_13_Pink.xlsx,household,小さな家庭用品,MS,O0232,0,0,O0232,f,1,406,13
4146,MS_O0232_13_Pink.xlsx,outside,戸外の物と場所,MS,O0232,0,0,O0232,f,1,406,13
4147,MS_O0232_13_Pink.xlsx,people,人々,MS,O0232,0,0,O0232,f,1,406,13
4148,MS_O0232_13_Pink.xlsx,games_routines,日課とあいさつ,MS,O0232,0,3,O0232,f,1,406,13
4149,MS_O0232_13_Pink.xlsx,action_words,動作語,MS,O0232,0,0,O0232,f,1,406,13
4150,MS_O0232_13_Pink.xlsx,time_words,時間についてのことば,MS,O0232,0,0,O0232,f,1,406,13
4151,MS_O0232_13_Pink.xlsx,descriptive_words,ようす・性質,MS,O0232,0,0,O0232,f,1,406,13
4152,MS_O0232_13_Pink.xlsx,pronouns,代名詞,MS,O0232,0,0,O0232,f,1,406,13
4153,MS_O0232_13_Pink.xlsx,question_words,質問のことば,MS,O0232,0,0,O0232,f,1,406,13
4154,MS_O0232_13_Pink.xlsx,locations,位置と場所についてのことば,MS,O0232,0,0,O0232,f,1,406,13
4155,MS_O0232_13_Pink.xlsx,quantifiers,数量を表すことば,MS,O0232,0,0,O0232,f,1,406,13
4156,MS_O0232_13_Pink.xlsx,sounds2,幼児語（その２）,MS,O0232,0,0,O0232,f,1,406,13
4157,MS_O0232_13_Pink.xlsx,conversations,会話語,MS,O0232,0,0,O0232,f,1,406,13
4158,MS_O0232_13_Pink.xlsx,others,その他,MS,O0232,1,0,O0232,f,1,406,13
4159,MS_O0241_13_Pink.xlsx,sounds,幼児語,MS,O0241,5,0,O0241,m,1,409,13
4160,MS_O0241_13_Pink.xlsx,animals,動物の名前,MS,O0241,1,1,O0241,m,1,409,13
4161,MS_O0241_13_Pink.xlsx,vehicles,乗り物,MS,O0241,0,0,O0241,m,1,409,13
4162,MS_O0241_13_Pink.xlsx,toys,おもちゃ,MS,O0241,2,0,O0241,m,1,409,13
4163,MS_O0241_13_Pink.xlsx,food_drink,食べ物と飲み物,MS,O0241,2,2,O0241,m,1,409,13
4164,MS_O0241_13_Pink.xlsx,clothing,衣類,MS,O0241,0,0,O0241,m,1,409,13
4165,MS_O0241_13_Pink.xlsx,body_parts,体の部分,MS,O0241,4,0,O0241,m,1,409,13
4166,MS_O0241_13_Pink.xlsx,furniture_rooms,家具と部屋,MS,O0241,0,0,O0241,m,1,409,13
4167,MS_O0241_13_Pink.xlsx,household,小さな家庭用品,MS,O0241,0,1,O0241,m,1,409,13
4168,MS_O0241_13_Pink.xlsx,outside,戸外の物と場所,MS,O0241,0,0,O0241,m,1,409,13
4169,MS_O0241_13_Pink.xlsx,people,人々,MS,O0241,1,2,O0241,m,1,409,13
4170,MS_O0241_13_Pink.xlsx,games_routines,日課とあいさつ,MS,O0241,7,3,O0241,m,1,409,13
4171,MS_O0241_13_Pink.xlsx,action_words,動作語,MS,O0241,2,0,O0241,m,1,409,13
4172,MS_O0241_13_Pink.xlsx,time_words,時間についてのことば,MS,O0241,0,0,O0241,m,1,409,13
4173,MS_O0241_13_Pink.xlsx,descriptive_words,ようす・性質,MS,O0241,1,0,O0241,m,1,409,13
4174,MS_O0241_13_Pink.xlsx,pronouns,代名詞,MS,O0241,0,1,O0241,m,1,409,13
4175,MS_O0241_13_Pink.xlsx,question_words,質問のことば,MS,O0241,1,0,O0241,m,1,409,13
4176,MS_O0241_13_Pink.xlsx,locations,位置と場所についてのことば,MS,O0241,0,0,O0241,m,1,409,13
4177,MS_O0241_13_Pink.xlsx,quantifiers,数量を表すことば,MS,O0241,0,0,O0241,m,1,409,13
4178,MS_O0241_13_Pink.xlsx,sounds2,幼児語（その２）,MS,O0241,5,0,O0241,m,1,409,13
4179,MS_O0241_13_Pink.xlsx,conversations,会話語,MS,O0241,0,0,O0241,m,1,409,13
4180,MS_O0241_13_Pink.xlsx,others,その他,MS,O0241,0,0,O0241,m,1,409,13
4181,MS_O0243_12_Pink.xlsx,sounds,幼児語,MS,O0243,0,0,O0243,m,1,387,12
4182,MS_O0243_12_Pink.xlsx,animals,動物の名前,MS,O0243,2,0,O0243,m,1,387,12
4183,MS_O0243_12_Pink.xlsx,vehicles,乗り物,MS,O0243,0,0,O0243,m,1,387,12
4184,MS_O0243_12_Pink.xlsx,toys,おもちゃ,MS,O0243,0,0,O0243,m,1,387,12
4185,MS_O0243_12_Pink.xlsx,food_drink,食べ物と飲み物,MS,O0243,0,0,O0243,m,1,387,12
4186,MS_O0243_12_Pink.xlsx,clothing,衣類,MS,O0243,0,0,O0243,m,1,387,12
4187,MS_O0243_12_Pink.xlsx,body_parts,体の部分,MS,O0243,0,0,O0243,m,1,387,12
4188,MS_O0243_12_Pink.xlsx,furniture_rooms,家具と部屋,MS,O0243,0,0,O0243,m,1,387,12
4189,MS_O0243_12_Pink.xlsx,household,小さな家庭用品,MS,O0243,0,0,O0243,m,1,387,12
4190,MS_O0243_12_Pink.xlsx,outside,戸外の物と場所,MS,O0243,0,0,O0243,m,1,387,12
4191,MS_O0243_12_Pink.xlsx,people,人々,MS,O0243,3,0,O0243,m,1,387,12
4192,MS_O0243_12_Pink.xlsx,games_routines,日課とあいさつ,MS,O0243,8,0,O0243,m,1,387,12
4193,MS_O0243_12_Pink.xlsx,action_words,動作語,MS,O0243,0,0,O0243,m,1,387,12
4194,MS_O0243_12_Pink.xlsx,time_words,時間についてのことば,MS,O0243,0,0,O0243,m,1,387,12
4195,MS_O0243_12_Pink.xlsx,descriptive_words,ようす・性質,MS,O0243,0,0,O0243,m,1,387,12
4196,MS_O0243_12_Pink.xlsx,pronouns,代名詞,MS,O0243,0,0,O0243,m,1,387,12
4197,MS_O0243_12_Pink.xlsx,question_words,質問のことば,MS,O0243,0,0,O0243,m,1,387,12
4198,MS_O0243_12_Pink.xlsx,locations,位置と場所についてのことば,MS,O0243,0,0,O0243,m,1,387,12
4199,MS_O0243_12_Pink.xlsx,quantifiers,数量を表すことば,MS,O0243,0,0,O0243,m,1,387,12
4200,MS_O0243_12_Pink.xlsx,sounds2,幼児語（その２）,MS,O0243,1,0,O0243,m,1,387,12
4201,MS_O0243_12_Pink.xlsx,conversations,会話語,MS,O0243,0,0,O0243,m,1,387,12
4202,MS_O0243_12_Pink.xlsx,others,その他,MS,O0243,0,0,O0243,m,1,387,12
4203,MS_O0245_12_Pink.xlsx,sounds,幼児語,MS,O0245,0,0,O0245,f,1,374,12
4204,MS_O0245_12_Pink.xlsx,animals,動物の名前,MS,O0245,0,0,O0245,f,1,374,12
4205,MS_O0245_12_Pink.xlsx,vehicles,乗り物,MS,O0245,0,0,O0245,f,1,374,12
4206,MS_O0245_12_Pink.xlsx,toys,おもちゃ,MS,O0245,0,0,O0245,f,1,374,12
4207,MS_O0245_12_Pink.xlsx,food_drink,食べ物と飲み物,MS,O0245,0,0,O0245,f,1,374,12
4208,MS_O0245_12_Pink.xlsx,clothing,衣類,MS,O0245,0,0,O0245,f,1,374,12
4209,MS_O0245_12_Pink.xlsx,body_parts,体の部分,MS,O0245,0,0,O0245,f,1,374,12
4210,MS_O0245_12_Pink.xlsx,furniture_rooms,家具と部屋,MS,O0245,0,0,O0245,f,1,374,12
4211,MS_O0245_12_Pink.xlsx,household,小さな家庭用品,MS,O0245,0,0,O0245,f,1,374,12
4212,MS_O0245_12_Pink.xlsx,outside,戸外の物と場所,MS,O0245,0,0,O0245,f,1,374,12
4213,MS_O0245_12_Pink.xlsx,people,人々,MS,O0245,0,0,O0245,f,1,374,12
4214,MS_O0245_12_Pink.xlsx,games_routines,日課とあいさつ,MS,O0245,0,0,O0245,f,1,374,12
4215,MS_O0245_12_Pink.xlsx,action_words,動作語,MS,O0245,0,0,O0245,f,1,374,12
4216,MS_O0245_12_Pink.xlsx,time_words,時間についてのことば,MS,O0245,0,0,O0245,f,1,374,12
4217,MS_O0245_12_Pink.xlsx,descriptive_words,ようす・性質,MS,O0245,0,0,O0245,f,1,374,12
4218,MS_O0245_12_Pink.xlsx,pronouns,代名詞,MS,O0245,0,0,O0245,f,1,374,12
4219,MS_O0245_12_Pink.xlsx,question_words,質問のことば,MS,O0245,0,0,O0245,f,1,374,12
4220,MS_O0245_12_Pink.xlsx,locations,位置と場所についてのことば,MS,O0245,0,0,O0245,f,1,374,12
4221,MS_O0245_12_Pink.xlsx,quantifiers,数量を表すことば,MS,O0245,0,0,O0245,f,1,374,12
4222,MS_O0245_12_Pink.xlsx,sounds2,幼児語（その２）,MS,O0245,0,0,O0245,f,1,374,12
4223,MS_O0245_12_Pink.xlsx,conversations,会話語,MS,O0245,0,0,O0245,f,1,374,12
4224,MS_O0245_12_Pink.xlsx,others,その他,MS,O0245,0,0,O0245,f,1,374,12
4225,MS_O0255_12_Pink.xlsx,sounds,幼児語,MS,O0255,0,0,O0255,f,1,371,12
4226,MS_O0255_12_Pink.xlsx,animals,動物の名前,MS,O0255,0,0,O0255,f,1,371,12
4227,MS_O0255_12_Pink.xlsx,vehicles,乗り物,MS,O0255,0,0,O0255,f,1,371,12
4228,MS_O0255_12_Pink.xlsx,toys,おもちゃ,MS,O0255,0,0,O0255,f,1,371,12
4229,MS_O0255_12_Pink.xlsx,food_drink,食べ物と飲み物,MS,O0255,0,0,O0255,f,1,371,12
4230,MS_O0255_12_Pink.xlsx,clothing,衣類,MS,O0255,0,0,O0255,f,1,371,12
4231,MS_O0255_12_Pink.xlsx,body_parts,体の部分,MS,O0255,0,0,O0255,f,1,371,12
4232,MS_O0255_12_Pink.xlsx,furniture_rooms,家具と部屋,MS,O0255,0,0,O0255,f,1,371,12
4233,MS_O0255_12_Pink.xlsx,household,小さな家庭用品,MS,O0255,0,0,O0255,f,1,371,12
4234,MS_O0255_12_Pink.xlsx,outside,戸外の物と場所,MS,O0255,0,0,O0255,f,1,371,12
4235,MS_O0255_12_Pink.xlsx,people,人々,MS,O0255,0,0,O0255,f,1,371,12
4236,MS_O0255_12_Pink.xlsx,games_routines,日課とあいさつ,MS,O0255,0,0,O0255,f,1,371,12
4237,MS_O0255_12_Pink.xlsx,action_words,動作語,MS,O0255,0,0,O0255,f,1,371,12
4238,MS_O0255_12_Pink.xlsx,time_words,時間についてのことば,MS,O0255,0,0,O0255,f,1,371,12
4239,MS_O0255_12_Pink.xlsx,descriptive_words,ようす・性質,MS,O0255,0,0,O0255,f,1,371,12
4240,MS_O0255_12_Pink.xlsx,pronouns,代名詞,MS,O0255,0,0,O0255,f,1,371,12
4241,MS_O0255_12_Pink.xlsx,question_words,質問のことば,MS,O0255,0,0,O0255,f,1,371,12
4242,MS_O0255_12_Pink.xlsx,locations,位置と場所についてのことば,MS,O0255,0,0,O0255,f,1,371,12
4243,MS_O0255_12_Pink.xlsx,quantifiers,数量を表すことば,MS,O0255,0,0,O0255,f,1,371,12
4244,MS_O0255_12_Pink.xlsx,sounds2,幼児語（その２）,MS,O0255,0,0,O0255,f,1,371,12
4245,MS_O0255_12_Pink.xlsx,conversations,会話語,MS,O0255,0,0,O0255,f,1,371,12
4246,MS_O0255_12_Pink.xlsx,others,その他,MS,O0255,0,0,O0255,f,1,371,12
4247,MS_O0262_13_Pink.xlsx,sounds,幼児語,MS,O0262,0,0,O0262,m,1,421,13
4248,MS_O0262_13_Pink.xlsx,animals,動物の名前,MS,O0262,0,0,O0262,m,1,421,13
4249,MS_O0262_13_Pink.xlsx,vehicles,乗り物,MS,O0262,0,0,O0262,m,1,421,13
4250,MS_O0262_13_Pink.xlsx,toys,おもちゃ,MS,O0262,0,0,O0262,m,1,421,13
4251,MS_O0262_13_Pink.xlsx,food_drink,食べ物と飲み物,MS,O0262,0,0,O0262,m,1,421,13
4252,MS_O0262_13_Pink.xlsx,clothing,衣類,MS,O0262,0,0,O0262,m,1,421,13
4253,MS_O0262_13_Pink.xlsx,body_parts,体の部分,MS,O0262,3,0,O0262,m,1,421,13
4254,MS_O0262_13_Pink.xlsx,furniture_rooms,家具と部屋,MS,O0262,0,0,O0262,m,1,421,13
4255,MS_O0262_13_Pink.xlsx,household,小さな家庭用品,MS,O0262,0,0,O0262,m,1,421,13
4256,MS_O0262_13_Pink.xlsx,outside,戸外の物と場所,MS,O0262,0,0,O0262,m,1,421,13
4257,MS_O0262_13_Pink.xlsx,people,人々,MS,O0262,2,0,O0262,m,1,421,13
4258,MS_O0262_13_Pink.xlsx,games_routines,日課とあいさつ,MS,O0262,0,0,O0262,m,1,421,13
4259,MS_O0262_13_Pink.xlsx,action_words,動作語,MS,O0262,0,0,O0262,m,1,421,13
4260,MS_O0262_13_Pink.xlsx,time_words,時間についてのことば,MS,O0262,0,0,O0262,m,1,421,13
4261,MS_O0262_13_Pink.xlsx,descriptive_words,ようす・性質,MS,O0262,0,0,O0262,m,1,421,13
4262,MS_O0262_13_Pink.xlsx,pronouns,代名詞,MS,O0262,1,0,O0262,m,1,421,13
4263,MS_O0262_13_Pink.xlsx,question_words,質問のことば,MS,O0262,0,0,O0262,m,1,421,13
4264,MS_O0262_13_Pink.xlsx,locations,位置と場所についてのことば,MS,O0262,0,0,O0262,m,1,421,13
4265,MS_O0262_13_Pink.xlsx,quantifiers,数量を表すことば,MS,O0262,0,0,O0262,m,1,421,13
4266,MS_O0262_13_Pink.xlsx,sounds2,幼児語（その２）,MS,O0262,0,0,O0262,m,1,421,13
4267,MS_O0262_13_Pink.xlsx,conversations,会話語,MS,O0262,0,0,O0262,m,1,421,13
4268,MS_O0262_13_Pink.xlsx,others,その他,MS,O0262,0,0,O0262,m,1,421,13
4269,MS_O0270_13_Pink.xlsx,sounds,幼児語,MS,O0270,2,0,O0270,f,1,405,13
4270,MS_O0270_13_Pink.xlsx,animals,動物の名前,MS,O0270,0,0,O0270,f,1,405,13
4271,MS_O0270_13_Pink.xlsx,vehicles,乗り物,MS,O0270,0,0,O0270,f,1,405,13
4272,MS_O0270_13_Pink.xlsx,toys,おもちゃ,MS,O0270,0,0,O0270,f,1,405,13
4273,MS_O0270_13_Pink.xlsx,food_drink,食べ物と飲み物,MS,O0270,0,0,O0270,f,1,405,13
4274,MS_O0270_13_Pink.xlsx,clothing,衣類,MS,O0270,0,0,O0270,f,1,405,13
4275,MS_O0270_13_Pink.xlsx,body_parts,体の部分,MS,O0270,0,0,O0270,f,1,405,13
4276,MS_O0270_13_Pink.xlsx,furniture_rooms,家具と部屋,MS,O0270,0,0,O0270,f,1,405,13
4277,MS_O0270_13_Pink.xlsx,household,小さな家庭用品,MS,O0270,0,0,O0270,f,1,405,13
4278,MS_O0270_13_Pink.xlsx,outside,戸外の物と場所,MS,O0270,0,0,O0270,f,1,405,13
4279,MS_O0270_13_Pink.xlsx,people,人々,MS,O0270,0,0,O0270,f,1,405,13
4280,MS_O0270_13_Pink.xlsx,games_routines,日課とあいさつ,MS,O0270,7,0,O0270,f,1,405,13
4281,MS_O0270_13_Pink.xlsx,action_words,動作語,MS,O0270,0,0,O0270,f,1,405,13
4282,MS_O0270_13_Pink.xlsx,time_words,時間についてのことば,MS,O0270,0,0,O0270,f,1,405,13
4283,MS_O0270_13_Pink.xlsx,descriptive_words,ようす・性質,MS,O0270,2,0,O0270,f,1,405,13
4284,MS_O0270_13_Pink.xlsx,pronouns,代名詞,MS,O0270,0,0,O0270,f,1,405,13
4285,MS_O0270_13_Pink.xlsx,question_words,質問のことば,MS,O0270,0,0,O0270,f,1,405,13
4286,MS_O0270_13_Pink.xlsx,locations,位置と場所についてのことば,MS,O0270,0,0,O0270,f,1,405,13
4287,MS_O0270_13_Pink.xlsx,quantifiers,数量を表すことば,MS,O0270,1,0,O0270,f,1,405,13
4288,MS_O0270_13_Pink.xlsx,sounds2,幼児語（その２）,MS,O0270,0,0,O0270,f,1,405,13
4289,MS_O0270_13_Pink.xlsx,conversations,会話語,MS,O0270,0,0,O0270,f,1,405,13
4290,MS_O0270_13_Pink.xlsx,others,その他,MS,O0270,0,0,O0270,f,1,405,13
4291,MS_O0277_12_Pink.xlsx,sounds,幼児語,MS,O0277,4,0,O0277,m,1,389,12
4292,MS_O0277_12_Pink.xlsx,animals,動物の名前,MS,O0277,4,0,O0277,m,1,389,12
4293,MS_O0277_12_Pink.xlsx,vehicles,乗り物,MS,O0277,2,0,O0277,m,1,389,12
4294,MS_O0277_12_Pink.xlsx,toys,おもちゃ,MS,O0277,2,0,O0277,m,1,389,12
4295,MS_O0277_12_Pink.xlsx,food_drink,食べ物と飲み物,MS,O0277,4,0,O0277,m,1,389,12
4296,MS_O0277_12_Pink.xlsx,clothing,衣類,MS,O0277,0,0,O0277,m,1,389,12
4297,MS_O0277_12_Pink.xlsx,body_parts,体の部分,MS,O0277,7,0,O0277,m,1,389,12
4298,MS_O0277_12_Pink.xlsx,furniture_rooms,家具と部屋,MS,O0277,3,0,O0277,m,1,389,12
4299,MS_O0277_12_Pink.xlsx,household,小さな家庭用品,MS,O0277,4,0,O0277,m,1,389,12
4300,MS_O0277_12_Pink.xlsx,outside,戸外の物と場所,MS,O0277,1,0,O0277,m,1,389,12
4301,MS_O0277_12_Pink.xlsx,people,人々,MS,O0277,2,0,O0277,m,1,389,12
4302,MS_O0277_12_Pink.xlsx,games_routines,日課とあいさつ,MS,O0277,10,0,O0277,m,1,389,12
4303,MS_O0277_12_Pink.xlsx,action_words,動作語,MS,O0277,0,0,O0277,m,1,389,12
4304,MS_O0277_12_Pink.xlsx,time_words,時間についてのことば,MS,O0277,0,0,O0277,m,1,389,12
4305,MS_O0277_12_Pink.xlsx,descriptive_words,ようす・性質,MS,O0277,0,0,O0277,m,1,389,12
4306,MS_O0277_12_Pink.xlsx,pronouns,代名詞,MS,O0277,0,0,O0277,m,1,389,12
4307,MS_O0277_12_Pink.xlsx,question_words,質問のことば,MS,O0277,0,0,O0277,m,1,389,12
4308,MS_O0277_12_Pink.xlsx,locations,位置と場所についてのことば,MS,O0277,0,0,O0277,m,1,389,12
4309,MS_O0277_12_Pink.xlsx,quantifiers,数量を表すことば,MS,O0277,0,0,O0277,m,1,389,12
4310,MS_O0277_12_Pink.xlsx,sounds2,幼児語（その２）,MS,O0277,6,0,O0277,m,1,389,12
4311,MS_O0277_12_Pink.xlsx,conversations,会話語,MS,O0277,2,0,O0277,m,1,389,12
4312,MS_O0277_12_Pink.xlsx,others,その他,MS,O0277,2,0,O0277,m,1,389,12
4313,MS_O0287_13_Pink.xlsx,sounds,幼児語,MS,O0287,0,1,O0287,f,1,400,13
4314,MS_O0287_13_Pink.xlsx,animals,動物の名前,MS,O0287,0,0,O0287,f,1,400,13
4315,MS_O0287_13_Pink.xlsx,vehicles,乗り物,MS,O0287,0,0,O0287,f,1,400,13
4316,MS_O0287_13_Pink.xlsx,toys,おもちゃ,MS,O0287,2,0,O0287,f,1,400,13
4317,MS_O0287_13_Pink.xlsx,food_drink,食べ物と飲み物,MS,O0287,10,2,O0287,f,1,400,13
4318,MS_O0287_13_Pink.xlsx,clothing,衣類,MS,O0287,4,0,O0287,f,1,400,13
4319,MS_O0287_13_Pink.xlsx,body_parts,体の部分,MS,O0287,0,0,O0287,f,1,400,13
4320,MS_O0287_13_Pink.xlsx,furniture_rooms,家具と部屋,MS,O0287,3,0,O0287,f,1,400,13
4321,MS_O0287_13_Pink.xlsx,household,小さな家庭用品,MS,O0287,8,0,O0287,f,1,400,13
4322,MS_O0287_13_Pink.xlsx,outside,戸外の物と場所,MS,O0287,3,1,O0287,f,1,400,13
4323,MS_O0287_13_Pink.xlsx,people,人々,MS,O0287,1,3,O0287,f,1,400,13
4324,MS_O0287_13_Pink.xlsx,games_routines,日課とあいさつ,MS,O0287,7,5,O0287,f,1,400,13
4325,MS_O0287_13_Pink.xlsx,action_words,動作語,MS,O0287,17,0,O0287,f,1,400,13
4326,MS_O0287_13_Pink.xlsx,time_words,時間についてのことば,MS,O0287,0,0,O0287,f,1,400,13
4327,MS_O0287_13_Pink.xlsx,descriptive_words,ようす・性質,MS,O0287,1,0,O0287,f,1,400,13
4328,MS_O0287_13_Pink.xlsx,pronouns,代名詞,MS,O0287,1,0,O0287,f,1,400,13
4329,MS_O0287_13_Pink.xlsx,question_words,質問のことば,MS,O0287,0,0,O0287,f,1,400,13
4330,MS_O0287_13_Pink.xlsx,locations,位置と場所についてのことば,MS,O0287,0,0,O0287,f,1,400,13
4331,MS_O0287_13_Pink.xlsx,quantifiers,数量を表すことば,MS,O0287,0,0,O0287,f,1,400,13
4332,MS_O0287_13_Pink.xlsx,sounds2,幼児語（その２）,MS,O0287,5,2,O0287,f,1,400,13
4333,MS_O0287_13_Pink.xlsx,conversations,会話語,MS,O0287,1,2,O0287,f,1,400,13
4334,MS_O0287_13_Pink.xlsx,others,その他,MS,O0287,4,0,O0287,f,1,400,13
4335,MS_O0289_12_Pink.xlsx,sounds,幼児語,MS,O0289,1,0,O0289,m,1,392,12
4336,MS_O0289_12_Pink.xlsx,animals,動物の名前,MS,O0289,1,0,O0289,m,1,392,12
4337,MS_O0289_12_Pink.xlsx,vehicles,乗り物,MS,O0289,0,0,O0289,m,1,392,12
4338,MS_O0289_12_Pink.xlsx,toys,おもちゃ,MS,O0289,0,0,O0289,m,1,392,12
4339,MS_O0289_12_Pink.xlsx,food_drink,食べ物と飲み物,MS,O0289,0,1,O0289,m,1,392,12
4340,MS_O0289_12_Pink.xlsx,clothing,衣類,MS,O0289,0,0,O0289,m,1,392,12
4341,MS_O0289_12_Pink.xlsx,body_parts,体の部分,MS,O0289,0,0,O0289,m,1,392,12
4342,MS_O0289_12_Pink.xlsx,furniture_rooms,家具と部屋,MS,O0289,0,0,O0289,m,1,392,12
4343,MS_O0289_12_Pink.xlsx,household,小さな家庭用品,MS,O0289,0,0,O0289,m,1,392,12
4344,MS_O0289_12_Pink.xlsx,outside,戸外の物と場所,MS,O0289,0,0,O0289,m,1,392,12
4345,MS_O0289_12_Pink.xlsx,people,人々,MS,O0289,3,0,O0289,m,1,392,12
4346,MS_O0289_12_Pink.xlsx,games_routines,日課とあいさつ,MS,O0289,7,0,O0289,m,1,392,12
4347,MS_O0289_12_Pink.xlsx,action_words,動作語,MS,O0289,1,0,O0289,m,1,392,12
4348,MS_O0289_12_Pink.xlsx,time_words,時間についてのことば,MS,O0289,0,0,O0289,m,1,392,12
4349,MS_O0289_12_Pink.xlsx,descriptive_words,ようす・性質,MS,O0289,1,0,O0289,m,1,392,12
4350,MS_O0289_12_Pink.xlsx,pronouns,代名詞,MS,O0289,2,0,O0289,m,1,392,12
4351,MS_O0289_12_Pink.xlsx,question_words,質問のことば,MS,O0289,1,0,O0289,m,1,392,12
4352,MS_O0289_12_Pink.xlsx,locations,位置と場所についてのことば,MS,O0289,0,0,O0289,m,1,392,12
4353,MS_O0289_12_Pink.xlsx,quantifiers,数量を表すことば,MS,O0289,0,0,O0289,m,1,392,12
4354,MS_O0289_12_Pink.xlsx,sounds2,幼児語（その２）,MS,O0289,1,0,O0289,m,1,392,12
4355,MS_O0289_12_Pink.xlsx,conversations,会話語,MS,O0289,0,0,O0289,m,1,392,12
4356,MS_O0289_12_Pink.xlsx,others,その他,MS,O0289,1,0,O0289,m,1,392,12
4357,MS_O0295_12_Pink.xlsx,sounds,幼児語,MS,O0295,0,0,O0295,f,1,392,12
4358,MS_O0295_12_Pink.xlsx,animals,動物の名前,MS,O0295,0,0,O0295,f,1,392,12
4359,MS_O0295_12_Pink.xlsx,vehicles,乗り物,MS,O0295,0,0,O0295,f,1,392,12
4360,MS_O0295_12_Pink.xlsx,toys,おもちゃ,MS,O0295,0,0,O0295,f,1,392,12
4361,MS_O0295_12_Pink.xlsx,food_drink,食べ物と飲み物,MS,O0295,0,0,O0295,f,1,392,12
4362,MS_O0295_12_Pink.xlsx,clothing,衣類,MS,O0295,0,0,O0295,f,1,392,12
4363,MS_O0295_12_Pink.xlsx,body_parts,体の部分,MS,O0295,0,0,O0295,f,1,392,12
4364,MS_O0295_12_Pink.xlsx,furniture_rooms,家具と部屋,MS,O0295,0,0,O0295,f,1,392,12
4365,MS_O0295_12_Pink.xlsx,household,小さな家庭用品,MS,O0295,0,0,O0295,f,1,392,12
4366,MS_O0295_12_Pink.xlsx,outside,戸外の物と場所,MS,O0295,0,0,O0295,f,1,392,12
4367,MS_O0295_12_Pink.xlsx,people,人々,MS,O0295,1,0,O0295,f,1,392,12
4368,MS_O0295_12_Pink.xlsx,games_routines,日課とあいさつ,MS,O0295,10,0,O0295,f,1,392,12
4369,MS_O0295_12_Pink.xlsx,action_words,動作語,MS,O0295,2,0,O0295,f,1,392,12
4370,MS_O0295_12_Pink.xlsx,time_words,時間についてのことば,MS,O0295,0,0,O0295,f,1,392,12
4371,MS_O0295_12_Pink.xlsx,descriptive_words,ようす・性質,MS,O0295,1,0,O0295,f,1,392,12
4372,MS_O0295_12_Pink.xlsx,pronouns,代名詞,MS,O0295,0,0,O0295,f,1,392,12
4373,MS_O0295_12_Pink.xlsx,question_words,質問のことば,MS,O0295,0,0,O0295,f,1,392,12
4374,MS_O0295_12_Pink.xlsx,locations,位置と場所についてのことば,MS,O0295,0,0,O0295,f,1,392,12
4375,MS_O0295_12_Pink.xlsx,quantifiers,数量を表すことば,MS,O0295,0,0,O0295,f,1,392,12
4376,MS_O0295_12_Pink.xlsx,sounds2,幼児語（その２）,MS,O0295,3,0,O0295,f,1,392,12
4377,MS_O0295_12_Pink.xlsx,conversations,会話語,MS,O0295,1,0,O0295,f,1,392,12
4378,MS_O0295_12_Pink.xlsx,others,その他,MS,O0295,1,0,O0295,f,1,392,12
4379,MS_O0299_14_Pink.xlsx,sounds,幼児語,MS,O0299,1,2,O0299,m,1,433,14
4380,MS_O0299_14_Pink.xlsx,animals,動物の名前,MS,O0299,3,0,O0299,m,1,433,14
4381,MS_O0299_14_Pink.xlsx,vehicles,乗り物,MS,O0299,1,1,O0299,m,1,433,14
4382,MS_O0299_14_Pink.xlsx,toys,おもちゃ,MS,O0299,0,0,O0299,m,1,433,14
4383,MS_O0299_14_Pink.xlsx,food_drink,食べ物と飲み物,MS,O0299,1,0,O0299,m,1,433,14
4384,MS_O0299_14_Pink.xlsx,clothing,衣類,MS,O0299,2,0,O0299,m,1,433,14
4385,MS_O0299_14_Pink.xlsx,body_parts,体の部分,MS,O0299,4,1,O0299,m,1,433,14
4386,MS_O0299_14_Pink.xlsx,furniture_rooms,家具と部屋,MS,O0299,1,0,O0299,m,1,433,14
4387,MS_O0299_14_Pink.xlsx,household,小さな家庭用品,MS,O0299,0,0,O0299,m,1,433,14
4388,MS_O0299_14_Pink.xlsx,outside,戸外の物と場所,MS,O0299,1,0,O0299,m,1,433,14
4389,MS_O0299_14_Pink.xlsx,people,人々,MS,O0299,1,2,O0299,m,1,433,14
4390,MS_O0299_14_Pink.xlsx,games_routines,日課とあいさつ,MS,O0299,4,0,O0299,m,1,433,14
4391,MS_O0299_14_Pink.xlsx,action_words,動作語,MS,O0299,1,0,O0299,m,1,433,14
4392,MS_O0299_14_Pink.xlsx,time_words,時間についてのことば,MS,O0299,0,0,O0299,m,1,433,14
4393,MS_O0299_14_Pink.xlsx,descriptive_words,ようす・性質,MS,O0299,0,0,O0299,m,1,433,14
4394,MS_O0299_14_Pink.xlsx,pronouns,代名詞,MS,O0299,0,0,O0299,m,1,433,14
4395,MS_O0299_14_Pink.xlsx,question_words,質問のことば,MS,O0299,1,0,O0299,m,1,433,14
4396,MS_O0299_14_Pink.xlsx,locations,位置と場所についてのことば,MS,O0299,0,0,O0299,m,1,433,14
4397,MS_O0299_14_Pink.xlsx,quantifiers,数量を表すことば,MS,O0299,0,0,O0299,m,1,433,14
4398,MS_O0299_14_Pink.xlsx,sounds2,幼児語（その２）,MS,O0299,3,1,O0299,m,1,433,14
4399,MS_O0299_14_Pink.xlsx,conversations,会話語,MS,O0299,0,0,O0299,m,1,433,14
4400,MS_O0299_14_Pink.xlsx,others,その他,MS,O0299,0,0,O0299,m,1,433,14
4401,MS_O0329_11_Pink.xlsx,sounds,幼児語,MS,O0329,0,0,O0329,f,1,364,11
4402,MS_O0329_11_Pink.xlsx,animals,動物の名前,MS,O0329,0,0,O0329,f,1,364,11
4403,MS_O0329_11_Pink.xlsx,vehicles,乗り物,MS,O0329,0,0,O0329,f,1,364,11
4404,MS_O0329_11_Pink.xlsx,toys,おもちゃ,MS,O0329,0,0,O0329,f,1,364,11
4405,MS_O0329_11_Pink.xlsx,food_drink,食べ物と飲み物,MS,O0329,0,0,O0329,f,1,364,11
4406,MS_O0329_11_Pink.xlsx,clothing,衣類,MS,O0329,0,0,O0329,f,1,364,11
4407,MS_O0329_11_Pink.xlsx,body_parts,体の部分,MS,O0329,1,0,O0329,f,1,364,11
4408,MS_O0329_11_Pink.xlsx,furniture_rooms,家具と部屋,MS,O0329,0,0,O0329,f,1,364,11
4409,MS_O0329_11_Pink.xlsx,household,小さな家庭用品,MS,O0329,0,0,O0329,f,1,364,11
4410,MS_O0329_11_Pink.xlsx,outside,戸外の物と場所,MS,O0329,0,0,O0329,f,1,364,11
4411,MS_O0329_11_Pink.xlsx,people,人々,MS,O0329,3,0,O0329,f,1,364,11
4412,MS_O0329_11_Pink.xlsx,games_routines,日課とあいさつ,MS,O0329,3,0,O0329,f,1,364,11
4413,MS_O0329_11_Pink.xlsx,action_words,動作語,MS,O0329,0,0,O0329,f,1,364,11
4414,MS_O0329_11_Pink.xlsx,time_words,時間についてのことば,MS,O0329,0,0,O0329,f,1,364,11
4415,MS_O0329_11_Pink.xlsx,descriptive_words,ようす・性質,MS,O0329,0,0,O0329,f,1,364,11
4416,MS_O0329_11_Pink.xlsx,pronouns,代名詞,MS,O0329,0,0,O0329,f,1,364,11
4417,MS_O0329_11_Pink.xlsx,question_words,質問のことば,MS,O0329,0,0,O0329,f,1,364,11
4418,MS_O0329_11_Pink.xlsx,locations,位置と場所についてのことば,MS,O0329,0,0,O0329,f,1,364,11
4419,MS_O0329_11_Pink.xlsx,quantifiers,数量を表すことば,MS,O0329,0,0,O0329,f,1,364,11
4420,MS_O0329_11_Pink.xlsx,sounds2,幼児語（その２）,MS,O0329,2,0,O0329,f,1,364,11
4421,MS_O0329_11_Pink.xlsx,conversations,会話語,MS,O0329,0,0,O0329,f,1,364,11
4422,MS_O0329_11_Pink.xlsx,others,その他,MS,O0329,0,0,O0329,f,1,364,11
4423,MS_O0332_11_Pink.xlsx,sounds,幼児語,MS,O0332,0,0,O0332,m,1,360,11
4424,MS_O0332_11_Pink.xlsx,animals,動物の名前,MS,O0332,2,0,O0332,m,1,360,11
4425,MS_O0332_11_Pink.xlsx,vehicles,乗り物,MS,O0332,0,0,O0332,m,1,360,11
4426,MS_O0332_11_Pink.xlsx,toys,おもちゃ,MS,O0332,1,0,O0332,m,1,360,11
4427,MS_O0332_11_Pink.xlsx,food_drink,食べ物と飲み物,MS,O0332,0,0,O0332,m,1,360,11
4428,MS_O0332_11_Pink.xlsx,clothing,衣類,MS,O0332,0,0,O0332,m,1,360,11
4429,MS_O0332_11_Pink.xlsx,body_parts,体の部分,MS,O0332,0,0,O0332,m,1,360,11
4430,MS_O0332_11_Pink.xlsx,furniture_rooms,家具と部屋,MS,O0332,0,0,O0332,m,1,360,11
4431,MS_O0332_11_Pink.xlsx,household,小さな家庭用品,MS,O0332,0,0,O0332,m,1,360,11
4432,MS_O0332_11_Pink.xlsx,outside,戸外の物と場所,MS,O0332,0,0,O0332,m,1,360,11
4433,MS_O0332_11_Pink.xlsx,people,人々,MS,O0332,2,0,O0332,m,1,360,11
4434,MS_O0332_11_Pink.xlsx,games_routines,日課とあいさつ,MS,O0332,5,0,O0332,m,1,360,11
4435,MS_O0332_11_Pink.xlsx,action_words,動作語,MS,O0332,2,0,O0332,m,1,360,11
4436,MS_O0332_11_Pink.xlsx,time_words,時間についてのことば,MS,O0332,0,0,O0332,m,1,360,11
4437,MS_O0332_11_Pink.xlsx,descriptive_words,ようす・性質,MS,O0332,1,0,O0332,m,1,360,11
4438,MS_O0332_11_Pink.xlsx,pronouns,代名詞,MS,O0332,0,0,O0332,m,1,360,11
4439,MS_O0332_11_Pink.xlsx,question_words,質問のことば,MS,O0332,0,0,O0332,m,1,360,11
4440,MS_O0332_11_Pink.xlsx,locations,位置と場所についてのことば,MS,O0332,0,0,O0332,m,1,360,11
4441,MS_O0332_11_Pink.xlsx,quantifiers,数量を表すことば,MS,O0332,0,0,O0332,m,1,360,11
4442,MS_O0332_11_Pink.xlsx,sounds2,幼児語（その２）,MS,O0332,0,0,O0332,m,1,360,11
4443,MS_O0332_11_Pink.xlsx,conversations,会話語,MS,O0332,0,0,O0332,m,1,360,11
4444,MS_O0332_11_Pink.xlsx,others,その他,MS,O0332,1,0,O0332,m,1,360,11
4445,MS_O0411_13_Pink.xlsx,sounds,幼児語,MS,O0411,1,0,O0411,f,1,399,13
4446,MS_O0411_13_Pink.xlsx,animals,動物の名前,MS,O0411,0,0,O0411,f,1,399,13
4447,MS_O0411_13_Pink.xlsx,vehicles,乗り物,MS,O0411,0,0,O0411,f,1,399,13
4448,MS_O0411_13_Pink.xlsx,toys,おもちゃ,MS,O0411,0,0,O0411,f,1,399,13
4449,MS_O0411_13_Pink.xlsx,food_drink,食べ物と飲み物,MS,O0411,0,0,O0411,f,1,399,13
4450,MS_O0411_13_Pink.xlsx,clothing,衣類,MS,O0411,0,0,O0411,f,1,399,13
4451,MS_O0411_13_Pink.xlsx,body_parts,体の部分,MS,O0411,0,0,O0411,f,1,399,13
4452,MS_O0411_13_Pink.xlsx,furniture_rooms,家具と部屋,MS,O0411,0,0,O0411,f,1,399,13
4453,MS_O0411_13_Pink.xlsx,household,小さな家庭用品,MS,O0411,0,0,O0411,f,1,399,13
4454,MS_O0411_13_Pink.xlsx,outside,戸外の物と場所,MS,O0411,0,0,O0411,f,1,399,13
4455,MS_O0411_13_Pink.xlsx,people,人々,MS,O0411,4,0,O0411,f,1,399,13
4456,MS_O0411_13_Pink.xlsx,games_routines,日課とあいさつ,MS,O0411,9,2,O0411,f,1,399,13
4457,MS_O0411_13_Pink.xlsx,action_words,動作語,MS,O0411,0,0,O0411,f,1,399,13
4458,MS_O0411_13_Pink.xlsx,time_words,時間についてのことば,MS,O0411,0,0,O0411,f,1,399,13
4459,MS_O0411_13_Pink.xlsx,descriptive_words,ようす・性質,MS,O0411,0,0,O0411,f,1,399,13
4460,MS_O0411_13_Pink.xlsx,pronouns,代名詞,MS,O0411,0,0,O0411,f,1,399,13
4461,MS_O0411_13_Pink.xlsx,question_words,質問のことば,MS,O0411,0,0,O0411,f,1,399,13
4462,MS_O0411_13_Pink.xlsx,locations,位置と場所についてのことば,MS,O0411,0,0,O0411,f,1,399,13
4463,MS_O0411_13_Pink.xlsx,quantifiers,数量を表すことば,MS,O0411,0,0,O0411,f,1,399,13
4464,MS_O0411_13_Pink.xlsx,sounds2,幼児語（その２）,MS,O0411,0,0,O0411,f,1,399,13
4465,MS_O0411_13_Pink.xlsx,conversations,会話語,MS,O0411,0,0,O0411,f,1,399,13
4466,MS_O0411_13_Pink.xlsx,others,その他,MS,O0411,0,0,O0411,f,1,399,13
4467,MS_O0433_12_Pink.xlsx,sounds,幼児語,MS,O0433,0,0,O0433,f,1,389,12
4468,MS_O0433_12_Pink.xlsx,animals,動物の名前,MS,O0433,0,0,O0433,f,1,389,12
4469,MS_O0433_12_Pink.xlsx,vehicles,乗り物,MS,O0433,0,0,O0433,f,1,389,12
4470,MS_O0433_12_Pink.xlsx,toys,おもちゃ,MS,O0433,0,0,O0433,f,1,389,12
4471,MS_O0433_12_Pink.xlsx,food_drink,食べ物と飲み物,MS,O0433,2,0,O0433,f,1,389,12
4472,MS_O0433_12_Pink.xlsx,clothing,衣類,MS,O0433,0,0,O0433,f,1,389,12
4473,MS_O0433_12_Pink.xlsx,body_parts,体の部分,MS,O0433,0,0,O0433,f,1,389,12
4474,MS_O0433_12_Pink.xlsx,furniture_rooms,家具と部屋,MS,O0433,0,0,O0433,f,1,389,12
4475,MS_O0433_12_Pink.xlsx,household,小さな家庭用品,MS,O0433,0,0,O0433,f,1,389,12
4476,MS_O0433_12_Pink.xlsx,outside,戸外の物と場所,MS,O0433,0,0,O0433,f,1,389,12
4477,MS_O0433_12_Pink.xlsx,people,人々,MS,O0433,0,0,O0433,f,1,389,12
4478,MS_O0433_12_Pink.xlsx,games_routines,日課とあいさつ,MS,O0433,4,1,O0433,f,1,389,12
4479,MS_O0433_12_Pink.xlsx,action_words,動作語,MS,O0433,0,0,O0433,f,1,389,12
4480,MS_O0433_12_Pink.xlsx,time_words,時間についてのことば,MS,O0433,0,0,O0433,f,1,389,12
4481,MS_O0433_12_Pink.xlsx,descriptive_words,ようす・性質,MS,O0433,0,0,O0433,f,1,389,12
4482,MS_O0433_12_Pink.xlsx,pronouns,代名詞,MS,O0433,0,0,O0433,f,1,389,12
4483,MS_O0433_12_Pink.xlsx,question_words,質問のことば,MS,O0433,0,0,O0433,f,1,389,12
4484,MS_O0433_12_Pink.xlsx,locations,位置と場所についてのことば,MS,O0433,0,0,O0433,f,1,389,12
4485,MS_O0433_12_Pink.xlsx,quantifiers,数量を表すことば,MS,O0433,0,0,O0433,f,1,389,12
4486,MS_O0433_12_Pink.xlsx,sounds2,幼児語（その２）,MS,O0433,1,0,O0433,f,1,389,12
4487,MS_O0433_12_Pink.xlsx,conversations,会話語,MS,O0433,0,1,O0433,f,1,389,12
4488,MS_O0433_12_Pink.xlsx,others,その他,MS,O0433,0,0,O0433,f,1,389,12
4489,MS_O0446_11_Pink.xlsx,sounds,幼児語,MS,O0446,1,0,O0446,f,1,360,11
4490,MS_O0446_11_Pink.xlsx,animals,動物の名前,MS,O0446,0,0,O0446,f,1,360,11
4491,MS_O0446_11_Pink.xlsx,vehicles,乗り物,MS,O0446,0,0,O0446,f,1,360,11
4492,MS_O0446_11_Pink.xlsx,toys,おもちゃ,MS,O0446,1,0,O0446,f,1,360,11
4493,MS_O0446_11_Pink.xlsx,food_drink,食べ物と飲み物,MS,O0446,5,0,O0446,f,1,360,11
4494,MS_O0446_11_Pink.xlsx,clothing,衣類,MS,O0446,2,0,O0446,f,1,360,11
4495,MS_O0446_11_Pink.xlsx,body_parts,体の部分,MS,O0446,2,0,O0446,f,1,360,11
4496,MS_O0446_11_Pink.xlsx,furniture_rooms,家具と部屋,MS,O0446,1,0,O0446,f,1,360,11
4497,MS_O0446_11_Pink.xlsx,household,小さな家庭用品,MS,O0446,1,0,O0446,f,1,360,11
4498,MS_O0446_11_Pink.xlsx,outside,戸外の物と場所,MS,O0446,1,0,O0446,f,1,360,11
4499,MS_O0446_11_Pink.xlsx,people,人々,MS,O0446,4,0,O0446,f,1,360,11
4500,MS_O0446_11_Pink.xlsx,games_routines,日課とあいさつ,MS,O0446,8,0,O0446,f,1,360,11
4501,MS_O0446_11_Pink.xlsx,action_words,動作語,MS,O0446,9,0,O0446,f,1,360,11
4502,MS_O0446_11_Pink.xlsx,time_words,時間についてのことば,MS,O0446,1,0,O0446,f,1,360,11
4503,MS_O0446_11_Pink.xlsx,descriptive_words,ようす・性質,MS,O0446,4,0,O0446,f,1,360,11
4504,MS_O0446_11_Pink.xlsx,pronouns,代名詞,MS,O0446,0,0,O0446,f,1,360,11
4505,MS_O0446_11_Pink.xlsx,question_words,質問のことば,MS,O0446,2,0,O0446,f,1,360,11
4506,MS_O0446_11_Pink.xlsx,locations,位置と場所についてのことば,MS,O0446,0,0,O0446,f,1,360,11
4507,MS_O0446_11_Pink.xlsx,quantifiers,数量を表すことば,MS,O0446,0,0,O0446,f,1,360,11
4508,MS_O0446_11_Pink.xlsx,sounds2,幼児語（その２）,MS,O0446,1,0,O0446,f,1,360,11
4509,MS_O0446_11_Pink.xlsx,conversations,会話語,MS,O0446,0,0,O0446,f,1,360,11
4510,MS_O0446_11_Pink.xlsx,others,その他,MS,O0446,1,0,O0446,f,1,360,11
4511,MS_O0453_13_Pink.xlsx,sounds,幼児語,MS,O0453,1,0,O0453,f,1,400,13
4512,MS_O0453_13_Pink.xlsx,animals,動物の名前,MS,O0453,0,0,O0453,f,1,400,13
4513,MS_O0453_13_Pink.xlsx,vehicles,乗り物,MS,O0453,0,0,O0453,f,1,400,13
4514,MS_O0453_13_Pink.xlsx,toys,おもちゃ,MS,O0453,0,0,O0453,f,1,400,13
4515,MS_O0453_13_Pink.xlsx,food_drink,食べ物と飲み物,MS,O0453,0,0,O0453,f,1,400,13
4516,MS_O0453_13_Pink.xlsx,clothing,衣類,MS,O0453,2,0,O0453,f,1,400,13
4517,MS_O0453_13_Pink.xlsx,body_parts,体の部分,MS,O0453,4,0,O0453,f,1,400,13
4518,MS_O0453_13_Pink.xlsx,furniture_rooms,家具と部屋,MS,O0453,0,0,O0453,f,1,400,13
4519,MS_O0453_13_Pink.xlsx,household,小さな家庭用品,MS,O0453,1,0,O0453,f,1,400,13
4520,MS_O0453_13_Pink.xlsx,outside,戸外の物と場所,MS,O0453,1,0,O0453,f,1,400,13
4521,MS_O0453_13_Pink.xlsx,people,人々,MS,O0453,4,0,O0453,f,1,400,13
4522,MS_O0453_13_Pink.xlsx,games_routines,日課とあいさつ,MS,O0453,6,1,O0453,f,1,400,13
4523,MS_O0453_13_Pink.xlsx,action_words,動作語,MS,O0453,4,0,O0453,f,1,400,13
4524,MS_O0453_13_Pink.xlsx,time_words,時間についてのことば,MS,O0453,0,0,O0453,f,1,400,13
4525,MS_O0453_13_Pink.xlsx,descriptive_words,ようす・性質,MS,O0453,1,0,O0453,f,1,400,13
4526,MS_O0453_13_Pink.xlsx,pronouns,代名詞,MS,O0453,1,0,O0453,f,1,400,13
4527,MS_O0453_13_Pink.xlsx,question_words,質問のことば,MS,O0453,0,0,O0453,f,1,400,13
4528,MS_O0453_13_Pink.xlsx,locations,位置と場所についてのことば,MS,O0453,0,0,O0453,f,1,400,13
4529,MS_O0453_13_Pink.xlsx,quantifiers,数量を表すことば,MS,O0453,0,0,O0453,f,1,400,13
4530,MS_O0453_13_Pink.xlsx,sounds2,幼児語（その２）,MS,O0453,10,0,O0453,f,1,400,13
4531,MS_O0453_13_Pink.xlsx,conversations,会話語,MS,O0453,0,0,O0453,f,1,400,13
4532,MS_O0453_13_Pink.xlsx,others,その他,MS,O0453,2,0,O0453,f,1,400,13
4533,MS_O0461_12_Pink.xlsx,sounds,幼児語,MS,O0461,2,0,O0461,f,1,365,12
4534,MS_O0461_12_Pink.xlsx,animals,動物の名前,MS,O0461,1,0,O0461,f,1,365,12
4535,MS_O0461_12_Pink.xlsx,vehicles,乗り物,MS,O0461,0,0,O0461,f,1,365,12
4536,MS_O0461_12_Pink.xlsx,toys,おもちゃ,MS,O0461,3,0,O0461,f,1,365,12
4537,MS_O0461_12_Pink.xlsx,food_drink,食べ物と飲み物,MS,O0461,8,0,O0461,f,1,365,12
4538,MS_O0461_12_Pink.xlsx,clothing,衣類,MS,O0461,3,0,O0461,f,1,365,12
4539,MS_O0461_12_Pink.xlsx,body_parts,体の部分,MS,O0461,10,0,O0461,f,1,365,12
4540,MS_O0461_12_Pink.xlsx,furniture_rooms,家具と部屋,MS,O0461,6,0,O0461,f,1,365,12
4541,MS_O0461_12_Pink.xlsx,household,小さな家庭用品,MS,O0461,14,0,O0461,f,1,365,12
4542,MS_O0461_12_Pink.xlsx,outside,戸外の物と場所,MS,O0461,4,0,O0461,f,1,365,12
4543,MS_O0461_12_Pink.xlsx,people,人々,MS,O0461,5,0,O0461,f,1,365,12
4544,MS_O0461_12_Pink.xlsx,games_routines,日課とあいさつ,MS,O0461,12,0,O0461,f,1,365,12
4545,MS_O0461_12_Pink.xlsx,action_words,動作語,MS,O0461,7,0,O0461,f,1,365,12
4546,MS_O0461_12_Pink.xlsx,time_words,時間についてのことば,MS,O0461,0,0,O0461,f,1,365,12
4547,MS_O0461_12_Pink.xlsx,descriptive_words,ようす・性質,MS,O0461,0,0,O0461,f,1,365,12
4548,MS_O0461_12_Pink.xlsx,pronouns,代名詞,MS,O0461,0,0,O0461,f,1,365,12
4549,MS_O0461_12_Pink.xlsx,question_words,質問のことば,MS,O0461,0,0,O0461,f,1,365,12
4550,MS_O0461_12_Pink.xlsx,locations,位置と場所についてのことば,MS,O0461,0,0,O0461,f,1,365,12
4551,MS_O0461_12_Pink.xlsx,quantifiers,数量を表すことば,MS,O0461,0,0,O0461,f,1,365,12
4552,MS_O0461_12_Pink.xlsx,sounds2,幼児語（その２）,MS,O0461,2,0,O0461,f,1,365,12
4553,MS_O0461_12_Pink.xlsx,conversations,会話語,MS,O0461,2,0,O0461,f,1,365,12
4554,MS_O0461_12_Pink.xlsx,others,その他,MS,O0461,1,0,O0461,f,1,365,12
4555,MS_O0471_13_Pink.xlsx,sounds,幼児語,MS,O0471,0,0,O0471,f,1,416,13
4556,MS_O0471_13_Pink.xlsx,animals,動物の名前,MS,O0471,1,0,O0471,f,1,416,13
4557,MS_O0471_13_Pink.xlsx,vehicles,乗り物,MS,O0471,0,0,O0471,f,1,416,13
4558,MS_O0471_13_Pink.xlsx,toys,おもちゃ,MS,O0471,0,0,O0471,f,1,416,13
4559,MS_O0471_13_Pink.xlsx,food_drink,食べ物と飲み物,MS,O0471,0,0,O0471,f,1,416,13
4560,MS_O0471_13_Pink.xlsx,clothing,衣類,MS,O0471,0,0,O0471,f,1,416,13
4561,MS_O0471_13_Pink.xlsx,body_parts,体の部分,MS,O0471,0,0,O0471,f,1,416,13
4562,MS_O0471_13_Pink.xlsx,furniture_rooms,家具と部屋,MS,O0471,0,0,O0471,f,1,416,13
4563,MS_O0471_13_Pink.xlsx,household,小さな家庭用品,MS,O0471,1,0,O0471,f,1,416,13
4564,MS_O0471_13_Pink.xlsx,outside,戸外の物と場所,MS,O0471,0,0,O0471,f,1,416,13
4565,MS_O0471_13_Pink.xlsx,people,人々,MS,O0471,3,0,O0471,f,1,416,13
4566,MS_O0471_13_Pink.xlsx,games_routines,日課とあいさつ,MS,O0471,7,0,O0471,f,1,416,13
4567,MS_O0471_13_Pink.xlsx,action_words,動作語,MS,O0471,0,0,O0471,f,1,416,13
4568,MS_O0471_13_Pink.xlsx,time_words,時間についてのことば,MS,O0471,0,0,O0471,f,1,416,13
4569,MS_O0471_13_Pink.xlsx,descriptive_words,ようす・性質,MS,O0471,0,0,O0471,f,1,416,13
4570,MS_O0471_13_Pink.xlsx,pronouns,代名詞,MS,O0471,0,0,O0471,f,1,416,13
4571,MS_O0471_13_Pink.xlsx,question_words,質問のことば,MS,O0471,1,0,O0471,f,1,416,13
4572,MS_O0471_13_Pink.xlsx,locations,位置と場所についてのことば,MS,O0471,0,0,O0471,f,1,416,13
4573,MS_O0471_13_Pink.xlsx,quantifiers,数量を表すことば,MS,O0471,0,0,O0471,f,1,416,13
4574,MS_O0471_13_Pink.xlsx,sounds2,幼児語（その２）,MS,O0471,0,0,O0471,f,1,416,13
4575,MS_O0471_13_Pink.xlsx,conversations,会話語,MS,O0471,0,0,O0471,f,1,416,13
4576,MS_O0471_13_Pink.xlsx,others,その他,MS,O0471,1,0,O0471,f,1,416,13
4577,OL_S1078_16_Pink.xlsx,sounds,幼児語,OL,S1078,5,4,S1078,m,1,496,16
4578,OL_S1078_16_Pink.xlsx,animals,動物の名前,OL,S1078,14,3,S1078,m,1,496,16
4579,OL_S1078_16_Pink.xlsx,vehicles,乗り物,OL,S1078,1,4,S1078,m,1,496,16
4580,OL_S1078_16_Pink.xlsx,toys,おもちゃ,OL,S1078,5,1,S1078,m,1,496,16
4581,OL_S1078_16_Pink.xlsx,food_drink,食べ物と飲み物,OL,S1078,10,14,S1078,m,1,496,16
4582,OL_S1078_16_Pink.xlsx,clothing,衣類,OL,S1078,6,1,S1078,m,1,496,16
4583,OL_S1078_16_Pink.xlsx,body_parts,体の部分,OL,S1078,11,2,S1078,m,1,496,16
4584,OL_S1078_16_Pink.xlsx,furniture_rooms,家具と部屋,OL,S1078,18,0,S1078,m,1,496,16
4585,OL_S1078_16_Pink.xlsx,household,小さな家庭用品,OL,S1078,23,1,S1078,m,1,496,16
4586,OL_S1078_16_Pink.xlsx,outside,戸外の物と場所,OL,S1078,12,0,S1078,m,1,496,16
4587,OL_S1078_16_Pink.xlsx,people,人々,OL,S1078,8,3,S1078,m,1,496,16
4588,OL_S1078_16_Pink.xlsx,games_routines,日課とあいさつ,OL,S1078,11,8,S1078,m,1,496,16
4589,OL_S1078_16_Pink.xlsx,action_words,動作語,OL,S1078,43,8,S1078,m,1,496,16
4590,OL_S1078_16_Pink.xlsx,time_words,時間についてのことば,OL,S1078,1,0,S1078,m,1,496,16
4591,OL_S1078_16_Pink.xlsx,descriptive_words,ようす・性質,OL,S1078,14,2,S1078,m,1,496,16
4592,OL_S1078_16_Pink.xlsx,pronouns,代名詞,OL,S1078,3,0,S1078,m,1,496,16
4593,OL_S1078_16_Pink.xlsx,question_words,質問のことば,OL,S1078,0,0,S1078,m,1,496,16
4594,OL_S1078_16_Pink.xlsx,locations,位置と場所についてのことば,OL,S1078,3,0,S1078,m,1,496,16
4595,OL_S1078_16_Pink.xlsx,quantifiers,数量を表すことば,OL,S1078,3,0,S1078,m,1,496,16
4596,OL_S1078_16_Pink.xlsx,sounds2,幼児語（その２）,OL,S1078,16,5,S1078,m,1,496,16
4597,OL_S1078_16_Pink.xlsx,conversations,会話語,OL,S1078,8,0,S1078,m,1,496,16
4598,OL_S1078_16_Pink.xlsx,others,その他,OL,S1078,4,0,S1078,m,1,496,16
4599,OU_U0001_12_Pink.xlsx,sounds,幼児語,OU,U0001,2,0,U0001,m,1,379,12
4600,OU_U0001_12_Pink.xlsx,animals,動物の名前,OU,U0001,1,0,U0001,m,1,379,12
4601,OU_U0001_12_Pink.xlsx,vehicles,乗り物,OU,U0001,3,0,U0001,m,1,379,12
4602,OU_U0001_12_Pink.xlsx,toys,おもちゃ,OU,U0001,2,0,U0001,m,1,379,12
4603,OU_U0001_12_Pink.xlsx,food_drink,食べ物と飲み物,OU,U0001,5,0,U0001,m,1,379,12
4604,OU_U0001_12_Pink.xlsx,clothing,衣類,OU,U0001,2,0,U0001,m,1,379,12
4605,OU_U0001_12_Pink.xlsx,body_parts,体の部分,OU,U0001,4,0,U0001,m,1,379,12
4606,OU_U0001_12_Pink.xlsx,furniture_rooms,家具と部屋,OU,U0001,4,0,U0001,m,1,379,12
4607,OU_U0001_12_Pink.xlsx,household,小さな家庭用品,OU,U0001,6,0,U0001,m,1,379,12
4608,OU_U0001_12_Pink.xlsx,outside,戸外の物と場所,OU,U0001,4,0,U0001,m,1,379,12
4609,OU_U0001_12_Pink.xlsx,people,人々,OU,U0001,3,2,U0001,m,1,379,12
4610,OU_U0001_12_Pink.xlsx,games_routines,日課とあいさつ,OU,U0001,16,1,U0001,m,1,379,12
4611,OU_U0001_12_Pink.xlsx,action_words,動作語,OU,U0001,17,0,U0001,m,1,379,12
4612,OU_U0001_12_Pink.xlsx,time_words,時間についてのことば,OU,U0001,1,0,U0001,m,1,379,12
4613,OU_U0001_12_Pink.xlsx,descriptive_words,ようす・性質,OU,U0001,8,0,U0001,m,1,379,12
4614,OU_U0001_12_Pink.xlsx,pronouns,代名詞,OU,U0001,0,0,U0001,m,1,379,12
4615,OU_U0001_12_Pink.xlsx,question_words,質問のことば,OU,U0001,1,0,U0001,m,1,379,12
4616,OU_U0001_12_Pink.xlsx,locations,位置と場所についてのことば,OU,U0001,0,0,U0001,m,1,379,12
4617,OU_U0001_12_Pink.xlsx,quantifiers,数量を表すことば,OU,U0001,1,0,U0001,m,1,379,12
4618,OU_U0001_12_Pink.xlsx,sounds2,幼児語（その２）,OU,U0001,5,0,U0001,m,1,379,12
4619,OU_U0001_12_Pink.xlsx,conversations,会話語,OU,U0001,2,0,U0001,m,1,379,12
4620,OU_U0001_12_Pink.xlsx,others,その他,OU,U0001,1,0,U0001,m,1,379,12
4621,OU_U0001_15_Pink.xlsx,sounds,幼児語,OU,U0001,7,0,U0001,m,1,480,15
4622,OU_U0001_15_Pink.xlsx,animals,動物の名前,OU,U0001,8,0,U0001,m,1,480,15
4623,OU_U0001_15_Pink.xlsx,vehicles,乗り物,OU,U0001,7,0,U0001,m,1,480,15
4624,OU_U0001_15_Pink.xlsx,toys,おもちゃ,OU,U0001,8,0,U0001,m,1,480,15
4625,OU_U0001_15_Pink.xlsx,food_drink,食べ物と飲み物,OU,U0001,16,0,U0001,m,1,480,15
4626,OU_U0001_15_Pink.xlsx,clothing,衣類,OU,U0001,6,0,U0001,m,1,480,15
4627,OU_U0001_15_Pink.xlsx,body_parts,体の部分,OU,U0001,17,0,U0001,m,1,480,15
4628,OU_U0001_15_Pink.xlsx,furniture_rooms,家具と部屋,OU,U0001,17,0,U0001,m,1,480,15
4629,OU_U0001_15_Pink.xlsx,household,小さな家庭用品,OU,U0001,19,0,U0001,m,1,480,15
4630,OU_U0001_15_Pink.xlsx,outside,戸外の物と場所,OU,U0001,10,0,U0001,m,1,480,15
4631,OU_U0001_15_Pink.xlsx,people,人々,OU,U0001,5,2,U0001,m,1,480,15
4632,OU_U0001_15_Pink.xlsx,games_routines,日課とあいさつ,OU,U0001,12,7,U0001,m,1,480,15
4633,OU_U0001_15_Pink.xlsx,action_words,動作語,OU,U0001,39,0,U0001,m,1,480,15
4634,OU_U0001_15_Pink.xlsx,time_words,時間についてのことば,OU,U0001,3,0,U0001,m,1,480,15
4635,OU_U0001_15_Pink.xlsx,descriptive_words,ようす・性質,OU,U0001,14,0,U0001,m,1,480,15
4636,OU_U0001_15_Pink.xlsx,pronouns,代名詞,OU,U0001,0,0,U0001,m,1,480,15
4637,OU_U0001_15_Pink.xlsx,question_words,質問のことば,OU,U0001,1,0,U0001,m,1,480,15
4638,OU_U0001_15_Pink.xlsx,locations,位置と場所についてのことば,OU,U0001,0,0,U0001,m,1,480,15
4639,OU_U0001_15_Pink.xlsx,quantifiers,数量を表すことば,OU,U0001,5,0,U0001,m,1,480,15
4640,OU_U0001_15_Pink.xlsx,sounds2,幼児語（その２）,OU,U0001,18,0,U0001,m,1,480,15
4641,OU_U0001_15_Pink.xlsx,conversations,会話語,OU,U0001,1,3,U0001,m,1,480,15
4642,OU_U0001_15_Pink.xlsx,others,その他,OU,U0001,6,0,U0001,m,1,480,15
4643,OU_U0001_18_Pink.xlsx,sounds,幼児語,OU,U0001,4,3,U0001,m,1,571,18
4644,OU_U0001_18_Pink.xlsx,animals,動物の名前,OU,U0001,25,0,U0001,m,1,571,18
4645,OU_U0001_18_Pink.xlsx,vehicles,乗り物,OU,U0001,2,6,U0001,m,1,571,18
4646,OU_U0001_18_Pink.xlsx,toys,おもちゃ,OU,U0001,7,1,U0001,m,1,571,18
4647,OU_U0001_18_Pink.xlsx,food_drink,食べ物と飲み物,OU,U0001,23,0,U0001,m,1,571,18
4648,OU_U0001_18_Pink.xlsx,clothing,衣類,OU,U0001,7,0,U0001,m,1,571,18
4649,OU_U0001_18_Pink.xlsx,body_parts,体の部分,OU,U0001,18,1,U0001,m,1,571,18
4650,OU_U0001_18_Pink.xlsx,furniture_rooms,家具と部屋,OU,U0001,18,0,U0001,m,1,571,18
4651,OU_U0001_18_Pink.xlsx,household,小さな家庭用品,OU,U0001,28,0,U0001,m,1,571,18
4652,OU_U0001_18_Pink.xlsx,outside,戸外の物と場所,OU,U0001,18,0,U0001,m,1,571,18
4653,OU_U0001_18_Pink.xlsx,people,人々,OU,U0001,8,4,U0001,m,1,571,18
4654,OU_U0001_18_Pink.xlsx,games_routines,日課とあいさつ,OU,U0001,7,12,U0001,m,1,571,18
4655,OU_U0001_18_Pink.xlsx,action_words,動作語,OU,U0001,52,0,U0001,m,1,571,18
4656,OU_U0001_18_Pink.xlsx,time_words,時間についてのことば,OU,U0001,4,0,U0001,m,1,571,18
4657,OU_U0001_18_Pink.xlsx,descriptive_words,ようす・性質,OU,U0001,21,0,U0001,m,1,571,18
4658,OU_U0001_18_Pink.xlsx,pronouns,代名詞,OU,U0001,9,0,U0001,m,1,571,18
4659,OU_U0001_18_Pink.xlsx,question_words,質問のことば,OU,U0001,1,0,U0001,m,1,571,18
4660,OU_U0001_18_Pink.xlsx,locations,位置と場所についてのことば,OU,U0001,0,0,U0001,m,1,571,18
4661,OU_U0001_18_Pink.xlsx,quantifiers,数量を表すことば,OU,U0001,6,0,U0001,m,1,571,18
4662,OU_U0001_18_Pink.xlsx,sounds2,幼児語（その２）,OU,U0001,24,4,U0001,m,1,571,18
4663,OU_U0001_18_Pink.xlsx,conversations,会話語,OU,U0001,1,4,U0001,m,1,571,18
4664,OU_U0001_18_Pink.xlsx,others,その他,OU,U0001,4,2,U0001,m,1,571,18
4665,OU_U0002_12_Pink.xlsx,sounds,幼児語,OU,U0002,1,3,U0002,f,1,374,12
4666,OU_U0002_12_Pink.xlsx,animals,動物の名前,OU,U0002,1,0,U0002,f,1,374,12
4667,OU_U0002_12_Pink.xlsx,vehicles,乗り物,OU,U0002,0,0,U0002,f,1,374,12
4668,OU_U0002_12_Pink.xlsx,toys,おもちゃ,OU,U0002,0,0,U0002,f,1,374,12
4669,OU_U0002_12_Pink.xlsx,food_drink,食べ物と飲み物,OU,U0002,0,0,U0002,f,1,374,12
4670,OU_U0002_12_Pink.xlsx,clothing,衣類,OU,U0002,0,0,U0002,f,1,374,12
4671,OU_U0002_12_Pink.xlsx,body_parts,体の部分,OU,U0002,0,0,U0002,f,1,374,12
4672,OU_U0002_12_Pink.xlsx,furniture_rooms,家具と部屋,OU,U0002,0,0,U0002,f,1,374,12
4673,OU_U0002_12_Pink.xlsx,household,小さな家庭用品,OU,U0002,0,0,U0002,f,1,374,12
4674,OU_U0002_12_Pink.xlsx,outside,戸外の物と場所,OU,U0002,0,0,U0002,f,1,374,12
4675,OU_U0002_12_Pink.xlsx,people,人々,OU,U0002,4,0,U0002,f,1,374,12
4676,OU_U0002_12_Pink.xlsx,games_routines,日課とあいさつ,OU,U0002,4,0,U0002,f,1,374,12
4677,OU_U0002_12_Pink.xlsx,action_words,動作語,OU,U0002,0,0,U0002,f,1,374,12
4678,OU_U0002_12_Pink.xlsx,time_words,時間についてのことば,OU,U0002,0,0,U0002,f,1,374,12
4679,OU_U0002_12_Pink.xlsx,descriptive_words,ようす・性質,OU,U0002,0,1,U0002,f,1,374,12
4680,OU_U0002_12_Pink.xlsx,pronouns,代名詞,OU,U0002,0,0,U0002,f,1,374,12
4681,OU_U0002_12_Pink.xlsx,question_words,質問のことば,OU,U0002,0,0,U0002,f,1,374,12
4682,OU_U0002_12_Pink.xlsx,locations,位置と場所についてのことば,OU,U0002,0,0,U0002,f,1,374,12
4683,OU_U0002_12_Pink.xlsx,quantifiers,数量を表すことば,OU,U0002,1,0,U0002,f,1,374,12
4684,OU_U0002_12_Pink.xlsx,sounds2,幼児語（その２）,OU,U0002,0,1,U0002,f,1,374,12
4685,OU_U0002_12_Pink.xlsx,conversations,会話語,OU,U0002,0,0,U0002,f,1,374,12
4686,OU_U0002_12_Pink.xlsx,others,その他,OU,U0002,1,0,U0002,f,1,374,12
4687,OU_U0002_15_Pink.xlsx,sounds,幼児語,OU,U0002,1,3,U0002,f,1,462,15
4688,OU_U0002_15_Pink.xlsx,animals,動物の名前,OU,U0002,1,0,U0002,f,1,462,15
4689,OU_U0002_15_Pink.xlsx,vehicles,乗り物,OU,U0002,0,0,U0002,f,1,462,15
4690,OU_U0002_15_Pink.xlsx,toys,おもちゃ,OU,U0002,0,1,U0002,f,1,462,15
4691,OU_U0002_15_Pink.xlsx,food_drink,食べ物と飲み物,OU,U0002,5,0,U0002,f,1,462,15
4692,OU_U0002_15_Pink.xlsx,clothing,衣類,OU,U0002,0,0,U0002,f,1,462,15
4693,OU_U0002_15_Pink.xlsx,body_parts,体の部分,OU,U0002,0,0,U0002,f,1,462,15
4694,OU_U0002_15_Pink.xlsx,furniture_rooms,家具と部屋,OU,U0002,0,0,U0002,f,1,462,15
4695,OU_U0002_15_Pink.xlsx,household,小さな家庭用品,OU,U0002,0,0,U0002,f,1,462,15
4696,OU_U0002_15_Pink.xlsx,outside,戸外の物と場所,OU,U0002,1,0,U0002,f,1,462,15
4697,OU_U0002_15_Pink.xlsx,people,人々,OU,U0002,4,2,U0002,f,1,462,15
4698,OU_U0002_15_Pink.xlsx,games_routines,日課とあいさつ,OU,U0002,6,3,U0002,f,1,462,15
4699,OU_U0002_15_Pink.xlsx,action_words,動作語,OU,U0002,0,0,U0002,f,1,462,15
4700,OU_U0002_15_Pink.xlsx,time_words,時間についてのことば,OU,U0002,0,0,U0002,f,1,462,15
4701,OU_U0002_15_Pink.xlsx,descriptive_words,ようす・性質,OU,U0002,1,4,U0002,f,1,462,15
4702,OU_U0002_15_Pink.xlsx,pronouns,代名詞,OU,U0002,0,0,U0002,f,1,462,15
4703,OU_U0002_15_Pink.xlsx,question_words,質問のことば,OU,U0002,0,0,U0002,f,1,462,15
4704,OU_U0002_15_Pink.xlsx,locations,位置と場所についてのことば,OU,U0002,0,0,U0002,f,1,462,15
4705,OU_U0002_15_Pink.xlsx,quantifiers,数量を表すことば,OU,U0002,1,1,U0002,f,1,462,15
4706,OU_U0002_15_Pink.xlsx,sounds2,幼児語（その２）,OU,U0002,1,3,U0002,f,1,462,15
4707,OU_U0002_15_Pink.xlsx,conversations,会話語,OU,U0002,0,0,U0002,f,1,462,15
4708,OU_U0002_15_Pink.xlsx,others,その他,OU,U0002,2,0,U0002,f,1,462,15
4709,OU_U0002_18_Pink.xlsx,sounds,幼児語,OU,U0002,2,4,U0002,f,1,557,18
4710,OU_U0002_18_Pink.xlsx,animals,動物の名前,OU,U0002,3,0,U0002,f,1,557,18
4711,OU_U0002_18_Pink.xlsx,vehicles,乗り物,OU,U0002,1,0,U0002,f,1,557,18
4712,OU_U0002_18_Pink.xlsx,toys,おもちゃ,OU,U0002,1,0,U0002,f,1,557,18
4713,OU_U0002_18_Pink.xlsx,food_drink,食べ物と飲み物,OU,U0002,2,0,U0002,f,1,557,18
4714,OU_U0002_18_Pink.xlsx,clothing,衣類,OU,U0002,2,0,U0002,f,1,557,18
4715,OU_U0002_18_Pink.xlsx,body_parts,体の部分,OU,U0002,1,1,U0002,f,1,557,18
4716,OU_U0002_18_Pink.xlsx,furniture_rooms,家具と部屋,OU,U0002,1,0,U0002,f,1,557,18
4717,OU_U0002_18_Pink.xlsx,household,小さな家庭用品,OU,U0002,1,0,U0002,f,1,557,18
4718,OU_U0002_18_Pink.xlsx,outside,戸外の物と場所,OU,U0002,2,0,U0002,f,1,557,18
4719,OU_U0002_18_Pink.xlsx,people,人々,OU,U0002,5,2,U0002,f,1,557,18
4720,OU_U0002_18_Pink.xlsx,games_routines,日課とあいさつ,OU,U0002,11,3,U0002,f,1,557,18
4721,OU_U0002_18_Pink.xlsx,action_words,動作語,OU,U0002,2,0,U0002,f,1,557,18
4722,OU_U0002_18_Pink.xlsx,time_words,時間についてのことば,OU,U0002,0,0,U0002,f,1,557,18
4723,OU_U0002_18_Pink.xlsx,descriptive_words,ようす・性質,OU,U0002,1,4,U0002,f,1,557,18
4724,OU_U0002_18_Pink.xlsx,pronouns,代名詞,OU,U0002,5,1,U0002,f,1,557,18
4725,OU_U0002_18_Pink.xlsx,question_words,質問のことば,OU,U0002,0,0,U0002,f,1,557,18
4726,OU_U0002_18_Pink.xlsx,locations,位置と場所についてのことば,OU,U0002,0,0,U0002,f,1,557,18
4727,OU_U0002_18_Pink.xlsx,quantifiers,数量を表すことば,OU,U0002,2,1,U0002,f,1,557,18
4728,OU_U0002_18_Pink.xlsx,sounds2,幼児語（その２）,OU,U0002,6,3,U0002,f,1,557,18
4729,OU_U0002_18_Pink.xlsx,conversations,会話語,OU,U0002,0,0,U0002,f,1,557,18
4730,OU_U0002_18_Pink.xlsx,others,その他,OU,U0002,3,0,U0002,f,1,557,18
4731,OU_U0003_12_Pink.xlsx,sounds,幼児語,OU,U0003,0,0,U0003,f,1,380,12
4732,OU_U0003_12_Pink.xlsx,animals,動物の名前,OU,U0003,0,0,U0003,f,1,380,12
4733,OU_U0003_12_Pink.xlsx,vehicles,乗り物,OU,U0003,0,0,U0003,f,1,380,12
4734,OU_U0003_12_Pink.xlsx,toys,おもちゃ,OU,U0003,0,0,U0003,f,1,380,12
4735,OU_U0003_12_Pink.xlsx,food_drink,食べ物と飲み物,OU,U0003,0,0,U0003,f,1,380,12
4736,OU_U0003_12_Pink.xlsx,clothing,衣類,OU,U0003,0,0,U0003,f,1,380,12
4737,OU_U0003_12_Pink.xlsx,body_parts,体の部分,OU,U0003,0,0,U0003,f,1,380,12
4738,OU_U0003_12_Pink.xlsx,furniture_rooms,家具と部屋,OU,U0003,0,0,U0003,f,1,380,12
4739,OU_U0003_12_Pink.xlsx,household,小さな家庭用品,OU,U0003,0,0,U0003,f,1,380,12
4740,OU_U0003_12_Pink.xlsx,outside,戸外の物と場所,OU,U0003,0,0,U0003,f,1,380,12
4741,OU_U0003_12_Pink.xlsx,people,人々,OU,U0003,2,0,U0003,f,1,380,12
4742,OU_U0003_12_Pink.xlsx,games_routines,日課とあいさつ,OU,U0003,8,0,U0003,f,1,380,12
4743,OU_U0003_12_Pink.xlsx,action_words,動作語,OU,U0003,0,0,U0003,f,1,380,12
4744,OU_U0003_12_Pink.xlsx,time_words,時間についてのことば,OU,U0003,0,0,U0003,f,1,380,12
4745,OU_U0003_12_Pink.xlsx,descriptive_words,ようす・性質,OU,U0003,0,0,U0003,f,1,380,12
4746,OU_U0003_12_Pink.xlsx,pronouns,代名詞,OU,U0003,0,0,U0003,f,1,380,12
4747,OU_U0003_12_Pink.xlsx,question_words,質問のことば,OU,U0003,0,0,U0003,f,1,380,12
4748,OU_U0003_12_Pink.xlsx,locations,位置と場所についてのことば,OU,U0003,0,0,U0003,f,1,380,12
4749,OU_U0003_12_Pink.xlsx,quantifiers,数量を表すことば,OU,U0003,0,0,U0003,f,1,380,12
4750,OU_U0003_12_Pink.xlsx,sounds2,幼児語（その２）,OU,U0003,1,0,U0003,f,1,380,12
4751,OU_U0003_12_Pink.xlsx,conversations,会話語,OU,U0003,0,0,U0003,f,1,380,12
4752,OU_U0003_12_Pink.xlsx,others,その他,OU,U0003,1,0,U0003,f,1,380,12
4753,OU_U0003_15_Pink.xlsx,sounds,幼児語,OU,U0003,4,0,U0003,f,1,469,15
4754,OU_U0003_15_Pink.xlsx,animals,動物の名前,OU,U0003,0,0,U0003,f,1,469,15
4755,OU_U0003_15_Pink.xlsx,vehicles,乗り物,OU,U0003,0,0,U0003,f,1,469,15
4756,OU_U0003_15_Pink.xlsx,toys,おもちゃ,OU,U0003,1,0,U0003,f,1,469,15
4757,OU_U0003_15_Pink.xlsx,food_drink,食べ物と飲み物,OU,U0003,0,0,U0003,f,1,469,15
4758,OU_U0003_15_Pink.xlsx,clothing,衣類,OU,U0003,0,0,U0003,f,1,469,15
4759,OU_U0003_15_Pink.xlsx,body_parts,体の部分,OU,U0003,1,0,U0003,f,1,469,15
4760,OU_U0003_15_Pink.xlsx,furniture_rooms,家具と部屋,OU,U0003,0,0,U0003,f,1,469,15
4761,OU_U0003_15_Pink.xlsx,household,小さな家庭用品,OU,U0003,1,0,U0003,f,1,469,15
4762,OU_U0003_15_Pink.xlsx,outside,戸外の物と場所,OU,U0003,2,0,U0003,f,1,469,15
4763,OU_U0003_15_Pink.xlsx,people,人々,OU,U0003,1,2,U0003,f,1,469,15
4764,OU_U0003_15_Pink.xlsx,games_routines,日課とあいさつ,OU,U0003,13,0,U0003,f,1,469,15
4765,OU_U0003_15_Pink.xlsx,action_words,動作語,OU,U0003,1,0,U0003,f,1,469,15
4766,OU_U0003_15_Pink.xlsx,time_words,時間についてのことば,OU,U0003,0,0,U0003,f,1,469,15
4767,OU_U0003_15_Pink.xlsx,descriptive_words,ようす・性質,OU,U0003,0,0,U0003,f,1,469,15
4768,OU_U0003_15_Pink.xlsx,pronouns,代名詞,OU,U0003,0,0,U0003,f,1,469,15
4769,OU_U0003_15_Pink.xlsx,question_words,質問のことば,OU,U0003,1,0,U0003,f,1,469,15
4770,OU_U0003_15_Pink.xlsx,locations,位置と場所についてのことば,OU,U0003,0,0,U0003,f,1,469,15
4771,OU_U0003_15_Pink.xlsx,quantifiers,数量を表すことば,OU,U0003,0,0,U0003,f,1,469,15
4772,OU_U0003_15_Pink.xlsx,sounds2,幼児語（その２）,OU,U0003,5,0,U0003,f,1,469,15
4773,OU_U0003_15_Pink.xlsx,conversations,会話語,OU,U0003,1,0,U0003,f,1,469,15
4774,OU_U0003_15_Pink.xlsx,others,その他,OU,U0003,2,0,U0003,f,1,469,15
4775,OU_U0003_18_Pink.xlsx,sounds,幼児語,OU,U0003,5,2,U0003,f,1,558,18
4776,OU_U0003_18_Pink.xlsx,animals,動物の名前,OU,U0003,15,0,U0003,f,1,558,18
4777,OU_U0003_18_Pink.xlsx,vehicles,乗り物,OU,U0003,4,1,U0003,f,1,558,18
4778,OU_U0003_18_Pink.xlsx,toys,おもちゃ,OU,U0003,3,0,U0003,f,1,558,18
4779,OU_U0003_18_Pink.xlsx,food_drink,食べ物と飲み物,OU,U0003,3,1,U0003,f,1,558,18
4780,OU_U0003_18_Pink.xlsx,clothing,衣類,OU,U0003,3,0,U0003,f,1,558,18
4781,OU_U0003_18_Pink.xlsx,body_parts,体の部分,OU,U0003,6,0,U0003,f,1,558,18
4782,OU_U0003_18_Pink.xlsx,furniture_rooms,家具と部屋,OU,U0003,3,0,U0003,f,1,558,18
4783,OU_U0003_18_Pink.xlsx,household,小さな家庭用品,OU,U0003,5,0,U0003,f,1,558,18
4784,OU_U0003_18_Pink.xlsx,outside,戸外の物と場所,OU,U0003,4,1,U0003,f,1,558,18
4785,OU_U0003_18_Pink.xlsx,people,人々,OU,U0003,2,5,U0003,f,1,558,18
4786,OU_U0003_18_Pink.xlsx,games_routines,日課とあいさつ,OU,U0003,13,1,U0003,f,1,558,18
4787,OU_U0003_18_Pink.xlsx,action_words,動作語,OU,U0003,21,0,U0003,f,1,558,18
4788,OU_U0003_18_Pink.xlsx,time_words,時間についてのことば,OU,U0003,2,0,U0003,f,1,558,18
4789,OU_U0003_18_Pink.xlsx,descriptive_words,ようす・性質,OU,U0003,3,0,U0003,f,1,558,18
4790,OU_U0003_18_Pink.xlsx,pronouns,代名詞,OU,U0003,2,0,U0003,f,1,558,18
4791,OU_U0003_18_Pink.xlsx,question_words,質問のことば,OU,U0003,4,0,U0003,f,1,558,18
4792,OU_U0003_18_Pink.xlsx,locations,位置と場所についてのことば,OU,U0003,4,0,U0003,f,1,558,18
4793,OU_U0003_18_Pink.xlsx,quantifiers,数量を表すことば,OU,U0003,1,0,U0003,f,1,558,18
4794,OU_U0003_18_Pink.xlsx,sounds2,幼児語（その２）,OU,U0003,12,0,U0003,f,1,558,18
4795,OU_U0003_18_Pink.xlsx,conversations,会話語,OU,U0003,3,0,U0003,f,1,558,18
4796,OU_U0003_18_Pink.xlsx,others,その他,OU,U0003,2,1,U0003,f,1,558,18
4797,OU_U0004_12_Pink.xlsx,sounds,幼児語,OU,U0004,0,0,U0004,m,1,377,12
4798,OU_U0004_12_Pink.xlsx,animals,動物の名前,OU,U0004,0,0,U0004,m,1,377,12
4799,OU_U0004_12_Pink.xlsx,vehicles,乗り物,OU,U0004,0,0,U0004,m,1,377,12
4800,OU_U0004_12_Pink.xlsx,toys,おもちゃ,OU,U0004,0,0,U0004,m,1,377,12
4801,OU_U0004_12_Pink.xlsx,food_drink,食べ物と飲み物,OU,U0004,0,0,U0004,m,1,377,12
4802,OU_U0004_12_Pink.xlsx,clothing,衣類,OU,U0004,0,0,U0004,m,1,377,12
4803,OU_U0004_12_Pink.xlsx,body_parts,体の部分,OU,U0004,0,0,U0004,m,1,377,12
4804,OU_U0004_12_Pink.xlsx,furniture_rooms,家具と部屋,OU,U0004,0,0,U0004,m,1,377,12
4805,OU_U0004_12_Pink.xlsx,household,小さな家庭用品,OU,U0004,0,0,U0004,m,1,377,12
4806,OU_U0004_12_Pink.xlsx,outside,戸外の物と場所,OU,U0004,0,0,U0004,m,1,377,12
4807,OU_U0004_12_Pink.xlsx,people,人々,OU,U0004,4,0,U0004,m,1,377,12
4808,OU_U0004_12_Pink.xlsx,games_routines,日課とあいさつ,OU,U0004,3,0,U0004,m,1,377,12
4809,OU_U0004_12_Pink.xlsx,action_words,動作語,OU,U0004,0,0,U0004,m,1,377,12
4810,OU_U0004_12_Pink.xlsx,time_words,時間についてのことば,OU,U0004,0,0,U0004,m,1,377,12
4811,OU_U0004_12_Pink.xlsx,descriptive_words,ようす・性質,OU,U0004,0,0,U0004,m,1,377,12
4812,OU_U0004_12_Pink.xlsx,pronouns,代名詞,OU,U0004,2,0,U0004,m,1,377,12
4813,OU_U0004_12_Pink.xlsx,question_words,質問のことば,OU,U0004,0,0,U0004,m,1,377,12
4814,OU_U0004_12_Pink.xlsx,locations,位置と場所についてのことば,OU,U0004,0,0,U0004,m,1,377,12
4815,OU_U0004_12_Pink.xlsx,quantifiers,数量を表すことば,OU,U0004,0,0,U0004,m,1,377,12
4816,OU_U0004_12_Pink.xlsx,sounds2,幼児語（その２）,OU,U0004,2,0,U0004,m,1,377,12
4817,OU_U0004_12_Pink.xlsx,conversations,会話語,OU,U0004,0,0,U0004,m,1,377,12
4818,OU_U0004_12_Pink.xlsx,others,その他,OU,U0004,1,0,U0004,m,1,377,12
4819,OU_U0004_15_Pink.xlsx,sounds,幼児語,OU,U0004,1,0,U0004,m,1,466,15
4820,OU_U0004_15_Pink.xlsx,animals,動物の名前,OU,U0004,0,0,U0004,m,1,466,15
4821,OU_U0004_15_Pink.xlsx,vehicles,乗り物,OU,U0004,0,0,U0004,m,1,466,15
4822,OU_U0004_15_Pink.xlsx,toys,おもちゃ,OU,U0004,0,0,U0004,m,1,466,15
4823,OU_U0004_15_Pink.xlsx,food_drink,食べ物と飲み物,OU,U0004,2,0,U0004,m,1,466,15
4824,OU_U0004_15_Pink.xlsx,clothing,衣類,OU,U0004,0,0,U0004,m,1,466,15
4825,OU_U0004_15_Pink.xlsx,body_parts,体の部分,OU,U0004,1,0,U0004,m,1,466,15
4826,OU_U0004_15_Pink.xlsx,furniture_rooms,家具と部屋,OU,U0004,1,0,U0004,m,1,466,15
4827,OU_U0004_15_Pink.xlsx,household,小さな家庭用品,OU,U0004,0,0,U0004,m,1,466,15
4828,OU_U0004_15_Pink.xlsx,outside,戸外の物と場所,OU,U0004,1,0,U0004,m,1,466,15
4829,OU_U0004_15_Pink.xlsx,people,人々,OU,U0004,4,0,U0004,m,1,466,15
4830,OU_U0004_15_Pink.xlsx,games_routines,日課とあいさつ,OU,U0004,4,0,U0004,m,1,466,15
4831,OU_U0004_15_Pink.xlsx,action_words,動作語,OU,U0004,0,0,U0004,m,1,466,15
4832,OU_U0004_15_Pink.xlsx,time_words,時間についてのことば,OU,U0004,0,0,U0004,m,1,466,15
4833,OU_U0004_15_Pink.xlsx,descriptive_words,ようす・性質,OU,U0004,1,0,U0004,m,1,466,15
4834,OU_U0004_15_Pink.xlsx,pronouns,代名詞,OU,U0004,2,0,U0004,m,1,466,15
4835,OU_U0004_15_Pink.xlsx,question_words,質問のことば,OU,U0004,0,0,U0004,m,1,466,15
4836,OU_U0004_15_Pink.xlsx,locations,位置と場所についてのことば,OU,U0004,0,0,U0004,m,1,466,15
4837,OU_U0004_15_Pink.xlsx,quantifiers,数量を表すことば,OU,U0004,0,0,U0004,m,1,466,15
4838,OU_U0004_15_Pink.xlsx,sounds2,幼児語（その２）,OU,U0004,3,0,U0004,m,1,466,15
4839,OU_U0004_15_Pink.xlsx,conversations,会話語,OU,U0004,0,0,U0004,m,1,466,15
4840,OU_U0004_15_Pink.xlsx,others,その他,OU,U0004,2,0,U0004,m,1,466,15
4841,OU_U0004_18_Pink.xlsx,sounds,幼児語,OU,U0004,3,0,U0004,m,1,556,18
4842,OU_U0004_18_Pink.xlsx,animals,動物の名前,OU,U0004,0,0,U0004,m,1,556,18
4843,OU_U0004_18_Pink.xlsx,vehicles,乗り物,OU,U0004,1,0,U0004,m,1,556,18
4844,OU_U0004_18_Pink.xlsx,toys,おもちゃ,OU,U0004,0,0,U0004,m,1,556,18
4845,OU_U0004_18_Pink.xlsx,food_drink,食べ物と飲み物,OU,U0004,2,0,U0004,m,1,556,18
4846,OU_U0004_18_Pink.xlsx,clothing,衣類,OU,U0004,0,0,U0004,m,1,556,18
4847,OU_U0004_18_Pink.xlsx,body_parts,体の部分,OU,U0004,1,0,U0004,m,1,556,18
4848,OU_U0004_18_Pink.xlsx,furniture_rooms,家具と部屋,OU,U0004,1,0,U0004,m,1,556,18
4849,OU_U0004_18_Pink.xlsx,household,小さな家庭用品,OU,U0004,0,0,U0004,m,1,556,18
4850,OU_U0004_18_Pink.xlsx,outside,戸外の物と場所,OU,U0004,2,0,U0004,m,1,556,18
4851,OU_U0004_18_Pink.xlsx,people,人々,OU,U0004,4,0,U0004,m,1,556,18
4852,OU_U0004_18_Pink.xlsx,games_routines,日課とあいさつ,OU,U0004,6,0,U0004,m,1,556,18
4853,OU_U0004_18_Pink.xlsx,action_words,動作語,OU,U0004,0,0,U0004,m,1,556,18
4854,OU_U0004_18_Pink.xlsx,time_words,時間についてのことば,OU,U0004,0,0,U0004,m,1,556,18
4855,OU_U0004_18_Pink.xlsx,descriptive_words,ようす・性質,OU,U0004,1,0,U0004,m,1,556,18
4856,OU_U0004_18_Pink.xlsx,pronouns,代名詞,OU,U0004,2,0,U0004,m,1,556,18
4857,OU_U0004_18_Pink.xlsx,question_words,質問のことば,OU,U0004,0,0,U0004,m,1,556,18
4858,OU_U0004_18_Pink.xlsx,locations,位置と場所についてのことば,OU,U0004,0,0,U0004,m,1,556,18
4859,OU_U0004_18_Pink.xlsx,quantifiers,数量を表すことば,OU,U0004,0,0,U0004,m,1,556,18
4860,OU_U0004_18_Pink.xlsx,sounds2,幼児語（その２）,OU,U0004,4,0,U0004,m,1,556,18
4861,OU_U0004_18_Pink.xlsx,conversations,会話語,OU,U0004,0,0,U0004,m,1,556,18
4862,OU_U0004_18_Pink.xlsx,others,その他,OU,U0004,2,0,U0004,m,1,556,18
4863,OU_U0005_12_Pink.xlsx,sounds,幼児語,OU,U0005,1,1,U0005,f,1,377,12
4864,OU_U0005_12_Pink.xlsx,animals,動物の名前,OU,U0005,0,0,U0005,f,1,377,12
4865,OU_U0005_12_Pink.xlsx,vehicles,乗り物,OU,U0005,0,0,U0005,f,1,377,12
4866,OU_U0005_12_Pink.xlsx,toys,おもちゃ,OU,U0005,0,0,U0005,f,1,377,12
4867,OU_U0005_12_Pink.xlsx,food_drink,食べ物と飲み物,OU,U0005,0,1,U0005,f,1,377,12
4868,OU_U0005_12_Pink.xlsx,clothing,衣類,OU,U0005,0,0,U0005,f,1,377,12
4869,OU_U0005_12_Pink.xlsx,body_parts,体の部分,OU,U0005,1,0,U0005,f,1,377,12
4870,OU_U0005_12_Pink.xlsx,furniture_rooms,家具と部屋,OU,U0005,1,0,U0005,f,1,377,12
4871,OU_U0005_12_Pink.xlsx,household,小さな家庭用品,OU,U0005,0,0,U0005,f,1,377,12
4872,OU_U0005_12_Pink.xlsx,outside,戸外の物と場所,OU,U0005,0,0,U0005,f,1,377,12
4873,OU_U0005_12_Pink.xlsx,people,人々,OU,U0005,3,0,U0005,f,1,377,12
4874,OU_U0005_12_Pink.xlsx,games_routines,日課とあいさつ,OU,U0005,9,2,U0005,f,1,377,12
4875,OU_U0005_12_Pink.xlsx,action_words,動作語,OU,U0005,7,0,U0005,f,1,377,12
4876,OU_U0005_12_Pink.xlsx,time_words,時間についてのことば,OU,U0005,0,0,U0005,f,1,377,12
4877,OU_U0005_12_Pink.xlsx,descriptive_words,ようす・性質,OU,U0005,4,1,U0005,f,1,377,12
4878,OU_U0005_12_Pink.xlsx,pronouns,代名詞,OU,U0005,0,0,U0005,f,1,377,12
4879,OU_U0005_12_Pink.xlsx,question_words,質問のことば,OU,U0005,0,0,U0005,f,1,377,12
4880,OU_U0005_12_Pink.xlsx,locations,位置と場所についてのことば,OU,U0005,0,0,U0005,f,1,377,12
4881,OU_U0005_12_Pink.xlsx,quantifiers,数量を表すことば,OU,U0005,0,0,U0005,f,1,377,12
4882,OU_U0005_12_Pink.xlsx,sounds2,幼児語（その２）,OU,U0005,2,1,U0005,f,1,377,12
4883,OU_U0005_12_Pink.xlsx,conversations,会話語,OU,U0005,0,0,U0005,f,1,377,12
4884,OU_U0005_12_Pink.xlsx,others,その他,OU,U0005,2,0,U0005,f,1,377,12
4885,OU_U0005_15_Pink.xlsx,sounds,幼児語,OU,U0005,4,2,U0005,f,1,462,15
4886,OU_U0005_15_Pink.xlsx,animals,動物の名前,OU,U0005,8,2,U0005,f,1,462,15
4887,OU_U0005_15_Pink.xlsx,vehicles,乗り物,OU,U0005,2,0,U0005,f,1,462,15
4888,OU_U0005_15_Pink.xlsx,toys,おもちゃ,OU,U0005,2,0,U0005,f,1,462,15
4889,OU_U0005_15_Pink.xlsx,food_drink,食べ物と飲み物,OU,U0005,6,6,U0005,f,1,462,15
4890,OU_U0005_15_Pink.xlsx,clothing,衣類,OU,U0005,4,0,U0005,f,1,462,15
4891,OU_U0005_15_Pink.xlsx,body_parts,体の部分,OU,U0005,8,0,U0005,f,1,462,15
4892,OU_U0005_15_Pink.xlsx,furniture_rooms,家具と部屋,OU,U0005,3,0,U0005,f,1,462,15
4893,OU_U0005_15_Pink.xlsx,household,小さな家庭用品,OU,U0005,7,0,U0005,f,1,462,15
4894,OU_U0005_15_Pink.xlsx,outside,戸外の物と場所,OU,U0005,7,0,U0005,f,1,462,15
4895,OU_U0005_15_Pink.xlsx,people,人々,OU,U0005,6,0,U0005,f,1,462,15
4896,OU_U0005_15_Pink.xlsx,games_routines,日課とあいさつ,OU,U0005,12,4,U0005,f,1,462,15
4897,OU_U0005_15_Pink.xlsx,action_words,動作語,OU,U0005,12,0,U0005,f,1,462,15
4898,OU_U0005_15_Pink.xlsx,time_words,時間についてのことば,OU,U0005,3,0,U0005,f,1,462,15
4899,OU_U0005_15_Pink.xlsx,descriptive_words,ようす・性質,OU,U0005,8,1,U0005,f,1,462,15
4900,OU_U0005_15_Pink.xlsx,pronouns,代名詞,OU,U0005,0,0,U0005,f,1,462,15
4901,OU_U0005_15_Pink.xlsx,question_words,質問のことば,OU,U0005,2,0,U0005,f,1,462,15
4902,OU_U0005_15_Pink.xlsx,locations,位置と場所についてのことば,OU,U0005,0,0,U0005,f,1,462,15
4903,OU_U0005_15_Pink.xlsx,quantifiers,数量を表すことば,OU,U0005,1,0,U0005,f,1,462,15
4904,OU_U0005_15_Pink.xlsx,sounds2,幼児語（その２）,OU,U0005,14,1,U0005,f,1,462,15
4905,OU_U0005_15_Pink.xlsx,conversations,会話語,OU,U0005,2,0,U0005,f,1,462,15
4906,OU_U0005_15_Pink.xlsx,others,その他,OU,U0005,2,0,U0005,f,1,462,15
4907,OU_U0005_18_Pink.xlsx,sounds,幼児語,OU,U0005,4,6,U0005,f,1,560,18
4908,OU_U0005_18_Pink.xlsx,animals,動物の名前,OU,U0005,9,17,U0005,f,1,560,18
4909,OU_U0005_18_Pink.xlsx,vehicles,乗り物,OU,U0005,1,5,U0005,f,1,560,18
4910,OU_U0005_18_Pink.xlsx,toys,おもちゃ,OU,U0005,3,1,U0005,f,1,560,18
4911,OU_U0005_18_Pink.xlsx,food_drink,食べ物と飲み物,OU,U0005,4,15,U0005,f,1,560,18
4912,OU_U0005_18_Pink.xlsx,clothing,衣類,OU,U0005,2,3,U0005,f,1,560,18
4913,OU_U0005_18_Pink.xlsx,body_parts,体の部分,OU,U0005,11,0,U0005,f,1,560,18
4914,OU_U0005_18_Pink.xlsx,furniture_rooms,家具と部屋,OU,U0005,5,0,U0005,f,1,560,18
4915,OU_U0005_18_Pink.xlsx,household,小さな家庭用品,OU,U0005,13,2,U0005,f,1,560,18
4916,OU_U0005_18_Pink.xlsx,outside,戸外の物と場所,OU,U0005,9,2,U0005,f,1,560,18
4917,OU_U0005_18_Pink.xlsx,people,人々,OU,U0005,6,5,U0005,f,1,560,18
4918,OU_U0005_18_Pink.xlsx,games_routines,日課とあいさつ,OU,U0005,10,8,U0005,f,1,560,18
4919,OU_U0005_18_Pink.xlsx,action_words,動作語,OU,U0005,19,1,U0005,f,1,560,18
4920,OU_U0005_18_Pink.xlsx,time_words,時間についてのことば,OU,U0005,3,0,U0005,f,1,560,18
4921,OU_U0005_18_Pink.xlsx,descriptive_words,ようす・性質,OU,U0005,8,1,U0005,f,1,560,18
4922,OU_U0005_18_Pink.xlsx,pronouns,代名詞,OU,U0005,0,0,U0005,f,1,560,18
4923,OU_U0005_18_Pink.xlsx,question_words,質問のことば,OU,U0005,2,0,U0005,f,1,560,18
4924,OU_U0005_18_Pink.xlsx,locations,位置と場所についてのことば,OU,U0005,0,0,U0005,f,1,560,18
4925,OU_U0005_18_Pink.xlsx,quantifiers,数量を表すことば,OU,U0005,2,0,U0005,f,1,560,18
4926,OU_U0005_18_Pink.xlsx,sounds2,幼児語（その２）,OU,U0005,11,10,U0005,f,1,560,18
4927,OU_U0005_18_Pink.xlsx,conversations,会話語,OU,U0005,4,3,U0005,f,1,560,18
4928,OU_U0005_18_Pink.xlsx,others,その他,OU,U0005,3,1,U0005,f,1,560,18
4929,OU_U0006_12_Pink.xlsx,sounds,幼児語,OU,U0006,2,0,U0006,f,1,365,12
4930,OU_U0006_12_Pink.xlsx,animals,動物の名前,OU,U0006,3,0,U0006,f,1,365,12
4931,OU_U0006_12_Pink.xlsx,vehicles,乗り物,OU,U0006,1,0,U0006,f,1,365,12
4932,OU_U0006_12_Pink.xlsx,toys,おもちゃ,OU,U0006,2,0,U0006,f,1,365,12
4933,OU_U0006_12_Pink.xlsx,food_drink,食べ物と飲み物,OU,U0006,2,0,U0006,f,1,365,12
4934,OU_U0006_12_Pink.xlsx,clothing,衣類,OU,U0006,2,0,U0006,f,1,365,12
4935,OU_U0006_12_Pink.xlsx,body_parts,体の部分,OU,U0006,1,0,U0006,f,1,365,12
4936,OU_U0006_12_Pink.xlsx,furniture_rooms,家具と部屋,OU,U0006,1,0,U0006,f,1,365,12
4937,OU_U0006_12_Pink.xlsx,household,小さな家庭用品,OU,U0006,1,0,U0006,f,1,365,12
4938,OU_U0006_12_Pink.xlsx,outside,戸外の物と場所,OU,U0006,3,0,U0006,f,1,365,12
4939,OU_U0006_12_Pink.xlsx,people,人々,OU,U0006,6,0,U0006,f,1,365,12
4940,OU_U0006_12_Pink.xlsx,games_routines,日課とあいさつ,OU,U0006,10,0,U0006,f,1,365,12
4941,OU_U0006_12_Pink.xlsx,action_words,動作語,OU,U0006,11,0,U0006,f,1,365,12
4942,OU_U0006_12_Pink.xlsx,time_words,時間についてのことば,OU,U0006,0,0,U0006,f,1,365,12
4943,OU_U0006_12_Pink.xlsx,descriptive_words,ようす・性質,OU,U0006,3,0,U0006,f,1,365,12
4944,OU_U0006_12_Pink.xlsx,pronouns,代名詞,OU,U0006,2,0,U0006,f,1,365,12
4945,OU_U0006_12_Pink.xlsx,question_words,質問のことば,OU,U0006,2,0,U0006,f,1,365,12
4946,OU_U0006_12_Pink.xlsx,locations,位置と場所についてのことば,OU,U0006,1,0,U0006,f,1,365,12
4947,OU_U0006_12_Pink.xlsx,quantifiers,数量を表すことば,OU,U0006,2,0,U0006,f,1,365,12
4948,OU_U0006_12_Pink.xlsx,sounds2,幼児語（その２）,OU,U0006,2,0,U0006,f,1,365,12
4949,OU_U0006_12_Pink.xlsx,conversations,会話語,OU,U0006,1,0,U0006,f,1,365,12
4950,OU_U0006_12_Pink.xlsx,others,その他,OU,U0006,2,0,U0006,f,1,365,12
4951,OU_U0006_14_Pink.xlsx,sounds,幼児語,OU,U0006,2,0,U0006,f,1,448,14
4952,OU_U0006_14_Pink.xlsx,animals,動物の名前,OU,U0006,7,0,U0006,f,1,448,14
4953,OU_U0006_14_Pink.xlsx,vehicles,乗り物,OU,U0006,1,0,U0006,f,1,448,14
4954,OU_U0006_14_Pink.xlsx,toys,おもちゃ,OU,U0006,4,0,U0006,f,1,448,14
4955,OU_U0006_14_Pink.xlsx,food_drink,食べ物と飲み物,OU,U0006,5,0,U0006,f,1,448,14
4956,OU_U0006_14_Pink.xlsx,clothing,衣類,OU,U0006,5,0,U0006,f,1,448,14
4957,OU_U0006_14_Pink.xlsx,body_parts,体の部分,OU,U0006,10,0,U0006,f,1,448,14
4958,OU_U0006_14_Pink.xlsx,furniture_rooms,家具と部屋,OU,U0006,5,0,U0006,f,1,448,14
4959,OU_U0006_14_Pink.xlsx,household,小さな家庭用品,OU,U0006,7,0,U0006,f,1,448,14
4960,OU_U0006_14_Pink.xlsx,outside,戸外の物と場所,OU,U0006,6,0,U0006,f,1,448,14
4961,OU_U0006_14_Pink.xlsx,people,人々,OU,U0006,7,0,U0006,f,1,448,14
4962,OU_U0006_14_Pink.xlsx,games_routines,日課とあいさつ,OU,U0006,13,2,U0006,f,1,448,14
4963,OU_U0006_14_Pink.xlsx,action_words,動作語,OU,U0006,18,0,U0006,f,1,448,14
4964,OU_U0006_14_Pink.xlsx,time_words,時間についてのことば,OU,U0006,0,0,U0006,f,1,448,14
4965,OU_U0006_14_Pink.xlsx,descriptive_words,ようす・性質,OU,U0006,5,0,U0006,f,1,448,14
4966,OU_U0006_14_Pink.xlsx,pronouns,代名詞,OU,U0006,5,0,U0006,f,1,448,14
4967,OU_U0006_14_Pink.xlsx,question_words,質問のことば,OU,U0006,4,0,U0006,f,1,448,14
4968,OU_U0006_14_Pink.xlsx,locations,位置と場所についてのことば,OU,U0006,2,0,U0006,f,1,448,14
4969,OU_U0006_14_Pink.xlsx,quantifiers,数量を表すことば,OU,U0006,3,0,U0006,f,1,448,14
4970,OU_U0006_14_Pink.xlsx,sounds2,幼児語（その２）,OU,U0006,7,0,U0006,f,1,448,14
4971,OU_U0006_14_Pink.xlsx,conversations,会話語,OU,U0006,2,0,U0006,f,1,448,14
4972,OU_U0006_14_Pink.xlsx,others,その他,OU,U0006,4,0,U0006,f,1,448,14
4973,OU_U0006_18_Pink.xlsx,sounds,幼児語,OU,U0006,2,5,U0006,f,1,564,18
4974,OU_U0006_18_Pink.xlsx,animals,動物の名前,OU,U0006,13,3,U0006,f,1,564,18
4975,OU_U0006_18_Pink.xlsx,vehicles,乗り物,OU,U0006,4,0,U0006,f,1,564,18
4976,OU_U0006_18_Pink.xlsx,toys,おもちゃ,OU,U0006,4,0,U0006,f,1,564,18
4977,OU_U0006_18_Pink.xlsx,food_drink,食べ物と飲み物,OU,U0006,14,2,U0006,f,1,564,18
4978,OU_U0006_18_Pink.xlsx,clothing,衣類,OU,U0006,6,0,U0006,f,1,564,18
4979,OU_U0006_18_Pink.xlsx,body_parts,体の部分,OU,U0006,12,4,U0006,f,1,564,18
4980,OU_U0006_18_Pink.xlsx,furniture_rooms,家具と部屋,OU,U0006,9,0,U0006,f,1,564,18
4981,OU_U0006_18_Pink.xlsx,household,小さな家庭用品,OU,U0006,14,0,U0006,f,1,564,18
4982,OU_U0006_18_Pink.xlsx,outside,戸外の物と場所,OU,U0006,9,0,U0006,f,1,564,18
4983,OU_U0006_18_Pink.xlsx,people,人々,OU,U0006,6,3,U0006,f,1,564,18
4984,OU_U0006_18_Pink.xlsx,games_routines,日課とあいさつ,OU,U0006,15,3,U0006,f,1,564,18
4985,OU_U0006_18_Pink.xlsx,action_words,動作語,OU,U0006,28,0,U0006,f,1,564,18
4986,OU_U0006_18_Pink.xlsx,time_words,時間についてのことば,OU,U0006,1,0,U0006,f,1,564,18
4987,OU_U0006_18_Pink.xlsx,descriptive_words,ようす・性質,OU,U0006,9,0,U0006,f,1,564,18
4988,OU_U0006_18_Pink.xlsx,pronouns,代名詞,OU,U0006,6,0,U0006,f,1,564,18
4989,OU_U0006_18_Pink.xlsx,question_words,質問のことば,OU,U0006,5,0,U0006,f,1,564,18
4990,OU_U0006_18_Pink.xlsx,locations,位置と場所についてのことば,OU,U0006,2,0,U0006,f,1,564,18
4991,OU_U0006_18_Pink.xlsx,quantifiers,数量を表すことば,OU,U0006,4,0,U0006,f,1,564,18
4992,OU_U0006_18_Pink.xlsx,sounds2,幼児語（その２）,OU,U0006,11,5,U0006,f,1,564,18
4993,OU_U0006_18_Pink.xlsx,conversations,会話語,OU,U0006,1,1,U0006,f,1,564,18
4994,OU_U0006_18_Pink.xlsx,others,その他,OU,U0006,2,2,U0006,f,1,564,18
4995,OU_U0007_12_Pink.xlsx,sounds,幼児語,OU,U0007,0,0,U0007,m,1,389,12
4996,OU_U0007_12_Pink.xlsx,animals,動物の名前,OU,U0007,0,0,U0007,m,1,389,12
4997,OU_U0007_12_Pink.xlsx,vehicles,乗り物,OU,U0007,0,0,U0007,m,1,389,12
4998,OU_U0007_12_Pink.xlsx,toys,おもちゃ,OU,U0007,2,0,U0007,m,1,389,12
4999,OU_U0007_12_Pink.xlsx,food_drink,食べ物と飲み物,OU,U0007,0,1,U0007,m,1,389,12
5000,OU_U0007_12_Pink.xlsx,clothing,衣類,OU,U0007,0,0,U0007,m,1,389,12
5001,OU_U0007_12_Pink.xlsx,body_parts,体の部分,OU,U0007,1,0,U0007,m,1,389,12
5002,OU_U0007_12_Pink.xlsx,furniture_rooms,家具と部屋,OU,U0007,0,0,U0007,m,1,389,12
5003,OU_U0007_12_Pink.xlsx,household,小さな家庭用品,OU,U0007,0,0,U0007,m,1,389,12
5004,OU_U0007_12_Pink.xlsx,outside,戸外の物と場所,OU,U0007,1,0,U0007,m,1,389,12
5005,OU_U0007_12_Pink.xlsx,people,人々,OU,U0007,4,0,U0007,m,1,389,12
5006,OU_U0007_12_Pink.xlsx,games_routines,日課とあいさつ,OU,U0007,5,0,U0007,m,1,389,12
5007,OU_U0007_12_Pink.xlsx,action_words,動作語,OU,U0007,7,0,U0007,m,1,389,12
5008,OU_U0007_12_Pink.xlsx,time_words,時間についてのことば,OU,U0007,0,0,U0007,m,1,389,12
5009,OU_U0007_12_Pink.xlsx,descriptive_words,ようす・性質,OU,U0007,1,1,U0007,m,1,389,12
5010,OU_U0007_12_Pink.xlsx,pronouns,代名詞,OU,U0007,0,0,U0007,m,1,389,12
5011,OU_U0007_12_Pink.xlsx,question_words,質問のことば,OU,U0007,0,0,U0007,m,1,389,12
5012,OU_U0007_12_Pink.xlsx,locations,位置と場所についてのことば,OU,U0007,0,0,U0007,m,1,389,12
5013,OU_U0007_12_Pink.xlsx,quantifiers,数量を表すことば,OU,U0007,0,0,U0007,m,1,389,12
5014,OU_U0007_12_Pink.xlsx,sounds2,幼児語（その２）,OU,U0007,2,0,U0007,m,1,389,12
5015,OU_U0007_12_Pink.xlsx,conversations,会話語,OU,U0007,1,0,U0007,m,1,389,12
5016,OU_U0007_12_Pink.xlsx,others,その他,OU,U0007,0,0,U0007,m,1,389,12
5017,OU_U0007_16_Pink.xlsx,sounds,幼児語,OU,U0007,2,0,U0007,m,1,493,16
5018,OU_U0007_16_Pink.xlsx,animals,動物の名前,OU,U0007,6,0,U0007,m,1,493,16
5019,OU_U0007_16_Pink.xlsx,vehicles,乗り物,OU,U0007,0,0,U0007,m,1,493,16
5020,OU_U0007_16_Pink.xlsx,toys,おもちゃ,OU,U0007,2,0,U0007,m,1,493,16
5021,OU_U0007_16_Pink.xlsx,food_drink,食べ物と飲み物,OU,U0007,0,1,U0007,m,1,493,16
5022,OU_U0007_16_Pink.xlsx,clothing,衣類,OU,U0007,3,0,U0007,m,1,493,16
5023,OU_U0007_16_Pink.xlsx,body_parts,体の部分,OU,U0007,4,0,U0007,m,1,493,16
5024,OU_U0007_16_Pink.xlsx,furniture_rooms,家具と部屋,OU,U0007,1,0,U0007,m,1,493,16
5025,OU_U0007_16_Pink.xlsx,household,小さな家庭用品,OU,U0007,0,0,U0007,m,1,493,16
5026,OU_U0007_16_Pink.xlsx,outside,戸外の物と場所,OU,U0007,2,0,U0007,m,1,493,16
5027,OU_U0007_16_Pink.xlsx,people,人々,OU,U0007,4,0,U0007,m,1,493,16
5028,OU_U0007_16_Pink.xlsx,games_routines,日課とあいさつ,OU,U0007,18,0,U0007,m,1,493,16
5029,OU_U0007_16_Pink.xlsx,action_words,動作語,OU,U0007,15,0,U0007,m,1,493,16
5030,OU_U0007_16_Pink.xlsx,time_words,時間についてのことば,OU,U0007,0,0,U0007,m,1,493,16
5031,OU_U0007_16_Pink.xlsx,descriptive_words,ようす・性質,OU,U0007,3,1,U0007,m,1,493,16
5032,OU_U0007_16_Pink.xlsx,pronouns,代名詞,OU,U0007,0,0,U0007,m,1,493,16
5033,OU_U0007_16_Pink.xlsx,question_words,質問のことば,OU,U0007,1,0,U0007,m,1,493,16
5034,OU_U0007_16_Pink.xlsx,locations,位置と場所についてのことば,OU,U0007,0,0,U0007,m,1,493,16
5035,OU_U0007_16_Pink.xlsx,quantifiers,数量を表すことば,OU,U0007,1,0,U0007,m,1,493,16
5036,OU_U0007_16_Pink.xlsx,sounds2,幼児語（その２）,OU,U0007,12,1,U0007,m,1,493,16
5037,OU_U0007_16_Pink.xlsx,conversations,会話語,OU,U0007,1,0,U0007,m,1,493,16
5038,OU_U0007_16_Pink.xlsx,others,その他,OU,U0007,1,0,U0007,m,1,493,16
5039,OU_U0007_18_Pink.xlsx,sounds,幼児語,OU,U0007,8,2,U0007,m,1,578,18
5040,OU_U0007_18_Pink.xlsx,animals,動物の名前,OU,U0007,15,1,U0007,m,1,578,18
5041,OU_U0007_18_Pink.xlsx,vehicles,乗り物,OU,U0007,3,0,U0007,m,1,578,18
5042,OU_U0007_18_Pink.xlsx,toys,おもちゃ,OU,U0007,5,0,U0007,m,1,578,18
5043,OU_U0007_18_Pink.xlsx,food_drink,食べ物と飲み物,OU,U0007,10,1,U0007,m,1,578,18
5044,OU_U0007_18_Pink.xlsx,clothing,衣類,OU,U0007,5,0,U0007,m,1,578,18
5045,OU_U0007_18_Pink.xlsx,body_parts,体の部分,OU,U0007,14,0,U0007,m,1,578,18
5046,OU_U0007_18_Pink.xlsx,furniture_rooms,家具と部屋,OU,U0007,9,0,U0007,m,1,578,18
5047,OU_U0007_18_Pink.xlsx,household,小さな家庭用品,OU,U0007,9,0,U0007,m,1,578,18
5048,OU_U0007_18_Pink.xlsx,outside,戸外の物と場所,OU,U0007,6,0,U0007,m,1,578,18
5049,OU_U0007_18_Pink.xlsx,people,人々,OU,U0007,4,6,U0007,m,1,578,18
5050,OU_U0007_18_Pink.xlsx,games_routines,日課とあいさつ,OU,U0007,19,0,U0007,m,1,578,18
5051,OU_U0007_18_Pink.xlsx,action_words,動作語,OU,U0007,30,0,U0007,m,1,578,18
5052,OU_U0007_18_Pink.xlsx,time_words,時間についてのことば,OU,U0007,0,0,U0007,m,1,578,18
5053,OU_U0007_18_Pink.xlsx,descriptive_words,ようす・性質,OU,U0007,5,1,U0007,m,1,578,18
5054,OU_U0007_18_Pink.xlsx,pronouns,代名詞,OU,U0007,0,0,U0007,m,1,578,18
5055,OU_U0007_18_Pink.xlsx,question_words,質問のことば,OU,U0007,2,0,U0007,m,1,578,18
5056,OU_U0007_18_Pink.xlsx,locations,位置と場所についてのことば,OU,U0007,4,0,U0007,m,1,578,18
5057,OU_U0007_18_Pink.xlsx,quantifiers,数量を表すことば,OU,U0007,3,0,U0007,m,1,578,18
5058,OU_U0007_18_Pink.xlsx,sounds2,幼児語（その２）,OU,U0007,20,1,U0007,m,1,578,18
5059,OU_U0007_18_Pink.xlsx,conversations,会話語,OU,U0007,1,0,U0007,m,1,578,18
5060,OU_U0007_18_Pink.xlsx,others,その他,OU,U0007,4,0,U0007,m,1,578,18
5061,OU_U0008_12_Pink.xlsx,sounds,幼児語,OU,U0008,2,0,U0008,m,1,374,12
5062,OU_U0008_12_Pink.xlsx,animals,動物の名前,OU,U0008,0,0,U0008,m,1,374,12
5063,OU_U0008_12_Pink.xlsx,vehicles,乗り物,OU,U0008,0,0,U0008,m,1,374,12
5064,OU_U0008_12_Pink.xlsx,toys,おもちゃ,OU,U0008,0,0,U0008,m,1,374,12
5065,OU_U0008_12_Pink.xlsx,food_drink,食べ物と飲み物,OU,U0008,0,0,U0008,m,1,374,12
5066,OU_U0008_12_Pink.xlsx,clothing,衣類,OU,U0008,0,0,U0008,m,1,374,12
5067,OU_U0008_12_Pink.xlsx,body_parts,体の部分,OU,U0008,3,0,U0008,m,1,374,12
5068,OU_U0008_12_Pink.xlsx,furniture_rooms,家具と部屋,OU,U0008,0,0,U0008,m,1,374,12
5069,OU_U0008_12_Pink.xlsx,household,小さな家庭用品,OU,U0008,0,0,U0008,m,1,374,12
5070,OU_U0008_12_Pink.xlsx,outside,戸外の物と場所,OU,U0008,1,0,U0008,m,1,374,12
5071,OU_U0008_12_Pink.xlsx,people,人々,OU,U0008,1,0,U0008,m,1,374,12
5072,OU_U0008_12_Pink.xlsx,games_routines,日課とあいさつ,OU,U0008,7,0,U0008,m,1,374,12
5073,OU_U0008_12_Pink.xlsx,action_words,動作語,OU,U0008,6,0,U0008,m,1,374,12
5074,OU_U0008_12_Pink.xlsx,time_words,時間についてのことば,OU,U0008,0,0,U0008,m,1,374,12
5075,OU_U0008_12_Pink.xlsx,descriptive_words,ようす・性質,OU,U0008,1,0,U0008,m,1,374,12
5076,OU_U0008_12_Pink.xlsx,pronouns,代名詞,OU,U0008,0,0,U0008,m,1,374,12
5077,OU_U0008_12_Pink.xlsx,question_words,質問のことば,OU,U0008,0,0,U0008,m,1,374,12
5078,OU_U0008_12_Pink.xlsx,locations,位置と場所についてのことば,OU,U0008,0,0,U0008,m,1,374,12
5079,OU_U0008_12_Pink.xlsx,quantifiers,数量を表すことば,OU,U0008,0,0,U0008,m,1,374,12
5080,OU_U0008_12_Pink.xlsx,sounds2,幼児語（その２）,OU,U0008,4,0,U0008,m,1,374,12
5081,OU_U0008_12_Pink.xlsx,conversations,会話語,OU,U0008,0,0,U0008,m,1,374,12
5082,OU_U0008_12_Pink.xlsx,others,その他,OU,U0008,0,0,U0008,m,1,374,12
5083,OU_U0009_12_Pink.xlsx,sounds,幼児語,OU,U0009,0,1,U0009,f,1,378,12
5084,OU_U0009_12_Pink.xlsx,animals,動物の名前,OU,U0009,0,0,U0009,f,1,378,12
5085,OU_U0009_12_Pink.xlsx,vehicles,乗り物,OU,U0009,0,0,U0009,f,1,378,12
5086,OU_U0009_12_Pink.xlsx,toys,おもちゃ,OU,U0009,0,0,U0009,f,1,378,12
5087,OU_U0009_12_Pink.xlsx,food_drink,食べ物と飲み物,OU,U0009,3,1,U0009,f,1,378,12
5088,OU_U0009_12_Pink.xlsx,clothing,衣類,OU,U0009,0,0,U0009,f,1,378,12
5089,OU_U0009_12_Pink.xlsx,body_parts,体の部分,OU,U0009,0,0,U0009,f,1,378,12
5090,OU_U0009_12_Pink.xlsx,furniture_rooms,家具と部屋,OU,U0009,0,0,U0009,f,1,378,12
5091,OU_U0009_12_Pink.xlsx,household,小さな家庭用品,OU,U0009,0,0,U0009,f,1,378,12
5092,OU_U0009_12_Pink.xlsx,outside,戸外の物と場所,OU,U0009,0,0,U0009,f,1,378,12
5093,OU_U0009_12_Pink.xlsx,people,人々,OU,U0009,0,0,U0009,f,1,378,12
5094,OU_U0009_12_Pink.xlsx,games_routines,日課とあいさつ,OU,U0009,10,0,U0009,f,1,378,12
5095,OU_U0009_12_Pink.xlsx,action_words,動作語,OU,U0009,7,0,U0009,f,1,378,12
5096,OU_U0009_12_Pink.xlsx,time_words,時間についてのことば,OU,U0009,0,0,U0009,f,1,378,12
5097,OU_U0009_12_Pink.xlsx,descriptive_words,ようす・性質,OU,U0009,0,0,U0009,f,1,378,12
5098,OU_U0009_12_Pink.xlsx,pronouns,代名詞,OU,U0009,0,0,U0009,f,1,378,12
5099,OU_U0009_12_Pink.xlsx,question_words,質問のことば,OU,U0009,0,0,U0009,f,1,378,12
5100,OU_U0009_12_Pink.xlsx,locations,位置と場所についてのことば,OU,U0009,0,0,U0009,f,1,378,12
5101,OU_U0009_12_Pink.xlsx,quantifiers,数量を表すことば,OU,U0009,1,0,U0009,f,1,378,12
5102,OU_U0009_12_Pink.xlsx,sounds2,幼児語（その２）,OU,U0009,2,0,U0009,f,1,378,12
5103,OU_U0009_12_Pink.xlsx,conversations,会話語,OU,U0009,0,0,U0009,f,1,378,12
5104,OU_U0009_12_Pink.xlsx,others,その他,OU,U0009,1,0,U0009,f,1,378,12
5105,OU_U0009_15_Pink.xlsx,sounds,幼児語,OU,U0009,0,1,U0009,f,1,484,15
5106,OU_U0009_15_Pink.xlsx,animals,動物の名前,OU,U0009,0,0,U0009,f,1,484,15
5107,OU_U0009_15_Pink.xlsx,vehicles,乗り物,OU,U0009,0,0,U0009,f,1,484,15
5108,OU_U0009_15_Pink.xlsx,toys,おもちゃ,OU,U0009,4,0,U0009,f,1,484,15
5109,OU_U0009_15_Pink.xlsx,food_drink,食べ物と飲み物,OU,U0009,2,3,U0009,f,1,484,15
5110,OU_U0009_15_Pink.xlsx,clothing,衣類,OU,U0009,0,0,U0009,f,1,484,15
5111,OU_U0009_15_Pink.xlsx,body_parts,体の部分,OU,U0009,1,0,U0009,f,1,484,15
5112,OU_U0009_15_Pink.xlsx,furniture_rooms,家具と部屋,OU,U0009,8,0,U0009,f,1,484,15
5113,OU_U0009_15_Pink.xlsx,household,小さな家庭用品,OU,U0009,3,0,U0009,f,1,484,15
5114,OU_U0009_15_Pink.xlsx,outside,戸外の物と場所,OU,U0009,1,0,U0009,f,1,484,15
5115,OU_U0009_15_Pink.xlsx,people,人々,OU,U0009,0,3,U0009,f,1,484,15
5116,OU_U0009_15_Pink.xlsx,games_routines,日課とあいさつ,OU,U0009,10,1,U0009,f,1,484,15
5117,OU_U0009_15_Pink.xlsx,action_words,動作語,OU,U0009,15,1,U0009,f,1,484,15
5118,OU_U0009_15_Pink.xlsx,time_words,時間についてのことば,OU,U0009,0,0,U0009,f,1,484,15
5119,OU_U0009_15_Pink.xlsx,descriptive_words,ようす・性質,OU,U0009,1,1,U0009,f,1,484,15
5120,OU_U0009_15_Pink.xlsx,pronouns,代名詞,OU,U0009,0,1,U0009,f,1,484,15
5121,OU_U0009_15_Pink.xlsx,question_words,質問のことば,OU,U0009,0,0,U0009,f,1,484,15
5122,OU_U0009_15_Pink.xlsx,locations,位置と場所についてのことば,OU,U0009,0,0,U0009,f,1,484,15
5123,OU_U0009_15_Pink.xlsx,quantifiers,数量を表すことば,OU,U0009,1,1,U0009,f,1,484,15
5124,OU_U0009_15_Pink.xlsx,sounds2,幼児語（その２）,OU,U0009,1,1,U0009,f,1,484,15
5125,OU_U0009_15_Pink.xlsx,conversations,会話語,OU,U0009,0,0,U0009,f,1,484,15
5126,OU_U0009_15_Pink.xlsx,others,その他,OU,U0009,2,0,U0009,f,1,484,15
5127,OU_U0009_18_Pink.xlsx,sounds,幼児語,OU,U0009,1,3,U0009,f,1,561,18
5128,OU_U0009_18_Pink.xlsx,animals,動物の名前,OU,U0009,0,0,U0009,f,1,561,18
5129,OU_U0009_18_Pink.xlsx,vehicles,乗り物,OU,U0009,4,0,U0009,f,1,561,18
5130,OU_U0009_18_Pink.xlsx,toys,おもちゃ,OU,U0009,5,0,U0009,f,1,561,18
5131,OU_U0009_18_Pink.xlsx,food_drink,食べ物と飲み物,OU,U0009,11,3,U0009,f,1,561,18
5132,OU_U0009_18_Pink.xlsx,clothing,衣類,OU,U0009,2,2,U0009,f,1,561,18
5133,OU_U0009_18_Pink.xlsx,body_parts,体の部分,OU,U0009,14,0,U0009,f,1,561,18
5134,OU_U0009_18_Pink.xlsx,furniture_rooms,家具と部屋,OU,U0009,10,0,U0009,f,1,561,18
5135,OU_U0009_18_Pink.xlsx,household,小さな家庭用品,OU,U0009,18,0,U0009,f,1,561,18
5136,OU_U0009_18_Pink.xlsx,outside,戸外の物と場所,OU,U0009,9,0,U0009,f,1,561,18
5137,OU_U0009_18_Pink.xlsx,people,人々,OU,U0009,4,4,U0009,f,1,561,18
5138,OU_U0009_18_Pink.xlsx,games_routines,日課とあいさつ,OU,U0009,3,11,U0009,f,1,561,18
5139,OU_U0009_18_Pink.xlsx,action_words,動作語,OU,U0009,24,20,U0009,f,1,561,18
5140,OU_U0009_18_Pink.xlsx,time_words,時間についてのことば,OU,U0009,1,0,U0009,f,1,561,18
5141,OU_U0009_18_Pink.xlsx,descriptive_words,ようす・性質,OU,U0009,5,6,U0009,f,1,561,18
5142,OU_U0009_18_Pink.xlsx,pronouns,代名詞,OU,U0009,3,4,U0009,f,1,561,18
5143,OU_U0009_18_Pink.xlsx,question_words,質問のことば,OU,U0009,5,1,U0009,f,1,561,18
5144,OU_U0009_18_Pink.xlsx,locations,位置と場所についてのことば,OU,U0009,1,0,U0009,f,1,561,18
5145,OU_U0009_18_Pink.xlsx,quantifiers,数量を表すことば,OU,U0009,2,3,U0009,f,1,561,18
5146,OU_U0009_18_Pink.xlsx,sounds2,幼児語（その２）,OU,U0009,0,6,U0009,f,1,561,18
5147,OU_U0009_18_Pink.xlsx,conversations,会話語,OU,U0009,2,6,U0009,f,1,561,18
5148,OU_U0009_18_Pink.xlsx,others,その他,OU,U0009,5,1,U0009,f,1,561,18
5149,OU_U0010_12_Pink.xlsx,sounds,幼児語,OU,U0010,0,0,U0010,m,1,389,12
5150,OU_U0010_12_Pink.xlsx,animals,動物の名前,OU,U0010,0,0,U0010,m,1,389,12
5151,OU_U0010_12_Pink.xlsx,vehicles,乗り物,OU,U0010,0,0,U0010,m,1,389,12
5152,OU_U0010_12_Pink.xlsx,toys,おもちゃ,OU,U0010,0,0,U0010,m,1,389,12
5153,OU_U0010_12_Pink.xlsx,food_drink,食べ物と飲み物,OU,U0010,0,0,U0010,m,1,389,12
5154,OU_U0010_12_Pink.xlsx,clothing,衣類,OU,U0010,0,0,U0010,m,1,389,12
5155,OU_U0010_12_Pink.xlsx,body_parts,体の部分,OU,U0010,0,0,U0010,m,1,389,12
5156,OU_U0010_12_Pink.xlsx,furniture_rooms,家具と部屋,OU,U0010,0,0,U0010,m,1,389,12
5157,OU_U0010_12_Pink.xlsx,household,小さな家庭用品,OU,U0010,0,0,U0010,m,1,389,12
5158,OU_U0010_12_Pink.xlsx,outside,戸外の物と場所,OU,U0010,0,0,U0010,m,1,389,12
5159,OU_U0010_12_Pink.xlsx,people,人々,OU,U0010,3,1,U0010,m,1,389,12
5160,OU_U0010_12_Pink.xlsx,games_routines,日課とあいさつ,OU,U0010,4,0,U0010,m,1,389,12
5161,OU_U0010_12_Pink.xlsx,action_words,動作語,OU,U0010,1,0,U0010,m,1,389,12
5162,OU_U0010_12_Pink.xlsx,time_words,時間についてのことば,OU,U0010,0,0,U0010,m,1,389,12
5163,OU_U0010_12_Pink.xlsx,descriptive_words,ようす・性質,OU,U0010,0,0,U0010,m,1,389,12
5164,OU_U0010_12_Pink.xlsx,pronouns,代名詞,OU,U0010,0,0,U0010,m,1,389,12
5165,OU_U0010_12_Pink.xlsx,question_words,質問のことば,OU,U0010,0,0,U0010,m,1,389,12
5166,OU_U0010_12_Pink.xlsx,locations,位置と場所についてのことば,OU,U0010,0,0,U0010,m,1,389,12
5167,OU_U0010_12_Pink.xlsx,quantifiers,数量を表すことば,OU,U0010,0,0,U0010,m,1,389,12
5168,OU_U0010_12_Pink.xlsx,sounds2,幼児語（その２）,OU,U0010,0,1,U0010,m,1,389,12
5169,OU_U0010_12_Pink.xlsx,conversations,会話語,OU,U0010,0,0,U0010,m,1,389,12
5170,OU_U0010_12_Pink.xlsx,others,その他,OU,U0010,0,0,U0010,m,1,389,12
5171,OU_U0010_15_Pink.xlsx,sounds,幼児語,OU,U0010,8,0,U0010,m,1,482,15
5172,OU_U0010_15_Pink.xlsx,animals,動物の名前,OU,U0010,15,0,U0010,m,1,482,15
5173,OU_U0010_15_Pink.xlsx,vehicles,乗り物,OU,U0010,4,0,U0010,m,1,482,15
5174,OU_U0010_15_Pink.xlsx,toys,おもちゃ,OU,U0010,4,0,U0010,m,1,482,15
5175,OU_U0010_15_Pink.xlsx,food_drink,食べ物と飲み物,OU,U0010,7,0,U0010,m,1,482,15
5176,OU_U0010_15_Pink.xlsx,clothing,衣類,OU,U0010,3,0,U0010,m,1,482,15
5177,OU_U0010_15_Pink.xlsx,body_parts,体の部分,OU,U0010,6,0,U0010,m,1,482,15
5178,OU_U0010_15_Pink.xlsx,furniture_rooms,家具と部屋,OU,U0010,3,0,U0010,m,1,482,15
5179,OU_U0010_15_Pink.xlsx,household,小さな家庭用品,OU,U0010,2,0,U0010,m,1,482,15
5180,OU_U0010_15_Pink.xlsx,outside,戸外の物と場所,OU,U0010,2,0,U0010,m,1,482,15
5181,OU_U0010_15_Pink.xlsx,people,人々,OU,U0010,7,2,U0010,m,1,482,15
5182,OU_U0010_15_Pink.xlsx,games_routines,日課とあいさつ,OU,U0010,9,0,U0010,m,1,482,15
5183,OU_U0010_15_Pink.xlsx,action_words,動作語,OU,U0010,4,0,U0010,m,1,482,15
5184,OU_U0010_15_Pink.xlsx,time_words,時間についてのことば,OU,U0010,0,0,U0010,m,1,482,15
5185,OU_U0010_15_Pink.xlsx,descriptive_words,ようす・性質,OU,U0010,1,0,U0010,m,1,482,15
5186,OU_U0010_15_Pink.xlsx,pronouns,代名詞,OU,U0010,0,0,U0010,m,1,482,15
5187,OU_U0010_15_Pink.xlsx,question_words,質問のことば,OU,U0010,0,0,U0010,m,1,482,15
5188,OU_U0010_15_Pink.xlsx,locations,位置と場所についてのことば,OU,U0010,0,0,U0010,m,1,482,15
5189,OU_U0010_15_Pink.xlsx,quantifiers,数量を表すことば,OU,U0010,0,0,U0010,m,1,482,15
5190,OU_U0010_15_Pink.xlsx,sounds2,幼児語（その２）,OU,U0010,5,2,U0010,m,1,482,15
5191,OU_U0010_15_Pink.xlsx,conversations,会話語,OU,U0010,2,2,U0010,m,1,482,15
5192,OU_U0010_15_Pink.xlsx,others,その他,OU,U0010,1,1,U0010,m,1,482,15
5193,OU_U0010_19_Pink.xlsx,sounds,幼児語,OU,U0010,8,1,U0010,m,1,591,19
5194,OU_U0010_19_Pink.xlsx,animals,動物の名前,OU,U0010,21,0,U0010,m,1,591,19
5195,OU_U0010_19_Pink.xlsx,vehicles,乗り物,OU,U0010,7,0,U0010,m,1,591,19
5196,OU_U0010_19_Pink.xlsx,toys,おもちゃ,OU,U0010,8,0,U0010,m,1,591,19
5197,OU_U0010_19_Pink.xlsx,food_drink,食べ物と飲み物,OU,U0010,17,0,U0010,m,1,591,19
5198,OU_U0010_19_Pink.xlsx,clothing,衣類,OU,U0010,6,0,U0010,m,1,591,19
5199,OU_U0010_19_Pink.xlsx,body_parts,体の部分,OU,U0010,17,0,U0010,m,1,591,19
5200,OU_U0010_19_Pink.xlsx,furniture_rooms,家具と部屋,OU,U0010,12,0,U0010,m,1,591,19
5201,OU_U0010_19_Pink.xlsx,household,小さな家庭用品,OU,U0010,14,0,U0010,m,1,591,19
5202,OU_U0010_19_Pink.xlsx,outside,戸外の物と場所,OU,U0010,10,0,U0010,m,1,591,19
5203,OU_U0010_19_Pink.xlsx,people,人々,OU,U0010,7,3,U0010,m,1,591,19
5204,OU_U0010_19_Pink.xlsx,games_routines,日課とあいさつ,OU,U0010,17,1,U0010,m,1,591,19
5205,OU_U0010_19_Pink.xlsx,action_words,動作語,OU,U0010,25,0,U0010,m,1,591,19
5206,OU_U0010_19_Pink.xlsx,time_words,時間についてのことば,OU,U0010,4,0,U0010,m,1,591,19
5207,OU_U0010_19_Pink.xlsx,descriptive_words,ようす・性質,OU,U0010,9,0,U0010,m,1,591,19
5208,OU_U0010_19_Pink.xlsx,pronouns,代名詞,OU,U0010,3,0,U0010,m,1,591,19
5209,OU_U0010_19_Pink.xlsx,question_words,質問のことば,OU,U0010,3,0,U0010,m,1,591,19
5210,OU_U0010_19_Pink.xlsx,locations,位置と場所についてのことば,OU,U0010,0,0,U0010,m,1,591,19
5211,OU_U0010_19_Pink.xlsx,quantifiers,数量を表すことば,OU,U0010,1,0,U0010,m,1,591,19
5212,OU_U0010_19_Pink.xlsx,sounds2,幼児語（その２）,OU,U0010,11,6,U0010,m,1,591,19
5213,OU_U0010_19_Pink.xlsx,conversations,会話語,OU,U0010,4,2,U0010,m,1,591,19
5214,OU_U0010_19_Pink.xlsx,others,その他,OU,U0010,1,1,U0010,m,1,591,19
5215,OU_U0011_12_Pink.xlsx,sounds,幼児語,OU,U0011,2,0,U0011,m,1,373,12
5216,OU_U0011_12_Pink.xlsx,animals,動物の名前,OU,U0011,0,0,U0011,m,1,373,12
5217,OU_U0011_12_Pink.xlsx,vehicles,乗り物,OU,U0011,0,0,U0011,m,1,373,12
5218,OU_U0011_12_Pink.xlsx,toys,おもちゃ,OU,U0011,0,0,U0011,m,1,373,12
5219,OU_U0011_12_Pink.xlsx,food_drink,食べ物と飲み物,OU,U0011,3,0,U0011,m,1,373,12
5220,OU_U0011_12_Pink.xlsx,clothing,衣類,OU,U0011,0,0,U0011,m,1,373,12
5221,OU_U0011_12_Pink.xlsx,body_parts,体の部分,OU,U0011,1,0,U0011,m,1,373,12
5222,OU_U0011_12_Pink.xlsx,furniture_rooms,家具と部屋,OU,U0011,0,0,U0011,m,1,373,12
5223,OU_U0011_12_Pink.xlsx,household,小さな家庭用品,OU,U0011,0,0,U0011,m,1,373,12
5224,OU_U0011_12_Pink.xlsx,outside,戸外の物と場所,OU,U0011,0,0,U0011,m,1,373,12
5225,OU_U0011_12_Pink.xlsx,people,人々,OU,U0011,3,0,U0011,m,1,373,12
5226,OU_U0011_12_Pink.xlsx,games_routines,日課とあいさつ,OU,U0011,8,0,U0011,m,1,373,12
5227,OU_U0011_12_Pink.xlsx,action_words,動作語,OU,U0011,4,0,U0011,m,1,373,12
5228,OU_U0011_12_Pink.xlsx,time_words,時間についてのことば,OU,U0011,0,0,U0011,m,1,373,12
5229,OU_U0011_12_Pink.xlsx,descriptive_words,ようす・性質,OU,U0011,2,0,U0011,m,1,373,12
5230,OU_U0011_12_Pink.xlsx,pronouns,代名詞,OU,U0011,2,0,U0011,m,1,373,12
5231,OU_U0011_12_Pink.xlsx,question_words,質問のことば,OU,U0011,0,0,U0011,m,1,373,12
5232,OU_U0011_12_Pink.xlsx,locations,位置と場所についてのことば,OU,U0011,1,0,U0011,m,1,373,12
5233,OU_U0011_12_Pink.xlsx,quantifiers,数量を表すことば,OU,U0011,0,0,U0011,m,1,373,12
5234,OU_U0011_12_Pink.xlsx,sounds2,幼児語（その２）,OU,U0011,3,0,U0011,m,1,373,12
5235,OU_U0011_12_Pink.xlsx,conversations,会話語,OU,U0011,2,1,U0011,m,1,373,12
5236,OU_U0011_12_Pink.xlsx,others,その他,OU,U0011,2,0,U0011,m,1,373,12
5237,OU_U0011_15_Pink.xlsx,sounds,幼児語,OU,U0011,4,0,U0011,m,1,467,15
5238,OU_U0011_15_Pink.xlsx,animals,動物の名前,OU,U0011,0,0,U0011,m,1,467,15
5239,OU_U0011_15_Pink.xlsx,vehicles,乗り物,OU,U0011,1,0,U0011,m,1,467,15
5240,OU_U0011_15_Pink.xlsx,toys,おもちゃ,OU,U0011,3,0,U0011,m,1,467,15
5241,OU_U0011_15_Pink.xlsx,food_drink,食べ物と飲み物,OU,U0011,5,1,U0011,m,1,467,15
5242,OU_U0011_15_Pink.xlsx,clothing,衣類,OU,U0011,2,0,U0011,m,1,467,15
5243,OU_U0011_15_Pink.xlsx,body_parts,体の部分,OU,U0011,4,0,U0011,m,1,467,15
5244,OU_U0011_15_Pink.xlsx,furniture_rooms,家具と部屋,OU,U0011,2,0,U0011,m,1,467,15
5245,OU_U0011_15_Pink.xlsx,household,小さな家庭用品,OU,U0011,3,0,U0011,m,1,467,15
5246,OU_U0011_15_Pink.xlsx,outside,戸外の物と場所,OU,U0011,0,0,U0011,m,1,467,15
5247,OU_U0011_15_Pink.xlsx,people,人々,OU,U0011,1,2,U0011,m,1,467,15
5248,OU_U0011_15_Pink.xlsx,games_routines,日課とあいさつ,OU,U0011,8,0,U0011,m,1,467,15
5249,OU_U0011_15_Pink.xlsx,action_words,動作語,OU,U0011,9,1,U0011,m,1,467,15
5250,OU_U0011_15_Pink.xlsx,time_words,時間についてのことば,OU,U0011,0,0,U0011,m,1,467,15
5251,OU_U0011_15_Pink.xlsx,descriptive_words,ようす・性質,OU,U0011,3,0,U0011,m,1,467,15
5252,OU_U0011_15_Pink.xlsx,pronouns,代名詞,OU,U0011,4,0,U0011,m,1,467,15
5253,OU_U0011_15_Pink.xlsx,question_words,質問のことば,OU,U0011,0,0,U0011,m,1,467,15
5254,OU_U0011_15_Pink.xlsx,locations,位置と場所についてのことば,OU,U0011,1,0,U0011,m,1,467,15
5255,OU_U0011_15_Pink.xlsx,quantifiers,数量を表すことば,OU,U0011,1,0,U0011,m,1,467,15
5256,OU_U0011_15_Pink.xlsx,sounds2,幼児語（その２）,OU,U0011,7,1,U0011,m,1,467,15
5257,OU_U0011_15_Pink.xlsx,conversations,会話語,OU,U0011,2,3,U0011,m,1,467,15
5258,OU_U0011_15_Pink.xlsx,others,その他,OU,U0011,3,0,U0011,m,1,467,15
5259,OU_U0011_18_Pink.xlsx,sounds,幼児語,OU,U0011,1,5,U0011,m,1,563,18
5260,OU_U0011_18_Pink.xlsx,animals,動物の名前,OU,U0011,2,0,U0011,m,1,563,18
5261,OU_U0011_18_Pink.xlsx,vehicles,乗り物,OU,U0011,3,0,U0011,m,1,563,18
5262,OU_U0011_18_Pink.xlsx,toys,おもちゃ,OU,U0011,4,0,U0011,m,1,563,18
5263,OU_U0011_18_Pink.xlsx,food_drink,食べ物と飲み物,OU,U0011,10,2,U0011,m,1,563,18
5264,OU_U0011_18_Pink.xlsx,clothing,衣類,OU,U0011,3,0,U0011,m,1,563,18
5265,OU_U0011_18_Pink.xlsx,body_parts,体の部分,OU,U0011,5,0,U0011,m,1,563,18
5266,OU_U0011_18_Pink.xlsx,furniture_rooms,家具と部屋,OU,U0011,5,0,U0011,m,1,563,18
5267,OU_U0011_18_Pink.xlsx,household,小さな家庭用品,OU,U0011,8,0,U0011,m,1,563,18
5268,OU_U0011_18_Pink.xlsx,outside,戸外の物と場所,OU,U0011,3,0,U0011,m,1,563,18
5269,OU_U0011_18_Pink.xlsx,people,人々,OU,U0011,5,3,U0011,m,1,563,18
5270,OU_U0011_18_Pink.xlsx,games_routines,日課とあいさつ,OU,U0011,10,3,U0011,m,1,563,18
5271,OU_U0011_18_Pink.xlsx,action_words,動作語,OU,U0011,26,1,U0011,m,1,563,18
5272,OU_U0011_18_Pink.xlsx,time_words,時間についてのことば,OU,U0011,0,0,U0011,m,1,563,18
5273,OU_U0011_18_Pink.xlsx,descriptive_words,ようす・性質,OU,U0011,5,0,U0011,m,1,563,18
5274,OU_U0011_18_Pink.xlsx,pronouns,代名詞,OU,U0011,5,0,U0011,m,1,563,18
5275,OU_U0011_18_Pink.xlsx,question_words,質問のことば,OU,U0011,2,0,U0011,m,1,563,18
5276,OU_U0011_18_Pink.xlsx,locations,位置と場所についてのことば,OU,U0011,1,0,U0011,m,1,563,18
5277,OU_U0011_18_Pink.xlsx,quantifiers,数量を表すことば,OU,U0011,1,0,U0011,m,1,563,18
5278,OU_U0011_18_Pink.xlsx,sounds2,幼児語（その２）,OU,U0011,9,4,U0011,m,1,563,18
5279,OU_U0011_18_Pink.xlsx,conversations,会話語,OU,U0011,1,4,U0011,m,1,563,18
5280,OU_U0011_18_Pink.xlsx,others,その他,OU,U0011,1,1,U0011,m,1,563,18
5281,OU_U0012_12_Pink.xlsx,sounds,幼児語,OU,U0012,0,0,U0012,m,1,374,12
5282,OU_U0012_12_Pink.xlsx,animals,動物の名前,OU,U0012,0,0,U0012,m,1,374,12
5283,OU_U0012_12_Pink.xlsx,vehicles,乗り物,OU,U0012,0,0,U0012,m,1,374,12
5284,OU_U0012_12_Pink.xlsx,toys,おもちゃ,OU,U0012,0,0,U0012,m,1,374,12
5285,OU_U0012_12_Pink.xlsx,food_drink,食べ物と飲み物,OU,U0012,0,0,U0012,m,1,374,12
5286,OU_U0012_12_Pink.xlsx,clothing,衣類,OU,U0012,0,0,U0012,m,1,374,12
5287,OU_U0012_12_Pink.xlsx,body_parts,体の部分,OU,U0012,0,0,U0012,m,1,374,12
5288,OU_U0012_12_Pink.xlsx,furniture_rooms,家具と部屋,OU,U0012,0,0,U0012,m,1,374,12
5289,OU_U0012_12_Pink.xlsx,household,小さな家庭用品,OU,U0012,0,0,U0012,m,1,374,12
5290,OU_U0012_12_Pink.xlsx,outside,戸外の物と場所,OU,U0012,0,0,U0012,m,1,374,12
5291,OU_U0012_12_Pink.xlsx,people,人々,OU,U0012,0,0,U0012,m,1,374,12
5292,OU_U0012_12_Pink.xlsx,games_routines,日課とあいさつ,OU,U0012,0,0,U0012,m,1,374,12
5293,OU_U0012_12_Pink.xlsx,action_words,動作語,OU,U0012,0,0,U0012,m,1,374,12
5294,OU_U0012_12_Pink.xlsx,time_words,時間についてのことば,OU,U0012,0,0,U0012,m,1,374,12
5295,OU_U0012_12_Pink.xlsx,descriptive_words,ようす・性質,OU,U0012,0,0,U0012,m,1,374,12
5296,OU_U0012_12_Pink.xlsx,pronouns,代名詞,OU,U0012,0,0,U0012,m,1,374,12
5297,OU_U0012_12_Pink.xlsx,question_words,質問のことば,OU,U0012,0,0,U0012,m,1,374,12
5298,OU_U0012_12_Pink.xlsx,locations,位置と場所についてのことば,OU,U0012,0,0,U0012,m,1,374,12
5299,OU_U0012_12_Pink.xlsx,quantifiers,数量を表すことば,OU,U0012,0,0,U0012,m,1,374,12
5300,OU_U0012_12_Pink.xlsx,sounds2,幼児語（その２）,OU,U0012,0,0,U0012,m,1,374,12
5301,OU_U0012_12_Pink.xlsx,conversations,会話語,OU,U0012,0,0,U0012,m,1,374,12
5302,OU_U0012_12_Pink.xlsx,others,その他,OU,U0012,0,0,U0012,m,1,374,12
5303,OU_U0012_15_Pink.xlsx,sounds,幼児語,OU,U0012,1,0,U0012,m,1,468,15
5304,OU_U0012_15_Pink.xlsx,animals,動物の名前,OU,U0012,0,0,U0012,m,1,468,15
5305,OU_U0012_15_Pink.xlsx,vehicles,乗り物,OU,U0012,0,0,U0012,m,1,468,15
5306,OU_U0012_15_Pink.xlsx,toys,おもちゃ,OU,U0012,0,0,U0012,m,1,468,15
5307,OU_U0012_15_Pink.xlsx,food_drink,食べ物と飲み物,OU,U0012,2,0,U0012,m,1,468,15
5308,OU_U0012_15_Pink.xlsx,clothing,衣類,OU,U0012,1,0,U0012,m,1,468,15
5309,OU_U0012_15_Pink.xlsx,body_parts,体の部分,OU,U0012,0,0,U0012,m,1,468,15
5310,OU_U0012_15_Pink.xlsx,furniture_rooms,家具と部屋,OU,U0012,0,0,U0012,m,1,468,15
5311,OU_U0012_15_Pink.xlsx,household,小さな家庭用品,OU,U0012,0,0,U0012,m,1,468,15
5312,OU_U0012_15_Pink.xlsx,outside,戸外の物と場所,OU,U0012,0,0,U0012,m,1,468,15
5313,OU_U0012_15_Pink.xlsx,people,人々,OU,U0012,0,0,U0012,m,1,468,15
5314,OU_U0012_15_Pink.xlsx,games_routines,日課とあいさつ,OU,U0012,6,0,U0012,m,1,468,15
5315,OU_U0012_15_Pink.xlsx,action_words,動作語,OU,U0012,0,0,U0012,m,1,468,15
5316,OU_U0012_15_Pink.xlsx,time_words,時間についてのことば,OU,U0012,0,0,U0012,m,1,468,15
5317,OU_U0012_15_Pink.xlsx,descriptive_words,ようす・性質,OU,U0012,1,0,U0012,m,1,468,15
5318,OU_U0012_15_Pink.xlsx,pronouns,代名詞,OU,U0012,0,0,U0012,m,1,468,15
5319,OU_U0012_15_Pink.xlsx,question_words,質問のことば,OU,U0012,0,0,U0012,m,1,468,15
5320,OU_U0012_15_Pink.xlsx,locations,位置と場所についてのことば,OU,U0012,0,0,U0012,m,1,468,15
5321,OU_U0012_15_Pink.xlsx,quantifiers,数量を表すことば,OU,U0012,0,0,U0012,m,1,468,15
5322,OU_U0012_15_Pink.xlsx,sounds2,幼児語（その２）,OU,U0012,3,0,U0012,m,1,468,15
5323,OU_U0012_15_Pink.xlsx,conversations,会話語,OU,U0012,0,0,U0012,m,1,468,15
5324,OU_U0012_15_Pink.xlsx,others,その他,OU,U0012,1,0,U0012,m,1,468,15
5325,OU_U0012_18_Pink.xlsx,sounds,幼児語,OU,U0012,1,0,U0012,m,1,562,18
5326,OU_U0012_18_Pink.xlsx,animals,動物の名前,OU,U0012,0,0,U0012,m,1,562,18
5327,OU_U0012_18_Pink.xlsx,vehicles,乗り物,OU,U0012,0,0,U0012,m,1,562,18
5328,OU_U0012_18_Pink.xlsx,toys,おもちゃ,OU,U0012,0,0,U0012,m,1,562,18
5329,OU_U0012_18_Pink.xlsx,food_drink,食べ物と飲み物,OU,U0012,2,0,U0012,m,1,562,18
5330,OU_U0012_18_Pink.xlsx,clothing,衣類,OU,U0012,1,0,U0012,m,1,562,18
5331,OU_U0012_18_Pink.xlsx,body_parts,体の部分,OU,U0012,0,0,U0012,m,1,562,18
5332,OU_U0012_18_Pink.xlsx,furniture_rooms,家具と部屋,OU,U0012,0,0,U0012,m,1,562,18
5333,OU_U0012_18_Pink.xlsx,household,小さな家庭用品,OU,U0012,0,0,U0012,m,1,562,18
5334,OU_U0012_18_Pink.xlsx,outside,戸外の物と場所,OU,U0012,0,0,U0012,m,1,562,18
5335,OU_U0012_18_Pink.xlsx,people,人々,OU,U0012,0,0,U0012,m,1,562,18
5336,OU_U0012_18_Pink.xlsx,games_routines,日課とあいさつ,OU,U0012,7,0,U0012,m,1,562,18
5337,OU_U0012_18_Pink.xlsx,action_words,動作語,OU,U0012,7,0,U0012,m,1,562,18
5338,OU_U0012_18_Pink.xlsx,time_words,時間についてのことば,OU,U0012,0,0,U0012,m,1,562,18
5339,OU_U0012_18_Pink.xlsx,descriptive_words,ようす・性質,OU,U0012,1,0,U0012,m,1,562,18
5340,OU_U0012_18_Pink.xlsx,pronouns,代名詞,OU,U0012,0,0,U0012,m,1,562,18
5341,OU_U0012_18_Pink.xlsx,question_words,質問のことば,OU,U0012,0,0,U0012,m,1,562,18
5342,OU_U0012_18_Pink.xlsx,locations,位置と場所についてのことば,OU,U0012,0,0,U0012,m,1,562,18
5343,OU_U0012_18_Pink.xlsx,quantifiers,数量を表すことば,OU,U0012,0,0,U0012,m,1,562,18
5344,OU_U0012_18_Pink.xlsx,sounds2,幼児語（その２）,OU,U0012,5,0,U0012,m,1,562,18
5345,OU_U0012_18_Pink.xlsx,conversations,会話語,OU,U0012,0,0,U0012,m,1,562,18
5346,OU_U0012_18_Pink.xlsx,others,その他,OU,U0012,1,0,U0012,m,1,562,18
5347,OU_U0013_12_Pink.xlsx,sounds,幼児語,OU,U0013,0,0,U0013,m,1,377,12
5348,OU_U0013_12_Pink.xlsx,animals,動物の名前,OU,U0013,0,0,U0013,m,1,377,12
5349,OU_U0013_12_Pink.xlsx,vehicles,乗り物,OU,U0013,0,0,U0013,m,1,377,12
5350,OU_U0013_12_Pink.xlsx,toys,おもちゃ,OU,U0013,0,0,U0013,m,1,377,12
5351,OU_U0013_12_Pink.xlsx,food_drink,食べ物と飲み物,OU,U0013,0,0,U0013,m,1,377,12
5352,OU_U0013_12_Pink.xlsx,clothing,衣類,OU,U0013,0,0,U0013,m,1,377,12
5353,OU_U0013_12_Pink.xlsx,body_parts,体の部分,OU,U0013,2,0,U0013,m,1,377,12
5354,OU_U0013_12_Pink.xlsx,furniture_rooms,家具と部屋,OU,U0013,0,0,U0013,m,1,377,12
5355,OU_U0013_12_Pink.xlsx,household,小さな家庭用品,OU,U0013,0,0,U0013,m,1,377,12
5356,OU_U0013_12_Pink.xlsx,outside,戸外の物と場所,OU,U0013,0,0,U0013,m,1,377,12
5357,OU_U0013_12_Pink.xlsx,people,人々,OU,U0013,3,0,U0013,m,1,377,12
5358,OU_U0013_12_Pink.xlsx,games_routines,日課とあいさつ,OU,U0013,6,0,U0013,m,1,377,12
5359,OU_U0013_12_Pink.xlsx,action_words,動作語,OU,U0013,0,0,U0013,m,1,377,12
5360,OU_U0013_12_Pink.xlsx,time_words,時間についてのことば,OU,U0013,0,0,U0013,m,1,377,12
5361,OU_U0013_12_Pink.xlsx,descriptive_words,ようす・性質,OU,U0013,0,0,U0013,m,1,377,12
5362,OU_U0013_12_Pink.xlsx,pronouns,代名詞,OU,U0013,0,0,U0013,m,1,377,12
5363,OU_U0013_12_Pink.xlsx,question_words,質問のことば,OU,U0013,0,0,U0013,m,1,377,12
5364,OU_U0013_12_Pink.xlsx,locations,位置と場所についてのことば,OU,U0013,0,0,U0013,m,1,377,12
5365,OU_U0013_12_Pink.xlsx,quantifiers,数量を表すことば,OU,U0013,0,0,U0013,m,1,377,12
5366,OU_U0013_12_Pink.xlsx,sounds2,幼児語（その２）,OU,U0013,4,0,U0013,m,1,377,12
5367,OU_U0013_12_Pink.xlsx,conversations,会話語,OU,U0013,0,0,U0013,m,1,377,12
5368,OU_U0013_12_Pink.xlsx,others,その他,OU,U0013,0,0,U0013,m,1,377,12
5369,OU_U0013_15_Pink.xlsx,sounds,幼児語,OU,U0013,3,0,U0013,m,1,469,15
5370,OU_U0013_15_Pink.xlsx,animals,動物の名前,OU,U0013,2,0,U0013,m,1,469,15
5371,OU_U0013_15_Pink.xlsx,vehicles,乗り物,OU,U0013,1,0,U0013,m,1,469,15
5372,OU_U0013_15_Pink.xlsx,toys,おもちゃ,OU,U0013,0,0,U0013,m,1,469,15
5373,OU_U0013_15_Pink.xlsx,food_drink,食べ物と飲み物,OU,U0013,8,0,U0013,m,1,469,15
5374,OU_U0013_15_Pink.xlsx,clothing,衣類,OU,U0013,0,0,U0013,m,1,469,15
5375,OU_U0013_15_Pink.xlsx,body_parts,体の部分,OU,U0013,2,0,U0013,m,1,469,15
5376,OU_U0013_15_Pink.xlsx,furniture_rooms,家具と部屋,OU,U0013,2,0,U0013,m,1,469,15
5377,OU_U0013_15_Pink.xlsx,household,小さな家庭用品,OU,U0013,0,0,U0013,m,1,469,15
5378,OU_U0013_15_Pink.xlsx,outside,戸外の物と場所,OU,U0013,2,0,U0013,m,1,469,15
5379,OU_U0013_15_Pink.xlsx,people,人々,OU,U0013,3,0,U0013,m,1,469,15
5380,OU_U0013_15_Pink.xlsx,games_routines,日課とあいさつ,OU,U0013,11,1,U0013,m,1,469,15
5381,OU_U0013_15_Pink.xlsx,action_words,動作語,OU,U0013,3,0,U0013,m,1,469,15
5382,OU_U0013_15_Pink.xlsx,time_words,時間についてのことば,OU,U0013,0,0,U0013,m,1,469,15
5383,OU_U0013_15_Pink.xlsx,descriptive_words,ようす・性質,OU,U0013,4,0,U0013,m,1,469,15
5384,OU_U0013_15_Pink.xlsx,pronouns,代名詞,OU,U0013,0,0,U0013,m,1,469,15
5385,OU_U0013_15_Pink.xlsx,question_words,質問のことば,OU,U0013,1,0,U0013,m,1,469,15
5386,OU_U0013_15_Pink.xlsx,locations,位置と場所についてのことば,OU,U0013,0,0,U0013,m,1,469,15
5387,OU_U0013_15_Pink.xlsx,quantifiers,数量を表すことば,OU,U0013,0,0,U0013,m,1,469,15
5388,OU_U0013_15_Pink.xlsx,sounds2,幼児語（その２）,OU,U0013,8,0,U0013,m,1,469,15
5389,OU_U0013_15_Pink.xlsx,conversations,会話語,OU,U0013,1,0,U0013,m,1,469,15
5390,OU_U0013_15_Pink.xlsx,others,その他,OU,U0013,0,0,U0013,m,1,469,15
5391,OU_U0013_18_Pink.xlsx,sounds,幼児語,OU,U0013,5,0,U0013,m,1,558,18
5392,OU_U0013_18_Pink.xlsx,animals,動物の名前,OU,U0013,6,0,U0013,m,1,558,18
5393,OU_U0013_18_Pink.xlsx,vehicles,乗り物,OU,U0013,4,1,U0013,m,1,558,18
5394,OU_U0013_18_Pink.xlsx,toys,おもちゃ,OU,U0013,4,0,U0013,m,1,558,18
5395,OU_U0013_18_Pink.xlsx,food_drink,食べ物と飲み物,OU,U0013,12,0,U0013,m,1,558,18
5396,OU_U0013_18_Pink.xlsx,clothing,衣類,OU,U0013,5,0,U0013,m,1,558,18
5397,OU_U0013_18_Pink.xlsx,body_parts,体の部分,OU,U0013,11,0,U0013,m,1,558,18
5398,OU_U0013_18_Pink.xlsx,furniture_rooms,家具と部屋,OU,U0013,6,0,U0013,m,1,558,18
5399,OU_U0013_18_Pink.xlsx,household,小さな家庭用品,OU,U0013,6,0,U0013,m,1,558,18
5400,OU_U0013_18_Pink.xlsx,outside,戸外の物と場所,OU,U0013,2,0,U0013,m,1,558,18
5401,OU_U0013_18_Pink.xlsx,people,人々,OU,U0013,3,0,U0013,m,1,558,18
5402,OU_U0013_18_Pink.xlsx,games_routines,日課とあいさつ,OU,U0013,16,1,U0013,m,1,558,18
5403,OU_U0013_18_Pink.xlsx,action_words,動作語,OU,U0013,23,0,U0013,m,1,558,18
5404,OU_U0013_18_Pink.xlsx,time_words,時間についてのことば,OU,U0013,0,0,U0013,m,1,558,18
5405,OU_U0013_18_Pink.xlsx,descriptive_words,ようす・性質,OU,U0013,12,0,U0013,m,1,558,18
5406,OU_U0013_18_Pink.xlsx,pronouns,代名詞,OU,U0013,0,0,U0013,m,1,558,18
5407,OU_U0013_18_Pink.xlsx,question_words,質問のことば,OU,U0013,1,0,U0013,m,1,558,18
5408,OU_U0013_18_Pink.xlsx,locations,位置と場所についてのことば,OU,U0013,1,0,U0013,m,1,558,18
5409,OU_U0013_18_Pink.xlsx,quantifiers,数量を表すことば,OU,U0013,2,0,U0013,m,1,558,18
5410,OU_U0013_18_Pink.xlsx,sounds2,幼児語（その２）,OU,U0013,9,4,U0013,m,1,558,18
5411,OU_U0013_18_Pink.xlsx,conversations,会話語,OU,U0013,2,2,U0013,m,1,558,18
5412,OU_U0013_18_Pink.xlsx,others,その他,OU,U0013,1,1,U0013,m,1,558,18
5413,OU_U0014_12_Pink.xlsx,sounds,幼児語,OU,U0014,2,0,U0014,f,1,375,12
5414,OU_U0014_12_Pink.xlsx,animals,動物の名前,OU,U0014,0,0,U0014,f,1,375,12
5415,OU_U0014_12_Pink.xlsx,vehicles,乗り物,OU,U0014,0,0,U0014,f,1,375,12
5416,OU_U0014_12_Pink.xlsx,toys,おもちゃ,OU,U0014,0,0,U0014,f,1,375,12
5417,OU_U0014_12_Pink.xlsx,food_drink,食べ物と飲み物,OU,U0014,3,0,U0014,f,1,375,12
5418,OU_U0014_12_Pink.xlsx,clothing,衣類,OU,U0014,0,0,U0014,f,1,375,12
5419,OU_U0014_12_Pink.xlsx,body_parts,体の部分,OU,U0014,1,0,U0014,f,1,375,12
5420,OU_U0014_12_Pink.xlsx,furniture_rooms,家具と部屋,OU,U0014,0,0,U0014,f,1,375,12
5421,OU_U0014_12_Pink.xlsx,household,小さな家庭用品,OU,U0014,0,0,U0014,f,1,375,12
5422,OU_U0014_12_Pink.xlsx,outside,戸外の物と場所,OU,U0014,1,0,U0014,f,1,375,12
5423,OU_U0014_12_Pink.xlsx,people,人々,OU,U0014,5,0,U0014,f,1,375,12
5424,OU_U0014_12_Pink.xlsx,games_routines,日課とあいさつ,OU,U0014,9,0,U0014,f,1,375,12
5425,OU_U0014_12_Pink.xlsx,action_words,動作語,OU,U0014,2,0,U0014,f,1,375,12
5426,OU_U0014_12_Pink.xlsx,time_words,時間についてのことば,OU,U0014,0,0,U0014,f,1,375,12
5427,OU_U0014_12_Pink.xlsx,descriptive_words,ようす・性質,OU,U0014,1,0,U0014,f,1,375,12
5428,OU_U0014_12_Pink.xlsx,pronouns,代名詞,OU,U0014,0,0,U0014,f,1,375,12
5429,OU_U0014_12_Pink.xlsx,question_words,質問のことば,OU,U0014,0,0,U0014,f,1,375,12
5430,OU_U0014_12_Pink.xlsx,locations,位置と場所についてのことば,OU,U0014,0,0,U0014,f,1,375,12
5431,OU_U0014_12_Pink.xlsx,quantifiers,数量を表すことば,OU,U0014,0,0,U0014,f,1,375,12
5432,OU_U0014_12_Pink.xlsx,sounds2,幼児語（その２）,OU,U0014,7,0,U0014,f,1,375,12
5433,OU_U0014_12_Pink.xlsx,conversations,会話語,OU,U0014,0,0,U0014,f,1,375,12
5434,OU_U0014_12_Pink.xlsx,others,その他,OU,U0014,1,0,U0014,f,1,375,12
5435,OU_U0014_15_Pink.xlsx,sounds,幼児語,OU,U0014,3,1,U0014,f,1,462,15
5436,OU_U0014_15_Pink.xlsx,animals,動物の名前,OU,U0014,0,0,U0014,f,1,462,15
5437,OU_U0014_15_Pink.xlsx,vehicles,乗り物,OU,U0014,1,0,U0014,f,1,462,15
5438,OU_U0014_15_Pink.xlsx,toys,おもちゃ,OU,U0014,3,0,U0014,f,1,462,15
5439,OU_U0014_15_Pink.xlsx,food_drink,食べ物と飲み物,OU,U0014,6,0,U0014,f,1,462,15
5440,OU_U0014_15_Pink.xlsx,clothing,衣類,OU,U0014,3,0,U0014,f,1,462,15
5441,OU_U0014_15_Pink.xlsx,body_parts,体の部分,OU,U0014,2,0,U0014,f,1,462,15
5442,OU_U0014_15_Pink.xlsx,furniture_rooms,家具と部屋,OU,U0014,1,0,U0014,f,1,462,15
5443,OU_U0014_15_Pink.xlsx,household,小さな家庭用品,OU,U0014,0,0,U0014,f,1,462,15
5444,OU_U0014_15_Pink.xlsx,outside,戸外の物と場所,OU,U0014,1,0,U0014,f,1,462,15
5445,OU_U0014_15_Pink.xlsx,people,人々,OU,U0014,6,1,U0014,f,1,462,15
5446,OU_U0014_15_Pink.xlsx,games_routines,日課とあいさつ,OU,U0014,16,0,U0014,f,1,462,15
5447,OU_U0014_15_Pink.xlsx,action_words,動作語,OU,U0014,20,0,U0014,f,1,462,15
5448,OU_U0014_15_Pink.xlsx,time_words,時間についてのことば,OU,U0014,0,0,U0014,f,1,462,15
5449,OU_U0014_15_Pink.xlsx,descriptive_words,ようす・性質,OU,U0014,5,0,U0014,f,1,462,15
5450,OU_U0014_15_Pink.xlsx,pronouns,代名詞,OU,U0014,0,0,U0014,f,1,462,15
5451,OU_U0014_15_Pink.xlsx,question_words,質問のことば,OU,U0014,0,0,U0014,f,1,462,15
5452,OU_U0014_15_Pink.xlsx,locations,位置と場所についてのことば,OU,U0014,0,0,U0014,f,1,462,15
5453,OU_U0014_15_Pink.xlsx,quantifiers,数量を表すことば,OU,U0014,0,0,U0014,f,1,462,15
5454,OU_U0014_15_Pink.xlsx,sounds2,幼児語（その２）,OU,U0014,13,0,U0014,f,1,462,15
5455,OU_U0014_15_Pink.xlsx,conversations,会話語,OU,U0014,0,0,U0014,f,1,462,15
5456,OU_U0014_15_Pink.xlsx,others,その他,OU,U0014,2,0,U0014,f,1,462,15
5457,OU_U0014_18_Pink.xlsx,sounds,幼児語,OU,U0014,7,2,U0014,f,1,552,18
5458,OU_U0014_18_Pink.xlsx,animals,動物の名前,OU,U0014,5,0,U0014,f,1,552,18
5459,OU_U0014_18_Pink.xlsx,vehicles,乗り物,OU,U0014,2,0,U0014,f,1,552,18
5460,OU_U0014_18_Pink.xlsx,toys,おもちゃ,OU,U0014,7,0,U0014,f,1,552,18
5461,OU_U0014_18_Pink.xlsx,food_drink,食べ物と飲み物,OU,U0014,7,1,U0014,f,1,552,18
5462,OU_U0014_18_Pink.xlsx,clothing,衣類,OU,U0014,8,0,U0014,f,1,552,18
5463,OU_U0014_18_Pink.xlsx,body_parts,体の部分,OU,U0014,16,0,U0014,f,1,552,18
5464,OU_U0014_18_Pink.xlsx,furniture_rooms,家具と部屋,OU,U0014,15,0,U0014,f,1,552,18
5465,OU_U0014_18_Pink.xlsx,household,小さな家庭用品,OU,U0014,12,0,U0014,f,1,552,18
5466,OU_U0014_18_Pink.xlsx,outside,戸外の物と場所,OU,U0014,5,0,U0014,f,1,552,18
5467,OU_U0014_18_Pink.xlsx,people,人々,OU,U0014,9,2,U0014,f,1,552,18
5468,OU_U0014_18_Pink.xlsx,games_routines,日課とあいさつ,OU,U0014,17,0,U0014,f,1,552,18
5469,OU_U0014_18_Pink.xlsx,action_words,動作語,OU,U0014,35,0,U0014,f,1,552,18
5470,OU_U0014_18_Pink.xlsx,time_words,時間についてのことば,OU,U0014,0,0,U0014,f,1,552,18
5471,OU_U0014_18_Pink.xlsx,descriptive_words,ようす・性質,OU,U0014,9,0,U0014,f,1,552,18
5472,OU_U0014_18_Pink.xlsx,pronouns,代名詞,OU,U0014,8,0,U0014,f,1,552,18
5473,OU_U0014_18_Pink.xlsx,question_words,質問のことば,OU,U0014,0,0,U0014,f,1,552,18
5474,OU_U0014_18_Pink.xlsx,locations,位置と場所についてのことば,OU,U0014,0,0,U0014,f,1,552,18
5475,OU_U0014_18_Pink.xlsx,quantifiers,数量を表すことば,OU,U0014,0,0,U0014,f,1,552,18
5476,OU_U0014_18_Pink.xlsx,sounds2,幼児語（その２）,OU,U0014,19,0,U0014,f,1,552,18
5477,OU_U0014_18_Pink.xlsx,conversations,会話語,OU,U0014,1,0,U0014,f,1,552,18
5478,OU_U0014_18_Pink.xlsx,others,その他,OU,U0014,6,0,U0014,f,1,552,18
5479,OU_U0015_12_Pink.xlsx,sounds,幼児語,OU,U0015,3,1,U0015,f,1,374,12
5480,OU_U0015_12_Pink.xlsx,animals,動物の名前,OU,U0015,1,0,U0015,f,1,374,12
5481,OU_U0015_12_Pink.xlsx,vehicles,乗り物,OU,U0015,0,0,U0015,f,1,374,12
5482,OU_U0015_12_Pink.xlsx,toys,おもちゃ,OU,U0015,0,0,U0015,f,1,374,12
5483,OU_U0015_12_Pink.xlsx,food_drink,食べ物と飲み物,OU,U0015,1,0,U0015,f,1,374,12
5484,OU_U0015_12_Pink.xlsx,clothing,衣類,OU,U0015,1,0,U0015,f,1,374,12
5485,OU_U0015_12_Pink.xlsx,body_parts,体の部分,OU,U0015,0,0,U0015,f,1,374,12
5486,OU_U0015_12_Pink.xlsx,furniture_rooms,家具と部屋,OU,U0015,1,0,U0015,f,1,374,12
5487,OU_U0015_12_Pink.xlsx,household,小さな家庭用品,OU,U0015,2,0,U0015,f,1,374,12
5488,OU_U0015_12_Pink.xlsx,outside,戸外の物と場所,OU,U0015,2,0,U0015,f,1,374,12
5489,OU_U0015_12_Pink.xlsx,people,人々,OU,U0015,4,2,U0015,f,1,374,12
5490,OU_U0015_12_Pink.xlsx,games_routines,日課とあいさつ,OU,U0015,17,0,U0015,f,1,374,12
5491,OU_U0015_12_Pink.xlsx,action_words,動作語,OU,U0015,8,0,U0015,f,1,374,12
5492,OU_U0015_12_Pink.xlsx,time_words,時間についてのことば,OU,U0015,0,0,U0015,f,1,374,12
5493,OU_U0015_12_Pink.xlsx,descriptive_words,ようす・性質,OU,U0015,7,0,U0015,f,1,374,12
5494,OU_U0015_12_Pink.xlsx,pronouns,代名詞,OU,U0015,1,0,U0015,f,1,374,12
5495,OU_U0015_12_Pink.xlsx,question_words,質問のことば,OU,U0015,1,0,U0015,f,1,374,12
5496,OU_U0015_12_Pink.xlsx,locations,位置と場所についてのことば,OU,U0015,0,0,U0015,f,1,374,12
5497,OU_U0015_12_Pink.xlsx,quantifiers,数量を表すことば,OU,U0015,0,0,U0015,f,1,374,12
5498,OU_U0015_12_Pink.xlsx,sounds2,幼児語（その２）,OU,U0015,5,0,U0015,f,1,374,12
5499,OU_U0015_12_Pink.xlsx,conversations,会話語,OU,U0015,0,0,U0015,f,1,374,12
5500,OU_U0015_12_Pink.xlsx,others,その他,OU,U0015,2,0,U0015,f,1,374,12
5501,OU_U0015_15_Pink.xlsx,sounds,幼児語,OU,U0015,4,1,U0015,f,1,464,15
5502,OU_U0015_15_Pink.xlsx,animals,動物の名前,OU,U0015,1,0,U0015,f,1,464,15
5503,OU_U0015_15_Pink.xlsx,vehicles,乗り物,OU,U0015,2,0,U0015,f,1,464,15
5504,OU_U0015_15_Pink.xlsx,toys,おもちゃ,OU,U0015,3,0,U0015,f,1,464,15
5505,OU_U0015_15_Pink.xlsx,food_drink,食べ物と飲み物,OU,U0015,4,0,U0015,f,1,464,15
5506,OU_U0015_15_Pink.xlsx,clothing,衣類,OU,U0015,5,0,U0015,f,1,464,15
5507,OU_U0015_15_Pink.xlsx,body_parts,体の部分,OU,U0015,0,0,U0015,f,1,464,15
5508,OU_U0015_15_Pink.xlsx,furniture_rooms,家具と部屋,OU,U0015,3,0,U0015,f,1,464,15
5509,OU_U0015_15_Pink.xlsx,household,小さな家庭用品,OU,U0015,4,0,U0015,f,1,464,15
5510,OU_U0015_15_Pink.xlsx,outside,戸外の物と場所,OU,U0015,2,0,U0015,f,1,464,15
5511,OU_U0015_15_Pink.xlsx,people,人々,OU,U0015,5,2,U0015,f,1,464,15
5512,OU_U0015_15_Pink.xlsx,games_routines,日課とあいさつ,OU,U0015,17,0,U0015,f,1,464,15
5513,OU_U0015_15_Pink.xlsx,action_words,動作語,OU,U0015,28,0,U0015,f,1,464,15
5514,OU_U0015_15_Pink.xlsx,time_words,時間についてのことば,OU,U0015,0,0,U0015,f,1,464,15
5515,OU_U0015_15_Pink.xlsx,descriptive_words,ようす・性質,OU,U0015,9,0,U0015,f,1,464,15
5516,OU_U0015_15_Pink.xlsx,pronouns,代名詞,OU,U0015,1,2,U0015,f,1,464,15
5517,OU_U0015_15_Pink.xlsx,question_words,質問のことば,OU,U0015,1,0,U0015,f,1,464,15
5518,OU_U0015_15_Pink.xlsx,locations,位置と場所についてのことば,OU,U0015,0,0,U0015,f,1,464,15
5519,OU_U0015_15_Pink.xlsx,quantifiers,数量を表すことば,OU,U0015,1,0,U0015,f,1,464,15
5520,OU_U0015_15_Pink.xlsx,sounds2,幼児語（その２）,OU,U0015,13,1,U0015,f,1,464,15
5521,OU_U0015_15_Pink.xlsx,conversations,会話語,OU,U0015,13,0,U0015,f,1,464,15
5522,OU_U0015_15_Pink.xlsx,others,その他,OU,U0015,2,0,U0015,f,1,464,15
5523,OU_U0015_18_Pink.xlsx,sounds,幼児語,OU,U0015,6,2,U0015,f,1,560,18
5524,OU_U0015_18_Pink.xlsx,animals,動物の名前,OU,U0015,3,0,U0015,f,1,560,18
5525,OU_U0015_18_Pink.xlsx,vehicles,乗り物,OU,U0015,3,1,U0015,f,1,560,18
5526,OU_U0015_18_Pink.xlsx,toys,おもちゃ,OU,U0015,4,0,U0015,f,1,560,18
5527,OU_U0015_18_Pink.xlsx,food_drink,食べ物と飲み物,OU,U0015,8,0,U0015,f,1,560,18
5528,OU_U0015_18_Pink.xlsx,clothing,衣類,OU,U0015,5,0,U0015,f,1,560,18
5529,OU_U0015_18_Pink.xlsx,body_parts,体の部分,OU,U0015,5,0,U0015,f,1,560,18
5530,OU_U0015_18_Pink.xlsx,furniture_rooms,家具と部屋,OU,U0015,4,0,U0015,f,1,560,18
5531,OU_U0015_18_Pink.xlsx,household,小さな家庭用品,OU,U0015,12,0,U0015,f,1,560,18
5532,OU_U0015_18_Pink.xlsx,outside,戸外の物と場所,OU,U0015,3,0,U0015,f,1,560,18
5533,OU_U0015_18_Pink.xlsx,people,人々,OU,U0015,6,3,U0015,f,1,560,18
5534,OU_U0015_18_Pink.xlsx,games_routines,日課とあいさつ,OU,U0015,13,4,U0015,f,1,560,18
5535,OU_U0015_18_Pink.xlsx,action_words,動作語,OU,U0015,44,0,U0015,f,1,560,18
5536,OU_U0015_18_Pink.xlsx,time_words,時間についてのことば,OU,U0015,0,0,U0015,f,1,560,18
5537,OU_U0015_18_Pink.xlsx,descriptive_words,ようす・性質,OU,U0015,11,0,U0015,f,1,560,18
5538,OU_U0015_18_Pink.xlsx,pronouns,代名詞,OU,U0015,1,2,U0015,f,1,560,18
5539,OU_U0015_18_Pink.xlsx,question_words,質問のことば,OU,U0015,1,0,U0015,f,1,560,18
5540,OU_U0015_18_Pink.xlsx,locations,位置と場所についてのことば,OU,U0015,3,0,U0015,f,1,560,18
5541,OU_U0015_18_Pink.xlsx,quantifiers,数量を表すことば,OU,U0015,1,0,U0015,f,1,560,18
5542,OU_U0015_18_Pink.xlsx,sounds2,幼児語（その２）,OU,U0015,13,2,U0015,f,1,560,18
5543,OU_U0015_18_Pink.xlsx,conversations,会話語,OU,U0015,13,0,U0015,f,1,560,18
5544,OU_U0015_18_Pink.xlsx,others,その他,OU,U0015,4,0,U0015,f,1,560,18
5545,OU_U0016_12_Pink.xlsx,sounds,幼児語,OU,U0016,0,0,U0016,f,1,368,12
5546,OU_U0016_12_Pink.xlsx,animals,動物の名前,OU,U0016,0,0,U0016,f,1,368,12
5547,OU_U0016_12_Pink.xlsx,vehicles,乗り物,OU,U0016,0,0,U0016,f,1,368,12
5548,OU_U0016_12_Pink.xlsx,toys,おもちゃ,OU,U0016,0,0,U0016,f,1,368,12
5549,OU_U0016_12_Pink.xlsx,food_drink,食べ物と飲み物,OU,U0016,0,0,U0016,f,1,368,12
5550,OU_U0016_12_Pink.xlsx,clothing,衣類,OU,U0016,0,0,U0016,f,1,368,12
5551,OU_U0016_12_Pink.xlsx,body_parts,体の部分,OU,U0016,1,0,U0016,f,1,368,12
5552,OU_U0016_12_Pink.xlsx,furniture_rooms,家具と部屋,OU,U0016,0,0,U0016,f,1,368,12
5553,OU_U0016_12_Pink.xlsx,household,小さな家庭用品,OU,U0016,0,0,U0016,f,1,368,12
5554,OU_U0016_12_Pink.xlsx,outside,戸外の物と場所,OU,U0016,0,0,U0016,f,1,368,12
5555,OU_U0016_12_Pink.xlsx,people,人々,OU,U0016,0,0,U0016,f,1,368,12
5556,OU_U0016_12_Pink.xlsx,games_routines,日課とあいさつ,OU,U0016,0,0,U0016,f,1,368,12
5557,OU_U0016_12_Pink.xlsx,action_words,動作語,OU,U0016,0,0,U0016,f,1,368,12
5558,OU_U0016_12_Pink.xlsx,time_words,時間についてのことば,OU,U0016,0,0,U0016,f,1,368,12
5559,OU_U0016_12_Pink.xlsx,descriptive_words,ようす・性質,OU,U0016,0,0,U0016,f,1,368,12
5560,OU_U0016_12_Pink.xlsx,pronouns,代名詞,OU,U0016,1,0,U0016,f,1,368,12
5561,OU_U0016_12_Pink.xlsx,question_words,質問のことば,OU,U0016,0,0,U0016,f,1,368,12
5562,OU_U0016_12_Pink.xlsx,locations,位置と場所についてのことば,OU,U0016,0,0,U0016,f,1,368,12
5563,OU_U0016_12_Pink.xlsx,quantifiers,数量を表すことば,OU,U0016,0,0,U0016,f,1,368,12
5564,OU_U0016_12_Pink.xlsx,sounds2,幼児語（その２）,OU,U0016,0,0,U0016,f,1,368,12
5565,OU_U0016_12_Pink.xlsx,conversations,会話語,OU,U0016,0,0,U0016,f,1,368,12
5566,OU_U0016_12_Pink.xlsx,others,その他,OU,U0016,0,0,U0016,f,1,368,12
5567,OU_U0016_15_Pink.xlsx,sounds,幼児語,OU,U0016,0,1,U0016,f,1,459,15
5568,OU_U0016_15_Pink.xlsx,animals,動物の名前,OU,U0016,2,0,U0016,f,1,459,15
5569,OU_U0016_15_Pink.xlsx,vehicles,乗り物,OU,U0016,0,0,U0016,f,1,459,15
5570,OU_U0016_15_Pink.xlsx,toys,おもちゃ,OU,U0016,0,0,U0016,f,1,459,15
5571,OU_U0016_15_Pink.xlsx,food_drink,食べ物と飲み物,OU,U0016,0,0,U0016,f,1,459,15
5572,OU_U0016_15_Pink.xlsx,clothing,衣類,OU,U0016,0,0,U0016,f,1,459,15
5573,OU_U0016_15_Pink.xlsx,body_parts,体の部分,OU,U0016,3,0,U0016,f,1,459,15
5574,OU_U0016_15_Pink.xlsx,furniture_rooms,家具と部屋,OU,U0016,0,0,U0016,f,1,459,15
5575,OU_U0016_15_Pink.xlsx,household,小さな家庭用品,OU,U0016,0,0,U0016,f,1,459,15
5576,OU_U0016_15_Pink.xlsx,outside,戸外の物と場所,OU,U0016,1,0,U0016,f,1,459,15
5577,OU_U0016_15_Pink.xlsx,people,人々,OU,U0016,1,1,U0016,f,1,459,15
5578,OU_U0016_15_Pink.xlsx,games_routines,日課とあいさつ,OU,U0016,9,1,U0016,f,1,459,15
5579,OU_U0016_15_Pink.xlsx,action_words,動作語,OU,U0016,5,0,U0016,f,1,459,15
5580,OU_U0016_15_Pink.xlsx,time_words,時間についてのことば,OU,U0016,0,0,U0016,f,1,459,15
5581,OU_U0016_15_Pink.xlsx,descriptive_words,ようす・性質,OU,U0016,0,0,U0016,f,1,459,15
5582,OU_U0016_15_Pink.xlsx,pronouns,代名詞,OU,U0016,1,0,U0016,f,1,459,15
5583,OU_U0016_15_Pink.xlsx,question_words,質問のことば,OU,U0016,0,0,U0016,f,1,459,15
5584,OU_U0016_15_Pink.xlsx,locations,位置と場所についてのことば,OU,U0016,0,0,U0016,f,1,459,15
5585,OU_U0016_15_Pink.xlsx,quantifiers,数量を表すことば,OU,U0016,0,0,U0016,f,1,459,15
5586,OU_U0016_15_Pink.xlsx,sounds2,幼児語（その２）,OU,U0016,0,0,U0016,f,1,459,15
5587,OU_U0016_15_Pink.xlsx,conversations,会話語,OU,U0016,0,0,U0016,f,1,459,15
5588,OU_U0016_15_Pink.xlsx,others,その他,OU,U0016,0,0,U0016,f,1,459,15
5589,OU_U0016_18_Pink.xlsx,sounds,幼児語,OU,U0016,2,2,U0016,f,1,549,18
5590,OU_U0016_18_Pink.xlsx,animals,動物の名前,OU,U0016,4,0,U0016,f,1,549,18
5591,OU_U0016_18_Pink.xlsx,vehicles,乗り物,OU,U0016,1,0,U0016,f,1,549,18
5592,OU_U0016_18_Pink.xlsx,toys,おもちゃ,OU,U0016,0,0,U0016,f,1,549,18
5593,OU_U0016_18_Pink.xlsx,food_drink,食べ物と飲み物,OU,U0016,1,0,U0016,f,1,549,18
5594,OU_U0016_18_Pink.xlsx,clothing,衣類,OU,U0016,2,0,U0016,f,1,549,18
5595,OU_U0016_18_Pink.xlsx,body_parts,体の部分,OU,U0016,4,2,U0016,f,1,549,18
5596,OU_U0016_18_Pink.xlsx,furniture_rooms,家具と部屋,OU,U0016,1,0,U0016,f,1,549,18
5597,OU_U0016_18_Pink.xlsx,household,小さな家庭用品,OU,U0016,1,0,U0016,f,1,549,18
5598,OU_U0016_18_Pink.xlsx,outside,戸外の物と場所,OU,U0016,1,0,U0016,f,1,549,18
5599,OU_U0016_18_Pink.xlsx,people,人々,OU,U0016,1,2,U0016,f,1,549,18
5600,OU_U0016_18_Pink.xlsx,games_routines,日課とあいさつ,OU,U0016,14,1,U0016,f,1,549,18
5601,OU_U0016_18_Pink.xlsx,action_words,動作語,OU,U0016,10,0,U0016,f,1,549,18
5602,OU_U0016_18_Pink.xlsx,time_words,時間についてのことば,OU,U0016,0,0,U0016,f,1,549,18
5603,OU_U0016_18_Pink.xlsx,descriptive_words,ようす・性質,OU,U0016,1,0,U0016,f,1,549,18
5604,OU_U0016_18_Pink.xlsx,pronouns,代名詞,OU,U0016,1,1,U0016,f,1,549,18
5605,OU_U0016_18_Pink.xlsx,question_words,質問のことば,OU,U0016,1,0,U0016,f,1,549,18
5606,OU_U0016_18_Pink.xlsx,locations,位置と場所についてのことば,OU,U0016,0,0,U0016,f,1,549,18
5607,OU_U0016_18_Pink.xlsx,quantifiers,数量を表すことば,OU,U0016,0,0,U0016,f,1,549,18
5608,OU_U0016_18_Pink.xlsx,sounds2,幼児語（その２）,OU,U0016,3,1,U0016,f,1,549,18
5609,OU_U0016_18_Pink.xlsx,conversations,会話語,OU,U0016,0,1,U0016,f,1,549,18
5610,OU_U0016_18_Pink.xlsx,others,その他,OU,U0016,0,0,U0016,f,1,549,18
5611,OU_U0017_11_Pink.xlsx,sounds,幼児語,OU,U0017,0,0,U0017,f,1,362,11
5612,OU_U0017_11_Pink.xlsx,animals,動物の名前,OU,U0017,0,0,U0017,f,1,362,11
5613,OU_U0017_11_Pink.xlsx,vehicles,乗り物,OU,U0017,0,0,U0017,f,1,362,11
5614,OU_U0017_11_Pink.xlsx,toys,おもちゃ,OU,U0017,0,0,U0017,f,1,362,11
5615,OU_U0017_11_Pink.xlsx,food_drink,食べ物と飲み物,OU,U0017,0,0,U0017,f,1,362,11
5616,OU_U0017_11_Pink.xlsx,clothing,衣類,OU,U0017,0,0,U0017,f,1,362,11
5617,OU_U0017_11_Pink.xlsx,body_parts,体の部分,OU,U0017,0,0,U0017,f,1,362,11
5618,OU_U0017_11_Pink.xlsx,furniture_rooms,家具と部屋,OU,U0017,0,0,U0017,f,1,362,11
5619,OU_U0017_11_Pink.xlsx,household,小さな家庭用品,OU,U0017,0,0,U0017,f,1,362,11
5620,OU_U0017_11_Pink.xlsx,outside,戸外の物と場所,OU,U0017,0,0,U0017,f,1,362,11
5621,OU_U0017_11_Pink.xlsx,people,人々,OU,U0017,0,0,U0017,f,1,362,11
5622,OU_U0017_11_Pink.xlsx,games_routines,日課とあいさつ,OU,U0017,0,0,U0017,f,1,362,11
5623,OU_U0017_11_Pink.xlsx,action_words,動作語,OU,U0017,0,0,U0017,f,1,362,11
5624,OU_U0017_11_Pink.xlsx,time_words,時間についてのことば,OU,U0017,0,0,U0017,f,1,362,11
5625,OU_U0017_11_Pink.xlsx,descriptive_words,ようす・性質,OU,U0017,0,0,U0017,f,1,362,11
5626,OU_U0017_11_Pink.xlsx,pronouns,代名詞,OU,U0017,0,0,U0017,f,1,362,11
5627,OU_U0017_11_Pink.xlsx,question_words,質問のことば,OU,U0017,0,0,U0017,f,1,362,11
5628,OU_U0017_11_Pink.xlsx,locations,位置と場所についてのことば,OU,U0017,0,0,U0017,f,1,362,11
5629,OU_U0017_11_Pink.xlsx,quantifiers,数量を表すことば,OU,U0017,0,0,U0017,f,1,362,11
5630,OU_U0017_11_Pink.xlsx,sounds2,幼児語（その２）,OU,U0017,0,0,U0017,f,1,362,11
5631,OU_U0017_11_Pink.xlsx,conversations,会話語,OU,U0017,0,0,U0017,f,1,362,11
5632,OU_U0017_11_Pink.xlsx,others,その他,OU,U0017,0,0,U0017,f,1,362,11
5633,OU_U0017_14_Pink.xlsx,sounds,幼児語,OU,U0017,0,0,U0017,f,1,451,14
5634,OU_U0017_14_Pink.xlsx,animals,動物の名前,OU,U0017,0,0,U0017,f,1,451,14
5635,OU_U0017_14_Pink.xlsx,vehicles,乗り物,OU,U0017,0,0,U0017,f,1,451,14
5636,OU_U0017_14_Pink.xlsx,toys,おもちゃ,OU,U0017,0,0,U0017,f,1,451,14
5637,OU_U0017_14_Pink.xlsx,food_drink,食べ物と飲み物,OU,U0017,1,0,U0017,f,1,451,14
5638,OU_U0017_14_Pink.xlsx,clothing,衣類,OU,U0017,0,0,U0017,f,1,451,14
5639,OU_U0017_14_Pink.xlsx,body_parts,体の部分,OU,U0017,0,0,U0017,f,1,451,14
5640,OU_U0017_14_Pink.xlsx,furniture_rooms,家具と部屋,OU,U0017,0,0,U0017,f,1,451,14
5641,OU_U0017_14_Pink.xlsx,household,小さな家庭用品,OU,U0017,0,0,U0017,f,1,451,14
5642,OU_U0017_14_Pink.xlsx,outside,戸外の物と場所,OU,U0017,0,0,U0017,f,1,451,14
5643,OU_U0017_14_Pink.xlsx,people,人々,OU,U0017,0,0,U0017,f,1,451,14
5644,OU_U0017_14_Pink.xlsx,games_routines,日課とあいさつ,OU,U0017,0,0,U0017,f,1,451,14
5645,OU_U0017_14_Pink.xlsx,action_words,動作語,OU,U0017,0,0,U0017,f,1,451,14
5646,OU_U0017_14_Pink.xlsx,time_words,時間についてのことば,OU,U0017,0,0,U0017,f,1,451,14
5647,OU_U0017_14_Pink.xlsx,descriptive_words,ようす・性質,OU,U0017,0,0,U0017,f,1,451,14
5648,OU_U0017_14_Pink.xlsx,pronouns,代名詞,OU,U0017,0,0,U0017,f,1,451,14
5649,OU_U0017_14_Pink.xlsx,question_words,質問のことば,OU,U0017,0,0,U0017,f,1,451,14
5650,OU_U0017_14_Pink.xlsx,locations,位置と場所についてのことば,OU,U0017,0,0,U0017,f,1,451,14
5651,OU_U0017_14_Pink.xlsx,quantifiers,数量を表すことば,OU,U0017,0,0,U0017,f,1,451,14
5652,OU_U0017_14_Pink.xlsx,sounds2,幼児語（その２）,OU,U0017,0,0,U0017,f,1,451,14
5653,OU_U0017_14_Pink.xlsx,conversations,会話語,OU,U0017,0,0,U0017,f,1,451,14
5654,OU_U0017_14_Pink.xlsx,others,その他,OU,U0017,0,0,U0017,f,1,451,14
5655,OU_U0017_17_Pink.xlsx,sounds,幼児語,OU,U0017,1,2,U0017,f,1,540,17
5656,OU_U0017_17_Pink.xlsx,animals,動物の名前,OU,U0017,3,0,U0017,f,1,540,17
5657,OU_U0017_17_Pink.xlsx,vehicles,乗り物,OU,U0017,1,0,U0017,f,1,540,17
5658,OU_U0017_17_Pink.xlsx,toys,おもちゃ,OU,U0017,1,0,U0017,f,1,540,17
5659,OU_U0017_17_Pink.xlsx,food_drink,食べ物と飲み物,OU,U0017,2,1,U0017,f,1,540,17
5660,OU_U0017_17_Pink.xlsx,clothing,衣類,OU,U0017,1,0,U0017,f,1,540,17
5661,OU_U0017_17_Pink.xlsx,body_parts,体の部分,OU,U0017,1,0,U0017,f,1,540,17
5662,OU_U0017_17_Pink.xlsx,furniture_rooms,家具と部屋,OU,U0017,1,0,U0017,f,1,540,17
5663,OU_U0017_17_Pink.xlsx,household,小さな家庭用品,OU,U0017,0,0,U0017,f,1,540,17
5664,OU_U0017_17_Pink.xlsx,outside,戸外の物と場所,OU,U0017,0,0,U0017,f,1,540,17
5665,OU_U0017_17_Pink.xlsx,people,人々,OU,U0017,0,1,U0017,f,1,540,17
5666,OU_U0017_17_Pink.xlsx,games_routines,日課とあいさつ,OU,U0017,1,0,U0017,f,1,540,17
5667,OU_U0017_17_Pink.xlsx,action_words,動作語,OU,U0017,0,0,U0017,f,1,540,17
5668,OU_U0017_17_Pink.xlsx,time_words,時間についてのことば,OU,U0017,0,0,U0017,f,1,540,17
5669,OU_U0017_17_Pink.xlsx,descriptive_words,ようす・性質,OU,U0017,0,0,U0017,f,1,540,17
5670,OU_U0017_17_Pink.xlsx,pronouns,代名詞,OU,U0017,0,0,U0017,f,1,540,17
5671,OU_U0017_17_Pink.xlsx,question_words,質問のことば,OU,U0017,0,0,U0017,f,1,540,17
5672,OU_U0017_17_Pink.xlsx,locations,位置と場所についてのことば,OU,U0017,0,0,U0017,f,1,540,17
5673,OU_U0017_17_Pink.xlsx,quantifiers,数量を表すことば,OU,U0017,0,0,U0017,f,1,540,17
5674,OU_U0017_17_Pink.xlsx,sounds2,幼児語（その２）,OU,U0017,0,0,U0017,f,1,540,17
5675,OU_U0017_17_Pink.xlsx,conversations,会話語,OU,U0017,0,0,U0017,f,1,540,17
5676,OU_U0017_17_Pink.xlsx,others,その他,OU,U0017,0,0,U0017,f,1,540,17
5677,OU_U0018_12_Pink.xlsx,sounds,幼児語,OU,U0018,0,0,U0018,f,1,367,12
5678,OU_U0018_12_Pink.xlsx,animals,動物の名前,OU,U0018,0,0,U0018,f,1,367,12
5679,OU_U0018_12_Pink.xlsx,vehicles,乗り物,OU,U0018,0,0,U0018,f,1,367,12
5680,OU_U0018_12_Pink.xlsx,toys,おもちゃ,OU,U0018,0,0,U0018,f,1,367,12
5681,OU_U0018_12_Pink.xlsx,food_drink,食べ物と飲み物,OU,U0018,1,0,U0018,f,1,367,12
5682,OU_U0018_12_Pink.xlsx,clothing,衣類,OU,U0018,0,0,U0018,f,1,367,12
5683,OU_U0018_12_Pink.xlsx,body_parts,体の部分,OU,U0018,0,0,U0018,f,1,367,12
5684,OU_U0018_12_Pink.xlsx,furniture_rooms,家具と部屋,OU,U0018,0,0,U0018,f,1,367,12
5685,OU_U0018_12_Pink.xlsx,household,小さな家庭用品,OU,U0018,0,0,U0018,f,1,367,12
5686,OU_U0018_12_Pink.xlsx,outside,戸外の物と場所,OU,U0018,0,0,U0018,f,1,367,12
5687,OU_U0018_12_Pink.xlsx,people,人々,OU,U0018,3,0,U0018,f,1,367,12
5688,OU_U0018_12_Pink.xlsx,games_routines,日課とあいさつ,OU,U0018,7,3,U0018,f,1,367,12
5689,OU_U0018_12_Pink.xlsx,action_words,動作語,OU,U0018,0,0,U0018,f,1,367,12
5690,OU_U0018_12_Pink.xlsx,time_words,時間についてのことば,OU,U0018,0,0,U0018,f,1,367,12
5691,OU_U0018_12_Pink.xlsx,descriptive_words,ようす・性質,OU,U0018,0,0,U0018,f,1,367,12
5692,OU_U0018_12_Pink.xlsx,pronouns,代名詞,OU,U0018,0,0,U0018,f,1,367,12
5693,OU_U0018_12_Pink.xlsx,question_words,質問のことば,OU,U0018,0,0,U0018,f,1,367,12
5694,OU_U0018_12_Pink.xlsx,locations,位置と場所についてのことば,OU,U0018,0,0,U0018,f,1,367,12
5695,OU_U0018_12_Pink.xlsx,quantifiers,数量を表すことば,OU,U0018,0,0,U0018,f,1,367,12
5696,OU_U0018_12_Pink.xlsx,sounds2,幼児語（その２）,OU,U0018,5,1,U0018,f,1,367,12
5697,OU_U0018_12_Pink.xlsx,conversations,会話語,OU,U0018,0,0,U0018,f,1,367,12
5698,OU_U0018_12_Pink.xlsx,others,その他,OU,U0018,1,0,U0018,f,1,367,12
5699,OU_U0018_15_Pink.xlsx,sounds,幼児語,OU,U0018,5,1,U0018,f,1,458,15
5700,OU_U0018_15_Pink.xlsx,animals,動物の名前,OU,U0018,0,0,U0018,f,1,458,15
5701,OU_U0018_15_Pink.xlsx,vehicles,乗り物,OU,U0018,2,0,U0018,f,1,458,15
5702,OU_U0018_15_Pink.xlsx,toys,おもちゃ,OU,U0018,3,0,U0018,f,1,458,15
5703,OU_U0018_15_Pink.xlsx,food_drink,食べ物と飲み物,OU,U0018,10,0,U0018,f,1,458,15
5704,OU_U0018_15_Pink.xlsx,clothing,衣類,OU,U0018,7,0,U0018,f,1,458,15
5705,OU_U0018_15_Pink.xlsx,body_parts,体の部分,OU,U0018,14,0,U0018,f,1,458,15
5706,OU_U0018_15_Pink.xlsx,furniture_rooms,家具と部屋,OU,U0018,8,0,U0018,f,1,458,15
5707,OU_U0018_15_Pink.xlsx,household,小さな家庭用品,OU,U0018,25,0,U0018,f,1,458,15
5708,OU_U0018_15_Pink.xlsx,outside,戸外の物と場所,OU,U0018,2,0,U0018,f,1,458,15
5709,OU_U0018_15_Pink.xlsx,people,人々,OU,U0018,7,2,U0018,f,1,458,15
5710,OU_U0018_15_Pink.xlsx,games_routines,日課とあいさつ,OU,U0018,13,6,U0018,f,1,458,15
5711,OU_U0018_15_Pink.xlsx,action_words,動作語,OU,U0018,42,1,U0018,f,1,458,15
5712,OU_U0018_15_Pink.xlsx,time_words,時間についてのことば,OU,U0018,0,0,U0018,f,1,458,15
5713,OU_U0018_15_Pink.xlsx,descriptive_words,ようす・性質,OU,U0018,19,0,U0018,f,1,458,15
5714,OU_U0018_15_Pink.xlsx,pronouns,代名詞,OU,U0018,2,0,U0018,f,1,458,15
5715,OU_U0018_15_Pink.xlsx,question_words,質問のことば,OU,U0018,0,0,U0018,f,1,458,15
5716,OU_U0018_15_Pink.xlsx,locations,位置と場所についてのことば,OU,U0018,0,0,U0018,f,1,458,15
5717,OU_U0018_15_Pink.xlsx,quantifiers,数量を表すことば,OU,U0018,1,0,U0018,f,1,458,15
5718,OU_U0018_15_Pink.xlsx,sounds2,幼児語（その２）,OU,U0018,19,1,U0018,f,1,458,15
5719,OU_U0018_15_Pink.xlsx,conversations,会話語,OU,U0018,0,3,U0018,f,1,458,15
5720,OU_U0018_15_Pink.xlsx,others,その他,OU,U0018,5,1,U0018,f,1,458,15
5721,OU_U0018_18_Pink.xlsx,sounds,幼児語,OU,U0018,2,4,U0018,f,1,558,18
5722,OU_U0018_18_Pink.xlsx,animals,動物の名前,OU,U0018,9,0,U0018,f,1,558,18
5723,OU_U0018_18_Pink.xlsx,vehicles,乗り物,OU,U0018,0,2,U0018,f,1,558,18
5724,OU_U0018_18_Pink.xlsx,toys,おもちゃ,OU,U0018,7,1,U0018,f,1,558,18
5725,OU_U0018_18_Pink.xlsx,food_drink,食べ物と飲み物,OU,U0018,15,0,U0018,f,1,558,18
5726,OU_U0018_18_Pink.xlsx,clothing,衣類,OU,U0018,9,0,U0018,f,1,558,18
5727,OU_U0018_18_Pink.xlsx,body_parts,体の部分,OU,U0018,10,7,U0018,f,1,558,18
5728,OU_U0018_18_Pink.xlsx,furniture_rooms,家具と部屋,OU,U0018,13,0,U0018,f,1,558,18
5729,OU_U0018_18_Pink.xlsx,household,小さな家庭用品,OU,U0018,28,0,U0018,f,1,558,18
5730,OU_U0018_18_Pink.xlsx,outside,戸外の物と場所,OU,U0018,8,0,U0018,f,1,558,18
5731,OU_U0018_18_Pink.xlsx,people,人々,OU,U0018,5,5,U0018,f,1,558,18
5732,OU_U0018_18_Pink.xlsx,games_routines,日課とあいさつ,OU,U0018,8,11,U0018,f,1,558,18
5733,OU_U0018_18_Pink.xlsx,action_words,動作語,OU,U0018,40,3,U0018,f,1,558,18
5734,OU_U0018_18_Pink.xlsx,time_words,時間についてのことば,OU,U0018,0,0,U0018,f,1,558,18
5735,OU_U0018_18_Pink.xlsx,descriptive_words,ようす・性質,OU,U0018,13,6,U0018,f,1,558,18
5736,OU_U0018_18_Pink.xlsx,pronouns,代名詞,OU,U0018,3,0,U0018,f,1,558,18
5737,OU_U0018_18_Pink.xlsx,question_words,質問のことば,OU,U0018,4,1,U0018,f,1,558,18
5738,OU_U0018_18_Pink.xlsx,locations,位置と場所についてのことば,OU,U0018,2,0,U0018,f,1,558,18
5739,OU_U0018_18_Pink.xlsx,quantifiers,数量を表すことば,OU,U0018,3,0,U0018,f,1,558,18
5740,OU_U0018_18_Pink.xlsx,sounds2,幼児語（その２）,OU,U0018,15,5,U0018,f,1,558,18
5741,OU_U0018_18_Pink.xlsx,conversations,会話語,OU,U0018,1,3,U0018,f,1,558,18
5742,OU_U0018_18_Pink.xlsx,others,その他,OU,U0018,5,1,U0018,f,1,558,18
5743,OU_U0019_12_Pink.xlsx,sounds,幼児語,OU,U0019,0,0,U0019,f,1,366,12
5744,OU_U0019_12_Pink.xlsx,animals,動物の名前,OU,U0019,0,0,U0019,f,1,366,12
5745,OU_U0019_12_Pink.xlsx,vehicles,乗り物,OU,U0019,0,0,U0019,f,1,366,12
5746,OU_U0019_12_Pink.xlsx,toys,おもちゃ,OU,U0019,0,0,U0019,f,1,366,12
5747,OU_U0019_12_Pink.xlsx,food_drink,食べ物と飲み物,OU,U0019,0,0,U0019,f,1,366,12
5748,OU_U0019_12_Pink.xlsx,clothing,衣類,OU,U0019,0,0,U0019,f,1,366,12
5749,OU_U0019_12_Pink.xlsx,body_parts,体の部分,OU,U0019,0,0,U0019,f,1,366,12
5750,OU_U0019_12_Pink.xlsx,furniture_rooms,家具と部屋,OU,U0019,0,0,U0019,f,1,366,12
5751,OU_U0019_12_Pink.xlsx,household,小さな家庭用品,OU,U0019,0,0,U0019,f,1,366,12
5752,OU_U0019_12_Pink.xlsx,outside,戸外の物と場所,OU,U0019,0,0,U0019,f,1,366,12
5753,OU_U0019_12_Pink.xlsx,people,人々,OU,U0019,7,0,U0019,f,1,366,12
5754,OU_U0019_12_Pink.xlsx,games_routines,日課とあいさつ,OU,U0019,10,0,U0019,f,1,366,12
5755,OU_U0019_12_Pink.xlsx,action_words,動作語,OU,U0019,0,0,U0019,f,1,366,12
5756,OU_U0019_12_Pink.xlsx,time_words,時間についてのことば,OU,U0019,0,0,U0019,f,1,366,12
5757,OU_U0019_12_Pink.xlsx,descriptive_words,ようす・性質,OU,U0019,0,0,U0019,f,1,366,12
5758,OU_U0019_12_Pink.xlsx,pronouns,代名詞,OU,U0019,0,0,U0019,f,1,366,12
5759,OU_U0019_12_Pink.xlsx,question_words,質問のことば,OU,U0019,0,0,U0019,f,1,366,12
5760,OU_U0019_12_Pink.xlsx,locations,位置と場所についてのことば,OU,U0019,0,0,U0019,f,1,366,12
5761,OU_U0019_12_Pink.xlsx,quantifiers,数量を表すことば,OU,U0019,0,0,U0019,f,1,366,12
5762,OU_U0019_12_Pink.xlsx,sounds2,幼児語（その２）,OU,U0019,0,0,U0019,f,1,366,12
5763,OU_U0019_12_Pink.xlsx,conversations,会話語,OU,U0019,0,0,U0019,f,1,366,12
5764,OU_U0019_12_Pink.xlsx,others,その他,OU,U0019,1,0,U0019,f,1,366,12
5765,OU_U0019_15_Pink.xlsx,sounds,幼児語,OU,U0019,2,1,U0019,f,1,469,15
5766,OU_U0019_15_Pink.xlsx,animals,動物の名前,OU,U0019,2,0,U0019,f,1,469,15
5767,OU_U0019_15_Pink.xlsx,vehicles,乗り物,OU,U0019,6,0,U0019,f,1,469,15
5768,OU_U0019_15_Pink.xlsx,toys,おもちゃ,OU,U0019,3,0,U0019,f,1,469,15
5769,OU_U0019_15_Pink.xlsx,food_drink,食べ物と飲み物,OU,U0019,7,0,U0019,f,1,469,15
5770,OU_U0019_15_Pink.xlsx,clothing,衣類,OU,U0019,2,0,U0019,f,1,469,15
5771,OU_U0019_15_Pink.xlsx,body_parts,体の部分,OU,U0019,3,0,U0019,f,1,469,15
5772,OU_U0019_15_Pink.xlsx,furniture_rooms,家具と部屋,OU,U0019,5,0,U0019,f,1,469,15
5773,OU_U0019_15_Pink.xlsx,household,小さな家庭用品,OU,U0019,4,0,U0019,f,1,469,15
5774,OU_U0019_15_Pink.xlsx,outside,戸外の物と場所,OU,U0019,1,0,U0019,f,1,469,15
5775,OU_U0019_15_Pink.xlsx,people,人々,OU,U0019,7,0,U0019,f,1,469,15
5776,OU_U0019_15_Pink.xlsx,games_routines,日課とあいさつ,OU,U0019,10,0,U0019,f,1,469,15
5777,OU_U0019_15_Pink.xlsx,action_words,動作語,OU,U0019,14,1,U0019,f,1,469,15
5778,OU_U0019_15_Pink.xlsx,time_words,時間についてのことば,OU,U0019,2,0,U0019,f,1,469,15
5779,OU_U0019_15_Pink.xlsx,descriptive_words,ようす・性質,OU,U0019,6,0,U0019,f,1,469,15
5780,OU_U0019_15_Pink.xlsx,pronouns,代名詞,OU,U0019,0,0,U0019,f,1,469,15
5781,OU_U0019_15_Pink.xlsx,question_words,質問のことば,OU,U0019,0,0,U0019,f,1,469,15
5782,OU_U0019_15_Pink.xlsx,locations,位置と場所についてのことば,OU,U0019,0,0,U0019,f,1,469,15
5783,OU_U0019_15_Pink.xlsx,quantifiers,数量を表すことば,OU,U0019,0,0,U0019,f,1,469,15
5784,OU_U0019_15_Pink.xlsx,sounds2,幼児語（その２）,OU,U0019,0,0,U0019,f,1,469,15
5785,OU_U0019_15_Pink.xlsx,conversations,会話語,OU,U0019,0,0,U0019,f,1,469,15
5786,OU_U0019_15_Pink.xlsx,others,その他,OU,U0019,1,0,U0019,f,1,469,15
5787,OU_U0019_17_Pink.xlsx,sounds,幼児語,OU,U0019,4,1,U0019,f,1,545,17
5788,OU_U0019_17_Pink.xlsx,animals,動物の名前,OU,U0019,5,0,U0019,f,1,545,17
5789,OU_U0019_17_Pink.xlsx,vehicles,乗り物,OU,U0019,8,0,U0019,f,1,545,17
5790,OU_U0019_17_Pink.xlsx,toys,おもちゃ,OU,U0019,5,0,U0019,f,1,545,17
5791,OU_U0019_17_Pink.xlsx,food_drink,食べ物と飲み物,OU,U0019,15,0,U0019,f,1,545,17
5792,OU_U0019_17_Pink.xlsx,clothing,衣類,OU,U0019,7,0,U0019,f,1,545,17
5793,OU_U0019_17_Pink.xlsx,body_parts,体の部分,OU,U0019,12,0,U0019,f,1,545,17
5794,OU_U0019_17_Pink.xlsx,furniture_rooms,家具と部屋,OU,U0019,11,0,U0019,f,1,545,17
5795,OU_U0019_17_Pink.xlsx,household,小さな家庭用品,OU,U0019,14,0,U0019,f,1,545,17
5796,OU_U0019_17_Pink.xlsx,outside,戸外の物と場所,OU,U0019,3,0,U0019,f,1,545,17
5797,OU_U0019_17_Pink.xlsx,people,人々,OU,U0019,11,0,U0019,f,1,545,17
5798,OU_U0019_17_Pink.xlsx,games_routines,日課とあいさつ,OU,U0019,16,0,U0019,f,1,545,17
5799,OU_U0019_17_Pink.xlsx,action_words,動作語,OU,U0019,37,1,U0019,f,1,545,17
5800,OU_U0019_17_Pink.xlsx,time_words,時間についてのことば,OU,U0019,2,0,U0019,f,1,545,17
5801,OU_U0019_17_Pink.xlsx,descriptive_words,ようす・性質,OU,U0019,14,0,U0019,f,1,545,17
5802,OU_U0019_17_Pink.xlsx,pronouns,代名詞,OU,U0019,0,0,U0019,f,1,545,17
5803,OU_U0019_17_Pink.xlsx,question_words,質問のことば,OU,U0019,0,0,U0019,f,1,545,17
5804,OU_U0019_17_Pink.xlsx,locations,位置と場所についてのことば,OU,U0019,0,0,U0019,f,1,545,17
5805,OU_U0019_17_Pink.xlsx,quantifiers,数量を表すことば,OU,U0019,4,0,U0019,f,1,545,17
5806,OU_U0019_17_Pink.xlsx,sounds2,幼児語（その２）,OU,U0019,3,7,U0019,f,1,545,17
5807,OU_U0019_17_Pink.xlsx,conversations,会話語,OU,U0019,0,1,U0019,f,1,545,17
5808,OU_U0019_17_Pink.xlsx,others,その他,OU,U0019,1,0,U0019,f,1,545,17
5809,OU_U0020_12_Pink.xlsx,sounds,幼児語,OU,U0020,0,0,U0020,f,1,365,12
5810,OU_U0020_12_Pink.xlsx,animals,動物の名前,OU,U0020,2,0,U0020,f,1,365,12
5811,OU_U0020_12_Pink.xlsx,vehicles,乗り物,OU,U0020,1,0,U0020,f,1,365,12
5812,OU_U0020_12_Pink.xlsx,toys,おもちゃ,OU,U0020,1,0,U0020,f,1,365,12
5813,OU_U0020_12_Pink.xlsx,food_drink,食べ物と飲み物,OU,U0020,3,0,U0020,f,1,365,12
5814,OU_U0020_12_Pink.xlsx,clothing,衣類,OU,U0020,1,0,U0020,f,1,365,12
5815,OU_U0020_12_Pink.xlsx,body_parts,体の部分,OU,U0020,1,0,U0020,f,1,365,12
5816,OU_U0020_12_Pink.xlsx,furniture_rooms,家具と部屋,OU,U0020,1,0,U0020,f,1,365,12
5817,OU_U0020_12_Pink.xlsx,household,小さな家庭用品,OU,U0020,2,0,U0020,f,1,365,12
5818,OU_U0020_12_Pink.xlsx,outside,戸外の物と場所,OU,U0020,2,0,U0020,f,1,365,12
5819,OU_U0020_12_Pink.xlsx,people,人々,OU,U0020,7,1,U0020,f,1,365,12
5820,OU_U0020_12_Pink.xlsx,games_routines,日課とあいさつ,OU,U0020,9,0,U0020,f,1,365,12
5821,OU_U0020_12_Pink.xlsx,action_words,動作語,OU,U0020,16,0,U0020,f,1,365,12
5822,OU_U0020_12_Pink.xlsx,time_words,時間についてのことば,OU,U0020,0,0,U0020,f,1,365,12
5823,OU_U0020_12_Pink.xlsx,descriptive_words,ようす・性質,OU,U0020,5,0,U0020,f,1,365,12
5824,OU_U0020_12_Pink.xlsx,pronouns,代名詞,OU,U0020,0,0,U0020,f,1,365,12
5825,OU_U0020_12_Pink.xlsx,question_words,質問のことば,OU,U0020,0,0,U0020,f,1,365,12
5826,OU_U0020_12_Pink.xlsx,locations,位置と場所についてのことば,OU,U0020,0,0,U0020,f,1,365,12
5827,OU_U0020_12_Pink.xlsx,quantifiers,数量を表すことば,OU,U0020,0,0,U0020,f,1,365,12
5828,OU_U0020_12_Pink.xlsx,sounds2,幼児語（その２）,OU,U0020,3,0,U0020,f,1,365,12
5829,OU_U0020_12_Pink.xlsx,conversations,会話語,OU,U0020,1,0,U0020,f,1,365,12
5830,OU_U0020_12_Pink.xlsx,others,その他,OU,U0020,1,0,U0020,f,1,365,12
5831,OU_U0020_14_Pink.xlsx,sounds,幼児語,OU,U0020,0,2,U0020,f,1,456,14
5832,OU_U0020_14_Pink.xlsx,animals,動物の名前,OU,U0020,6,2,U0020,f,1,456,14
5833,OU_U0020_14_Pink.xlsx,vehicles,乗り物,OU,U0020,1,0,U0020,f,1,456,14
5834,OU_U0020_14_Pink.xlsx,toys,おもちゃ,OU,U0020,6,0,U0020,f,1,456,14
5835,OU_U0020_14_Pink.xlsx,food_drink,食べ物と飲み物,OU,U0020,8,0,U0020,f,1,456,14
5836,OU_U0020_14_Pink.xlsx,clothing,衣類,OU,U0020,8,0,U0020,f,1,456,14
5837,OU_U0020_14_Pink.xlsx,body_parts,体の部分,OU,U0020,9,0,U0020,f,1,456,14
5838,OU_U0020_14_Pink.xlsx,furniture_rooms,家具と部屋,OU,U0020,12,0,U0020,f,1,456,14
5839,OU_U0020_14_Pink.xlsx,household,小さな家庭用品,OU,U0020,18,0,U0020,f,1,456,14
5840,OU_U0020_14_Pink.xlsx,outside,戸外の物と場所,OU,U0020,5,0,U0020,f,1,456,14
5841,OU_U0020_14_Pink.xlsx,people,人々,OU,U0020,7,2,U0020,f,1,456,14
5842,OU_U0020_14_Pink.xlsx,games_routines,日課とあいさつ,OU,U0020,12,2,U0020,f,1,456,14
5843,OU_U0020_14_Pink.xlsx,action_words,動作語,OU,U0020,30,0,U0020,f,1,456,14
5844,OU_U0020_14_Pink.xlsx,time_words,時間についてのことば,OU,U0020,2,0,U0020,f,1,456,14
5845,OU_U0020_14_Pink.xlsx,descriptive_words,ようす・性質,OU,U0020,14,0,U0020,f,1,456,14
5846,OU_U0020_14_Pink.xlsx,pronouns,代名詞,OU,U0020,9,0,U0020,f,1,456,14
5847,OU_U0020_14_Pink.xlsx,question_words,質問のことば,OU,U0020,5,0,U0020,f,1,456,14
5848,OU_U0020_14_Pink.xlsx,locations,位置と場所についてのことば,OU,U0020,7,0,U0020,f,1,456,14
5849,OU_U0020_14_Pink.xlsx,quantifiers,数量を表すことば,OU,U0020,3,0,U0020,f,1,456,14
5850,OU_U0020_14_Pink.xlsx,sounds2,幼児語（その２）,OU,U0020,6,0,U0020,f,1,456,14
5851,OU_U0020_14_Pink.xlsx,conversations,会話語,OU,U0020,3,0,U0020,f,1,456,14
5852,OU_U0020_14_Pink.xlsx,others,その他,OU,U0020,3,0,U0020,f,1,456,14
5853,OU_U0020_18_Pink.xlsx,sounds,幼児語,OU,U0020,0,3,U0020,f,1,551,18
5854,OU_U0020_18_Pink.xlsx,animals,動物の名前,OU,U0020,11,2,U0020,f,1,551,18
5855,OU_U0020_18_Pink.xlsx,vehicles,乗り物,OU,U0020,1,0,U0020,f,1,551,18
5856,OU_U0020_18_Pink.xlsx,toys,おもちゃ,OU,U0020,6,0,U0020,f,1,551,18
5857,OU_U0020_18_Pink.xlsx,food_drink,食べ物と飲み物,OU,U0020,8,1,U0020,f,1,551,18
5858,OU_U0020_18_Pink.xlsx,clothing,衣類,OU,U0020,8,0,U0020,f,1,551,18
5859,OU_U0020_18_Pink.xlsx,body_parts,体の部分,OU,U0020,14,0,U0020,f,1,551,18
5860,OU_U0020_18_Pink.xlsx,furniture_rooms,家具と部屋,OU,U0020,14,0,U0020,f,1,551,18
5861,OU_U0020_18_Pink.xlsx,household,小さな家庭用品,OU,U0020,21,0,U0020,f,1,551,18
5862,OU_U0020_18_Pink.xlsx,outside,戸外の物と場所,OU,U0020,8,0,U0020,f,1,551,18
5863,OU_U0020_18_Pink.xlsx,people,人々,OU,U0020,4,5,U0020,f,1,551,18
5864,OU_U0020_18_Pink.xlsx,games_routines,日課とあいさつ,OU,U0020,13,3,U0020,f,1,551,18
5865,OU_U0020_18_Pink.xlsx,action_words,動作語,OU,U0020,39,0,U0020,f,1,551,18
5866,OU_U0020_18_Pink.xlsx,time_words,時間についてのことば,OU,U0020,2,0,U0020,f,1,551,18
5867,OU_U0020_18_Pink.xlsx,descriptive_words,ようす・性質,OU,U0020,14,0,U0020,f,1,551,18
5868,OU_U0020_18_Pink.xlsx,pronouns,代名詞,OU,U0020,9,0,U0020,f,1,551,18
5869,OU_U0020_18_Pink.xlsx,question_words,質問のことば,OU,U0020,5,0,U0020,f,1,551,18
5870,OU_U0020_18_Pink.xlsx,locations,位置と場所についてのことば,OU,U0020,7,0,U0020,f,1,551,18
5871,OU_U0020_18_Pink.xlsx,quantifiers,数量を表すことば,OU,U0020,3,1,U0020,f,1,551,18
5872,OU_U0020_18_Pink.xlsx,sounds2,幼児語（その２）,OU,U0020,12,1,U0020,f,1,551,18
5873,OU_U0020_18_Pink.xlsx,conversations,会話語,OU,U0020,5,2,U0020,f,1,551,18
5874,OU_U0020_18_Pink.xlsx,others,その他,OU,U0020,3,1,U0020,f,1,551,18
5875,OU_U0021_12_Pink.xlsx,sounds,幼児語,OU,U0021,0,0,U0021,m,1,373,12
5876,OU_U0021_12_Pink.xlsx,animals,動物の名前,OU,U0021,0,0,U0021,m,1,373,12
5877,OU_U0021_12_Pink.xlsx,vehicles,乗り物,OU,U0021,0,0,U0021,m,1,373,12
5878,OU_U0021_12_Pink.xlsx,toys,おもちゃ,OU,U0021,0,0,U0021,m,1,373,12
5879,OU_U0021_12_Pink.xlsx,food_drink,食べ物と飲み物,OU,U0021,0,0,U0021,m,1,373,12
5880,OU_U0021_12_Pink.xlsx,clothing,衣類,OU,U0021,0,0,U0021,m,1,373,12
5881,OU_U0021_12_Pink.xlsx,body_parts,体の部分,OU,U0021,0,0,U0021,m,1,373,12
5882,OU_U0021_12_Pink.xlsx,furniture_rooms,家具と部屋,OU,U0021,0,0,U0021,m,1,373,12
5883,OU_U0021_12_Pink.xlsx,household,小さな家庭用品,OU,U0021,0,0,U0021,m,1,373,12
5884,OU_U0021_12_Pink.xlsx,outside,戸外の物と場所,OU,U0021,0,0,U0021,m,1,373,12
5885,OU_U0021_12_Pink.xlsx,people,人々,OU,U0021,0,0,U0021,m,1,373,12
5886,OU_U0021_12_Pink.xlsx,games_routines,日課とあいさつ,OU,U0021,0,0,U0021,m,1,373,12
5887,OU_U0021_12_Pink.xlsx,action_words,動作語,OU,U0021,0,0,U0021,m,1,373,12
5888,OU_U0021_12_Pink.xlsx,time_words,時間についてのことば,OU,U0021,0,0,U0021,m,1,373,12
5889,OU_U0021_12_Pink.xlsx,descriptive_words,ようす・性質,OU,U0021,0,0,U0021,m,1,373,12
5890,OU_U0021_12_Pink.xlsx,pronouns,代名詞,OU,U0021,0,0,U0021,m,1,373,12
5891,OU_U0021_12_Pink.xlsx,question_words,質問のことば,OU,U0021,0,0,U0021,m,1,373,12
5892,OU_U0021_12_Pink.xlsx,locations,位置と場所についてのことば,OU,U0021,0,0,U0021,m,1,373,12
5893,OU_U0021_12_Pink.xlsx,quantifiers,数量を表すことば,OU,U0021,0,0,U0021,m,1,373,12
5894,OU_U0021_12_Pink.xlsx,sounds2,幼児語（その２）,OU,U0021,0,0,U0021,m,1,373,12
5895,OU_U0021_12_Pink.xlsx,conversations,会話語,OU,U0021,0,0,U0021,m,1,373,12
5896,OU_U0021_12_Pink.xlsx,others,その他,OU,U0021,0,0,U0021,m,1,373,12
5897,OU_U0021_15_Pink.xlsx,sounds,幼児語,OU,U0021,1,0,U0021,m,1,460,15
5898,OU_U0021_15_Pink.xlsx,animals,動物の名前,OU,U0021,0,0,U0021,m,1,460,15
5899,OU_U0021_15_Pink.xlsx,vehicles,乗り物,OU,U0021,0,0,U0021,m,1,460,15
5900,OU_U0021_15_Pink.xlsx,toys,おもちゃ,OU,U0021,0,0,U0021,m,1,460,15
5901,OU_U0021_15_Pink.xlsx,food_drink,食べ物と飲み物,OU,U0021,0,0,U0021,m,1,460,15
5902,OU_U0021_15_Pink.xlsx,clothing,衣類,OU,U0021,0,0,U0021,m,1,460,15
5903,OU_U0021_15_Pink.xlsx,body_parts,体の部分,OU,U0021,0,0,U0021,m,1,460,15
5904,OU_U0021_15_Pink.xlsx,furniture_rooms,家具と部屋,OU,U0021,0,0,U0021,m,1,460,15
5905,OU_U0021_15_Pink.xlsx,household,小さな家庭用品,OU,U0021,0,0,U0021,m,1,460,15
5906,OU_U0021_15_Pink.xlsx,outside,戸外の物と場所,OU,U0021,0,0,U0021,m,1,460,15
5907,OU_U0021_15_Pink.xlsx,people,人々,OU,U0021,0,0,U0021,m,1,460,15
5908,OU_U0021_15_Pink.xlsx,games_routines,日課とあいさつ,OU,U0021,7,1,U0021,m,1,460,15
5909,OU_U0021_15_Pink.xlsx,action_words,動作語,OU,U0021,0,0,U0021,m,1,460,15
5910,OU_U0021_15_Pink.xlsx,time_words,時間についてのことば,OU,U0021,0,0,U0021,m,1,460,15
5911,OU_U0021_15_Pink.xlsx,descriptive_words,ようす・性質,OU,U0021,0,0,U0021,m,1,460,15
5912,OU_U0021_15_Pink.xlsx,pronouns,代名詞,OU,U0021,4,0,U0021,m,1,460,15
5913,OU_U0021_15_Pink.xlsx,question_words,質問のことば,OU,U0021,0,0,U0021,m,1,460,15
5914,OU_U0021_15_Pink.xlsx,locations,位置と場所についてのことば,OU,U0021,0,0,U0021,m,1,460,15
5915,OU_U0021_15_Pink.xlsx,quantifiers,数量を表すことば,OU,U0021,0,0,U0021,m,1,460,15
5916,OU_U0021_15_Pink.xlsx,sounds2,幼児語（その２）,OU,U0021,2,0,U0021,m,1,460,15
5917,OU_U0021_15_Pink.xlsx,conversations,会話語,OU,U0021,3,0,U0021,m,1,460,15
5918,OU_U0021_15_Pink.xlsx,others,その他,OU,U0021,3,0,U0021,m,1,460,15
5919,OU_U0021_18_Pink.xlsx,sounds,幼児語,OU,U0021,1,1,U0021,m,1,556,18
5920,OU_U0021_18_Pink.xlsx,animals,動物の名前,OU,U0021,0,0,U0021,m,1,556,18
5921,OU_U0021_18_Pink.xlsx,vehicles,乗り物,OU,U0021,0,0,U0021,m,1,556,18
5922,OU_U0021_18_Pink.xlsx,toys,おもちゃ,OU,U0021,0,0,U0021,m,1,556,18
5923,OU_U0021_18_Pink.xlsx,food_drink,食べ物と飲み物,OU,U0021,1,0,U0021,m,1,556,18
5924,OU_U0021_18_Pink.xlsx,clothing,衣類,OU,U0021,1,0,U0021,m,1,556,18
5925,OU_U0021_18_Pink.xlsx,body_parts,体の部分,OU,U0021,0,0,U0021,m,1,556,18
5926,OU_U0021_18_Pink.xlsx,furniture_rooms,家具と部屋,OU,U0021,2,0,U0021,m,1,556,18
5927,OU_U0021_18_Pink.xlsx,household,小さな家庭用品,OU,U0021,0,0,U0021,m,1,556,18
5928,OU_U0021_18_Pink.xlsx,outside,戸外の物と場所,OU,U0021,0,0,U0021,m,1,556,18
5929,OU_U0021_18_Pink.xlsx,people,人々,OU,U0021,2,0,U0021,m,1,556,18
5930,OU_U0021_18_Pink.xlsx,games_routines,日課とあいさつ,OU,U0021,9,1,U0021,m,1,556,18
5931,OU_U0021_18_Pink.xlsx,action_words,動作語,OU,U0021,5,0,U0021,m,1,556,18
5932,OU_U0021_18_Pink.xlsx,time_words,時間についてのことば,OU,U0021,0,0,U0021,m,1,556,18
5933,OU_U0021_18_Pink.xlsx,descriptive_words,ようす・性質,OU,U0021,0,0,U0021,m,1,556,18
5934,OU_U0021_18_Pink.xlsx,pronouns,代名詞,OU,U0021,4,0,U0021,m,1,556,18
5935,OU_U0021_18_Pink.xlsx,question_words,質問のことば,OU,U0021,0,0,U0021,m,1,556,18
5936,OU_U0021_18_Pink.xlsx,locations,位置と場所についてのことば,OU,U0021,0,0,U0021,m,1,556,18
5937,OU_U0021_18_Pink.xlsx,quantifiers,数量を表すことば,OU,U0021,0,0,U0021,m,1,556,18
5938,OU_U0021_18_Pink.xlsx,sounds2,幼児語（その２）,OU,U0021,2,0,U0021,m,1,556,18
5939,OU_U0021_18_Pink.xlsx,conversations,会話語,OU,U0021,3,0,U0021,m,1,556,18
5940,OU_U0021_18_Pink.xlsx,others,その他,OU,U0021,3,0,U0021,m,1,556,18
5941,OU_U0022_12_Pink.xlsx,sounds,幼児語,OU,U0022,0,0,U0022,m,1,395,12
5942,OU_U0022_12_Pink.xlsx,animals,動物の名前,OU,U0022,0,0,U0022,m,1,395,12
5943,OU_U0022_12_Pink.xlsx,vehicles,乗り物,OU,U0022,0,0,U0022,m,1,395,12
5944,OU_U0022_12_Pink.xlsx,toys,おもちゃ,OU,U0022,0,0,U0022,m,1,395,12
5945,OU_U0022_12_Pink.xlsx,food_drink,食べ物と飲み物,OU,U0022,0,0,U0022,m,1,395,12
5946,OU_U0022_12_Pink.xlsx,clothing,衣類,OU,U0022,0,0,U0022,m,1,395,12
5947,OU_U0022_12_Pink.xlsx,body_parts,体の部分,OU,U0022,0,0,U0022,m,1,395,12
5948,OU_U0022_12_Pink.xlsx,furniture_rooms,家具と部屋,OU,U0022,0,0,U0022,m,1,395,12
5949,OU_U0022_12_Pink.xlsx,household,小さな家庭用品,OU,U0022,0,0,U0022,m,1,395,12
5950,OU_U0022_12_Pink.xlsx,outside,戸外の物と場所,OU,U0022,0,0,U0022,m,1,395,12
5951,OU_U0022_12_Pink.xlsx,people,人々,OU,U0022,0,0,U0022,m,1,395,12
5952,OU_U0022_12_Pink.xlsx,games_routines,日課とあいさつ,OU,U0022,5,0,U0022,m,1,395,12
5953,OU_U0022_12_Pink.xlsx,action_words,動作語,OU,U0022,0,0,U0022,m,1,395,12
5954,OU_U0022_12_Pink.xlsx,time_words,時間についてのことば,OU,U0022,0,0,U0022,m,1,395,12
5955,OU_U0022_12_Pink.xlsx,descriptive_words,ようす・性質,OU,U0022,0,0,U0022,m,1,395,12
5956,OU_U0022_12_Pink.xlsx,pronouns,代名詞,OU,U0022,0,0,U0022,m,1,395,12
5957,OU_U0022_12_Pink.xlsx,question_words,質問のことば,OU,U0022,0,0,U0022,m,1,395,12
5958,OU_U0022_12_Pink.xlsx,locations,位置と場所についてのことば,OU,U0022,0,0,U0022,m,1,395,12
5959,OU_U0022_12_Pink.xlsx,quantifiers,数量を表すことば,OU,U0022,0,0,U0022,m,1,395,12
5960,OU_U0022_12_Pink.xlsx,sounds2,幼児語（その２）,OU,U0022,0,0,U0022,m,1,395,12
5961,OU_U0022_12_Pink.xlsx,conversations,会話語,OU,U0022,0,0,U0022,m,1,395,12
5962,OU_U0022_12_Pink.xlsx,others,その他,OU,U0022,0,0,U0022,m,1,395,12
5963,OU_U0023_12_Pink.xlsx,sounds,幼児語,OU,U0023,0,0,U0023,m,1,373,12
5964,OU_U0023_12_Pink.xlsx,animals,動物の名前,OU,U0023,0,0,U0023,m,1,373,12
5965,OU_U0023_12_Pink.xlsx,vehicles,乗り物,OU,U0023,0,0,U0023,m,1,373,12
5966,OU_U0023_12_Pink.xlsx,toys,おもちゃ,OU,U0023,0,0,U0023,m,1,373,12
5967,OU_U0023_12_Pink.xlsx,food_drink,食べ物と飲み物,OU,U0023,0,0,U0023,m,1,373,12
5968,OU_U0023_12_Pink.xlsx,clothing,衣類,OU,U0023,0,0,U0023,m,1,373,12
5969,OU_U0023_12_Pink.xlsx,body_parts,体の部分,OU,U0023,0,0,U0023,m,1,373,12
5970,OU_U0023_12_Pink.xlsx,furniture_rooms,家具と部屋,OU,U0023,0,0,U0023,m,1,373,12
5971,OU_U0023_12_Pink.xlsx,household,小さな家庭用品,OU,U0023,0,0,U0023,m,1,373,12
5972,OU_U0023_12_Pink.xlsx,outside,戸外の物と場所,OU,U0023,0,0,U0023,m,1,373,12
5973,OU_U0023_12_Pink.xlsx,people,人々,OU,U0023,1,0,U0023,m,1,373,12
5974,OU_U0023_12_Pink.xlsx,games_routines,日課とあいさつ,OU,U0023,0,0,U0023,m,1,373,12
5975,OU_U0023_12_Pink.xlsx,action_words,動作語,OU,U0023,0,0,U0023,m,1,373,12
5976,OU_U0023_12_Pink.xlsx,time_words,時間についてのことば,OU,U0023,0,0,U0023,m,1,373,12
5977,OU_U0023_12_Pink.xlsx,descriptive_words,ようす・性質,OU,U0023,0,0,U0023,m,1,373,12
5978,OU_U0023_12_Pink.xlsx,pronouns,代名詞,OU,U0023,0,0,U0023,m,1,373,12
5979,OU_U0023_12_Pink.xlsx,question_words,質問のことば,OU,U0023,0,0,U0023,m,1,373,12
5980,OU_U0023_12_Pink.xlsx,locations,位置と場所についてのことば,OU,U0023,0,0,U0023,m,1,373,12
5981,OU_U0023_12_Pink.xlsx,quantifiers,数量を表すことば,OU,U0023,0,0,U0023,m,1,373,12
5982,OU_U0023_12_Pink.xlsx,sounds2,幼児語（その２）,OU,U0023,0,0,U0023,m,1,373,12
5983,OU_U0023_12_Pink.xlsx,conversations,会話語,OU,U0023,0,0,U0023,m,1,373,12
5984,OU_U0023_12_Pink.xlsx,others,その他,OU,U0023,0,0,U0023,m,1,373,12
5985,OU_U0023_15_Pink.xlsx,sounds,幼児語,OU,U0023,1,0,U0023,m,1,477,15
5986,OU_U0023_15_Pink.xlsx,animals,動物の名前,OU,U0023,1,0,U0023,m,1,477,15
5987,OU_U0023_15_Pink.xlsx,vehicles,乗り物,OU,U0023,0,0,U0023,m,1,477,15
5988,OU_U0023_15_Pink.xlsx,toys,おもちゃ,OU,U0023,0,0,U0023,m,1,477,15
5989,OU_U0023_15_Pink.xlsx,food_drink,食べ物と飲み物,OU,U0023,2,0,U0023,m,1,477,15
5990,OU_U0023_15_Pink.xlsx,clothing,衣類,OU,U0023,0,0,U0023,m,1,477,15
5991,OU_U0023_15_Pink.xlsx,body_parts,体の部分,OU,U0023,0,0,U0023,m,1,477,15
5992,OU_U0023_15_Pink.xlsx,furniture_rooms,家具と部屋,OU,U0023,0,0,U0023,m,1,477,15
5993,OU_U0023_15_Pink.xlsx,household,小さな家庭用品,OU,U0023,0,0,U0023,m,1,477,15
5994,OU_U0023_15_Pink.xlsx,outside,戸外の物と場所,OU,U0023,0,0,U0023,m,1,477,15
5995,OU_U0023_15_Pink.xlsx,people,人々,OU,U0023,2,0,U0023,m,1,477,15
5996,OU_U0023_15_Pink.xlsx,games_routines,日課とあいさつ,OU,U0023,11,0,U0023,m,1,477,15
5997,OU_U0023_15_Pink.xlsx,action_words,動作語,OU,U0023,0,0,U0023,m,1,477,15
5998,OU_U0023_15_Pink.xlsx,time_words,時間についてのことば,OU,U0023,0,0,U0023,m,1,477,15
5999,OU_U0023_15_Pink.xlsx,descriptive_words,ようす・性質,OU,U0023,0,0,U0023,m,1,477,15
6000,OU_U0023_15_Pink.xlsx,pronouns,代名詞,OU,U0023,0,0,U0023,m,1,477,15
6001,OU_U0023_15_Pink.xlsx,question_words,質問のことば,OU,U0023,0,0,U0023,m,1,477,15
6002,OU_U0023_15_Pink.xlsx,locations,位置と場所についてのことば,OU,U0023,0,0,U0023,m,1,477,15
6003,OU_U0023_15_Pink.xlsx,quantifiers,数量を表すことば,OU,U0023,0,0,U0023,m,1,477,15
6004,OU_U0023_15_Pink.xlsx,sounds2,幼児語（その２）,OU,U0023,0,0,U0023,m,1,477,15
6005,OU_U0023_15_Pink.xlsx,conversations,会話語,OU,U0023,0,0,U0023,m,1,477,15
6006,OU_U0023_15_Pink.xlsx,others,その他,OU,U0023,0,0,U0023,m,1,477,15
6007,OU_U0023_18_Pink.xlsx,sounds,幼児語,OU,U0023,0,1,U0023,m,1,554,18
6008,OU_U0023_18_Pink.xlsx,animals,動物の名前,OU,U0023,4,0,U0023,m,1,554,18
6009,OU_U0023_18_Pink.xlsx,vehicles,乗り物,OU,U0023,2,0,U0023,m,1,554,18
6010,OU_U0023_18_Pink.xlsx,toys,おもちゃ,OU,U0023,2,0,U0023,m,1,554,18
6011,OU_U0023_18_Pink.xlsx,food_drink,食べ物と飲み物,OU,U0023,4,1,U0023,m,1,554,18
6012,OU_U0023_18_Pink.xlsx,clothing,衣類,OU,U0023,3,0,U0023,m,1,554,18
6013,OU_U0023_18_Pink.xlsx,body_parts,体の部分,OU,U0023,1,0,U0023,m,1,554,18
6014,OU_U0023_18_Pink.xlsx,furniture_rooms,家具と部屋,OU,U0023,0,0,U0023,m,1,554,18
6015,OU_U0023_18_Pink.xlsx,household,小さな家庭用品,OU,U0023,2,0,U0023,m,1,554,18
6016,OU_U0023_18_Pink.xlsx,outside,戸外の物と場所,OU,U0023,1,0,U0023,m,1,554,18
6017,OU_U0023_18_Pink.xlsx,people,人々,OU,U0023,3,0,U0023,m,1,554,18
6018,OU_U0023_18_Pink.xlsx,games_routines,日課とあいさつ,OU,U0023,13,0,U0023,m,1,554,18
6019,OU_U0023_18_Pink.xlsx,action_words,動作語,OU,U0023,1,0,U0023,m,1,554,18
6020,OU_U0023_18_Pink.xlsx,time_words,時間についてのことば,OU,U0023,0,0,U0023,m,1,554,18
6021,OU_U0023_18_Pink.xlsx,descriptive_words,ようす・性質,OU,U0023,0,0,U0023,m,1,554,18
6022,OU_U0023_18_Pink.xlsx,pronouns,代名詞,OU,U0023,0,0,U0023,m,1,554,18
6023,OU_U0023_18_Pink.xlsx,question_words,質問のことば,OU,U0023,0,0,U0023,m,1,554,18
6024,OU_U0023_18_Pink.xlsx,locations,位置と場所についてのことば,OU,U0023,0,0,U0023,m,1,554,18
6025,OU_U0023_18_Pink.xlsx,quantifiers,数量を表すことば,OU,U0023,0,0,U0023,m,1,554,18
6026,OU_U0023_18_Pink.xlsx,sounds2,幼児語（その２）,OU,U0023,0,0,U0023,m,1,554,18
6027,OU_U0023_18_Pink.xlsx,conversations,会話語,OU,U0023,0,0,U0023,m,1,554,18
6028,OU_U0023_18_Pink.xlsx,others,その他,OU,U0023,0,0,U0023,m,1,554,18
6029,OU_U0024_12_Pink.xlsx,sounds,幼児語,OU,U0024,0,0,U0024,m,1,366,12
6030,OU_U0024_12_Pink.xlsx,animals,動物の名前,OU,U0024,0,0,U0024,m,1,366,12
6031,OU_U0024_12_Pink.xlsx,vehicles,乗り物,OU,U0024,0,0,U0024,m,1,366,12
6032,OU_U0024_12_Pink.xlsx,toys,おもちゃ,OU,U0024,0,0,U0024,m,1,366,12
6033,OU_U0024_12_Pink.xlsx,food_drink,食べ物と飲み物,OU,U0024,0,0,U0024,m,1,366,12
6034,OU_U0024_12_Pink.xlsx,clothing,衣類,OU,U0024,0,0,U0024,m,1,366,12
6035,OU_U0024_12_Pink.xlsx,body_parts,体の部分,OU,U0024,0,0,U0024,m,1,366,12
6036,OU_U0024_12_Pink.xlsx,furniture_rooms,家具と部屋,OU,U0024,0,0,U0024,m,1,366,12
6037,OU_U0024_12_Pink.xlsx,household,小さな家庭用品,OU,U0024,0,0,U0024,m,1,366,12
6038,OU_U0024_12_Pink.xlsx,outside,戸外の物と場所,OU,U0024,0,0,U0024,m,1,366,12
6039,OU_U0024_12_Pink.xlsx,people,人々,OU,U0024,0,0,U0024,m,1,366,12
6040,OU_U0024_12_Pink.xlsx,games_routines,日課とあいさつ,OU,U0024,0,0,U0024,m,1,366,12
6041,OU_U0024_12_Pink.xlsx,action_words,動作語,OU,U0024,0,0,U0024,m,1,366,12
6042,OU_U0024_12_Pink.xlsx,time_words,時間についてのことば,OU,U0024,0,0,U0024,m,1,366,12
6043,OU_U0024_12_Pink.xlsx,descriptive_words,ようす・性質,OU,U0024,0,0,U0024,m,1,366,12
6044,OU_U0024_12_Pink.xlsx,pronouns,代名詞,OU,U0024,0,0,U0024,m,1,366,12
6045,OU_U0024_12_Pink.xlsx,question_words,質問のことば,OU,U0024,0,0,U0024,m,1,366,12
6046,OU_U0024_12_Pink.xlsx,locations,位置と場所についてのことば,OU,U0024,0,0,U0024,m,1,366,12
6047,OU_U0024_12_Pink.xlsx,quantifiers,数量を表すことば,OU,U0024,0,0,U0024,m,1,366,12
6048,OU_U0024_12_Pink.xlsx,sounds2,幼児語（その２）,OU,U0024,0,0,U0024,m,1,366,12
6049,OU_U0024_12_Pink.xlsx,conversations,会話語,OU,U0024,0,0,U0024,m,1,366,12
6050,OU_U0024_12_Pink.xlsx,others,その他,OU,U0024,0,0,U0024,m,1,366,12
6051,OU_U0025_12_Pink.xlsx,sounds,幼児語,OU,U0025,0,0,U0025,m,1,367,12
6052,OU_U0025_12_Pink.xlsx,animals,動物の名前,OU,U0025,0,0,U0025,m,1,367,12
6053,OU_U0025_12_Pink.xlsx,vehicles,乗り物,OU,U0025,0,0,U0025,m,1,367,12
6054,OU_U0025_12_Pink.xlsx,toys,おもちゃ,OU,U0025,0,0,U0025,m,1,367,12
6055,OU_U0025_12_Pink.xlsx,food_drink,食べ物と飲み物,OU,U0025,0,0,U0025,m,1,367,12
6056,OU_U0025_12_Pink.xlsx,clothing,衣類,OU,U0025,0,0,U0025,m,1,367,12
6057,OU_U0025_12_Pink.xlsx,body_parts,体の部分,OU,U0025,0,0,U0025,m,1,367,12
6058,OU_U0025_12_Pink.xlsx,furniture_rooms,家具と部屋,OU,U0025,0,0,U0025,m,1,367,12
6059,OU_U0025_12_Pink.xlsx,household,小さな家庭用品,OU,U0025,0,0,U0025,m,1,367,12
6060,OU_U0025_12_Pink.xlsx,outside,戸外の物と場所,OU,U0025,0,0,U0025,m,1,367,12
6061,OU_U0025_12_Pink.xlsx,people,人々,OU,U0025,4,0,U0025,m,1,367,12
6062,OU_U0025_12_Pink.xlsx,games_routines,日課とあいさつ,OU,U0025,9,0,U0025,m,1,367,12
6063,OU_U0025_12_Pink.xlsx,action_words,動作語,OU,U0025,0,0,U0025,m,1,367,12
6064,OU_U0025_12_Pink.xlsx,time_words,時間についてのことば,OU,U0025,0,0,U0025,m,1,367,12
6065,OU_U0025_12_Pink.xlsx,descriptive_words,ようす・性質,OU,U0025,0,0,U0025,m,1,367,12
6066,OU_U0025_12_Pink.xlsx,pronouns,代名詞,OU,U0025,0,0,U0025,m,1,367,12
6067,OU_U0025_12_Pink.xlsx,question_words,質問のことば,OU,U0025,0,0,U0025,m,1,367,12
6068,OU_U0025_12_Pink.xlsx,locations,位置と場所についてのことば,OU,U0025,0,0,U0025,m,1,367,12
6069,OU_U0025_12_Pink.xlsx,quantifiers,数量を表すことば,OU,U0025,0,0,U0025,m,1,367,12
6070,OU_U0025_12_Pink.xlsx,sounds2,幼児語（その２）,OU,U0025,5,0,U0025,m,1,367,12
6071,OU_U0025_12_Pink.xlsx,conversations,会話語,OU,U0025,1,0,U0025,m,1,367,12
6072,OU_U0025_12_Pink.xlsx,others,その他,OU,U0025,2,0,U0025,m,1,367,12
6073,OU_U0025_14_Pink.xlsx,sounds,幼児語,OU,U0025,4,2,U0025,m,1,452,14
6074,OU_U0025_14_Pink.xlsx,animals,動物の名前,OU,U0025,2,0,U0025,m,1,452,14
6075,OU_U0025_14_Pink.xlsx,vehicles,乗り物,OU,U0025,2,0,U0025,m,1,452,14
6076,OU_U0025_14_Pink.xlsx,toys,おもちゃ,OU,U0025,2,0,U0025,m,1,452,14
6077,OU_U0025_14_Pink.xlsx,food_drink,食べ物と飲み物,OU,U0025,10,0,U0025,m,1,452,14
6078,OU_U0025_14_Pink.xlsx,clothing,衣類,OU,U0025,5,0,U0025,m,1,452,14
6079,OU_U0025_14_Pink.xlsx,body_parts,体の部分,OU,U0025,8,0,U0025,m,1,452,14
6080,OU_U0025_14_Pink.xlsx,furniture_rooms,家具と部屋,OU,U0025,14,0,U0025,m,1,452,14
6081,OU_U0025_14_Pink.xlsx,household,小さな家庭用品,OU,U0025,13,0,U0025,m,1,452,14
6082,OU_U0025_14_Pink.xlsx,outside,戸外の物と場所,OU,U0025,8,0,U0025,m,1,452,14
6083,OU_U0025_14_Pink.xlsx,people,人々,OU,U0025,8,0,U0025,m,1,452,14
6084,OU_U0025_14_Pink.xlsx,games_routines,日課とあいさつ,OU,U0025,17,0,U0025,m,1,452,14
6085,OU_U0025_14_Pink.xlsx,action_words,動作語,OU,U0025,20,0,U0025,m,1,452,14
6086,OU_U0025_14_Pink.xlsx,time_words,時間についてのことば,OU,U0025,0,0,U0025,m,1,452,14
6087,OU_U0025_14_Pink.xlsx,descriptive_words,ようす・性質,OU,U0025,0,0,U0025,m,1,452,14
6088,OU_U0025_14_Pink.xlsx,pronouns,代名詞,OU,U0025,0,0,U0025,m,1,452,14
6089,OU_U0025_14_Pink.xlsx,question_words,質問のことば,OU,U0025,0,0,U0025,m,1,452,14
6090,OU_U0025_14_Pink.xlsx,locations,位置と場所についてのことば,OU,U0025,0,0,U0025,m,1,452,14
6091,OU_U0025_14_Pink.xlsx,quantifiers,数量を表すことば,OU,U0025,0,0,U0025,m,1,452,14
6092,OU_U0025_14_Pink.xlsx,sounds2,幼児語（その２）,OU,U0025,0,0,U0025,m,1,452,14
6093,OU_U0025_14_Pink.xlsx,conversations,会話語,OU,U0025,0,0,U0025,m,1,452,14
6094,OU_U0025_14_Pink.xlsx,others,その他,OU,U0025,0,0,U0025,m,1,452,14
6095,OU_U0025_18_Pink.xlsx,sounds,幼児語,OU,U0025,3,3,U0025,m,1,550,18
6096,OU_U0025_18_Pink.xlsx,animals,動物の名前,OU,U0025,7,1,U0025,m,1,550,18
6097,OU_U0025_18_Pink.xlsx,vehicles,乗り物,OU,U0025,2,0,U0025,m,1,550,18
6098,OU_U0025_18_Pink.xlsx,toys,おもちゃ,OU,U0025,3,0,U0025,m,1,550,18
6099,OU_U0025_18_Pink.xlsx,food_drink,食べ物と飲み物,OU,U0025,10,0,U0025,m,1,550,18
6100,OU_U0025_18_Pink.xlsx,clothing,衣類,OU,U0025,5,0,U0025,m,1,550,18
6101,OU_U0025_18_Pink.xlsx,body_parts,体の部分,OU,U0025,10,0,U0025,m,1,550,18
6102,OU_U0025_18_Pink.xlsx,furniture_rooms,家具と部屋,OU,U0025,14,0,U0025,m,1,550,18
6103,OU_U0025_18_Pink.xlsx,household,小さな家庭用品,OU,U0025,17,0,U0025,m,1,550,18
6104,OU_U0025_18_Pink.xlsx,outside,戸外の物と場所,OU,U0025,11,0,U0025,m,1,550,18
6105,OU_U0025_18_Pink.xlsx,people,人々,OU,U0025,9,1,U0025,m,1,550,18
6106,OU_U0025_18_Pink.xlsx,games_routines,日課とあいさつ,OU,U0025,12,5,U0025,m,1,550,18
6107,OU_U0025_18_Pink.xlsx,action_words,動作語,OU,U0025,20,0,U0025,m,1,550,18
6108,OU_U0025_18_Pink.xlsx,time_words,時間についてのことば,OU,U0025,0,0,U0025,m,1,550,18
6109,OU_U0025_18_Pink.xlsx,descriptive_words,ようす・性質,OU,U0025,0,0,U0025,m,1,550,18
6110,OU_U0025_18_Pink.xlsx,pronouns,代名詞,OU,U0025,0,0,U0025,m,1,550,18
6111,OU_U0025_18_Pink.xlsx,question_words,質問のことば,OU,U0025,0,0,U0025,m,1,550,18
6112,OU_U0025_18_Pink.xlsx,locations,位置と場所についてのことば,OU,U0025,0,0,U0025,m,1,550,18
6113,OU_U0025_18_Pink.xlsx,quantifiers,数量を表すことば,OU,U0025,0,0,U0025,m,1,550,18
6114,OU_U0025_18_Pink.xlsx,sounds2,幼児語（その２）,OU,U0025,0,0,U0025,m,1,550,18
6115,OU_U0025_18_Pink.xlsx,conversations,会話語,OU,U0025,0,0,U0025,m,1,550,18
6116,OU_U0025_18_Pink.xlsx,others,その他,OU,U0025,0,0,U0025,m,1,550,18
6117,OU_U0026_11_Pink.xlsx,sounds,幼児語,OU,U0026,1,0,U0026,m,1,362,11
6118,OU_U0026_11_Pink.xlsx,animals,動物の名前,OU,U0026,0,0,U0026,m,1,362,11
6119,OU_U0026_11_Pink.xlsx,vehicles,乗り物,OU,U0026,0,0,U0026,m,1,362,11
6120,OU_U0026_11_Pink.xlsx,toys,おもちゃ,OU,U0026,0,0,U0026,m,1,362,11
6121,OU_U0026_11_Pink.xlsx,food_drink,食べ物と飲み物,OU,U0026,0,0,U0026,m,1,362,11
6122,OU_U0026_11_Pink.xlsx,clothing,衣類,OU,U0026,0,0,U0026,m,1,362,11
6123,OU_U0026_11_Pink.xlsx,body_parts,体の部分,OU,U0026,1,0,U0026,m,1,362,11
6124,OU_U0026_11_Pink.xlsx,furniture_rooms,家具と部屋,OU,U0026,0,0,U0026,m,1,362,11
6125,OU_U0026_11_Pink.xlsx,household,小さな家庭用品,OU,U0026,0,0,U0026,m,1,362,11
6126,OU_U0026_11_Pink.xlsx,outside,戸外の物と場所,OU,U0026,0,0,U0026,m,1,362,11
6127,OU_U0026_11_Pink.xlsx,people,人々,OU,U0026,6,0,U0026,m,1,362,11
6128,OU_U0026_11_Pink.xlsx,games_routines,日課とあいさつ,OU,U0026,6,1,U0026,m,1,362,11
6129,OU_U0026_11_Pink.xlsx,action_words,動作語,OU,U0026,0,0,U0026,m,1,362,11
6130,OU_U0026_11_Pink.xlsx,time_words,時間についてのことば,OU,U0026,0,0,U0026,m,1,362,11
6131,OU_U0026_11_Pink.xlsx,descriptive_words,ようす・性質,OU,U0026,0,0,U0026,m,1,362,11
6132,OU_U0026_11_Pink.xlsx,pronouns,代名詞,OU,U0026,0,0,U0026,m,1,362,11
6133,OU_U0026_11_Pink.xlsx,question_words,質問のことば,OU,U0026,0,0,U0026,m,1,362,11
6134,OU_U0026_11_Pink.xlsx,locations,位置と場所についてのことば,OU,U0026,0,0,U0026,m,1,362,11
6135,OU_U0026_11_Pink.xlsx,quantifiers,数量を表すことば,OU,U0026,0,0,U0026,m,1,362,11
6136,OU_U0026_11_Pink.xlsx,sounds2,幼児語（その２）,OU,U0026,1,0,U0026,m,1,362,11
6137,OU_U0026_11_Pink.xlsx,conversations,会話語,OU,U0026,0,0,U0026,m,1,362,11
6138,OU_U0026_11_Pink.xlsx,others,その他,OU,U0026,0,0,U0026,m,1,362,11
6139,OU_U0026_14_Pink.xlsx,sounds,幼児語,OU,U0026,2,1,U0026,m,1,449,14
6140,OU_U0026_14_Pink.xlsx,animals,動物の名前,OU,U0026,0,0,U0026,m,1,449,14
6141,OU_U0026_14_Pink.xlsx,vehicles,乗り物,OU,U0026,0,0,U0026,m,1,449,14
6142,OU_U0026_14_Pink.xlsx,toys,おもちゃ,OU,U0026,3,0,U0026,m,1,449,14
6143,OU_U0026_14_Pink.xlsx,food_drink,食べ物と飲み物,OU,U0026,0,0,U0026,m,1,449,14
6144,OU_U0026_14_Pink.xlsx,clothing,衣類,OU,U0026,3,0,U0026,m,1,449,14
6145,OU_U0026_14_Pink.xlsx,body_parts,体の部分,OU,U0026,2,0,U0026,m,1,449,14
6146,OU_U0026_14_Pink.xlsx,furniture_rooms,家具と部屋,OU,U0026,3,0,U0026,m,1,449,14
6147,OU_U0026_14_Pink.xlsx,household,小さな家庭用品,OU,U0026,1,0,U0026,m,1,449,14
6148,OU_U0026_14_Pink.xlsx,outside,戸外の物と場所,OU,U0026,0,0,U0026,m,1,449,14
6149,OU_U0026_14_Pink.xlsx,people,人々,OU,U0026,4,2,U0026,m,1,449,14
6150,OU_U0026_14_Pink.xlsx,games_routines,日課とあいさつ,OU,U0026,12,0,U0026,m,1,449,14
6151,OU_U0026_14_Pink.xlsx,action_words,動作語,OU,U0026,10,0,U0026,m,1,449,14
6152,OU_U0026_14_Pink.xlsx,time_words,時間についてのことば,OU,U0026,0,0,U0026,m,1,449,14
6153,OU_U0026_14_Pink.xlsx,descriptive_words,ようす・性質,OU,U0026,0,1,U0026,m,1,449,14
6154,OU_U0026_14_Pink.xlsx,pronouns,代名詞,OU,U0026,0,0,U0026,m,1,449,14
6155,OU_U0026_14_Pink.xlsx,question_words,質問のことば,OU,U0026,0,0,U0026,m,1,449,14
6156,OU_U0026_14_Pink.xlsx,locations,位置と場所についてのことば,OU,U0026,0,0,U0026,m,1,449,14
6157,OU_U0026_14_Pink.xlsx,quantifiers,数量を表すことば,OU,U0026,1,0,U0026,m,1,449,14
6158,OU_U0026_14_Pink.xlsx,sounds2,幼児語（その２）,OU,U0026,4,0,U0026,m,1,449,14
6159,OU_U0026_14_Pink.xlsx,conversations,会話語,OU,U0026,0,0,U0026,m,1,449,14
6160,OU_U0026_14_Pink.xlsx,others,その他,OU,U0026,0,0,U0026,m,1,449,14
6161,OU_U0026_17_Pink.xlsx,sounds,幼児語,OU,U0026,2,2,U0026,m,1,543,17
6162,OU_U0026_17_Pink.xlsx,animals,動物の名前,OU,U0026,0,0,U0026,m,1,543,17
6163,OU_U0026_17_Pink.xlsx,vehicles,乗り物,OU,U0026,0,0,U0026,m,1,543,17
6164,OU_U0026_17_Pink.xlsx,toys,おもちゃ,OU,U0026,4,0,U0026,m,1,543,17
6165,OU_U0026_17_Pink.xlsx,food_drink,食べ物と飲み物,OU,U0026,9,0,U0026,m,1,543,17
6166,OU_U0026_17_Pink.xlsx,clothing,衣類,OU,U0026,3,0,U0026,m,1,543,17
6167,OU_U0026_17_Pink.xlsx,body_parts,体の部分,OU,U0026,4,0,U0026,m,1,543,17
6168,OU_U0026_17_Pink.xlsx,furniture_rooms,家具と部屋,OU,U0026,4,0,U0026,m,1,543,17
6169,OU_U0026_17_Pink.xlsx,household,小さな家庭用品,OU,U0026,1,0,U0026,m,1,543,17
6170,OU_U0026_17_Pink.xlsx,outside,戸外の物と場所,OU,U0026,0,0,U0026,m,1,543,17
6171,OU_U0026_17_Pink.xlsx,people,人々,OU,U0026,4,3,U0026,m,1,543,17
6172,OU_U0026_17_Pink.xlsx,games_routines,日課とあいさつ,OU,U0026,11,3,U0026,m,1,543,17
6173,OU_U0026_17_Pink.xlsx,action_words,動作語,OU,U0026,19,0,U0026,m,1,543,17
6174,OU_U0026_17_Pink.xlsx,time_words,時間についてのことば,OU,U0026,0,0,U0026,m,1,543,17
6175,OU_U0026_17_Pink.xlsx,descriptive_words,ようす・性質,OU,U0026,3,1,U0026,m,1,543,17
6176,OU_U0026_17_Pink.xlsx,pronouns,代名詞,OU,U0026,2,0,U0026,m,1,543,17
6177,OU_U0026_17_Pink.xlsx,question_words,質問のことば,OU,U0026,0,0,U0026,m,1,543,17
6178,OU_U0026_17_Pink.xlsx,locations,位置と場所についてのことば,OU,U0026,0,0,U0026,m,1,543,17
6179,OU_U0026_17_Pink.xlsx,quantifiers,数量を表すことば,OU,U0026,1,0,U0026,m,1,543,17
6180,OU_U0026_17_Pink.xlsx,sounds2,幼児語（その２）,OU,U0026,3,1,U0026,m,1,543,17
6181,OU_U0026_17_Pink.xlsx,conversations,会話語,OU,U0026,0,4,U0026,m,1,543,17
6182,OU_U0026_17_Pink.xlsx,others,その他,OU,U0026,2,0,U0026,m,1,543,17
6183,OU_U0027_12_Pink.xlsx,sounds,幼児語,OU,U0027,6,1,U0027,f,1,365,12
6184,OU_U0027_12_Pink.xlsx,animals,動物の名前,OU,U0027,4,0,U0027,f,1,365,12
6185,OU_U0027_12_Pink.xlsx,vehicles,乗り物,OU,U0027,1,0,U0027,f,1,365,12
6186,OU_U0027_12_Pink.xlsx,toys,おもちゃ,OU,U0027,6,0,U0027,f,1,365,12
6187,OU_U0027_12_Pink.xlsx,food_drink,食べ物と飲み物,OU,U0027,10,0,U0027,f,1,365,12
6188,OU_U0027_12_Pink.xlsx,clothing,衣類,OU,U0027,5,0,U0027,f,1,365,12
6189,OU_U0027_12_Pink.xlsx,body_parts,体の部分,OU,U0027,9,0,U0027,f,1,365,12
6190,OU_U0027_12_Pink.xlsx,furniture_rooms,家具と部屋,OU,U0027,9,0,U0027,f,1,365,12
6191,OU_U0027_12_Pink.xlsx,household,小さな家庭用品,OU,U0027,10,0,U0027,f,1,365,12
6192,OU_U0027_12_Pink.xlsx,outside,戸外の物と場所,OU,U0027,8,0,U0027,f,1,365,12
6193,OU_U0027_12_Pink.xlsx,people,人々,OU,U0027,9,0,U0027,f,1,365,12
6194,OU_U0027_12_Pink.xlsx,games_routines,日課とあいさつ,OU,U0027,13,0,U0027,f,1,365,12
6195,OU_U0027_12_Pink.xlsx,action_words,動作語,OU,U0027,25,0,U0027,f,1,365,12
6196,OU_U0027_12_Pink.xlsx,time_words,時間についてのことば,OU,U0027,0,0,U0027,f,1,365,12
6197,OU_U0027_12_Pink.xlsx,descriptive_words,ようす・性質,OU,U0027,3,0,U0027,f,1,365,12
6198,OU_U0027_12_Pink.xlsx,pronouns,代名詞,OU,U0027,5,0,U0027,f,1,365,12
6199,OU_U0027_12_Pink.xlsx,question_words,質問のことば,OU,U0027,2,0,U0027,f,1,365,12
6200,OU_U0027_12_Pink.xlsx,locations,位置と場所についてのことば,OU,U0027,0,0,U0027,f,1,365,12
6201,OU_U0027_12_Pink.xlsx,quantifiers,数量を表すことば,OU,U0027,2,0,U0027,f,1,365,12
6202,OU_U0027_12_Pink.xlsx,sounds2,幼児語（その２）,OU,U0027,18,0,U0027,f,1,365,12
6203,OU_U0027_12_Pink.xlsx,conversations,会話語,OU,U0027,3,0,U0027,f,1,365,12
6204,OU_U0027_12_Pink.xlsx,others,その他,OU,U0027,3,0,U0027,f,1,365,12
6205,OU_U0027_14_Pink.xlsx,sounds,幼児語,OU,U0027,6,1,U0027,f,1,449,14
6206,OU_U0027_14_Pink.xlsx,animals,動物の名前,OU,U0027,4,0,U0027,f,1,449,14
6207,OU_U0027_14_Pink.xlsx,vehicles,乗り物,OU,U0027,1,0,U0027,f,1,449,14
6208,OU_U0027_14_Pink.xlsx,toys,おもちゃ,OU,U0027,6,0,U0027,f,1,449,14
6209,OU_U0027_14_Pink.xlsx,food_drink,食べ物と飲み物,OU,U0027,10,0,U0027,f,1,449,14
6210,OU_U0027_14_Pink.xlsx,clothing,衣類,OU,U0027,5,0,U0027,f,1,449,14
6211,OU_U0027_14_Pink.xlsx,body_parts,体の部分,OU,U0027,9,0,U0027,f,1,449,14
6212,OU_U0027_14_Pink.xlsx,furniture_rooms,家具と部屋,OU,U0027,9,0,U0027,f,1,449,14
6213,OU_U0027_14_Pink.xlsx,household,小さな家庭用品,OU,U0027,10,0,U0027,f,1,449,14
6214,OU_U0027_14_Pink.xlsx,outside,戸外の物と場所,OU,U0027,8,0,U0027,f,1,449,14
6215,OU_U0027_14_Pink.xlsx,people,人々,OU,U0027,9,0,U0027,f,1,449,14
6216,OU_U0027_14_Pink.xlsx,games_routines,日課とあいさつ,OU,U0027,13,0,U0027,f,1,449,14
6217,OU_U0027_14_Pink.xlsx,action_words,動作語,OU,U0027,25,0,U0027,f,1,449,14
6218,OU_U0027_14_Pink.xlsx,time_words,時間についてのことば,OU,U0027,0,0,U0027,f,1,449,14
6219,OU_U0027_14_Pink.xlsx,descriptive_words,ようす・性質,OU,U0027,3,0,U0027,f,1,449,14
6220,OU_U0027_14_Pink.xlsx,pronouns,代名詞,OU,U0027,5,0,U0027,f,1,449,14
6221,OU_U0027_14_Pink.xlsx,question_words,質問のことば,OU,U0027,2,0,U0027,f,1,449,14
6222,OU_U0027_14_Pink.xlsx,locations,位置と場所についてのことば,OU,U0027,0,0,U0027,f,1,449,14
6223,OU_U0027_14_Pink.xlsx,quantifiers,数量を表すことば,OU,U0027,2,0,U0027,f,1,449,14
6224,OU_U0027_14_Pink.xlsx,sounds2,幼児語（その２）,OU,U0027,18,0,U0027,f,1,449,14
6225,OU_U0027_14_Pink.xlsx,conversations,会話語,OU,U0027,3,0,U0027,f,1,449,14
6226,OU_U0027_14_Pink.xlsx,others,その他,OU,U0027,3,0,U0027,f,1,449,14
6227,OU_U0027_17_Pink.xlsx,sounds,幼児語,OU,U0027,1,6,U0027,f,1,540,17
6228,OU_U0027_17_Pink.xlsx,animals,動物の名前,OU,U0027,17,2,U0027,f,1,540,17
6229,OU_U0027_17_Pink.xlsx,vehicles,乗り物,OU,U0027,6,1,U0027,f,1,540,17
6230,OU_U0027_17_Pink.xlsx,toys,おもちゃ,OU,U0027,8,0,U0027,f,1,540,17
6231,OU_U0027_17_Pink.xlsx,food_drink,食べ物と飲み物,OU,U0027,14,8,U0027,f,1,540,17
6232,OU_U0027_17_Pink.xlsx,clothing,衣類,OU,U0027,12,0,U0027,f,1,540,17
6233,OU_U0027_17_Pink.xlsx,body_parts,体の部分,OU,U0027,18,0,U0027,f,1,540,17
6234,OU_U0027_17_Pink.xlsx,furniture_rooms,家具と部屋,OU,U0027,18,0,U0027,f,1,540,17
6235,OU_U0027_17_Pink.xlsx,household,小さな家庭用品,OU,U0027,22,0,U0027,f,1,540,17
6236,OU_U0027_17_Pink.xlsx,outside,戸外の物と場所,OU,U0027,11,0,U0027,f,1,540,17
6237,OU_U0027_17_Pink.xlsx,people,人々,OU,U0027,8,5,U0027,f,1,540,17
6238,OU_U0027_17_Pink.xlsx,games_routines,日課とあいさつ,OU,U0027,14,5,U0027,f,1,540,17
6239,OU_U0027_17_Pink.xlsx,action_words,動作語,OU,U0027,46,2,U0027,f,1,540,17
6240,OU_U0027_17_Pink.xlsx,time_words,時間についてのことば,OU,U0027,0,0,U0027,f,1,540,17
6241,OU_U0027_17_Pink.xlsx,descriptive_words,ようす・性質,OU,U0027,15,6,U0027,f,1,540,17
6242,OU_U0027_17_Pink.xlsx,pronouns,代名詞,OU,U0027,6,3,U0027,f,1,540,17
6243,OU_U0027_17_Pink.xlsx,question_words,質問のことば,OU,U0027,4,0,U0027,f,1,540,17
6244,OU_U0027_17_Pink.xlsx,locations,位置と場所についてのことば,OU,U0027,2,0,U0027,f,1,540,17
6245,OU_U0027_17_Pink.xlsx,quantifiers,数量を表すことば,OU,U0027,7,1,U0027,f,1,540,17
6246,OU_U0027_17_Pink.xlsx,sounds2,幼児語（その２）,OU,U0027,12,9,U0027,f,1,540,17
6247,OU_U0027_17_Pink.xlsx,conversations,会話語,OU,U0027,5,3,U0027,f,1,540,17
6248,OU_U0027_17_Pink.xlsx,others,その他,OU,U0027,3,3,U0027,f,1,540,17
6249,OU_U0028_11_Pink.xlsx,sounds,幼児語,OU,U0028,3,0,U0028,f,1,354,11
6250,OU_U0028_11_Pink.xlsx,animals,動物の名前,OU,U0028,2,0,U0028,f,1,354,11
6251,OU_U0028_11_Pink.xlsx,vehicles,乗り物,OU,U0028,0,0,U0028,f,1,354,11
6252,OU_U0028_11_Pink.xlsx,toys,おもちゃ,OU,U0028,0,0,U0028,f,1,354,11
6253,OU_U0028_11_Pink.xlsx,food_drink,食べ物と飲み物,OU,U0028,0,0,U0028,f,1,354,11
6254,OU_U0028_11_Pink.xlsx,clothing,衣類,OU,U0028,1,0,U0028,f,1,354,11
6255,OU_U0028_11_Pink.xlsx,body_parts,体の部分,OU,U0028,2,0,U0028,f,1,354,11
6256,OU_U0028_11_Pink.xlsx,furniture_rooms,家具と部屋,OU,U0028,0,0,U0028,f,1,354,11
6257,OU_U0028_11_Pink.xlsx,household,小さな家庭用品,OU,U0028,0,0,U0028,f,1,354,11
6258,OU_U0028_11_Pink.xlsx,outside,戸外の物と場所,OU,U0028,0,0,U0028,f,1,354,11
6259,OU_U0028_11_Pink.xlsx,people,人々,OU,U0028,1,0,U0028,f,1,354,11
6260,OU_U0028_11_Pink.xlsx,games_routines,日課とあいさつ,OU,U0028,9,0,U0028,f,1,354,11
6261,OU_U0028_11_Pink.xlsx,action_words,動作語,OU,U0028,4,0,U0028,f,1,354,11
6262,OU_U0028_11_Pink.xlsx,time_words,時間についてのことば,OU,U0028,0,0,U0028,f,1,354,11
6263,OU_U0028_11_Pink.xlsx,descriptive_words,ようす・性質,OU,U0028,2,0,U0028,f,1,354,11
6264,OU_U0028_11_Pink.xlsx,pronouns,代名詞,OU,U0028,0,0,U0028,f,1,354,11
6265,OU_U0028_11_Pink.xlsx,question_words,質問のことば,OU,U0028,0,0,U0028,f,1,354,11
6266,OU_U0028_11_Pink.xlsx,locations,位置と場所についてのことば,OU,U0028,0,0,U0028,f,1,354,11
6267,OU_U0028_11_Pink.xlsx,quantifiers,数量を表すことば,OU,U0028,0,0,U0028,f,1,354,11
6268,OU_U0028_11_Pink.xlsx,sounds2,幼児語（その２）,OU,U0028,1,0,U0028,f,1,354,11
6269,OU_U0028_11_Pink.xlsx,conversations,会話語,OU,U0028,0,0,U0028,f,1,354,11
6270,OU_U0028_11_Pink.xlsx,others,その他,OU,U0028,1,0,U0028,f,1,354,11
6271,OU_U0028_14_Pink.xlsx,sounds,幼児語,OU,U0028,3,0,U0028,f,1,451,14
6272,OU_U0028_14_Pink.xlsx,animals,動物の名前,OU,U0028,3,0,U0028,f,1,451,14
6273,OU_U0028_14_Pink.xlsx,vehicles,乗り物,OU,U0028,0,0,U0028,f,1,451,14
6274,OU_U0028_14_Pink.xlsx,toys,おもちゃ,OU,U0028,0,0,U0028,f,1,451,14
6275,OU_U0028_14_Pink.xlsx,food_drink,食べ物と飲み物,OU,U0028,0,0,U0028,f,1,451,14
6276,OU_U0028_14_Pink.xlsx,clothing,衣類,OU,U0028,1,0,U0028,f,1,451,14
6277,OU_U0028_14_Pink.xlsx,body_parts,体の部分,OU,U0028,2,0,U0028,f,1,451,14
6278,OU_U0028_14_Pink.xlsx,furniture_rooms,家具と部屋,OU,U0028,1,0,U0028,f,1,451,14
6279,OU_U0028_14_Pink.xlsx,household,小さな家庭用品,OU,U0028,0,0,U0028,f,1,451,14
6280,OU_U0028_14_Pink.xlsx,outside,戸外の物と場所,OU,U0028,0,0,U0028,f,1,451,14
6281,OU_U0028_14_Pink.xlsx,people,人々,OU,U0028,1,0,U0028,f,1,451,14
6282,OU_U0028_14_Pink.xlsx,games_routines,日課とあいさつ,OU,U0028,12,0,U0028,f,1,451,14
6283,OU_U0028_14_Pink.xlsx,action_words,動作語,OU,U0028,6,0,U0028,f,1,451,14
6284,OU_U0028_14_Pink.xlsx,time_words,時間についてのことば,OU,U0028,0,0,U0028,f,1,451,14
6285,OU_U0028_14_Pink.xlsx,descriptive_words,ようす・性質,OU,U0028,3,0,U0028,f,1,451,14
6286,OU_U0028_14_Pink.xlsx,pronouns,代名詞,OU,U0028,2,0,U0028,f,1,451,14
6287,OU_U0028_14_Pink.xlsx,question_words,質問のことば,OU,U0028,0,0,U0028,f,1,451,14
6288,OU_U0028_14_Pink.xlsx,locations,位置と場所についてのことば,OU,U0028,0,0,U0028,f,1,451,14
6289,OU_U0028_14_Pink.xlsx,quantifiers,数量を表すことば,OU,U0028,1,0,U0028,f,1,451,14
6290,OU_U0028_14_Pink.xlsx,sounds2,幼児語（その２）,OU,U0028,1,0,U0028,f,1,451,14
6291,OU_U0028_14_Pink.xlsx,conversations,会話語,OU,U0028,0,0,U0028,f,1,451,14
6292,OU_U0028_14_Pink.xlsx,others,その他,OU,U0028,1,0,U0028,f,1,451,14
6293,OU_U0028_17_Pink.xlsx,sounds,幼児語,OU,U0028,8,0,U0028,f,1,533,17
6294,OU_U0028_17_Pink.xlsx,animals,動物の名前,OU,U0028,15,0,U0028,f,1,533,17
6295,OU_U0028_17_Pink.xlsx,vehicles,乗り物,OU,U0028,2,0,U0028,f,1,533,17
6296,OU_U0028_17_Pink.xlsx,toys,おもちゃ,OU,U0028,1,0,U0028,f,1,533,17
6297,OU_U0028_17_Pink.xlsx,food_drink,食べ物と飲み物,OU,U0028,2,0,U0028,f,1,533,17
6298,OU_U0028_17_Pink.xlsx,clothing,衣類,OU,U0028,5,0,U0028,f,1,533,17
6299,OU_U0028_17_Pink.xlsx,body_parts,体の部分,OU,U0028,6,0,U0028,f,1,533,17
6300,OU_U0028_17_Pink.xlsx,furniture_rooms,家具と部屋,OU,U0028,3,0,U0028,f,1,533,17
6301,OU_U0028_17_Pink.xlsx,household,小さな家庭用品,OU,U0028,5,0,U0028,f,1,533,17
6302,OU_U0028_17_Pink.xlsx,outside,戸外の物と場所,OU,U0028,3,0,U0028,f,1,533,17
6303,OU_U0028_17_Pink.xlsx,people,人々,OU,U0028,2,0,U0028,f,1,533,17
6304,OU_U0028_17_Pink.xlsx,games_routines,日課とあいさつ,OU,U0028,15,0,U0028,f,1,533,17
6305,OU_U0028_17_Pink.xlsx,action_words,動作語,OU,U0028,16,0,U0028,f,1,533,17
6306,OU_U0028_17_Pink.xlsx,time_words,時間についてのことば,OU,U0028,0,0,U0028,f,1,533,17
6307,OU_U0028_17_Pink.xlsx,descriptive_words,ようす・性質,OU,U0028,6,0,U0028,f,1,533,17
6308,OU_U0028_17_Pink.xlsx,pronouns,代名詞,OU,U0028,5,0,U0028,f,1,533,17
6309,OU_U0028_17_Pink.xlsx,question_words,質問のことば,OU,U0028,2,0,U0028,f,1,533,17
6310,OU_U0028_17_Pink.xlsx,locations,位置と場所についてのことば,OU,U0028,1,0,U0028,f,1,533,17
6311,OU_U0028_17_Pink.xlsx,quantifiers,数量を表すことば,OU,U0028,1,0,U0028,f,1,533,17
6312,OU_U0028_17_Pink.xlsx,sounds2,幼児語（その２）,OU,U0028,6,0,U0028,f,1,533,17
6313,OU_U0028_17_Pink.xlsx,conversations,会話語,OU,U0028,4,0,U0028,f,1,533,17
6314,OU_U0028_17_Pink.xlsx,others,その他,OU,U0028,2,0,U0028,f,1,533,17
6315,OU_U0029_12_Pink.xlsx,sounds,幼児語,OU,U0029,0,0,U0029,m,1,368,12
6316,OU_U0029_12_Pink.xlsx,animals,動物の名前,OU,U0029,2,0,U0029,m,1,368,12
6317,OU_U0029_12_Pink.xlsx,vehicles,乗り物,OU,U0029,0,0,U0029,m,1,368,12
6318,OU_U0029_12_Pink.xlsx,toys,おもちゃ,OU,U0029,0,0,U0029,m,1,368,12
6319,OU_U0029_12_Pink.xlsx,food_drink,食べ物と飲み物,OU,U0029,2,0,U0029,m,1,368,12
6320,OU_U0029_12_Pink.xlsx,clothing,衣類,OU,U0029,1,0,U0029,m,1,368,12
6321,OU_U0029_12_Pink.xlsx,body_parts,体の部分,OU,U0029,0,0,U0029,m,1,368,12
6322,OU_U0029_12_Pink.xlsx,furniture_rooms,家具と部屋,OU,U0029,1,0,U0029,m,1,368,12
6323,OU_U0029_12_Pink.xlsx,household,小さな家庭用品,OU,U0029,0,0,U0029,m,1,368,12
6324,OU_U0029_12_Pink.xlsx,outside,戸外の物と場所,OU,U0029,0,0,U0029,m,1,368,12
6325,OU_U0029_12_Pink.xlsx,people,人々,OU,U0029,2,0,U0029,m,1,368,12
6326,OU_U0029_12_Pink.xlsx,games_routines,日課とあいさつ,OU,U0029,8,1,U0029,m,1,368,12
6327,OU_U0029_12_Pink.xlsx,action_words,動作語,OU,U0029,2,0,U0029,m,1,368,12
6328,OU_U0029_12_Pink.xlsx,time_words,時間についてのことば,OU,U0029,0,0,U0029,m,1,368,12
6329,OU_U0029_12_Pink.xlsx,descriptive_words,ようす・性質,OU,U0029,0,0,U0029,m,1,368,12
6330,OU_U0029_12_Pink.xlsx,pronouns,代名詞,OU,U0029,0,0,U0029,m,1,368,12
6331,OU_U0029_12_Pink.xlsx,question_words,質問のことば,OU,U0029,0,0,U0029,m,1,368,12
6332,OU_U0029_12_Pink.xlsx,locations,位置と場所についてのことば,OU,U0029,0,0,U0029,m,1,368,12
6333,OU_U0029_12_Pink.xlsx,quantifiers,数量を表すことば,OU,U0029,1,0,U0029,m,1,368,12
6334,OU_U0029_12_Pink.xlsx,sounds2,幼児語（その２）,OU,U0029,1,0,U0029,m,1,368,12
6335,OU_U0029_12_Pink.xlsx,conversations,会話語,OU,U0029,0,0,U0029,m,1,368,12
6336,OU_U0029_12_Pink.xlsx,others,その他,OU,U0029,0,0,U0029,m,1,368,12
6337,OU_U0029_15_Pink.xlsx,sounds,幼児語,OU,U0029,3,0,U0029,m,1,459,15
6338,OU_U0029_15_Pink.xlsx,animals,動物の名前,OU,U0029,2,0,U0029,m,1,459,15
6339,OU_U0029_15_Pink.xlsx,vehicles,乗り物,OU,U0029,1,0,U0029,m,1,459,15
6340,OU_U0029_15_Pink.xlsx,toys,おもちゃ,OU,U0029,3,0,U0029,m,1,459,15
6341,OU_U0029_15_Pink.xlsx,food_drink,食べ物と飲み物,OU,U0029,2,0,U0029,m,1,459,15
6342,OU_U0029_15_Pink.xlsx,clothing,衣類,OU,U0029,2,1,U0029,m,1,459,15
6343,OU_U0029_15_Pink.xlsx,body_parts,体の部分,OU,U0029,4,0,U0029,m,1,459,15
6344,OU_U0029_15_Pink.xlsx,furniture_rooms,家具と部屋,OU,U0029,2,0,U0029,m,1,459,15
6345,OU_U0029_15_Pink.xlsx,household,小さな家庭用品,OU,U0029,6,0,U0029,m,1,459,15
6346,OU_U0029_15_Pink.xlsx,outside,戸外の物と場所,OU,U0029,3,0,U0029,m,1,459,15
6347,OU_U0029_15_Pink.xlsx,people,人々,OU,U0029,1,3,U0029,m,1,459,15
6348,OU_U0029_15_Pink.xlsx,games_routines,日課とあいさつ,OU,U0029,11,3,U0029,m,1,459,15
6349,OU_U0029_15_Pink.xlsx,action_words,動作語,OU,U0029,16,0,U0029,m,1,459,15
6350,OU_U0029_15_Pink.xlsx,time_words,時間についてのことば,OU,U0029,0,0,U0029,m,1,459,15
6351,OU_U0029_15_Pink.xlsx,descriptive_words,ようす・性質,OU,U0029,0,0,U0029,m,1,459,15
6352,OU_U0029_15_Pink.xlsx,pronouns,代名詞,OU,U0029,0,0,U0029,m,1,459,15
6353,OU_U0029_15_Pink.xlsx,question_words,質問のことば,OU,U0029,0,0,U0029,m,1,459,15
6354,OU_U0029_15_Pink.xlsx,locations,位置と場所についてのことば,OU,U0029,0,0,U0029,m,1,459,15
6355,OU_U0029_15_Pink.xlsx,quantifiers,数量を表すことば,OU,U0029,0,0,U0029,m,1,459,15
6356,OU_U0029_15_Pink.xlsx,sounds2,幼児語（その２）,OU,U0029,0,0,U0029,m,1,459,15
6357,OU_U0029_15_Pink.xlsx,conversations,会話語,OU,U0029,0,0,U0029,m,1,459,15
6358,OU_U0029_15_Pink.xlsx,others,その他,OU,U0029,0,0,U0029,m,1,459,15
6359,OU_U0029_18_Pink.xlsx,sounds,幼児語,OU,U0029,1,9,U0029,m,1,550,18
6360,OU_U0029_18_Pink.xlsx,animals,動物の名前,OU,U0029,21,6,U0029,m,1,550,18
6361,OU_U0029_18_Pink.xlsx,vehicles,乗り物,OU,U0029,5,3,U0029,m,1,550,18
6362,OU_U0029_18_Pink.xlsx,toys,おもちゃ,OU,U0029,3,0,U0029,m,1,550,18
6363,OU_U0029_18_Pink.xlsx,food_drink,食べ物と飲み物,OU,U0029,3,0,U0029,m,1,550,18
6364,OU_U0029_18_Pink.xlsx,clothing,衣類,OU,U0029,3,2,U0029,m,1,550,18
6365,OU_U0029_18_Pink.xlsx,body_parts,体の部分,OU,U0029,5,1,U0029,m,1,550,18
6366,OU_U0029_18_Pink.xlsx,furniture_rooms,家具と部屋,OU,U0029,9,1,U0029,m,1,550,18
6367,OU_U0029_18_Pink.xlsx,household,小さな家庭用品,OU,U0029,11,2,U0029,m,1,550,18
6368,OU_U0029_18_Pink.xlsx,outside,戸外の物と場所,OU,U0029,9,1,U0029,m,1,550,18
6369,OU_U0029_18_Pink.xlsx,people,人々,OU,U0029,3,4,U0029,m,1,550,18
6370,OU_U0029_18_Pink.xlsx,games_routines,日課とあいさつ,OU,U0029,10,5,U0029,m,1,550,18
6371,OU_U0029_18_Pink.xlsx,action_words,動作語,OU,U0029,27,2,U0029,m,1,550,18
6372,OU_U0029_18_Pink.xlsx,time_words,時間についてのことば,OU,U0029,0,0,U0029,m,1,550,18
6373,OU_U0029_18_Pink.xlsx,descriptive_words,ようす・性質,OU,U0029,5,3,U0029,m,1,550,18
6374,OU_U0029_18_Pink.xlsx,pronouns,代名詞,OU,U0029,8,0,U0029,m,1,550,18
6375,OU_U0029_18_Pink.xlsx,question_words,質問のことば,OU,U0029,4,0,U0029,m,1,550,18
6376,OU_U0029_18_Pink.xlsx,locations,位置と場所についてのことば,OU,U0029,1,0,U0029,m,1,550,18
6377,OU_U0029_18_Pink.xlsx,quantifiers,数量を表すことば,OU,U0029,2,0,U0029,m,1,550,18
6378,OU_U0029_18_Pink.xlsx,sounds2,幼児語（その２）,OU,U0029,4,2,U0029,m,1,550,18
6379,OU_U0029_18_Pink.xlsx,conversations,会話語,OU,U0029,3,1,U0029,m,1,550,18
6380,OU_U0029_18_Pink.xlsx,others,その他,OU,U0029,0,2,U0029,m,1,550,18
6381,OU_U0030_11_Pink.xlsx,sounds,幼児語,OU,U0030,0,2,U0030,f,1,357,11
6382,OU_U0030_11_Pink.xlsx,animals,動物の名前,OU,U0030,0,0,U0030,f,1,357,11
6383,OU_U0030_11_Pink.xlsx,vehicles,乗り物,OU,U0030,0,0,U0030,f,1,357,11
6384,OU_U0030_11_Pink.xlsx,toys,おもちゃ,OU,U0030,0,0,U0030,f,1,357,11
6385,OU_U0030_11_Pink.xlsx,food_drink,食べ物と飲み物,OU,U0030,3,1,U0030,f,1,357,11
6386,OU_U0030_11_Pink.xlsx,clothing,衣類,OU,U0030,0,0,U0030,f,1,357,11
6387,OU_U0030_11_Pink.xlsx,body_parts,体の部分,OU,U0030,0,0,U0030,f,1,357,11
6388,OU_U0030_11_Pink.xlsx,furniture_rooms,家具と部屋,OU,U0030,0,0,U0030,f,1,357,11
6389,OU_U0030_11_Pink.xlsx,household,小さな家庭用品,OU,U0030,0,0,U0030,f,1,357,11
6390,OU_U0030_11_Pink.xlsx,outside,戸外の物と場所,OU,U0030,0,0,U0030,f,1,357,11
6391,OU_U0030_11_Pink.xlsx,people,人々,OU,U0030,7,0,U0030,f,1,357,11
6392,OU_U0030_11_Pink.xlsx,games_routines,日課とあいさつ,OU,U0030,14,3,U0030,f,1,357,11
6393,OU_U0030_11_Pink.xlsx,action_words,動作語,OU,U0030,10,0,U0030,f,1,357,11
6394,OU_U0030_11_Pink.xlsx,time_words,時間についてのことば,OU,U0030,0,0,U0030,f,1,357,11
6395,OU_U0030_11_Pink.xlsx,descriptive_words,ようす・性質,OU,U0030,12,0,U0030,f,1,357,11
6396,OU_U0030_11_Pink.xlsx,pronouns,代名詞,OU,U0030,1,1,U0030,f,1,357,11
6397,OU_U0030_11_Pink.xlsx,question_words,質問のことば,OU,U0030,2,0,U0030,f,1,357,11
6398,OU_U0030_11_Pink.xlsx,locations,位置と場所についてのことば,OU,U0030,0,0,U0030,f,1,357,11
6399,OU_U0030_11_Pink.xlsx,quantifiers,数量を表すことば,OU,U0030,2,0,U0030,f,1,357,11
6400,OU_U0030_11_Pink.xlsx,sounds2,幼児語（その２）,OU,U0030,11,3,U0030,f,1,357,11
6401,OU_U0030_11_Pink.xlsx,conversations,会話語,OU,U0030,0,0,U0030,f,1,357,11
6402,OU_U0030_11_Pink.xlsx,others,その他,OU,U0030,0,0,U0030,f,1,357,11
6403,OU_U0030_14_Pink.xlsx,sounds,幼児語,OU,U0030,4,4,U0030,f,1,448,14
6404,OU_U0030_14_Pink.xlsx,animals,動物の名前,OU,U0030,0,0,U0030,f,1,448,14
6405,OU_U0030_14_Pink.xlsx,vehicles,乗り物,OU,U0030,0,0,U0030,f,1,448,14
6406,OU_U0030_14_Pink.xlsx,toys,おもちゃ,OU,U0030,1,0,U0030,f,1,448,14
6407,OU_U0030_14_Pink.xlsx,food_drink,食べ物と飲み物,OU,U0030,8,4,U0030,f,1,448,14
6408,OU_U0030_14_Pink.xlsx,clothing,衣類,OU,U0030,1,0,U0030,f,1,448,14
6409,OU_U0030_14_Pink.xlsx,body_parts,体の部分,OU,U0030,4,1,U0030,f,1,448,14
6410,OU_U0030_14_Pink.xlsx,furniture_rooms,家具と部屋,OU,U0030,3,0,U0030,f,1,448,14
6411,OU_U0030_14_Pink.xlsx,household,小さな家庭用品,OU,U0030,6,1,U0030,f,1,448,14
6412,OU_U0030_14_Pink.xlsx,outside,戸外の物と場所,OU,U0030,4,1,U0030,f,1,448,14
6413,OU_U0030_14_Pink.xlsx,people,人々,OU,U0030,6,4,U0030,f,1,448,14
6414,OU_U0030_14_Pink.xlsx,games_routines,日課とあいさつ,OU,U0030,16,3,U0030,f,1,448,14
6415,OU_U0030_14_Pink.xlsx,action_words,動作語,OU,U0030,26,0,U0030,f,1,448,14
6416,OU_U0030_14_Pink.xlsx,time_words,時間についてのことば,OU,U0030,1,0,U0030,f,1,448,14
6417,OU_U0030_14_Pink.xlsx,descriptive_words,ようす・性質,OU,U0030,11,3,U0030,f,1,448,14
6418,OU_U0030_14_Pink.xlsx,pronouns,代名詞,OU,U0030,2,1,U0030,f,1,448,14
6419,OU_U0030_14_Pink.xlsx,question_words,質問のことば,OU,U0030,3,0,U0030,f,1,448,14
6420,OU_U0030_14_Pink.xlsx,locations,位置と場所についてのことば,OU,U0030,0,0,U0030,f,1,448,14
6421,OU_U0030_14_Pink.xlsx,quantifiers,数量を表すことば,OU,U0030,4,0,U0030,f,1,448,14
6422,OU_U0030_14_Pink.xlsx,sounds2,幼児語（その２）,OU,U0030,6,11,U0030,f,1,448,14
6423,OU_U0030_14_Pink.xlsx,conversations,会話語,OU,U0030,0,1,U0030,f,1,448,14
6424,OU_U0030_14_Pink.xlsx,others,その他,OU,U0030,1,1,U0030,f,1,448,14
6425,OU_U0030_17_Pink.xlsx,sounds,幼児語,OU,U0030,5,7,U0030,f,1,533,17
6426,OU_U0030_17_Pink.xlsx,animals,動物の名前,OU,U0030,12,0,U0030,f,1,533,17
6427,OU_U0030_17_Pink.xlsx,vehicles,乗り物,OU,U0030,0,0,U0030,f,1,533,17
6428,OU_U0030_17_Pink.xlsx,toys,おもちゃ,OU,U0030,2,1,U0030,f,1,533,17
6429,OU_U0030_17_Pink.xlsx,food_drink,食べ物と飲み物,OU,U0030,10,13,U0030,f,1,533,17
6430,OU_U0030_17_Pink.xlsx,clothing,衣類,OU,U0030,5,2,U0030,f,1,533,17
6431,OU_U0030_17_Pink.xlsx,body_parts,体の部分,OU,U0030,12,2,U0030,f,1,533,17
6432,OU_U0030_17_Pink.xlsx,furniture_rooms,家具と部屋,OU,U0030,11,0,U0030,f,1,533,17
6433,OU_U0030_17_Pink.xlsx,household,小さな家庭用品,OU,U0030,11,2,U0030,f,1,533,17
6434,OU_U0030_17_Pink.xlsx,outside,戸外の物と場所,OU,U0030,7,2,U0030,f,1,533,17
6435,OU_U0030_17_Pink.xlsx,people,人々,OU,U0030,8,6,U0030,f,1,533,17
6436,OU_U0030_17_Pink.xlsx,games_routines,日課とあいさつ,OU,U0030,8,11,U0030,f,1,533,17
6437,OU_U0030_17_Pink.xlsx,action_words,動作語,OU,U0030,36,7,U0030,f,1,533,17
6438,OU_U0030_17_Pink.xlsx,time_words,時間についてのことば,OU,U0030,3,0,U0030,f,1,533,17
6439,OU_U0030_17_Pink.xlsx,descriptive_words,ようす・性質,OU,U0030,20,9,U0030,f,1,533,17
6440,OU_U0030_17_Pink.xlsx,pronouns,代名詞,OU,U0030,8,1,U0030,f,1,533,17
6441,OU_U0030_17_Pink.xlsx,question_words,質問のことば,OU,U0030,3,0,U0030,f,1,533,17
6442,OU_U0030_17_Pink.xlsx,locations,位置と場所についてのことば,OU,U0030,2,0,U0030,f,1,533,17
6443,OU_U0030_17_Pink.xlsx,quantifiers,数量を表すことば,OU,U0030,4,3,U0030,f,1,533,17
6444,OU_U0030_17_Pink.xlsx,sounds2,幼児語（その２）,OU,U0030,3,20,U0030,f,1,533,17
6445,OU_U0030_17_Pink.xlsx,conversations,会話語,OU,U0030,3,4,U0030,f,1,533,17
6446,OU_U0030_17_Pink.xlsx,others,その他,OU,U0030,4,3,U0030,f,1,533,17
6447,OU_U0031_11_Pink.xlsx,sounds,幼児語,OU,U0031,0,0,U0031,f,1,354,11
6448,OU_U0031_11_Pink.xlsx,animals,動物の名前,OU,U0031,0,0,U0031,f,1,354,11
6449,OU_U0031_11_Pink.xlsx,vehicles,乗り物,OU,U0031,0,0,U0031,f,1,354,11
6450,OU_U0031_11_Pink.xlsx,toys,おもちゃ,OU,U0031,0,0,U0031,f,1,354,11
6451,OU_U0031_11_Pink.xlsx,food_drink,食べ物と飲み物,OU,U0031,0,0,U0031,f,1,354,11
6452,OU_U0031_11_Pink.xlsx,clothing,衣類,OU,U0031,0,0,U0031,f,1,354,11
6453,OU_U0031_11_Pink.xlsx,body_parts,体の部分,OU,U0031,0,0,U0031,f,1,354,11
6454,OU_U0031_11_Pink.xlsx,furniture_rooms,家具と部屋,OU,U0031,0,0,U0031,f,1,354,11
6455,OU_U0031_11_Pink.xlsx,household,小さな家庭用品,OU,U0031,0,0,U0031,f,1,354,11
6456,OU_U0031_11_Pink.xlsx,outside,戸外の物と場所,OU,U0031,0,0,U0031,f,1,354,11
6457,OU_U0031_11_Pink.xlsx,people,人々,OU,U0031,2,0,U0031,f,1,354,11
6458,OU_U0031_11_Pink.xlsx,games_routines,日課とあいさつ,OU,U0031,2,1,U0031,f,1,354,11
6459,OU_U0031_11_Pink.xlsx,action_words,動作語,OU,U0031,0,0,U0031,f,1,354,11
6460,OU_U0031_11_Pink.xlsx,time_words,時間についてのことば,OU,U0031,0,0,U0031,f,1,354,11
6461,OU_U0031_11_Pink.xlsx,descriptive_words,ようす・性質,OU,U0031,1,0,U0031,f,1,354,11
6462,OU_U0031_11_Pink.xlsx,pronouns,代名詞,OU,U0031,0,0,U0031,f,1,354,11
6463,OU_U0031_11_Pink.xlsx,question_words,質問のことば,OU,U0031,0,0,U0031,f,1,354,11
6464,OU_U0031_11_Pink.xlsx,locations,位置と場所についてのことば,OU,U0031,0,0,U0031,f,1,354,11
6465,OU_U0031_11_Pink.xlsx,quantifiers,数量を表すことば,OU,U0031,0,0,U0031,f,1,354,11
6466,OU_U0031_11_Pink.xlsx,sounds2,幼児語（その２）,OU,U0031,1,0,U0031,f,1,354,11
6467,OU_U0031_11_Pink.xlsx,conversations,会話語,OU,U0031,0,0,U0031,f,1,354,11
6468,OU_U0031_11_Pink.xlsx,others,その他,OU,U0031,1,0,U0031,f,1,354,11
6469,OU_U0031_14_Pink.xlsx,sounds,幼児語,OU,U0031,3,0,U0031,f,1,439,14
6470,OU_U0031_14_Pink.xlsx,animals,動物の名前,OU,U0031,2,0,U0031,f,1,439,14
6471,OU_U0031_14_Pink.xlsx,vehicles,乗り物,OU,U0031,1,0,U0031,f,1,439,14
6472,OU_U0031_14_Pink.xlsx,toys,おもちゃ,OU,U0031,1,0,U0031,f,1,439,14
6473,OU_U0031_14_Pink.xlsx,food_drink,食べ物と飲み物,OU,U0031,1,0,U0031,f,1,439,14
6474,OU_U0031_14_Pink.xlsx,clothing,衣類,OU,U0031,3,0,U0031,f,1,439,14
6475,OU_U0031_14_Pink.xlsx,body_parts,体の部分,OU,U0031,0,0,U0031,f,1,439,14
6476,OU_U0031_14_Pink.xlsx,furniture_rooms,家具と部屋,OU,U0031,0,0,U0031,f,1,439,14
6477,OU_U0031_14_Pink.xlsx,household,小さな家庭用品,OU,U0031,0,0,U0031,f,1,439,14
6478,OU_U0031_14_Pink.xlsx,outside,戸外の物と場所,OU,U0031,0,0,U0031,f,1,439,14
6479,OU_U0031_14_Pink.xlsx,people,人々,OU,U0031,2,1,U0031,f,1,439,14
6480,OU_U0031_14_Pink.xlsx,games_routines,日課とあいさつ,OU,U0031,14,1,U0031,f,1,439,14
6481,OU_U0031_14_Pink.xlsx,action_words,動作語,OU,U0031,4,0,U0031,f,1,439,14
6482,OU_U0031_14_Pink.xlsx,time_words,時間についてのことば,OU,U0031,0,0,U0031,f,1,439,14
6483,OU_U0031_14_Pink.xlsx,descriptive_words,ようす・性質,OU,U0031,4,0,U0031,f,1,439,14
6484,OU_U0031_14_Pink.xlsx,pronouns,代名詞,OU,U0031,0,0,U0031,f,1,439,14
6485,OU_U0031_14_Pink.xlsx,question_words,質問のことば,OU,U0031,0,0,U0031,f,1,439,14
6486,OU_U0031_14_Pink.xlsx,locations,位置と場所についてのことば,OU,U0031,0,0,U0031,f,1,439,14
6487,OU_U0031_14_Pink.xlsx,quantifiers,数量を表すことば,OU,U0031,2,0,U0031,f,1,439,14
6488,OU_U0031_14_Pink.xlsx,sounds2,幼児語（その２）,OU,U0031,5,0,U0031,f,1,439,14
6489,OU_U0031_14_Pink.xlsx,conversations,会話語,OU,U0031,0,0,U0031,f,1,439,14
6490,OU_U0031_14_Pink.xlsx,others,その他,OU,U0031,1,0,U0031,f,1,439,14
6491,OU_U0031_17_Pink.xlsx,sounds,幼児語,OU,U0031,6,4,U0031,f,1,530,17
6492,OU_U0031_17_Pink.xlsx,animals,動物の名前,OU,U0031,12,0,U0031,f,1,530,17
6493,OU_U0031_17_Pink.xlsx,vehicles,乗り物,OU,U0031,3,0,U0031,f,1,530,17
6494,OU_U0031_17_Pink.xlsx,toys,おもちゃ,OU,U0031,6,0,U0031,f,1,530,17
6495,OU_U0031_17_Pink.xlsx,food_drink,食べ物と飲み物,OU,U0031,14,0,U0031,f,1,530,17
6496,OU_U0031_17_Pink.xlsx,clothing,衣類,OU,U0031,6,0,U0031,f,1,530,17
6497,OU_U0031_17_Pink.xlsx,body_parts,体の部分,OU,U0031,15,0,U0031,f,1,530,17
6498,OU_U0031_17_Pink.xlsx,furniture_rooms,家具と部屋,OU,U0031,5,0,U0031,f,1,530,17
6499,OU_U0031_17_Pink.xlsx,household,小さな家庭用品,OU,U0031,5,0,U0031,f,1,530,17
6500,OU_U0031_17_Pink.xlsx,outside,戸外の物と場所,OU,U0031,6,0,U0031,f,1,530,17
6501,OU_U0031_17_Pink.xlsx,people,人々,OU,U0031,7,1,U0031,f,1,530,17
6502,OU_U0031_17_Pink.xlsx,games_routines,日課とあいさつ,OU,U0031,15,1,U0031,f,1,530,17
6503,OU_U0031_17_Pink.xlsx,action_words,動作語,OU,U0031,39,0,U0031,f,1,530,17
6504,OU_U0031_17_Pink.xlsx,time_words,時間についてのことば,OU,U0031,0,0,U0031,f,1,530,17
6505,OU_U0031_17_Pink.xlsx,descriptive_words,ようす・性質,OU,U0031,10,0,U0031,f,1,530,17
6506,OU_U0031_17_Pink.xlsx,pronouns,代名詞,OU,U0031,0,0,U0031,f,1,530,17
6507,OU_U0031_17_Pink.xlsx,question_words,質問のことば,OU,U0031,0,0,U0031,f,1,530,17
6508,OU_U0031_17_Pink.xlsx,locations,位置と場所についてのことば,OU,U0031,0,0,U0031,f,1,530,17
6509,OU_U0031_17_Pink.xlsx,quantifiers,数量を表すことば,OU,U0031,2,0,U0031,f,1,530,17
6510,OU_U0031_17_Pink.xlsx,sounds2,幼児語（その２）,OU,U0031,15,2,U0031,f,1,530,17
6511,OU_U0031_17_Pink.xlsx,conversations,会話語,OU,U0031,5,3,U0031,f,1,530,17
6512,OU_U0031_17_Pink.xlsx,others,その他,OU,U0031,5,1,U0031,f,1,530,17
6513,OU_U0032_12_Pink.xlsx,sounds,幼児語,OU,U0032,6,1,U0032,m,1,367,12
6514,OU_U0032_12_Pink.xlsx,animals,動物の名前,OU,U0032,7,0,U0032,m,1,367,12
6515,OU_U0032_12_Pink.xlsx,vehicles,乗り物,OU,U0032,3,0,U0032,m,1,367,12
6516,OU_U0032_12_Pink.xlsx,toys,おもちゃ,OU,U0032,2,0,U0032,m,1,367,12
6517,OU_U0032_12_Pink.xlsx,food_drink,食べ物と飲み物,OU,U0032,1,0,U0032,m,1,367,12
6518,OU_U0032_12_Pink.xlsx,clothing,衣類,OU,U0032,0,0,U0032,m,1,367,12
6519,OU_U0032_12_Pink.xlsx,body_parts,体の部分,OU,U0032,1,0,U0032,m,1,367,12
6520,OU_U0032_12_Pink.xlsx,furniture_rooms,家具と部屋,OU,U0032,2,0,U0032,m,1,367,12
6521,OU_U0032_12_Pink.xlsx,household,小さな家庭用品,OU,U0032,0,0,U0032,m,1,367,12
6522,OU_U0032_12_Pink.xlsx,outside,戸外の物と場所,OU,U0032,3,0,U0032,m,1,367,12
6523,OU_U0032_12_Pink.xlsx,people,人々,OU,U0032,5,0,U0032,m,1,367,12
6524,OU_U0032_12_Pink.xlsx,games_routines,日課とあいさつ,OU,U0032,6,0,U0032,m,1,367,12
6525,OU_U0032_12_Pink.xlsx,action_words,動作語,OU,U0032,0,0,U0032,m,1,367,12
6526,OU_U0032_12_Pink.xlsx,time_words,時間についてのことば,OU,U0032,0,0,U0032,m,1,367,12
6527,OU_U0032_12_Pink.xlsx,descriptive_words,ようす・性質,OU,U0032,0,0,U0032,m,1,367,12
6528,OU_U0032_12_Pink.xlsx,pronouns,代名詞,OU,U0032,1,0,U0032,m,1,367,12
6529,OU_U0032_12_Pink.xlsx,question_words,質問のことば,OU,U0032,0,0,U0032,m,1,367,12
6530,OU_U0032_12_Pink.xlsx,locations,位置と場所についてのことば,OU,U0032,0,0,U0032,m,1,367,12
6531,OU_U0032_12_Pink.xlsx,quantifiers,数量を表すことば,OU,U0032,1,0,U0032,m,1,367,12
6532,OU_U0032_12_Pink.xlsx,sounds2,幼児語（その２）,OU,U0032,6,0,U0032,m,1,367,12
6533,OU_U0032_12_Pink.xlsx,conversations,会話語,OU,U0032,0,0,U0032,m,1,367,12
6534,OU_U0032_12_Pink.xlsx,others,その他,OU,U0032,0,0,U0032,m,1,367,12
6535,OU_U0032_14_Pink.xlsx,sounds,幼児語,OU,U0032,5,3,U0032,m,1,455,14
6536,OU_U0032_14_Pink.xlsx,animals,動物の名前,OU,U0032,19,0,U0032,m,1,455,14
6537,OU_U0032_14_Pink.xlsx,vehicles,乗り物,OU,U0032,8,0,U0032,m,1,455,14
6538,OU_U0032_14_Pink.xlsx,toys,おもちゃ,OU,U0032,2,0,U0032,m,1,455,14
6539,OU_U0032_14_Pink.xlsx,food_drink,食べ物と飲み物,OU,U0032,8,0,U0032,m,1,455,14
6540,OU_U0032_14_Pink.xlsx,clothing,衣類,OU,U0032,4,0,U0032,m,1,455,14
6541,OU_U0032_14_Pink.xlsx,body_parts,体の部分,OU,U0032,4,0,U0032,m,1,455,14
6542,OU_U0032_14_Pink.xlsx,furniture_rooms,家具と部屋,OU,U0032,5,0,U0032,m,1,455,14
6543,OU_U0032_14_Pink.xlsx,household,小さな家庭用品,OU,U0032,3,0,U0032,m,1,455,14
6544,OU_U0032_14_Pink.xlsx,outside,戸外の物と場所,OU,U0032,7,0,U0032,m,1,455,14
6545,OU_U0032_14_Pink.xlsx,people,人々,OU,U0032,5,0,U0032,m,1,455,14
6546,OU_U0032_14_Pink.xlsx,games_routines,日課とあいさつ,OU,U0032,10,1,U0032,m,1,455,14
6547,OU_U0032_14_Pink.xlsx,action_words,動作語,OU,U0032,11,0,U0032,m,1,455,14
6548,OU_U0032_14_Pink.xlsx,time_words,時間についてのことば,OU,U0032,0,0,U0032,m,1,455,14
6549,OU_U0032_14_Pink.xlsx,descriptive_words,ようす・性質,OU,U0032,4,0,U0032,m,1,455,14
6550,OU_U0032_14_Pink.xlsx,pronouns,代名詞,OU,U0032,1,1,U0032,m,1,455,14
6551,OU_U0032_14_Pink.xlsx,question_words,質問のことば,OU,U0032,2,0,U0032,m,1,455,14
6552,OU_U0032_14_Pink.xlsx,locations,位置と場所についてのことば,OU,U0032,0,0,U0032,m,1,455,14
6553,OU_U0032_14_Pink.xlsx,quantifiers,数量を表すことば,OU,U0032,3,0,U0032,m,1,455,14
6554,OU_U0032_14_Pink.xlsx,sounds2,幼児語（その２）,OU,U0032,14,2,U0032,m,1,455,14
6555,OU_U0032_14_Pink.xlsx,conversations,会話語,OU,U0032,3,0,U0032,m,1,455,14
6556,OU_U0032_14_Pink.xlsx,others,その他,OU,U0032,3,2,U0032,m,1,455,14
6557,OU_U0032_18_Pink.xlsx,sounds,幼児語,OU,U0032,8,3,U0032,m,1,556,18
6558,OU_U0032_18_Pink.xlsx,animals,動物の名前,OU,U0032,28,0,U0032,m,1,556,18
6559,OU_U0032_18_Pink.xlsx,vehicles,乗り物,OU,U0032,9,0,U0032,m,1,556,18
6560,OU_U0032_18_Pink.xlsx,toys,おもちゃ,OU,U0032,4,0,U0032,m,1,556,18
6561,OU_U0032_18_Pink.xlsx,food_drink,食べ物と飲み物,OU,U0032,19,0,U0032,m,1,556,18
6562,OU_U0032_18_Pink.xlsx,clothing,衣類,OU,U0032,5,0,U0032,m,1,556,18
6563,OU_U0032_18_Pink.xlsx,body_parts,体の部分,OU,U0032,7,0,U0032,m,1,556,18
6564,OU_U0032_18_Pink.xlsx,furniture_rooms,家具と部屋,OU,U0032,10,0,U0032,m,1,556,18
6565,OU_U0032_18_Pink.xlsx,household,小さな家庭用品,OU,U0032,7,0,U0032,m,1,556,18
6566,OU_U0032_18_Pink.xlsx,outside,戸外の物と場所,OU,U0032,13,0,U0032,m,1,556,18
6567,OU_U0032_18_Pink.xlsx,people,人々,OU,U0032,8,0,U0032,m,1,556,18
6568,OU_U0032_18_Pink.xlsx,games_routines,日課とあいさつ,OU,U0032,16,1,U0032,m,1,556,18
6569,OU_U0032_18_Pink.xlsx,action_words,動作語,OU,U0032,29,0,U0032,m,1,556,18
6570,OU_U0032_18_Pink.xlsx,time_words,時間についてのことば,OU,U0032,1,0,U0032,m,1,556,18
6571,OU_U0032_18_Pink.xlsx,descriptive_words,ようす・性質,OU,U0032,15,0,U0032,m,1,556,18
6572,OU_U0032_18_Pink.xlsx,pronouns,代名詞,OU,U0032,3,1,U0032,m,1,556,18
6573,OU_U0032_18_Pink.xlsx,question_words,質問のことば,OU,U0032,4,0,U0032,m,1,556,18
6574,OU_U0032_18_Pink.xlsx,locations,位置と場所についてのことば,OU,U0032,4,0,U0032,m,1,556,18
6575,OU_U0032_18_Pink.xlsx,quantifiers,数量を表すことば,OU,U0032,5,0,U0032,m,1,556,18
6576,OU_U0032_18_Pink.xlsx,sounds2,幼児語（その２）,OU,U0032,16,2,U0032,m,1,556,18
6577,OU_U0032_18_Pink.xlsx,conversations,会話語,OU,U0032,8,2,U0032,m,1,556,18
6578,OU_U0032_18_Pink.xlsx,others,その他,OU,U0032,5,2,U0032,m,1,556,18
6579,OU_U0033_11_Pink.xlsx,sounds,幼児語,OU,U0033,3,0,U0033,m,1,352,11
6580,OU_U0033_11_Pink.xlsx,animals,動物の名前,OU,U0033,1,0,U0033,m,1,352,11
6581,OU_U0033_11_Pink.xlsx,vehicles,乗り物,OU,U0033,0,0,U0033,m,1,352,11
6582,OU_U0033_11_Pink.xlsx,toys,おもちゃ,OU,U0033,0,0,U0033,m,1,352,11
6583,OU_U0033_11_Pink.xlsx,food_drink,食べ物と飲み物,OU,U0033,0,0,U0033,m,1,352,11
6584,OU_U0033_11_Pink.xlsx,clothing,衣類,OU,U0033,0,0,U0033,m,1,352,11
6585,OU_U0033_11_Pink.xlsx,body_parts,体の部分,OU,U0033,0,0,U0033,m,1,352,11
6586,OU_U0033_11_Pink.xlsx,furniture_rooms,家具と部屋,OU,U0033,0,0,U0033,m,1,352,11
6587,OU_U0033_11_Pink.xlsx,household,小さな家庭用品,OU,U0033,0,0,U0033,m,1,352,11
6588,OU_U0033_11_Pink.xlsx,outside,戸外の物と場所,OU,U0033,0,0,U0033,m,1,352,11
6589,OU_U0033_11_Pink.xlsx,people,人々,OU,U0033,2,0,U0033,m,1,352,11
6590,OU_U0033_11_Pink.xlsx,games_routines,日課とあいさつ,OU,U0033,8,0,U0033,m,1,352,11
6591,OU_U0033_11_Pink.xlsx,action_words,動作語,OU,U0033,1,0,U0033,m,1,352,11
6592,OU_U0033_11_Pink.xlsx,time_words,時間についてのことば,OU,U0033,0,0,U0033,m,1,352,11
6593,OU_U0033_11_Pink.xlsx,descriptive_words,ようす・性質,OU,U0033,0,0,U0033,m,1,352,11
6594,OU_U0033_11_Pink.xlsx,pronouns,代名詞,OU,U0033,0,0,U0033,m,1,352,11
6595,OU_U0033_11_Pink.xlsx,question_words,質問のことば,OU,U0033,0,0,U0033,m,1,352,11
6596,OU_U0033_11_Pink.xlsx,locations,位置と場所についてのことば,OU,U0033,0,0,U0033,m,1,352,11
6597,OU_U0033_11_Pink.xlsx,quantifiers,数量を表すことば,OU,U0033,1,0,U0033,m,1,352,11
6598,OU_U0033_11_Pink.xlsx,sounds2,幼児語（その２）,OU,U0033,1,0,U0033,m,1,352,11
6599,OU_U0033_11_Pink.xlsx,conversations,会話語,OU,U0033,0,0,U0033,m,1,352,11
6600,OU_U0033_11_Pink.xlsx,others,その他,OU,U0033,1,0,U0033,m,1,352,11
6601,OU_U0033_14_Pink.xlsx,sounds,幼児語,OU,U0033,4,0,U0033,m,1,438,14
6602,OU_U0033_14_Pink.xlsx,animals,動物の名前,OU,U0033,1,0,U0033,m,1,438,14
6603,OU_U0033_14_Pink.xlsx,vehicles,乗り物,OU,U0033,1,0,U0033,m,1,438,14
6604,OU_U0033_14_Pink.xlsx,toys,おもちゃ,OU,U0033,2,0,U0033,m,1,438,14
6605,OU_U0033_14_Pink.xlsx,food_drink,食べ物と飲み物,OU,U0033,4,0,U0033,m,1,438,14
6606,OU_U0033_14_Pink.xlsx,clothing,衣類,OU,U0033,0,0,U0033,m,1,438,14
6607,OU_U0033_14_Pink.xlsx,body_parts,体の部分,OU,U0033,0,0,U0033,m,1,438,14
6608,OU_U0033_14_Pink.xlsx,furniture_rooms,家具と部屋,OU,U0033,0,0,U0033,m,1,438,14
6609,OU_U0033_14_Pink.xlsx,household,小さな家庭用品,OU,U0033,0,0,U0033,m,1,438,14
6610,OU_U0033_14_Pink.xlsx,outside,戸外の物と場所,OU,U0033,0,0,U0033,m,1,438,14
6611,OU_U0033_14_Pink.xlsx,people,人々,OU,U0033,4,2,U0033,m,1,438,14
6612,OU_U0033_14_Pink.xlsx,games_routines,日課とあいさつ,OU,U0033,11,0,U0033,m,1,438,14
6613,OU_U0033_14_Pink.xlsx,action_words,動作語,OU,U0033,7,0,U0033,m,1,438,14
6614,OU_U0033_14_Pink.xlsx,time_words,時間についてのことば,OU,U0033,0,0,U0033,m,1,438,14
6615,OU_U0033_14_Pink.xlsx,descriptive_words,ようす・性質,OU,U0033,0,0,U0033,m,1,438,14
6616,OU_U0033_14_Pink.xlsx,pronouns,代名詞,OU,U0033,0,0,U0033,m,1,438,14
6617,OU_U0033_14_Pink.xlsx,question_words,質問のことば,OU,U0033,0,0,U0033,m,1,438,14
6618,OU_U0033_14_Pink.xlsx,locations,位置と場所についてのことば,OU,U0033,0,0,U0033,m,1,438,14
6619,OU_U0033_14_Pink.xlsx,quantifiers,数量を表すことば,OU,U0033,1,0,U0033,m,1,438,14
6620,OU_U0033_14_Pink.xlsx,sounds2,幼児語（その２）,OU,U0033,3,0,U0033,m,1,438,14
6621,OU_U0033_14_Pink.xlsx,conversations,会話語,OU,U0033,0,0,U0033,m,1,438,14
6622,OU_U0033_14_Pink.xlsx,others,その他,OU,U0033,1,0,U0033,m,1,438,14
6623,OU_U0033_17_Pink.xlsx,sounds,幼児語,OU,U0033,1,2,U0033,m,1,529,17
6624,OU_U0033_17_Pink.xlsx,animals,動物の名前,OU,U0033,1,0,U0033,m,1,529,17
6625,OU_U0033_17_Pink.xlsx,vehicles,乗り物,OU,U0033,4,0,U0033,m,1,529,17
6626,OU_U0033_17_Pink.xlsx,toys,おもちゃ,OU,U0033,2,0,U0033,m,1,529,17
6627,OU_U0033_17_Pink.xlsx,food_drink,食べ物と飲み物,OU,U0033,4,0,U0033,m,1,529,17
6628,OU_U0033_17_Pink.xlsx,clothing,衣類,OU,U0033,0,2,U0033,m,1,529,17
6629,OU_U0033_17_Pink.xlsx,body_parts,体の部分,OU,U0033,0,0,U0033,m,1,529,17
6630,OU_U0033_17_Pink.xlsx,furniture_rooms,家具と部屋,OU,U0033,2,0,U0033,m,1,529,17
6631,OU_U0033_17_Pink.xlsx,household,小さな家庭用品,OU,U0033,0,0,U0033,m,1,529,17
6632,OU_U0033_17_Pink.xlsx,outside,戸外の物と場所,OU,U0033,2,0,U0033,m,1,529,17
6633,OU_U0033_17_Pink.xlsx,people,人々,OU,U0033,3,4,U0033,m,1,529,17
6634,OU_U0033_17_Pink.xlsx,games_routines,日課とあいさつ,OU,U0033,11,1,U0033,m,1,529,17
6635,OU_U0033_17_Pink.xlsx,action_words,動作語,OU,U0033,14,1,U0033,m,1,529,17
6636,OU_U0033_17_Pink.xlsx,time_words,時間についてのことば,OU,U0033,0,0,U0033,m,1,529,17
6637,OU_U0033_17_Pink.xlsx,descriptive_words,ようす・性質,OU,U0033,0,1,U0033,m,1,529,17
6638,OU_U0033_17_Pink.xlsx,pronouns,代名詞,OU,U0033,4,0,U0033,m,1,529,17
6639,OU_U0033_17_Pink.xlsx,question_words,質問のことば,OU,U0033,1,0,U0033,m,1,529,17
6640,OU_U0033_17_Pink.xlsx,locations,位置と場所についてのことば,OU,U0033,0,0,U0033,m,1,529,17
6641,OU_U0033_17_Pink.xlsx,quantifiers,数量を表すことば,OU,U0033,2,0,U0033,m,1,529,17
6642,OU_U0033_17_Pink.xlsx,sounds2,幼児語（その２）,OU,U0033,12,0,U0033,m,1,529,17
6643,OU_U0033_17_Pink.xlsx,conversations,会話語,OU,U0033,1,2,U0033,m,1,529,17
6644,OU_U0033_17_Pink.xlsx,others,その他,OU,U0033,3,1,U0033,m,1,529,17
6645,OU_U0034_12_Pink.xlsx,sounds,幼児語,OU,U0034,2,0,U0034,f,1,379,12
6646,OU_U0034_12_Pink.xlsx,animals,動物の名前,OU,U0034,1,0,U0034,f,1,379,12
6647,OU_U0034_12_Pink.xlsx,vehicles,乗り物,OU,U0034,0,0,U0034,f,1,379,12
6648,OU_U0034_12_Pink.xlsx,toys,おもちゃ,OU,U0034,0,0,U0034,f,1,379,12
6649,OU_U0034_12_Pink.xlsx,food_drink,食べ物と飲み物,OU,U0034,2,0,U0034,f,1,379,12
6650,OU_U0034_12_Pink.xlsx,clothing,衣類,OU,U0034,0,0,U0034,f,1,379,12
6651,OU_U0034_12_Pink.xlsx,body_parts,体の部分,OU,U0034,3,1,U0034,f,1,379,12
6652,OU_U0034_12_Pink.xlsx,furniture_rooms,家具と部屋,OU,U0034,1,0,U0034,f,1,379,12
6653,OU_U0034_12_Pink.xlsx,household,小さな家庭用品,OU,U0034,5,0,U0034,f,1,379,12
6654,OU_U0034_12_Pink.xlsx,outside,戸外の物と場所,OU,U0034,1,0,U0034,f,1,379,12
6655,OU_U0034_12_Pink.xlsx,people,人々,OU,U0034,7,0,U0034,f,1,379,12
6656,OU_U0034_12_Pink.xlsx,games_routines,日課とあいさつ,OU,U0034,7,1,U0034,f,1,379,12
6657,OU_U0034_12_Pink.xlsx,action_words,動作語,OU,U0034,3,0,U0034,f,1,379,12
6658,OU_U0034_12_Pink.xlsx,time_words,時間についてのことば,OU,U0034,0,0,U0034,f,1,379,12
6659,OU_U0034_12_Pink.xlsx,descriptive_words,ようす・性質,OU,U0034,1,0,U0034,f,1,379,12
6660,OU_U0034_12_Pink.xlsx,pronouns,代名詞,OU,U0034,2,0,U0034,f,1,379,12
6661,OU_U0034_12_Pink.xlsx,question_words,質問のことば,OU,U0034,0,0,U0034,f,1,379,12
6662,OU_U0034_12_Pink.xlsx,locations,位置と場所についてのことば,OU,U0034,0,0,U0034,f,1,379,12
6663,OU_U0034_12_Pink.xlsx,quantifiers,数量を表すことば,OU,U0034,0,0,U0034,f,1,379,12
6664,OU_U0034_12_Pink.xlsx,sounds2,幼児語（その２）,OU,U0034,4,0,U0034,f,1,379,12
6665,OU_U0034_12_Pink.xlsx,conversations,会話語,OU,U0034,1,0,U0034,f,1,379,12
6666,OU_U0034_12_Pink.xlsx,others,その他,OU,U0034,1,1,U0034,f,1,379,12
6667,OU_U0034_15_Pink.xlsx,sounds,幼児語,OU,U0034,3,2,U0034,f,1,474,15
6668,OU_U0034_15_Pink.xlsx,animals,動物の名前,OU,U0034,3,0,U0034,f,1,474,15
6669,OU_U0034_15_Pink.xlsx,vehicles,乗り物,OU,U0034,2,0,U0034,f,1,474,15
6670,OU_U0034_15_Pink.xlsx,toys,おもちゃ,OU,U0034,1,0,U0034,f,1,474,15
6671,OU_U0034_15_Pink.xlsx,food_drink,食べ物と飲み物,OU,U0034,6,0,U0034,f,1,474,15
6672,OU_U0034_15_Pink.xlsx,clothing,衣類,OU,U0034,4,0,U0034,f,1,474,15
6673,OU_U0034_15_Pink.xlsx,body_parts,体の部分,OU,U0034,9,1,U0034,f,1,474,15
6674,OU_U0034_15_Pink.xlsx,furniture_rooms,家具と部屋,OU,U0034,5,0,U0034,f,1,474,15
6675,OU_U0034_15_Pink.xlsx,household,小さな家庭用品,OU,U0034,13,0,U0034,f,1,474,15
6676,OU_U0034_15_Pink.xlsx,outside,戸外の物と場所,OU,U0034,5,0,U0034,f,1,474,15
6677,OU_U0034_15_Pink.xlsx,people,人々,OU,U0034,9,0,U0034,f,1,474,15
6678,OU_U0034_15_Pink.xlsx,games_routines,日課とあいさつ,OU,U0034,16,0,U0034,f,1,474,15
6679,OU_U0034_15_Pink.xlsx,action_words,動作語,OU,U0034,22,2,U0034,f,1,474,15
6680,OU_U0034_15_Pink.xlsx,time_words,時間についてのことば,OU,U0034,0,0,U0034,f,1,474,15
6681,OU_U0034_15_Pink.xlsx,descriptive_words,ようす・性質,OU,U0034,4,1,U0034,f,1,474,15
6682,OU_U0034_15_Pink.xlsx,pronouns,代名詞,OU,U0034,3,1,U0034,f,1,474,15
6683,OU_U0034_15_Pink.xlsx,question_words,質問のことば,OU,U0034,0,0,U0034,f,1,474,15
6684,OU_U0034_15_Pink.xlsx,locations,位置と場所についてのことば,OU,U0034,0,0,U0034,f,1,474,15
6685,OU_U0034_15_Pink.xlsx,quantifiers,数量を表すことば,OU,U0034,1,0,U0034,f,1,474,15
6686,OU_U0034_15_Pink.xlsx,sounds2,幼児語（その２）,OU,U0034,8,0,U0034,f,1,474,15
6687,OU_U0034_15_Pink.xlsx,conversations,会話語,OU,U0034,3,1,U0034,f,1,474,15
6688,OU_U0034_15_Pink.xlsx,others,その他,OU,U0034,2,2,U0034,f,1,474,15
6689,OU_U0034_18_Pink.xlsx,sounds,幼児語,OU,U0034,4,5,U0034,f,1,563,18
6690,OU_U0034_18_Pink.xlsx,animals,動物の名前,OU,U0034,18,0,U0034,f,1,563,18
6691,OU_U0034_18_Pink.xlsx,vehicles,乗り物,OU,U0034,5,2,U0034,f,1,563,18
6692,OU_U0034_18_Pink.xlsx,toys,おもちゃ,OU,U0034,7,0,U0034,f,1,563,18
6693,OU_U0034_18_Pink.xlsx,food_drink,食べ物と飲み物,OU,U0034,18,0,U0034,f,1,563,18
6694,OU_U0034_18_Pink.xlsx,clothing,衣類,OU,U0034,10,0,U0034,f,1,563,18
6695,OU_U0034_18_Pink.xlsx,body_parts,体の部分,OU,U0034,17,1,U0034,f,1,563,18
6696,OU_U0034_18_Pink.xlsx,furniture_rooms,家具と部屋,OU,U0034,10,0,U0034,f,1,563,18
6697,OU_U0034_18_Pink.xlsx,household,小さな家庭用品,OU,U0034,17,0,U0034,f,1,563,18
6698,OU_U0034_18_Pink.xlsx,outside,戸外の物と場所,OU,U0034,7,0,U0034,f,1,563,18
6699,OU_U0034_18_Pink.xlsx,people,人々,OU,U0034,7,4,U0034,f,1,563,18
6700,OU_U0034_18_Pink.xlsx,games_routines,日課とあいさつ,OU,U0034,14,5,U0034,f,1,563,18
6701,OU_U0034_18_Pink.xlsx,action_words,動作語,OU,U0034,32,3,U0034,f,1,563,18
6702,OU_U0034_18_Pink.xlsx,time_words,時間についてのことば,OU,U0034,0,0,U0034,f,1,563,18
6703,OU_U0034_18_Pink.xlsx,descriptive_words,ようす・性質,OU,U0034,13,2,U0034,f,1,563,18
6704,OU_U0034_18_Pink.xlsx,pronouns,代名詞,OU,U0034,4,2,U0034,f,1,563,18
6705,OU_U0034_18_Pink.xlsx,question_words,質問のことば,OU,U0034,4,0,U0034,f,1,563,18
6706,OU_U0034_18_Pink.xlsx,locations,位置と場所についてのことば,OU,U0034,3,0,U0034,f,1,563,18
6707,OU_U0034_18_Pink.xlsx,quantifiers,数量を表すことば,OU,U0034,0,1,U0034,f,1,563,18
6708,OU_U0034_18_Pink.xlsx,sounds2,幼児語（その２）,OU,U0034,13,5,U0034,f,1,563,18
6709,OU_U0034_18_Pink.xlsx,conversations,会話語,OU,U0034,3,4,U0034,f,1,563,18
6710,OU_U0034_18_Pink.xlsx,others,その他,OU,U0034,2,3,U0034,f,1,563,18
6711,OU_U0035_12_Pink.xlsx,sounds,幼児語,OU,U0035,1,0,U0035,f,1,369,12
6712,OU_U0035_12_Pink.xlsx,animals,動物の名前,OU,U0035,0,0,U0035,f,1,369,12
6713,OU_U0035_12_Pink.xlsx,vehicles,乗り物,OU,U0035,2,0,U0035,f,1,369,12
6714,OU_U0035_12_Pink.xlsx,toys,おもちゃ,OU,U0035,0,0,U0035,f,1,369,12
6715,OU_U0035_12_Pink.xlsx,food_drink,食べ物と飲み物,OU,U0035,3,0,U0035,f,1,369,12
6716,OU_U0035_12_Pink.xlsx,clothing,衣類,OU,U0035,0,0,U0035,f,1,369,12
6717,OU_U0035_12_Pink.xlsx,body_parts,体の部分,OU,U0035,4,0,U0035,f,1,369,12
6718,OU_U0035_12_Pink.xlsx,furniture_rooms,家具と部屋,OU,U0035,2,0,U0035,f,1,369,12
6719,OU_U0035_12_Pink.xlsx,household,小さな家庭用品,OU,U0035,5,0,U0035,f,1,369,12
6720,OU_U0035_12_Pink.xlsx,outside,戸外の物と場所,OU,U0035,1,0,U0035,f,1,369,12
6721,OU_U0035_12_Pink.xlsx,people,人々,OU,U0035,1,0,U0035,f,1,369,12
6722,OU_U0035_12_Pink.xlsx,games_routines,日課とあいさつ,OU,U0035,2,0,U0035,f,1,369,12
6723,OU_U0035_12_Pink.xlsx,action_words,動作語,OU,U0035,1,0,U0035,f,1,369,12
6724,OU_U0035_12_Pink.xlsx,time_words,時間についてのことば,OU,U0035,0,0,U0035,f,1,369,12
6725,OU_U0035_12_Pink.xlsx,descriptive_words,ようす・性質,OU,U0035,1,0,U0035,f,1,369,12
6726,OU_U0035_12_Pink.xlsx,pronouns,代名詞,OU,U0035,0,0,U0035,f,1,369,12
6727,OU_U0035_12_Pink.xlsx,question_words,質問のことば,OU,U0035,0,0,U0035,f,1,369,12
6728,OU_U0035_12_Pink.xlsx,locations,位置と場所についてのことば,OU,U0035,0,0,U0035,f,1,369,12
6729,OU_U0035_12_Pink.xlsx,quantifiers,数量を表すことば,OU,U0035,0,0,U0035,f,1,369,12
6730,OU_U0035_12_Pink.xlsx,sounds2,幼児語（その２）,OU,U0035,0,0,U0035,f,1,369,12
6731,OU_U0035_12_Pink.xlsx,conversations,会話語,OU,U0035,2,0,U0035,f,1,369,12
6732,OU_U0035_12_Pink.xlsx,others,その他,OU,U0035,1,0,U0035,f,1,369,12
6733,OU_U0035_14_Pink.xlsx,sounds,幼児語,OU,U0035,1,0,U0035,f,1,454,14
6734,OU_U0035_14_Pink.xlsx,animals,動物の名前,OU,U0035,0,0,U0035,f,1,454,14
6735,OU_U0035_14_Pink.xlsx,vehicles,乗り物,OU,U0035,4,0,U0035,f,1,454,14
6736,OU_U0035_14_Pink.xlsx,toys,おもちゃ,OU,U0035,0,0,U0035,f,1,454,14
6737,OU_U0035_14_Pink.xlsx,food_drink,食べ物と飲み物,OU,U0035,3,0,U0035,f,1,454,14
6738,OU_U0035_14_Pink.xlsx,clothing,衣類,OU,U0035,0,0,U0035,f,1,454,14
6739,OU_U0035_14_Pink.xlsx,body_parts,体の部分,OU,U0035,4,0,U0035,f,1,454,14
6740,OU_U0035_14_Pink.xlsx,furniture_rooms,家具と部屋,OU,U0035,2,0,U0035,f,1,454,14
6741,OU_U0035_14_Pink.xlsx,household,小さな家庭用品,OU,U0035,7,0,U0035,f,1,454,14
6742,OU_U0035_14_Pink.xlsx,outside,戸外の物と場所,OU,U0035,1,0,U0035,f,1,454,14
6743,OU_U0035_14_Pink.xlsx,people,人々,OU,U0035,1,0,U0035,f,1,454,14
6744,OU_U0035_14_Pink.xlsx,games_routines,日課とあいさつ,OU,U0035,5,0,U0035,f,1,454,14
6745,OU_U0035_14_Pink.xlsx,action_words,動作語,OU,U0035,1,0,U0035,f,1,454,14
6746,OU_U0035_14_Pink.xlsx,time_words,時間についてのことば,OU,U0035,0,0,U0035,f,1,454,14
6747,OU_U0035_14_Pink.xlsx,descriptive_words,ようす・性質,OU,U0035,1,0,U0035,f,1,454,14
6748,OU_U0035_14_Pink.xlsx,pronouns,代名詞,OU,U0035,0,0,U0035,f,1,454,14
6749,OU_U0035_14_Pink.xlsx,question_words,質問のことば,OU,U0035,0,0,U0035,f,1,454,14
6750,OU_U0035_14_Pink.xlsx,locations,位置と場所についてのことば,OU,U0035,0,0,U0035,f,1,454,14
6751,OU_U0035_14_Pink.xlsx,quantifiers,数量を表すことば,OU,U0035,0,0,U0035,f,1,454,14
6752,OU_U0035_14_Pink.xlsx,sounds2,幼児語（その２）,OU,U0035,0,0,U0035,f,1,454,14
6753,OU_U0035_14_Pink.xlsx,conversations,会話語,OU,U0035,3,0,U0035,f,1,454,14
6754,OU_U0035_14_Pink.xlsx,others,その他,OU,U0035,2,0,U0035,f,1,454,14
6755,OU_U0035_17_Pink.xlsx,sounds,幼児語,OU,U0035,2,0,U0035,f,1,542,17
6756,OU_U0035_17_Pink.xlsx,animals,動物の名前,OU,U0035,0,0,U0035,f,1,542,17
6757,OU_U0035_17_Pink.xlsx,vehicles,乗り物,OU,U0035,4,0,U0035,f,1,542,17
6758,OU_U0035_17_Pink.xlsx,toys,おもちゃ,OU,U0035,4,0,U0035,f,1,542,17
6759,OU_U0035_17_Pink.xlsx,food_drink,食べ物と飲み物,OU,U0035,11,0,U0035,f,1,542,17
6760,OU_U0035_17_Pink.xlsx,clothing,衣類,OU,U0035,2,0,U0035,f,1,542,17
6761,OU_U0035_17_Pink.xlsx,body_parts,体の部分,OU,U0035,9,0,U0035,f,1,542,17
6762,OU_U0035_17_Pink.xlsx,furniture_rooms,家具と部屋,OU,U0035,12,0,U0035,f,1,542,17
6763,OU_U0035_17_Pink.xlsx,household,小さな家庭用品,OU,U0035,17,0,U0035,f,1,542,17
6764,OU_U0035_17_Pink.xlsx,outside,戸外の物と場所,OU,U0035,5,0,U0035,f,1,542,17
6765,OU_U0035_17_Pink.xlsx,people,人々,OU,U0035,9,0,U0035,f,1,542,17
6766,OU_U0035_17_Pink.xlsx,games_routines,日課とあいさつ,OU,U0035,8,0,U0035,f,1,542,17
6767,OU_U0035_17_Pink.xlsx,action_words,動作語,OU,U0035,3,0,U0035,f,1,542,17
6768,OU_U0035_17_Pink.xlsx,time_words,時間についてのことば,OU,U0035,0,0,U0035,f,1,542,17
6769,OU_U0035_17_Pink.xlsx,descriptive_words,ようす・性質,OU,U0035,1,0,U0035,f,1,542,17
6770,OU_U0035_17_Pink.xlsx,pronouns,代名詞,OU,U0035,0,0,U0035,f,1,542,17
6771,OU_U0035_17_Pink.xlsx,question_words,質問のことば,OU,U0035,0,0,U0035,f,1,542,17
6772,OU_U0035_17_Pink.xlsx,locations,位置と場所についてのことば,OU,U0035,0,0,U0035,f,1,542,17
6773,OU_U0035_17_Pink.xlsx,quantifiers,数量を表すことば,OU,U0035,1,0,U0035,f,1,542,17
6774,OU_U0035_17_Pink.xlsx,sounds2,幼児語（その２）,OU,U0035,7,0,U0035,f,1,542,17
6775,OU_U0035_17_Pink.xlsx,conversations,会話語,OU,U0035,3,0,U0035,f,1,542,17
6776,OU_U0035_17_Pink.xlsx,others,その他,OU,U0035,2,0,U0035,f,1,542,17
6777,OU_U0036_12_Pink.xlsx,sounds,幼児語,OU,U0036,0,0,U0036,f,1,365,12
6778,OU_U0036_12_Pink.xlsx,animals,動物の名前,OU,U0036,0,0,U0036,f,1,365,12
6779,OU_U0036_12_Pink.xlsx,vehicles,乗り物,OU,U0036,0,0,U0036,f,1,365,12
6780,OU_U0036_12_Pink.xlsx,toys,おもちゃ,OU,U0036,0,0,U0036,f,1,365,12
6781,OU_U0036_12_Pink.xlsx,food_drink,食べ物と飲み物,OU,U0036,2,0,U0036,f,1,365,12
6782,OU_U0036_12_Pink.xlsx,clothing,衣類,OU,U0036,1,0,U0036,f,1,365,12
6783,OU_U0036_12_Pink.xlsx,body_parts,体の部分,OU,U0036,0,0,U0036,f,1,365,12
6784,OU_U0036_12_Pink.xlsx,furniture_rooms,家具と部屋,OU,U0036,1,0,U0036,f,1,365,12
6785,OU_U0036_12_Pink.xlsx,household,小さな家庭用品,OU,U0036,0,0,U0036,f,1,365,12
6786,OU_U0036_12_Pink.xlsx,outside,戸外の物と場所,OU,U0036,0,0,U0036,f,1,365,12
6787,OU_U0036_12_Pink.xlsx,people,人々,OU,U0036,4,0,U0036,f,1,365,12
6788,OU_U0036_12_Pink.xlsx,games_routines,日課とあいさつ,OU,U0036,14,0,U0036,f,1,365,12
6789,OU_U0036_12_Pink.xlsx,action_words,動作語,OU,U0036,1,0,U0036,f,1,365,12
6790,OU_U0036_12_Pink.xlsx,time_words,時間についてのことば,OU,U0036,0,0,U0036,f,1,365,12
6791,OU_U0036_12_Pink.xlsx,descriptive_words,ようす・性質,OU,U0036,0,0,U0036,f,1,365,12
6792,OU_U0036_12_Pink.xlsx,pronouns,代名詞,OU,U0036,0,0,U0036,f,1,365,12
6793,OU_U0036_12_Pink.xlsx,question_words,質問のことば,OU,U0036,0,0,U0036,f,1,365,12
6794,OU_U0036_12_Pink.xlsx,locations,位置と場所についてのことば,OU,U0036,0,0,U0036,f,1,365,12
6795,OU_U0036_12_Pink.xlsx,quantifiers,数量を表すことば,OU,U0036,0,0,U0036,f,1,365,12
6796,OU_U0036_12_Pink.xlsx,sounds2,幼児語（その２）,OU,U0036,0,0,U0036,f,1,365,12
6797,OU_U0036_12_Pink.xlsx,conversations,会話語,OU,U0036,0,0,U0036,f,1,365,12
6798,OU_U0036_12_Pink.xlsx,others,その他,OU,U0036,0,0,U0036,f,1,365,12
6799,OU_U0036_14_Pink.xlsx,sounds,幼児語,OU,U0036,3,1,U0036,f,1,452,14
6800,OU_U0036_14_Pink.xlsx,animals,動物の名前,OU,U0036,0,0,U0036,f,1,452,14
6801,OU_U0036_14_Pink.xlsx,vehicles,乗り物,OU,U0036,2,0,U0036,f,1,452,14
6802,OU_U0036_14_Pink.xlsx,toys,おもちゃ,OU,U0036,3,0,U0036,f,1,452,14
6803,OU_U0036_14_Pink.xlsx,food_drink,食べ物と飲み物,OU,U0036,6,1,U0036,f,1,452,14
6804,OU_U0036_14_Pink.xlsx,clothing,衣類,OU,U0036,6,0,U0036,f,1,452,14
6805,OU_U0036_14_Pink.xlsx,body_parts,体の部分,OU,U0036,1,0,U0036,f,1,452,14
6806,OU_U0036_14_Pink.xlsx,furniture_rooms,家具と部屋,OU,U0036,1,0,U0036,f,1,452,14
6807,OU_U0036_14_Pink.xlsx,household,小さな家庭用品,OU,U0036,1,0,U0036,f,1,452,14
6808,OU_U0036_14_Pink.xlsx,outside,戸外の物と場所,OU,U0036,3,0,U0036,f,1,452,14
6809,OU_U0036_14_Pink.xlsx,people,人々,OU,U0036,3,2,U0036,f,1,452,14
6810,OU_U0036_14_Pink.xlsx,games_routines,日課とあいさつ,OU,U0036,15,4,U0036,f,1,452,14
6811,OU_U0036_14_Pink.xlsx,action_words,動作語,OU,U0036,28,0,U0036,f,1,452,14
6812,OU_U0036_14_Pink.xlsx,time_words,時間についてのことば,OU,U0036,0,0,U0036,f,1,452,14
6813,OU_U0036_14_Pink.xlsx,descriptive_words,ようす・性質,OU,U0036,2,0,U0036,f,1,452,14
6814,OU_U0036_14_Pink.xlsx,pronouns,代名詞,OU,U0036,1,0,U0036,f,1,452,14
6815,OU_U0036_14_Pink.xlsx,question_words,質問のことば,OU,U0036,0,0,U0036,f,1,452,14
6816,OU_U0036_14_Pink.xlsx,locations,位置と場所についてのことば,OU,U0036,0,0,U0036,f,1,452,14
6817,OU_U0036_14_Pink.xlsx,quantifiers,数量を表すことば,OU,U0036,2,0,U0036,f,1,452,14
6818,OU_U0036_14_Pink.xlsx,sounds2,幼児語（その２）,OU,U0036,6,0,U0036,f,1,452,14
6819,OU_U0036_14_Pink.xlsx,conversations,会話語,OU,U0036,2,2,U0036,f,1,452,14
6820,OU_U0036_14_Pink.xlsx,others,その他,OU,U0036,3,0,U0036,f,1,452,14
6821,OU_U0036_17_Pink.xlsx,sounds,幼児語,OU,U0036,3,3,U0036,f,1,544,17
6822,OU_U0036_17_Pink.xlsx,animals,動物の名前,OU,U0036,1,0,U0036,f,1,544,17
6823,OU_U0036_17_Pink.xlsx,vehicles,乗り物,OU,U0036,2,0,U0036,f,1,544,17
6824,OU_U0036_17_Pink.xlsx,toys,おもちゃ,OU,U0036,4,0,U0036,f,1,544,17
6825,OU_U0036_17_Pink.xlsx,food_drink,食べ物と飲み物,OU,U0036,7,2,U0036,f,1,544,17
6826,OU_U0036_17_Pink.xlsx,clothing,衣類,OU,U0036,9,0,U0036,f,1,544,17
6827,OU_U0036_17_Pink.xlsx,body_parts,体の部分,OU,U0036,12,0,U0036,f,1,544,17
6828,OU_U0036_17_Pink.xlsx,furniture_rooms,家具と部屋,OU,U0036,9,0,U0036,f,1,544,17
6829,OU_U0036_17_Pink.xlsx,household,小さな家庭用品,OU,U0036,13,0,U0036,f,1,544,17
6830,OU_U0036_17_Pink.xlsx,outside,戸外の物と場所,OU,U0036,5,0,U0036,f,1,544,17
6831,OU_U0036_17_Pink.xlsx,people,人々,OU,U0036,4,3,U0036,f,1,544,17
6832,OU_U0036_17_Pink.xlsx,games_routines,日課とあいさつ,OU,U0036,12,7,U0036,f,1,544,17
6833,OU_U0036_17_Pink.xlsx,action_words,動作語,OU,U0036,40,0,U0036,f,1,544,17
6834,OU_U0036_17_Pink.xlsx,time_words,時間についてのことば,OU,U0036,2,0,U0036,f,1,544,17
6835,OU_U0036_17_Pink.xlsx,descriptive_words,ようす・性質,OU,U0036,6,0,U0036,f,1,544,17
6836,OU_U0036_17_Pink.xlsx,pronouns,代名詞,OU,U0036,0,1,U0036,f,1,544,17
6837,OU_U0036_17_Pink.xlsx,question_words,質問のことば,OU,U0036,0,0,U0036,f,1,544,17
6838,OU_U0036_17_Pink.xlsx,locations,位置と場所についてのことば,OU,U0036,1,0,U0036,f,1,544,17
6839,OU_U0036_17_Pink.xlsx,quantifiers,数量を表すことば,OU,U0036,2,1,U0036,f,1,544,17
6840,OU_U0036_17_Pink.xlsx,sounds2,幼児語（その２）,OU,U0036,12,1,U0036,f,1,544,17
6841,OU_U0036_17_Pink.xlsx,conversations,会話語,OU,U0036,2,3,U0036,f,1,544,17
6842,OU_U0036_17_Pink.xlsx,others,その他,OU,U0036,4,0,U0036,f,1,544,17
6843,OU_U0037_12_Pink.xlsx,sounds,幼児語,OU,U0037,4,0,U0037,m,1,369,12
6844,OU_U0037_12_Pink.xlsx,animals,動物の名前,OU,U0037,3,0,U0037,m,1,369,12
6845,OU_U0037_12_Pink.xlsx,vehicles,乗り物,OU,U0037,1,0,U0037,m,1,369,12
6846,OU_U0037_12_Pink.xlsx,toys,おもちゃ,OU,U0037,2,0,U0037,m,1,369,12
6847,OU_U0037_12_Pink.xlsx,food_drink,食べ物と飲み物,OU,U0037,6,0,U0037,m,1,369,12
6848,OU_U0037_12_Pink.xlsx,clothing,衣類,OU,U0037,1,0,U0037,m,1,369,12
6849,OU_U0037_12_Pink.xlsx,body_parts,体の部分,OU,U0037,4,0,U0037,m,1,369,12
6850,OU_U0037_12_Pink.xlsx,furniture_rooms,家具と部屋,OU,U0037,0,0,U0037,m,1,369,12
6851,OU_U0037_12_Pink.xlsx,household,小さな家庭用品,OU,U0037,1,0,U0037,m,1,369,12
6852,OU_U0037_12_Pink.xlsx,outside,戸外の物と場所,OU,U0037,2,0,U0037,m,1,369,12
6853,OU_U0037_12_Pink.xlsx,people,人々,OU,U0037,5,0,U0037,m,1,369,12
6854,OU_U0037_12_Pink.xlsx,games_routines,日課とあいさつ,OU,U0037,8,1,U0037,m,1,369,12
6855,OU_U0037_12_Pink.xlsx,action_words,動作語,OU,U0037,7,0,U0037,m,1,369,12
6856,OU_U0037_12_Pink.xlsx,time_words,時間についてのことば,OU,U0037,0,0,U0037,m,1,369,12
6857,OU_U0037_12_Pink.xlsx,descriptive_words,ようす・性質,OU,U0037,2,0,U0037,m,1,369,12
6858,OU_U0037_12_Pink.xlsx,pronouns,代名詞,OU,U0037,0,0,U0037,m,1,369,12
6859,OU_U0037_12_Pink.xlsx,question_words,質問のことば,OU,U0037,0,0,U0037,m,1,369,12
6860,OU_U0037_12_Pink.xlsx,locations,位置と場所についてのことば,OU,U0037,0,0,U0037,m,1,369,12
6861,OU_U0037_12_Pink.xlsx,quantifiers,数量を表すことば,OU,U0037,0,0,U0037,m,1,369,12
6862,OU_U0037_12_Pink.xlsx,sounds2,幼児語（その２）,OU,U0037,0,1,U0037,m,1,369,12
6863,OU_U0037_12_Pink.xlsx,conversations,会話語,OU,U0037,1,0,U0037,m,1,369,12
6864,OU_U0037_12_Pink.xlsx,others,その他,OU,U0037,1,0,U0037,m,1,369,12
6865,OU_U0037_15_Pink.xlsx,sounds,幼児語,OU,U0037,8,0,U0037,m,1,460,15
6866,OU_U0037_15_Pink.xlsx,animals,動物の名前,OU,U0037,5,0,U0037,m,1,460,15
6867,OU_U0037_15_Pink.xlsx,vehicles,乗り物,OU,U0037,1,1,U0037,m,1,460,15
6868,OU_U0037_15_Pink.xlsx,toys,おもちゃ,OU,U0037,2,0,U0037,m,1,460,15
6869,OU_U0037_15_Pink.xlsx,food_drink,食べ物と飲み物,OU,U0037,8,0,U0037,m,1,460,15
6870,OU_U0037_15_Pink.xlsx,clothing,衣類,OU,U0037,4,0,U0037,m,1,460,15
6871,OU_U0037_15_Pink.xlsx,body_parts,体の部分,OU,U0037,7,0,U0037,m,1,460,15
6872,OU_U0037_15_Pink.xlsx,furniture_rooms,家具と部屋,OU,U0037,5,0,U0037,m,1,460,15
6873,OU_U0037_15_Pink.xlsx,household,小さな家庭用品,OU,U0037,5,0,U0037,m,1,460,15
6874,OU_U0037_15_Pink.xlsx,outside,戸外の物と場所,OU,U0037,4,0,U0037,m,1,460,15
6875,OU_U0037_15_Pink.xlsx,people,人々,OU,U0037,8,0,U0037,m,1,460,15
6876,OU_U0037_15_Pink.xlsx,games_routines,日課とあいさつ,OU,U0037,9,1,U0037,m,1,460,15
6877,OU_U0037_15_Pink.xlsx,action_words,動作語,OU,U0037,21,1,U0037,m,1,460,15
6878,OU_U0037_15_Pink.xlsx,time_words,時間についてのことば,OU,U0037,1,0,U0037,m,1,460,15
6879,OU_U0037_15_Pink.xlsx,descriptive_words,ようす・性質,OU,U0037,9,0,U0037,m,1,460,15
6880,OU_U0037_15_Pink.xlsx,pronouns,代名詞,OU,U0037,2,0,U0037,m,1,460,15
6881,OU_U0037_15_Pink.xlsx,question_words,質問のことば,OU,U0037,0,0,U0037,m,1,460,15
6882,OU_U0037_15_Pink.xlsx,locations,位置と場所についてのことば,OU,U0037,1,0,U0037,m,1,460,15
6883,OU_U0037_15_Pink.xlsx,quantifiers,数量を表すことば,OU,U0037,3,0,U0037,m,1,460,15
6884,OU_U0037_15_Pink.xlsx,sounds2,幼児語（その２）,OU,U0037,13,2,U0037,m,1,460,15
6885,OU_U0037_15_Pink.xlsx,conversations,会話語,OU,U0037,5,1,U0037,m,1,460,15
6886,OU_U0037_15_Pink.xlsx,others,その他,OU,U0037,6,0,U0037,m,1,460,15
6887,OU_U0037_18_Pink.xlsx,sounds,幼児語,OU,U0037,2,6,U0037,m,1,550,18
6888,OU_U0037_18_Pink.xlsx,animals,動物の名前,OU,U0037,10,1,U0037,m,1,550,18
6889,OU_U0037_18_Pink.xlsx,vehicles,乗り物,OU,U0037,4,2,U0037,m,1,550,18
6890,OU_U0037_18_Pink.xlsx,toys,おもちゃ,OU,U0037,4,0,U0037,m,1,550,18
6891,OU_U0037_18_Pink.xlsx,food_drink,食べ物と飲み物,OU,U0037,5,5,U0037,m,1,550,18
6892,OU_U0037_18_Pink.xlsx,clothing,衣類,OU,U0037,4,1,U0037,m,1,550,18
6893,OU_U0037_18_Pink.xlsx,body_parts,体の部分,OU,U0037,9,0,U0037,m,1,550,18
6894,OU_U0037_18_Pink.xlsx,furniture_rooms,家具と部屋,OU,U0037,5,0,U0037,m,1,550,18
6895,OU_U0037_18_Pink.xlsx,household,小さな家庭用品,OU,U0037,8,0,U0037,m,1,550,18
6896,OU_U0037_18_Pink.xlsx,outside,戸外の物と場所,OU,U0037,4,0,U0037,m,1,550,18
6897,OU_U0037_18_Pink.xlsx,people,人々,OU,U0037,5,4,U0037,m,1,550,18
6898,OU_U0037_18_Pink.xlsx,games_routines,日課とあいさつ,OU,U0037,4,8,U0037,m,1,550,18
6899,OU_U0037_18_Pink.xlsx,action_words,動作語,OU,U0037,21,1,U0037,m,1,550,18
6900,OU_U0037_18_Pink.xlsx,time_words,時間についてのことば,OU,U0037,1,0,U0037,m,1,550,18
6901,OU_U0037_18_Pink.xlsx,descriptive_words,ようす・性質,OU,U0037,9,1,U0037,m,1,550,18
6902,OU_U0037_18_Pink.xlsx,pronouns,代名詞,OU,U0037,2,0,U0037,m,1,550,18
6903,OU_U0037_18_Pink.xlsx,question_words,質問のことば,OU,U0037,0,0,U0037,m,1,550,18
6904,OU_U0037_18_Pink.xlsx,locations,位置と場所についてのことば,OU,U0037,1,0,U0037,m,1,550,18
6905,OU_U0037_18_Pink.xlsx,quantifiers,数量を表すことば,OU,U0037,3,0,U0037,m,1,550,18
6906,OU_U0037_18_Pink.xlsx,sounds2,幼児語（その２）,OU,U0037,12,3,U0037,m,1,550,18
6907,OU_U0037_18_Pink.xlsx,conversations,会話語,OU,U0037,5,1,U0037,m,1,550,18
6908,OU_U0037_18_Pink.xlsx,others,その他,OU,U0037,6,0,U0037,m,1,550,18
6909,OU_U0038_12_Pink.xlsx,sounds,幼児語,OU,U0038,0,0,U0038,f,1,372,12
6910,OU_U0038_12_Pink.xlsx,animals,動物の名前,OU,U0038,0,0,U0038,f,1,372,12
6911,OU_U0038_12_Pink.xlsx,vehicles,乗り物,OU,U0038,0,0,U0038,f,1,372,12
6912,OU_U0038_12_Pink.xlsx,toys,おもちゃ,OU,U0038,0,0,U0038,f,1,372,12
6913,OU_U0038_12_Pink.xlsx,food_drink,食べ物と飲み物,OU,U0038,0,0,U0038,f,1,372,12
6914,OU_U0038_12_Pink.xlsx,clothing,衣類,OU,U0038,0,0,U0038,f,1,372,12
6915,OU_U0038_12_Pink.xlsx,body_parts,体の部分,OU,U0038,0,0,U0038,f,1,372,12
6916,OU_U0038_12_Pink.xlsx,furniture_rooms,家具と部屋,OU,U0038,0,0,U0038,f,1,372,12
6917,OU_U0038_12_Pink.xlsx,household,小さな家庭用品,OU,U0038,0,0,U0038,f,1,372,12
6918,OU_U0038_12_Pink.xlsx,outside,戸外の物と場所,OU,U0038,0,0,U0038,f,1,372,12
6919,OU_U0038_12_Pink.xlsx,people,人々,OU,U0038,1,0,U0038,f,1,372,12
6920,OU_U0038_12_Pink.xlsx,games_routines,日課とあいさつ,OU,U0038,3,0,U0038,f,1,372,12
6921,OU_U0038_12_Pink.xlsx,action_words,動作語,OU,U0038,0,0,U0038,f,1,372,12
6922,OU_U0038_12_Pink.xlsx,time_words,時間についてのことば,OU,U0038,0,0,U0038,f,1,372,12
6923,OU_U0038_12_Pink.xlsx,descriptive_words,ようす・性質,OU,U0038,0,0,U0038,f,1,372,12
6924,OU_U0038_12_Pink.xlsx,pronouns,代名詞,OU,U0038,0,0,U0038,f,1,372,12
6925,OU_U0038_12_Pink.xlsx,question_words,質問のことば,OU,U0038,0,0,U0038,f,1,372,12
6926,OU_U0038_12_Pink.xlsx,locations,位置と場所についてのことば,OU,U0038,0,0,U0038,f,1,372,12
6927,OU_U0038_12_Pink.xlsx,quantifiers,数量を表すことば,OU,U0038,0,0,U0038,f,1,372,12
6928,OU_U0038_12_Pink.xlsx,sounds2,幼児語（その２）,OU,U0038,0,0,U0038,f,1,372,12
6929,OU_U0038_12_Pink.xlsx,conversations,会話語,OU,U0038,0,0,U0038,f,1,372,12
6930,OU_U0038_12_Pink.xlsx,others,その他,OU,U0038,0,0,U0038,f,1,372,12
6931,OU_U0038_15_Pink.xlsx,sounds,幼児語,OU,U0038,1,0,U0038,f,1,475,15
6932,OU_U0038_15_Pink.xlsx,animals,動物の名前,OU,U0038,0,0,U0038,f,1,475,15
6933,OU_U0038_15_Pink.xlsx,vehicles,乗り物,OU,U0038,0,0,U0038,f,1,475,15
6934,OU_U0038_15_Pink.xlsx,toys,おもちゃ,OU,U0038,0,0,U0038,f,1,475,15
6935,OU_U0038_15_Pink.xlsx,food_drink,食べ物と飲み物,OU,U0038,0,0,U0038,f,1,475,15
6936,OU_U0038_15_Pink.xlsx,clothing,衣類,OU,U0038,0,0,U0038,f,1,475,15
6937,OU_U0038_15_Pink.xlsx,body_parts,体の部分,OU,U0038,0,0,U0038,f,1,475,15
6938,OU_U0038_15_Pink.xlsx,furniture_rooms,家具と部屋,OU,U0038,0,0,U0038,f,1,475,15
6939,OU_U0038_15_Pink.xlsx,household,小さな家庭用品,OU,U0038,0,0,U0038,f,1,475,15
6940,OU_U0038_15_Pink.xlsx,outside,戸外の物と場所,OU,U0038,0,0,U0038,f,1,475,15
6941,OU_U0038_15_Pink.xlsx,people,人々,OU,U0038,1,0,U0038,f,1,475,15
6942,OU_U0038_15_Pink.xlsx,games_routines,日課とあいさつ,OU,U0038,3,0,U0038,f,1,475,15
6943,OU_U0038_15_Pink.xlsx,action_words,動作語,OU,U0038,2,0,U0038,f,1,475,15
6944,OU_U0038_15_Pink.xlsx,time_words,時間についてのことば,OU,U0038,0,0,U0038,f,1,475,15
6945,OU_U0038_15_Pink.xlsx,descriptive_words,ようす・性質,OU,U0038,0,0,U0038,f,1,475,15
6946,OU_U0038_15_Pink.xlsx,pronouns,代名詞,OU,U0038,0,0,U0038,f,1,475,15
6947,OU_U0038_15_Pink.xlsx,question_words,質問のことば,OU,U0038,0,0,U0038,f,1,475,15
6948,OU_U0038_15_Pink.xlsx,locations,位置と場所についてのことば,OU,U0038,0,0,U0038,f,1,475,15
6949,OU_U0038_15_Pink.xlsx,quantifiers,数量を表すことば,OU,U0038,0,0,U0038,f,1,475,15
6950,OU_U0038_15_Pink.xlsx,sounds2,幼児語（その２）,OU,U0038,2,0,U0038,f,1,475,15
6951,OU_U0038_15_Pink.xlsx,conversations,会話語,OU,U0038,0,0,U0038,f,1,475,15
6952,OU_U0038_15_Pink.xlsx,others,その他,OU,U0038,1,0,U0038,f,1,475,15
6953,OU_U0038_18_Pink.xlsx,sounds,幼児語,OU,U0038,1,0,U0038,f,1,546,18
6954,OU_U0038_18_Pink.xlsx,animals,動物の名前,OU,U0038,0,0,U0038,f,1,546,18
6955,OU_U0038_18_Pink.xlsx,vehicles,乗り物,OU,U0038,0,0,U0038,f,1,546,18
6956,OU_U0038_18_Pink.xlsx,toys,おもちゃ,OU,U0038,0,0,U0038,f,1,546,18
6957,OU_U0038_18_Pink.xlsx,food_drink,食べ物と飲み物,OU,U0038,0,0,U0038,f,1,546,18
6958,OU_U0038_18_Pink.xlsx,clothing,衣類,OU,U0038,1,0,U0038,f,1,546,18
6959,OU_U0038_18_Pink.xlsx,body_parts,体の部分,OU,U0038,0,0,U0038,f,1,546,18
6960,OU_U0038_18_Pink.xlsx,furniture_rooms,家具と部屋,OU,U0038,0,0,U0038,f,1,546,18
6961,OU_U0038_18_Pink.xlsx,household,小さな家庭用品,OU,U0038,0,0,U0038,f,1,546,18
6962,OU_U0038_18_Pink.xlsx,outside,戸外の物と場所,OU,U0038,0,0,U0038,f,1,546,18
6963,OU_U0038_18_Pink.xlsx,people,人々,OU,U0038,1,2,U0038,f,1,546,18
6964,OU_U0038_18_Pink.xlsx,games_routines,日課とあいさつ,OU,U0038,4,1,U0038,f,1,546,18
6965,OU_U0038_18_Pink.xlsx,action_words,動作語,OU,U0038,2,0,U0038,f,1,546,18
6966,OU_U0038_18_Pink.xlsx,time_words,時間についてのことば,OU,U0038,0,0,U0038,f,1,546,18
6967,OU_U0038_18_Pink.xlsx,descriptive_words,ようす・性質,OU,U0038,0,0,U0038,f,1,546,18
6968,OU_U0038_18_Pink.xlsx,pronouns,代名詞,OU,U0038,0,0,U0038,f,1,546,18
6969,OU_U0038_18_Pink.xlsx,question_words,質問のことば,OU,U0038,0,0,U0038,f,1,546,18
6970,OU_U0038_18_Pink.xlsx,locations,位置と場所についてのことば,OU,U0038,0,0,U0038,f,1,546,18
6971,OU_U0038_18_Pink.xlsx,quantifiers,数量を表すことば,OU,U0038,0,0,U0038,f,1,546,18
6972,OU_U0038_18_Pink.xlsx,sounds2,幼児語（その２）,OU,U0038,0,3,U0038,f,1,546,18
6973,OU_U0038_18_Pink.xlsx,conversations,会話語,OU,U0038,0,1,U0038,f,1,546,18
6974,OU_U0038_18_Pink.xlsx,others,その他,OU,U0038,1,0,U0038,f,1,546,18
6975,OU_U0039_12_Pink.xlsx,sounds,幼児語,OU,U0039,1,0,U0039,f,1,370,12
6976,OU_U0039_12_Pink.xlsx,animals,動物の名前,OU,U0039,0,0,U0039,f,1,370,12
6977,OU_U0039_12_Pink.xlsx,vehicles,乗り物,OU,U0039,0,0,U0039,f,1,370,12
6978,OU_U0039_12_Pink.xlsx,toys,おもちゃ,OU,U0039,0,0,U0039,f,1,370,12
6979,OU_U0039_12_Pink.xlsx,food_drink,食べ物と飲み物,OU,U0039,0,0,U0039,f,1,370,12
6980,OU_U0039_12_Pink.xlsx,clothing,衣類,OU,U0039,0,0,U0039,f,1,370,12
6981,OU_U0039_12_Pink.xlsx,body_parts,体の部分,OU,U0039,0,0,U0039,f,1,370,12
6982,OU_U0039_12_Pink.xlsx,furniture_rooms,家具と部屋,OU,U0039,0,0,U0039,f,1,370,12
6983,OU_U0039_12_Pink.xlsx,household,小さな家庭用品,OU,U0039,1,0,U0039,f,1,370,12
6984,OU_U0039_12_Pink.xlsx,outside,戸外の物と場所,OU,U0039,0,0,U0039,f,1,370,12
6985,OU_U0039_12_Pink.xlsx,people,人々,OU,U0039,1,0,U0039,f,1,370,12
6986,OU_U0039_12_Pink.xlsx,games_routines,日課とあいさつ,OU,U0039,10,0,U0039,f,1,370,12
6987,OU_U0039_12_Pink.xlsx,action_words,動作語,OU,U0039,6,0,U0039,f,1,370,12
6988,OU_U0039_12_Pink.xlsx,time_words,時間についてのことば,OU,U0039,0,0,U0039,f,1,370,12
6989,OU_U0039_12_Pink.xlsx,descriptive_words,ようす・性質,OU,U0039,0,0,U0039,f,1,370,12
6990,OU_U0039_12_Pink.xlsx,pronouns,代名詞,OU,U0039,0,0,U0039,f,1,370,12
6991,OU_U0039_12_Pink.xlsx,question_words,質問のことば,OU,U0039,0,0,U0039,f,1,370,12
6992,OU_U0039_12_Pink.xlsx,locations,位置と場所についてのことば,OU,U0039,2,0,U0039,f,1,370,12
6993,OU_U0039_12_Pink.xlsx,quantifiers,数量を表すことば,OU,U0039,1,0,U0039,f,1,370,12
6994,OU_U0039_12_Pink.xlsx,sounds2,幼児語（その２）,OU,U0039,0,0,U0039,f,1,370,12
6995,OU_U0039_12_Pink.xlsx,conversations,会話語,OU,U0039,0,0,U0039,f,1,370,12
6996,OU_U0039_12_Pink.xlsx,others,その他,OU,U0039,1,0,U0039,f,1,370,12
6997,OU_U0039_14_Pink.xlsx,sounds,幼児語,OU,U0039,3,0,U0039,f,1,455,14
6998,OU_U0039_14_Pink.xlsx,animals,動物の名前,OU,U0039,5,0,U0039,f,1,455,14
6999,OU_U0039_14_Pink.xlsx,vehicles,乗り物,OU,U0039,0,0,U0039,f,1,455,14
7000,OU_U0039_14_Pink.xlsx,toys,おもちゃ,OU,U0039,0,0,U0039,f,1,455,14
7001,OU_U0039_14_Pink.xlsx,food_drink,食べ物と飲み物,OU,U0039,1,0,U0039,f,1,455,14
7002,OU_U0039_14_Pink.xlsx,clothing,衣類,OU,U0039,1,0,U0039,f,1,455,14
7003,OU_U0039_14_Pink.xlsx,body_parts,体の部分,OU,U0039,6,0,U0039,f,1,455,14
7004,OU_U0039_14_Pink.xlsx,furniture_rooms,家具と部屋,OU,U0039,2,0,U0039,f,1,455,14
7005,OU_U0039_14_Pink.xlsx,household,小さな家庭用品,OU,U0039,2,0,U0039,f,1,455,14
7006,OU_U0039_14_Pink.xlsx,outside,戸外の物と場所,OU,U0039,0,0,U0039,f,1,455,14
7007,OU_U0039_14_Pink.xlsx,people,人々,OU,U0039,3,0,U0039,f,1,455,14
7008,OU_U0039_14_Pink.xlsx,games_routines,日課とあいさつ,OU,U0039,11,0,U0039,f,1,455,14
7009,OU_U0039_14_Pink.xlsx,action_words,動作語,OU,U0039,11,1,U0039,f,1,455,14
7010,OU_U0039_14_Pink.xlsx,time_words,時間についてのことば,OU,U0039,0,0,U0039,f,1,455,14
7011,OU_U0039_14_Pink.xlsx,descriptive_words,ようす・性質,OU,U0039,0,0,U0039,f,1,455,14
7012,OU_U0039_14_Pink.xlsx,pronouns,代名詞,OU,U0039,0,0,U0039,f,1,455,14
7013,OU_U0039_14_Pink.xlsx,question_words,質問のことば,OU,U0039,0,0,U0039,f,1,455,14
7014,OU_U0039_14_Pink.xlsx,locations,位置と場所についてのことば,OU,U0039,0,0,U0039,f,1,455,14
7015,OU_U0039_14_Pink.xlsx,quantifiers,数量を表すことば,OU,U0039,0,0,U0039,f,1,455,14
7016,OU_U0039_14_Pink.xlsx,sounds2,幼児語（その２）,OU,U0039,0,0,U0039,f,1,455,14
7017,OU_U0039_14_Pink.xlsx,conversations,会話語,OU,U0039,0,0,U0039,f,1,455,14
7018,OU_U0039_14_Pink.xlsx,others,その他,OU,U0039,0,0,U0039,f,1,455,14
7019,OU_U0039_18_Pink.xlsx,sounds,幼児語,OU,U0039,4,1,U0039,f,1,561,18
7020,OU_U0039_18_Pink.xlsx,animals,動物の名前,OU,U0039,19,1,U0039,f,1,561,18
7021,OU_U0039_18_Pink.xlsx,vehicles,乗り物,OU,U0039,8,0,U0039,f,1,561,18
7022,OU_U0039_18_Pink.xlsx,toys,おもちゃ,OU,U0039,4,0,U0039,f,1,561,18
7023,OU_U0039_18_Pink.xlsx,food_drink,食べ物と飲み物,OU,U0039,8,0,U0039,f,1,561,18
7024,OU_U0039_18_Pink.xlsx,clothing,衣類,OU,U0039,4,0,U0039,f,1,561,18
7025,OU_U0039_18_Pink.xlsx,body_parts,体の部分,OU,U0039,15,0,U0039,f,1,561,18
7026,OU_U0039_18_Pink.xlsx,furniture_rooms,家具と部屋,OU,U0039,8,0,U0039,f,1,561,18
7027,OU_U0039_18_Pink.xlsx,household,小さな家庭用品,OU,U0039,10,0,U0039,f,1,561,18
7028,OU_U0039_18_Pink.xlsx,outside,戸外の物と場所,OU,U0039,8,0,U0039,f,1,561,18
7029,OU_U0039_18_Pink.xlsx,people,人々,OU,U0039,4,0,U0039,f,1,561,18
7030,OU_U0039_18_Pink.xlsx,games_routines,日課とあいさつ,OU,U0039,12,1,U0039,f,1,561,18
7031,OU_U0039_18_Pink.xlsx,action_words,動作語,OU,U0039,32,2,U0039,f,1,561,18
7032,OU_U0039_18_Pink.xlsx,time_words,時間についてのことば,OU,U0039,0,0,U0039,f,1,561,18
7033,OU_U0039_18_Pink.xlsx,descriptive_words,ようす・性質,OU,U0039,4,0,U0039,f,1,561,18
7034,OU_U0039_18_Pink.xlsx,pronouns,代名詞,OU,U0039,3,0,U0039,f,1,561,18
7035,OU_U0039_18_Pink.xlsx,question_words,質問のことば,OU,U0039,2,0,U0039,f,1,561,18
7036,OU_U0039_18_Pink.xlsx,locations,位置と場所についてのことば,OU,U0039,6,0,U0039,f,1,561,18
7037,OU_U0039_18_Pink.xlsx,quantifiers,数量を表すことば,OU,U0039,2,1,U0039,f,1,561,18
7038,OU_U0039_18_Pink.xlsx,sounds2,幼児語（その２）,OU,U0039,3,1,U0039,f,1,561,18
7039,OU_U0039_18_Pink.xlsx,conversations,会話語,OU,U0039,0,1,U0039,f,1,561,18
7040,OU_U0039_18_Pink.xlsx,others,その他,OU,U0039,4,1,U0039,f,1,561,18
7041,OU_U0040_12_Pink.xlsx,sounds,幼児語,OU,U0040,2,1,U0040,f,1,375,12
7042,OU_U0040_12_Pink.xlsx,animals,動物の名前,OU,U0040,0,1,U0040,f,1,375,12
7043,OU_U0040_12_Pink.xlsx,vehicles,乗り物,OU,U0040,0,0,U0040,f,1,375,12
7044,OU_U0040_12_Pink.xlsx,toys,おもちゃ,OU,U0040,2,0,U0040,f,1,375,12
7045,OU_U0040_12_Pink.xlsx,food_drink,食べ物と飲み物,OU,U0040,1,0,U0040,f,1,375,12
7046,OU_U0040_12_Pink.xlsx,clothing,衣類,OU,U0040,2,0,U0040,f,1,375,12
7047,OU_U0040_12_Pink.xlsx,body_parts,体の部分,OU,U0040,1,0,U0040,f,1,375,12
7048,OU_U0040_12_Pink.xlsx,furniture_rooms,家具と部屋,OU,U0040,2,0,U0040,f,1,375,12
7049,OU_U0040_12_Pink.xlsx,household,小さな家庭用品,OU,U0040,7,0,U0040,f,1,375,12
7050,OU_U0040_12_Pink.xlsx,outside,戸外の物と場所,OU,U0040,0,0,U0040,f,1,375,12
7051,OU_U0040_12_Pink.xlsx,people,人々,OU,U0040,3,0,U0040,f,1,375,12
7052,OU_U0040_12_Pink.xlsx,games_routines,日課とあいさつ,OU,U0040,4,2,U0040,f,1,375,12
7053,OU_U0040_12_Pink.xlsx,action_words,動作語,OU,U0040,0,0,U0040,f,1,375,12
7054,OU_U0040_12_Pink.xlsx,time_words,時間についてのことば,OU,U0040,0,0,U0040,f,1,375,12
7055,OU_U0040_12_Pink.xlsx,descriptive_words,ようす・性質,OU,U0040,0,0,U0040,f,1,375,12
7056,OU_U0040_12_Pink.xlsx,pronouns,代名詞,OU,U0040,0,0,U0040,f,1,375,12
7057,OU_U0040_12_Pink.xlsx,question_words,質問のことば,OU,U0040,0,0,U0040,f,1,375,12
7058,OU_U0040_12_Pink.xlsx,locations,位置と場所についてのことば,OU,U0040,0,0,U0040,f,1,375,12
7059,OU_U0040_12_Pink.xlsx,quantifiers,数量を表すことば,OU,U0040,0,0,U0040,f,1,375,12
7060,OU_U0040_12_Pink.xlsx,sounds2,幼児語（その２）,OU,U0040,2,0,U0040,f,1,375,12
7061,OU_U0040_12_Pink.xlsx,conversations,会話語,OU,U0040,0,0,U0040,f,1,375,12
7062,OU_U0040_12_Pink.xlsx,others,その他,OU,U0040,2,0,U0040,f,1,375,12
7063,OU_U0040_16_Pink.xlsx,sounds,幼児語,OU,U0040,1,2,U0040,f,1,494,16
7064,OU_U0040_16_Pink.xlsx,animals,動物の名前,OU,U0040,1,1,U0040,f,1,494,16
7065,OU_U0040_16_Pink.xlsx,vehicles,乗り物,OU,U0040,0,0,U0040,f,1,494,16
7066,OU_U0040_16_Pink.xlsx,toys,おもちゃ,OU,U0040,2,0,U0040,f,1,494,16
7067,OU_U0040_16_Pink.xlsx,food_drink,食べ物と飲み物,OU,U0040,0,1,U0040,f,1,494,16
7068,OU_U0040_16_Pink.xlsx,clothing,衣類,OU,U0040,2,0,U0040,f,1,494,16
7069,OU_U0040_16_Pink.xlsx,body_parts,体の部分,OU,U0040,0,1,U0040,f,1,494,16
7070,OU_U0040_16_Pink.xlsx,furniture_rooms,家具と部屋,OU,U0040,2,0,U0040,f,1,494,16
7071,OU_U0040_16_Pink.xlsx,household,小さな家庭用品,OU,U0040,7,0,U0040,f,1,494,16
7072,OU_U0040_16_Pink.xlsx,outside,戸外の物と場所,OU,U0040,0,0,U0040,f,1,494,16
7073,OU_U0040_16_Pink.xlsx,people,人々,OU,U0040,1,2,U0040,f,1,494,16
7074,OU_U0040_16_Pink.xlsx,games_routines,日課とあいさつ,OU,U0040,4,2,U0040,f,1,494,16
7075,OU_U0040_16_Pink.xlsx,action_words,動作語,OU,U0040,0,0,U0040,f,1,494,16
7076,OU_U0040_16_Pink.xlsx,time_words,時間についてのことば,OU,U0040,0,0,U0040,f,1,494,16
7077,OU_U0040_16_Pink.xlsx,descriptive_words,ようす・性質,OU,U0040,0,0,U0040,f,1,494,16
7078,OU_U0040_16_Pink.xlsx,pronouns,代名詞,OU,U0040,0,0,U0040,f,1,494,16
7079,OU_U0040_16_Pink.xlsx,question_words,質問のことば,OU,U0040,0,0,U0040,f,1,494,16
7080,OU_U0040_16_Pink.xlsx,locations,位置と場所についてのことば,OU,U0040,0,0,U0040,f,1,494,16
7081,OU_U0040_16_Pink.xlsx,quantifiers,数量を表すことば,OU,U0040,0,0,U0040,f,1,494,16
7082,OU_U0040_16_Pink.xlsx,sounds2,幼児語（その２）,OU,U0040,2,0,U0040,f,1,494,16
7083,OU_U0040_16_Pink.xlsx,conversations,会話語,OU,U0040,0,0,U0040,f,1,494,16
7084,OU_U0040_16_Pink.xlsx,others,その他,OU,U0040,2,0,U0040,f,1,494,16
7085,OU_U0040_18_Pink.xlsx,sounds,幼児語,OU,U0040,1,3,U0040,f,1,552,18
7086,OU_U0040_18_Pink.xlsx,animals,動物の名前,OU,U0040,3,1,U0040,f,1,552,18
7087,OU_U0040_18_Pink.xlsx,vehicles,乗り物,OU,U0040,0,0,U0040,f,1,552,18
7088,OU_U0040_18_Pink.xlsx,toys,おもちゃ,OU,U0040,2,0,U0040,f,1,552,18
7089,OU_U0040_18_Pink.xlsx,food_drink,食べ物と飲み物,OU,U0040,2,0,U0040,f,1,552,18
7090,OU_U0040_18_Pink.xlsx,clothing,衣類,OU,U0040,2,0,U0040,f,1,552,18
7091,OU_U0040_18_Pink.xlsx,body_parts,体の部分,OU,U0040,12,2,U0040,f,1,552,18
7092,OU_U0040_18_Pink.xlsx,furniture_rooms,家具と部屋,OU,U0040,6,0,U0040,f,1,552,18
7093,OU_U0040_18_Pink.xlsx,household,小さな家庭用品,OU,U0040,10,0,U0040,f,1,552,18
7094,OU_U0040_18_Pink.xlsx,outside,戸外の物と場所,OU,U0040,1,0,U0040,f,1,552,18
7095,OU_U0040_18_Pink.xlsx,people,人々,OU,U0040,1,2,U0040,f,1,552,18
7096,OU_U0040_18_Pink.xlsx,games_routines,日課とあいさつ,OU,U0040,7,3,U0040,f,1,552,18
7097,OU_U0040_18_Pink.xlsx,action_words,動作語,OU,U0040,6,0,U0040,f,1,552,18
7098,OU_U0040_18_Pink.xlsx,time_words,時間についてのことば,OU,U0040,0,0,U0040,f,1,552,18
7099,OU_U0040_18_Pink.xlsx,descriptive_words,ようす・性質,OU,U0040,0,1,U0040,f,1,552,18
7100,OU_U0040_18_Pink.xlsx,pronouns,代名詞,OU,U0040,0,1,U0040,f,1,552,18
7101,OU_U0040_18_Pink.xlsx,question_words,質問のことば,OU,U0040,0,0,U0040,f,1,552,18
7102,OU_U0040_18_Pink.xlsx,locations,位置と場所についてのことば,OU,U0040,0,0,U0040,f,1,552,18
7103,OU_U0040_18_Pink.xlsx,quantifiers,数量を表すことば,OU,U0040,0,0,U0040,f,1,552,18
7104,OU_U0040_18_Pink.xlsx,sounds2,幼児語（その２）,OU,U0040,4,9,U0040,f,1,552,18
7105,OU_U0040_18_Pink.xlsx,conversations,会話語,OU,U0040,0,5,U0040,f,1,552,18
7106,OU_U0040_18_Pink.xlsx,others,その他,OU,U0040,1,2,U0040,f,1,552,18
7107,OU_U0041_12_Pink.xlsx,sounds,幼児語,OU,U0041,4,0,U0041,m,1,366,12
7108,OU_U0041_12_Pink.xlsx,animals,動物の名前,OU,U0041,0,0,U0041,m,1,366,12
7109,OU_U0041_12_Pink.xlsx,vehicles,乗り物,OU,U0041,2,0,U0041,m,1,366,12
7110,OU_U0041_12_Pink.xlsx,toys,おもちゃ,OU,U0041,0,0,U0041,m,1,366,12
7111,OU_U0041_12_Pink.xlsx,food_drink,食べ物と飲み物,OU,U0041,1,0,U0041,m,1,366,12
7112,OU_U0041_12_Pink.xlsx,clothing,衣類,OU,U0041,0,0,U0041,m,1,366,12
7113,OU_U0041_12_Pink.xlsx,body_parts,体の部分,OU,U0041,2,0,U0041,m,1,366,12
7114,OU_U0041_12_Pink.xlsx,furniture_rooms,家具と部屋,OU,U0041,0,0,U0041,m,1,366,12
7115,OU_U0041_12_Pink.xlsx,household,小さな家庭用品,OU,U0041,0,0,U0041,m,1,366,12
7116,OU_U0041_12_Pink.xlsx,outside,戸外の物と場所,OU,U0041,0,0,U0041,m,1,366,12
7117,OU_U0041_12_Pink.xlsx,people,人々,OU,U0041,6,0,U0041,m,1,366,12
7118,OU_U0041_12_Pink.xlsx,games_routines,日課とあいさつ,OU,U0041,10,0,U0041,m,1,366,12
7119,OU_U0041_12_Pink.xlsx,action_words,動作語,OU,U0041,4,0,U0041,m,1,366,12
7120,OU_U0041_12_Pink.xlsx,time_words,時間についてのことば,OU,U0041,0,0,U0041,m,1,366,12
7121,OU_U0041_12_Pink.xlsx,descriptive_words,ようす・性質,OU,U0041,5,0,U0041,m,1,366,12
7122,OU_U0041_12_Pink.xlsx,pronouns,代名詞,OU,U0041,3,0,U0041,m,1,366,12
7123,OU_U0041_12_Pink.xlsx,question_words,質問のことば,OU,U0041,1,0,U0041,m,1,366,12
7124,OU_U0041_12_Pink.xlsx,locations,位置と場所についてのことば,OU,U0041,0,0,U0041,m,1,366,12
7125,OU_U0041_12_Pink.xlsx,quantifiers,数量を表すことば,OU,U0041,3,0,U0041,m,1,366,12
7126,OU_U0041_12_Pink.xlsx,sounds2,幼児語（その２）,OU,U0041,1,0,U0041,m,1,366,12
7127,OU_U0041_12_Pink.xlsx,conversations,会話語,OU,U0041,0,0,U0041,m,1,366,12
7128,OU_U0041_12_Pink.xlsx,others,その他,OU,U0041,0,0,U0041,m,1,366,12
7129,OU_U0041_14_Pink.xlsx,sounds,幼児語,OU,U0041,4,0,U0041,m,1,454,14
7130,OU_U0041_14_Pink.xlsx,animals,動物の名前,OU,U0041,0,0,U0041,m,1,454,14
7131,OU_U0041_14_Pink.xlsx,vehicles,乗り物,OU,U0041,3,0,U0041,m,1,454,14
7132,OU_U0041_14_Pink.xlsx,toys,おもちゃ,OU,U0041,4,0,U0041,m,1,454,14
7133,OU_U0041_14_Pink.xlsx,food_drink,食べ物と飲み物,OU,U0041,6,0,U0041,m,1,454,14
7134,OU_U0041_14_Pink.xlsx,clothing,衣類,OU,U0041,4,0,U0041,m,1,454,14
7135,OU_U0041_14_Pink.xlsx,body_parts,体の部分,OU,U0041,4,0,U0041,m,1,454,14
7136,OU_U0041_14_Pink.xlsx,furniture_rooms,家具と部屋,OU,U0041,1,0,U0041,m,1,454,14
7137,OU_U0041_14_Pink.xlsx,household,小さな家庭用品,OU,U0041,0,0,U0041,m,1,454,14
7138,OU_U0041_14_Pink.xlsx,outside,戸外の物と場所,OU,U0041,1,0,U0041,m,1,454,14
7139,OU_U0041_14_Pink.xlsx,people,人々,OU,U0041,6,0,U0041,m,1,454,14
7140,OU_U0041_14_Pink.xlsx,games_routines,日課とあいさつ,OU,U0041,19,0,U0041,m,1,454,14
7141,OU_U0041_14_Pink.xlsx,action_words,動作語,OU,U0041,25,0,U0041,m,1,454,14
7142,OU_U0041_14_Pink.xlsx,time_words,時間についてのことば,OU,U0041,0,0,U0041,m,1,454,14
7143,OU_U0041_14_Pink.xlsx,descriptive_words,ようす・性質,OU,U0041,9,0,U0041,m,1,454,14
7144,OU_U0041_14_Pink.xlsx,pronouns,代名詞,OU,U0041,3,0,U0041,m,1,454,14
7145,OU_U0041_14_Pink.xlsx,question_words,質問のことば,OU,U0041,1,0,U0041,m,1,454,14
7146,OU_U0041_14_Pink.xlsx,locations,位置と場所についてのことば,OU,U0041,0,0,U0041,m,1,454,14
7147,OU_U0041_14_Pink.xlsx,quantifiers,数量を表すことば,OU,U0041,5,0,U0041,m,1,454,14
7148,OU_U0041_14_Pink.xlsx,sounds2,幼児語（その２）,OU,U0041,5,0,U0041,m,1,454,14
7149,OU_U0041_14_Pink.xlsx,conversations,会話語,OU,U0041,1,0,U0041,m,1,454,14
7150,OU_U0041_14_Pink.xlsx,others,その他,OU,U0041,3,0,U0041,m,1,454,14
7151,OU_U0041_17_Pink.xlsx,sounds,幼児語,OU,U0041,8,1,U0041,m,1,541,17
7152,OU_U0041_17_Pink.xlsx,animals,動物の名前,OU,U0041,9,0,U0041,m,1,541,17
7153,OU_U0041_17_Pink.xlsx,vehicles,乗り物,OU,U0041,7,0,U0041,m,1,541,17
7154,OU_U0041_17_Pink.xlsx,toys,おもちゃ,OU,U0041,5,0,U0041,m,1,541,17
7155,OU_U0041_17_Pink.xlsx,food_drink,食べ物と飲み物,OU,U0041,18,0,U0041,m,1,541,17
7156,OU_U0041_17_Pink.xlsx,clothing,衣類,OU,U0041,5,0,U0041,m,1,541,17
7157,OU_U0041_17_Pink.xlsx,body_parts,体の部分,OU,U0041,15,0,U0041,m,1,541,17
7158,OU_U0041_17_Pink.xlsx,furniture_rooms,家具と部屋,OU,U0041,13,0,U0041,m,1,541,17
7159,OU_U0041_17_Pink.xlsx,household,小さな家庭用品,OU,U0041,20,0,U0041,m,1,541,17
7160,OU_U0041_17_Pink.xlsx,outside,戸外の物と場所,OU,U0041,16,0,U0041,m,1,541,17
7161,OU_U0041_17_Pink.xlsx,people,人々,OU,U0041,7,2,U0041,m,1,541,17
7162,OU_U0041_17_Pink.xlsx,games_routines,日課とあいさつ,OU,U0041,18,1,U0041,m,1,541,17
7163,OU_U0041_17_Pink.xlsx,action_words,動作語,OU,U0041,44,0,U0041,m,1,541,17
7164,OU_U0041_17_Pink.xlsx,time_words,時間についてのことば,OU,U0041,3,0,U0041,m,1,541,17
7165,OU_U0041_17_Pink.xlsx,descriptive_words,ようす・性質,OU,U0041,29,0,U0041,m,1,541,17
7166,OU_U0041_17_Pink.xlsx,pronouns,代名詞,OU,U0041,6,0,U0041,m,1,541,17
7167,OU_U0041_17_Pink.xlsx,question_words,質問のことば,OU,U0041,6,0,U0041,m,1,541,17
7168,OU_U0041_17_Pink.xlsx,locations,位置と場所についてのことば,OU,U0041,0,0,U0041,m,1,541,17
7169,OU_U0041_17_Pink.xlsx,quantifiers,数量を表すことば,OU,U0041,5,0,U0041,m,1,541,17
7170,OU_U0041_17_Pink.xlsx,sounds2,幼児語（その２）,OU,U0041,12,0,U0041,m,1,541,17
7171,OU_U0041_17_Pink.xlsx,conversations,会話語,OU,U0041,7,0,U0041,m,1,541,17
7172,OU_U0041_17_Pink.xlsx,others,その他,OU,U0041,7,1,U0041,m,1,541,17
7173,OU_U0042_12_Pink.xlsx,sounds,幼児語,OU,U0042,1,0,U0042,f,1,376,12
7174,OU_U0042_12_Pink.xlsx,animals,動物の名前,OU,U0042,0,0,U0042,f,1,376,12
7175,OU_U0042_12_Pink.xlsx,vehicles,乗り物,OU,U0042,0,0,U0042,f,1,376,12
7176,OU_U0042_12_Pink.xlsx,toys,おもちゃ,OU,U0042,0,0,U0042,f,1,376,12
7177,OU_U0042_12_Pink.xlsx,food_drink,食べ物と飲み物,OU,U0042,1,0,U0042,f,1,376,12
7178,OU_U0042_12_Pink.xlsx,clothing,衣類,OU,U0042,0,0,U0042,f,1,376,12
7179,OU_U0042_12_Pink.xlsx,body_parts,体の部分,OU,U0042,0,0,U0042,f,1,376,12
7180,OU_U0042_12_Pink.xlsx,furniture_rooms,家具と部屋,OU,U0042,0,0,U0042,f,1,376,12
7181,OU_U0042_12_Pink.xlsx,household,小さな家庭用品,OU,U0042,0,0,U0042,f,1,376,12
7182,OU_U0042_12_Pink.xlsx,outside,戸外の物と場所,OU,U0042,0,0,U0042,f,1,376,12
7183,OU_U0042_12_Pink.xlsx,people,人々,OU,U0042,5,2,U0042,f,1,376,12
7184,OU_U0042_12_Pink.xlsx,games_routines,日課とあいさつ,OU,U0042,8,1,U0042,f,1,376,12
7185,OU_U0042_12_Pink.xlsx,action_words,動作語,OU,U0042,0,0,U0042,f,1,376,12
7186,OU_U0042_12_Pink.xlsx,time_words,時間についてのことば,OU,U0042,0,0,U0042,f,1,376,12
7187,OU_U0042_12_Pink.xlsx,descriptive_words,ようす・性質,OU,U0042,3,0,U0042,f,1,376,12
7188,OU_U0042_12_Pink.xlsx,pronouns,代名詞,OU,U0042,0,0,U0042,f,1,376,12
7189,OU_U0042_12_Pink.xlsx,question_words,質問のことば,OU,U0042,2,0,U0042,f,1,376,12
7190,OU_U0042_12_Pink.xlsx,locations,位置と場所についてのことば,OU,U0042,0,0,U0042,f,1,376,12
7191,OU_U0042_12_Pink.xlsx,quantifiers,数量を表すことば,OU,U0042,0,0,U0042,f,1,376,12
7192,OU_U0042_12_Pink.xlsx,sounds2,幼児語（その２）,OU,U0042,0,0,U0042,f,1,376,12
7193,OU_U0042_12_Pink.xlsx,conversations,会話語,OU,U0042,0,0,U0042,f,1,376,12
7194,OU_U0042_12_Pink.xlsx,others,その他,OU,U0042,0,0,U0042,f,1,376,12
7195,OU_U0043_11_Pink.xlsx,sounds,幼児語,OU,U0043,3,0,U0043,f,1,361,11
7196,OU_U0043_11_Pink.xlsx,animals,動物の名前,OU,U0043,0,0,U0043,f,1,361,11
7197,OU_U0043_11_Pink.xlsx,vehicles,乗り物,OU,U0043,0,0,U0043,f,1,361,11
7198,OU_U0043_11_Pink.xlsx,toys,おもちゃ,OU,U0043,0,0,U0043,f,1,361,11
7199,OU_U0043_11_Pink.xlsx,food_drink,食べ物と飲み物,OU,U0043,2,0,U0043,f,1,361,11
7200,OU_U0043_11_Pink.xlsx,clothing,衣類,OU,U0043,1,0,U0043,f,1,361,11
7201,OU_U0043_11_Pink.xlsx,body_parts,体の部分,OU,U0043,2,0,U0043,f,1,361,11
7202,OU_U0043_11_Pink.xlsx,furniture_rooms,家具と部屋,OU,U0043,0,0,U0043,f,1,361,11
7203,OU_U0043_11_Pink.xlsx,household,小さな家庭用品,OU,U0043,0,0,U0043,f,1,361,11
7204,OU_U0043_11_Pink.xlsx,outside,戸外の物と場所,OU,U0043,0,0,U0043,f,1,361,11
7205,OU_U0043_11_Pink.xlsx,people,人々,OU,U0043,2,0,U0043,f,1,361,11
7206,OU_U0043_11_Pink.xlsx,games_routines,日課とあいさつ,OU,U0043,3,0,U0043,f,1,361,11
7207,OU_U0043_11_Pink.xlsx,action_words,動作語,OU,U0043,4,0,U0043,f,1,361,11
7208,OU_U0043_11_Pink.xlsx,time_words,時間についてのことば,OU,U0043,0,0,U0043,f,1,361,11
7209,OU_U0043_11_Pink.xlsx,descriptive_words,ようす・性質,OU,U0043,0,0,U0043,f,1,361,11
7210,OU_U0043_11_Pink.xlsx,pronouns,代名詞,OU,U0043,0,0,U0043,f,1,361,11
7211,OU_U0043_11_Pink.xlsx,question_words,質問のことば,OU,U0043,0,0,U0043,f,1,361,11
7212,OU_U0043_11_Pink.xlsx,locations,位置と場所についてのことば,OU,U0043,1,0,U0043,f,1,361,11
7213,OU_U0043_11_Pink.xlsx,quantifiers,数量を表すことば,OU,U0043,2,0,U0043,f,1,361,11
7214,OU_U0043_11_Pink.xlsx,sounds2,幼児語（その２）,OU,U0043,4,0,U0043,f,1,361,11
7215,OU_U0043_11_Pink.xlsx,conversations,会話語,OU,U0043,0,0,U0043,f,1,361,11
7216,OU_U0043_11_Pink.xlsx,others,その他,OU,U0043,1,0,U0043,f,1,361,11
7217,OU_U0043_14_Pink.xlsx,sounds,幼児語,OU,U0043,3,0,U0043,f,1,451,14
7218,OU_U0043_14_Pink.xlsx,animals,動物の名前,OU,U0043,0,0,U0043,f,1,451,14
7219,OU_U0043_14_Pink.xlsx,vehicles,乗り物,OU,U0043,1,0,U0043,f,1,451,14
7220,OU_U0043_14_Pink.xlsx,toys,おもちゃ,OU,U0043,1,0,U0043,f,1,451,14
7221,OU_U0043_14_Pink.xlsx,food_drink,食べ物と飲み物,OU,U0043,4,0,U0043,f,1,451,14
7222,OU_U0043_14_Pink.xlsx,clothing,衣類,OU,U0043,4,0,U0043,f,1,451,14
7223,OU_U0043_14_Pink.xlsx,body_parts,体の部分,OU,U0043,2,0,U0043,f,1,451,14
7224,OU_U0043_14_Pink.xlsx,furniture_rooms,家具と部屋,OU,U0043,1,0,U0043,f,1,451,14
7225,OU_U0043_14_Pink.xlsx,household,小さな家庭用品,OU,U0043,2,0,U0043,f,1,451,14
7226,OU_U0043_14_Pink.xlsx,outside,戸外の物と場所,OU,U0043,0,0,U0043,f,1,451,14
7227,OU_U0043_14_Pink.xlsx,people,人々,OU,U0043,0,3,U0043,f,1,451,14
7228,OU_U0043_14_Pink.xlsx,games_routines,日課とあいさつ,OU,U0043,5,1,U0043,f,1,451,14
7229,OU_U0043_14_Pink.xlsx,action_words,動作語,OU,U0043,7,0,U0043,f,1,451,14
7230,OU_U0043_14_Pink.xlsx,time_words,時間についてのことば,OU,U0043,1,0,U0043,f,1,451,14
7231,OU_U0043_14_Pink.xlsx,descriptive_words,ようす・性質,OU,U0043,0,0,U0043,f,1,451,14
7232,OU_U0043_14_Pink.xlsx,pronouns,代名詞,OU,U0043,0,0,U0043,f,1,451,14
7233,OU_U0043_14_Pink.xlsx,question_words,質問のことば,OU,U0043,0,0,U0043,f,1,451,14
7234,OU_U0043_14_Pink.xlsx,locations,位置と場所についてのことば,OU,U0043,1,0,U0043,f,1,451,14
7235,OU_U0043_14_Pink.xlsx,quantifiers,数量を表すことば,OU,U0043,2,0,U0043,f,1,451,14
7236,OU_U0043_14_Pink.xlsx,sounds2,幼児語（その２）,OU,U0043,4,1,U0043,f,1,451,14
7237,OU_U0043_14_Pink.xlsx,conversations,会話語,OU,U0043,0,0,U0043,f,1,451,14
7238,OU_U0043_14_Pink.xlsx,others,その他,OU,U0043,1,0,U0043,f,1,451,14
7239,OU_U0043_17_Pink.xlsx,sounds,幼児語,OU,U0043,4,1,U0043,f,1,538,17
7240,OU_U0043_17_Pink.xlsx,animals,動物の名前,OU,U0043,3,0,U0043,f,1,538,17
7241,OU_U0043_17_Pink.xlsx,vehicles,乗り物,OU,U0043,2,0,U0043,f,1,538,17
7242,OU_U0043_17_Pink.xlsx,toys,おもちゃ,OU,U0043,6,0,U0043,f,1,538,17
7243,OU_U0043_17_Pink.xlsx,food_drink,食べ物と飲み物,OU,U0043,14,0,U0043,f,1,538,17
7244,OU_U0043_17_Pink.xlsx,clothing,衣類,OU,U0043,10,0,U0043,f,1,538,17
7245,OU_U0043_17_Pink.xlsx,body_parts,体の部分,OU,U0043,12,0,U0043,f,1,538,17
7246,OU_U0043_17_Pink.xlsx,furniture_rooms,家具と部屋,OU,U0043,12,0,U0043,f,1,538,17
7247,OU_U0043_17_Pink.xlsx,household,小さな家庭用品,OU,U0043,16,0,U0043,f,1,538,17
7248,OU_U0043_17_Pink.xlsx,outside,戸外の物と場所,OU,U0043,8,0,U0043,f,1,538,17
7249,OU_U0043_17_Pink.xlsx,people,人々,OU,U0043,3,3,U0043,f,1,538,17
7250,OU_U0043_17_Pink.xlsx,games_routines,日課とあいさつ,OU,U0043,14,4,U0043,f,1,538,17
7251,OU_U0043_17_Pink.xlsx,action_words,動作語,OU,U0043,35,0,U0043,f,1,538,17
7252,OU_U0043_17_Pink.xlsx,time_words,時間についてのことば,OU,U0043,2,0,U0043,f,1,538,17
7253,OU_U0043_17_Pink.xlsx,descriptive_words,ようす・性質,OU,U0043,6,0,U0043,f,1,538,17
7254,OU_U0043_17_Pink.xlsx,pronouns,代名詞,OU,U0043,2,0,U0043,f,1,538,17
7255,OU_U0043_17_Pink.xlsx,question_words,質問のことば,OU,U0043,2,0,U0043,f,1,538,17
7256,OU_U0043_17_Pink.xlsx,locations,位置と場所についてのことば,OU,U0043,2,0,U0043,f,1,538,17
7257,OU_U0043_17_Pink.xlsx,quantifiers,数量を表すことば,OU,U0043,3,0,U0043,f,1,538,17
7258,OU_U0043_17_Pink.xlsx,sounds2,幼児語（その２）,OU,U0043,9,2,U0043,f,1,538,17
7259,OU_U0043_17_Pink.xlsx,conversations,会話語,OU,U0043,5,0,U0043,f,1,538,17
7260,OU_U0043_17_Pink.xlsx,others,その他,OU,U0043,5,1,U0043,f,1,538,17
7261,OU_U0044_12_Pink.xlsx,sounds,幼児語,OU,U0044,4,0,U0044,f,1,371,12
7262,OU_U0044_12_Pink.xlsx,animals,動物の名前,OU,U0044,1,0,U0044,f,1,371,12
7263,OU_U0044_12_Pink.xlsx,vehicles,乗り物,OU,U0044,2,0,U0044,f,1,371,12
7264,OU_U0044_12_Pink.xlsx,toys,おもちゃ,OU,U0044,4,0,U0044,f,1,371,12
7265,OU_U0044_12_Pink.xlsx,food_drink,食べ物と飲み物,OU,U0044,5,0,U0044,f,1,371,12
7266,OU_U0044_12_Pink.xlsx,clothing,衣類,OU,U0044,3,0,U0044,f,1,371,12
7267,OU_U0044_12_Pink.xlsx,body_parts,体の部分,OU,U0044,4,0,U0044,f,1,371,12
7268,OU_U0044_12_Pink.xlsx,furniture_rooms,家具と部屋,OU,U0044,3,0,U0044,f,1,371,12
7269,OU_U0044_12_Pink.xlsx,household,小さな家庭用品,OU,U0044,3,0,U0044,f,1,371,12
7270,OU_U0044_12_Pink.xlsx,outside,戸外の物と場所,OU,U0044,4,0,U0044,f,1,371,12
7271,OU_U0044_12_Pink.xlsx,people,人々,OU,U0044,6,2,U0044,f,1,371,12
7272,OU_U0044_12_Pink.xlsx,games_routines,日課とあいさつ,OU,U0044,11,4,U0044,f,1,371,12
7273,OU_U0044_12_Pink.xlsx,action_words,動作語,OU,U0044,22,0,U0044,f,1,371,12
7274,OU_U0044_12_Pink.xlsx,time_words,時間についてのことば,OU,U0044,0,0,U0044,f,1,371,12
7275,OU_U0044_12_Pink.xlsx,descriptive_words,ようす・性質,OU,U0044,11,0,U0044,f,1,371,12
7276,OU_U0044_12_Pink.xlsx,pronouns,代名詞,OU,U0044,3,0,U0044,f,1,371,12
7277,OU_U0044_12_Pink.xlsx,question_words,質問のことば,OU,U0044,0,0,U0044,f,1,371,12
7278,OU_U0044_12_Pink.xlsx,locations,位置と場所についてのことば,OU,U0044,0,0,U0044,f,1,371,12
7279,OU_U0044_12_Pink.xlsx,quantifiers,数量を表すことば,OU,U0044,1,0,U0044,f,1,371,12
7280,OU_U0044_12_Pink.xlsx,sounds2,幼児語（その２）,OU,U0044,5,1,U0044,f,1,371,12
7281,OU_U0044_12_Pink.xlsx,conversations,会話語,OU,U0044,2,0,U0044,f,1,371,12
7282,OU_U0044_12_Pink.xlsx,others,その他,OU,U0044,2,0,U0044,f,1,371,12
7283,OU_U0044_15_Pink.xlsx,sounds,幼児語,OU,U0044,5,7,U0044,f,1,463,15
7284,OU_U0044_15_Pink.xlsx,animals,動物の名前,OU,U0044,21,3,U0044,f,1,463,15
7285,OU_U0044_15_Pink.xlsx,vehicles,乗り物,OU,U0044,2,5,U0044,f,1,463,15
7286,OU_U0044_15_Pink.xlsx,toys,おもちゃ,OU,U0044,7,1,U0044,f,1,463,15
7287,OU_U0044_15_Pink.xlsx,food_drink,食べ物と飲み物,OU,U0044,20,9,U0044,f,1,463,15
7288,OU_U0044_15_Pink.xlsx,clothing,衣類,OU,U0044,4,3,U0044,f,1,463,15
7289,OU_U0044_15_Pink.xlsx,body_parts,体の部分,OU,U0044,3,15,U0044,f,1,463,15
7290,OU_U0044_15_Pink.xlsx,furniture_rooms,家具と部屋,OU,U0044,15,1,U0044,f,1,463,15
7291,OU_U0044_15_Pink.xlsx,household,小さな家庭用品,OU,U0044,24,5,U0044,f,1,463,15
7292,OU_U0044_15_Pink.xlsx,outside,戸外の物と場所,OU,U0044,12,5,U0044,f,1,463,15
7293,OU_U0044_15_Pink.xlsx,people,人々,OU,U0044,8,4,U0044,f,1,463,15
7294,OU_U0044_15_Pink.xlsx,games_routines,日課とあいさつ,OU,U0044,3,16,U0044,f,1,463,15
7295,OU_U0044_15_Pink.xlsx,action_words,動作語,OU,U0044,28,26,U0044,f,1,463,15
7296,OU_U0044_15_Pink.xlsx,time_words,時間についてのことば,OU,U0044,8,0,U0044,f,1,463,15
7297,OU_U0044_15_Pink.xlsx,descriptive_words,ようす・性質,OU,U0044,18,17,U0044,f,1,463,15
7298,OU_U0044_15_Pink.xlsx,pronouns,代名詞,OU,U0044,8,1,U0044,f,1,463,15
7299,OU_U0044_15_Pink.xlsx,question_words,質問のことば,OU,U0044,4,1,U0044,f,1,463,15
7300,OU_U0044_15_Pink.xlsx,locations,位置と場所についてのことば,OU,U0044,8,1,U0044,f,1,463,15
7301,OU_U0044_15_Pink.xlsx,quantifiers,数量を表すことば,OU,U0044,5,3,U0044,f,1,463,15
7302,OU_U0044_15_Pink.xlsx,sounds2,幼児語（その２）,OU,U0044,8,19,U0044,f,1,463,15
7303,OU_U0044_15_Pink.xlsx,conversations,会話語,OU,U0044,5,5,U0044,f,1,463,15
7304,OU_U0044_15_Pink.xlsx,others,その他,OU,U0044,4,4,U0044,f,1,463,15
7305,OU_U0044_18_Pink.xlsx,sounds,幼児語,OU,U0044,0,12,U0044,f,1,549,18
7306,OU_U0044_18_Pink.xlsx,animals,動物の名前,OU,U0044,2,32,U0044,f,1,549,18
7307,OU_U0044_18_Pink.xlsx,vehicles,乗り物,OU,U0044,3,6,U0044,f,1,549,18
7308,OU_U0044_18_Pink.xlsx,toys,おもちゃ,OU,U0044,0,8,U0044,f,1,549,18
7309,OU_U0044_18_Pink.xlsx,food_drink,食べ物と飲み物,OU,U0044,2,27,U0044,f,1,549,18
7310,OU_U0044_18_Pink.xlsx,clothing,衣類,OU,U0044,7,9,U0044,f,1,549,18
7311,OU_U0044_18_Pink.xlsx,body_parts,体の部分,OU,U0044,0,20,U0044,f,1,549,18
7312,OU_U0044_18_Pink.xlsx,furniture_rooms,家具と部屋,OU,U0044,5,16,U0044,f,1,549,18
7313,OU_U0044_18_Pink.xlsx,household,小さな家庭用品,OU,U0044,11,23,U0044,f,1,549,18
7314,OU_U0044_18_Pink.xlsx,outside,戸外の物と場所,OU,U0044,11,13,U0044,f,1,549,18
7315,OU_U0044_18_Pink.xlsx,people,人々,OU,U0044,5,12,U0044,f,1,549,18
7316,OU_U0044_18_Pink.xlsx,games_routines,日課とあいさつ,OU,U0044,0,19,U0044,f,1,549,18
7317,OU_U0044_18_Pink.xlsx,action_words,動作語,OU,U0044,0,55,U0044,f,1,549,18
7318,OU_U0044_18_Pink.xlsx,time_words,時間についてのことば,OU,U0044,0,8,U0044,f,1,549,18
7319,OU_U0044_18_Pink.xlsx,descriptive_words,ようす・性質,OU,U0044,8,25,U0044,f,1,549,18
7320,OU_U0044_18_Pink.xlsx,pronouns,代名詞,OU,U0044,1,8,U0044,f,1,549,18
7321,OU_U0044_18_Pink.xlsx,question_words,質問のことば,OU,U0044,1,4,U0044,f,1,549,18
7322,OU_U0044_18_Pink.xlsx,locations,位置と場所についてのことば,OU,U0044,3,7,U0044,f,1,549,18
7323,OU_U0044_18_Pink.xlsx,quantifiers,数量を表すことば,OU,U0044,2,6,U0044,f,1,549,18
7324,OU_U0044_18_Pink.xlsx,sounds2,幼児語（その２）,OU,U0044,1,28,U0044,f,1,549,18
7325,OU_U0044_18_Pink.xlsx,conversations,会話語,OU,U0044,4,9,U0044,f,1,549,18
7326,OU_U0044_18_Pink.xlsx,others,その他,OU,U0044,0,9,U0044,f,1,549,18
7327,OU_U0045_12_Pink.xlsx,sounds,幼児語,OU,U0045,1,0,U0045,f,1,367,12
7328,OU_U0045_12_Pink.xlsx,animals,動物の名前,OU,U0045,1,0,U0045,f,1,367,12
7329,OU_U0045_12_Pink.xlsx,vehicles,乗り物,OU,U0045,0,0,U0045,f,1,367,12
7330,OU_U0045_12_Pink.xlsx,toys,おもちゃ,OU,U0045,1,0,U0045,f,1,367,12
7331,OU_U0045_12_Pink.xlsx,food_drink,食べ物と飲み物,OU,U0045,1,0,U0045,f,1,367,12
7332,OU_U0045_12_Pink.xlsx,clothing,衣類,OU,U0045,0,0,U0045,f,1,367,12
7333,OU_U0045_12_Pink.xlsx,body_parts,体の部分,OU,U0045,1,0,U0045,f,1,367,12
7334,OU_U0045_12_Pink.xlsx,furniture_rooms,家具と部屋,OU,U0045,0,0,U0045,f,1,367,12
7335,OU_U0045_12_Pink.xlsx,household,小さな家庭用品,OU,U0045,0,0,U0045,f,1,367,12
7336,OU_U0045_12_Pink.xlsx,outside,戸外の物と場所,OU,U0045,0,0,U0045,f,1,367,12
7337,OU_U0045_12_Pink.xlsx,people,人々,OU,U0045,1,0,U0045,f,1,367,12
7338,OU_U0045_12_Pink.xlsx,games_routines,日課とあいさつ,OU,U0045,5,0,U0045,f,1,367,12
7339,OU_U0045_12_Pink.xlsx,action_words,動作語,OU,U0045,0,0,U0045,f,1,367,12
7340,OU_U0045_12_Pink.xlsx,time_words,時間についてのことば,OU,U0045,0,0,U0045,f,1,367,12
7341,OU_U0045_12_Pink.xlsx,descriptive_words,ようす・性質,OU,U0045,0,0,U0045,f,1,367,12
7342,OU_U0045_12_Pink.xlsx,pronouns,代名詞,OU,U0045,0,0,U0045,f,1,367,12
7343,OU_U0045_12_Pink.xlsx,question_words,質問のことば,OU,U0045,0,0,U0045,f,1,367,12
7344,OU_U0045_12_Pink.xlsx,locations,位置と場所についてのことば,OU,U0045,0,0,U0045,f,1,367,12
7345,OU_U0045_12_Pink.xlsx,quantifiers,数量を表すことば,OU,U0045,0,0,U0045,f,1,367,12
7346,OU_U0045_12_Pink.xlsx,sounds2,幼児語（その２）,OU,U0045,0,0,U0045,f,1,367,12
7347,OU_U0045_12_Pink.xlsx,conversations,会話語,OU,U0045,0,0,U0045,f,1,367,12
7348,OU_U0045_12_Pink.xlsx,others,その他,OU,U0045,0,0,U0045,f,1,367,12
7349,OU_U0045_15_Pink.xlsx,sounds,幼児語,OU,U0045,7,2,U0045,f,1,460,15
7350,OU_U0045_15_Pink.xlsx,animals,動物の名前,OU,U0045,23,2,U0045,f,1,460,15
7351,OU_U0045_15_Pink.xlsx,vehicles,乗り物,OU,U0045,1,0,U0045,f,1,460,15
7352,OU_U0045_15_Pink.xlsx,toys,おもちゃ,OU,U0045,5,0,U0045,f,1,460,15
7353,OU_U0045_15_Pink.xlsx,food_drink,食べ物と飲み物,OU,U0045,16,2,U0045,f,1,460,15
7354,OU_U0045_15_Pink.xlsx,clothing,衣類,OU,U0045,6,0,U0045,f,1,460,15
7355,OU_U0045_15_Pink.xlsx,body_parts,体の部分,OU,U0045,12,0,U0045,f,1,460,15
7356,OU_U0045_15_Pink.xlsx,furniture_rooms,家具と部屋,OU,U0045,8,0,U0045,f,1,460,15
7357,OU_U0045_15_Pink.xlsx,household,小さな家庭用品,OU,U0045,9,0,U0045,f,1,460,15
7358,OU_U0045_15_Pink.xlsx,outside,戸外の物と場所,OU,U0045,1,0,U0045,f,1,460,15
7359,OU_U0045_15_Pink.xlsx,people,人々,OU,U0045,2,6,U0045,f,1,460,15
7360,OU_U0045_15_Pink.xlsx,games_routines,日課とあいさつ,OU,U0045,13,0,U0045,f,1,460,15
7361,OU_U0045_15_Pink.xlsx,action_words,動作語,OU,U0045,29,1,U0045,f,1,460,15
7362,OU_U0045_15_Pink.xlsx,time_words,時間についてのことば,OU,U0045,0,0,U0045,f,1,460,15
7363,OU_U0045_15_Pink.xlsx,descriptive_words,ようす・性質,OU,U0045,4,0,U0045,f,1,460,15
7364,OU_U0045_15_Pink.xlsx,pronouns,代名詞,OU,U0045,1,0,U0045,f,1,460,15
7365,OU_U0045_15_Pink.xlsx,question_words,質問のことば,OU,U0045,3,0,U0045,f,1,460,15
7366,OU_U0045_15_Pink.xlsx,locations,位置と場所についてのことば,OU,U0045,2,0,U0045,f,1,460,15
7367,OU_U0045_15_Pink.xlsx,quantifiers,数量を表すことば,OU,U0045,2,0,U0045,f,1,460,15
7368,OU_U0045_15_Pink.xlsx,sounds2,幼児語（その２）,OU,U0045,7,2,U0045,f,1,460,15
7369,OU_U0045_15_Pink.xlsx,conversations,会話語,OU,U0045,3,0,U0045,f,1,460,15
7370,OU_U0045_15_Pink.xlsx,others,その他,OU,U0045,2,1,U0045,f,1,460,15
7371,OU_U0045_17_Pink.xlsx,sounds,幼児語,OU,U0045,3,7,U0045,f,1,546,17
7372,OU_U0045_17_Pink.xlsx,animals,動物の名前,OU,U0045,20,14,U0045,f,1,546,17
7373,OU_U0045_17_Pink.xlsx,vehicles,乗り物,OU,U0045,2,1,U0045,f,1,546,17
7374,OU_U0045_17_Pink.xlsx,toys,おもちゃ,OU,U0045,7,1,U0045,f,1,546,17
7375,OU_U0045_17_Pink.xlsx,food_drink,食べ物と飲み物,OU,U0045,15,5,U0045,f,1,546,17
7376,OU_U0045_17_Pink.xlsx,clothing,衣類,OU,U0045,10,2,U0045,f,1,546,17
7377,OU_U0045_17_Pink.xlsx,body_parts,体の部分,OU,U0045,17,1,U0045,f,1,546,17
7378,OU_U0045_17_Pink.xlsx,furniture_rooms,家具と部屋,OU,U0045,16,0,U0045,f,1,546,17
7379,OU_U0045_17_Pink.xlsx,household,小さな家庭用品,OU,U0045,22,0,U0045,f,1,546,17
7380,OU_U0045_17_Pink.xlsx,outside,戸外の物と場所,OU,U0045,13,1,U0045,f,1,546,17
7381,OU_U0045_17_Pink.xlsx,people,人々,OU,U0045,3,9,U0045,f,1,546,17
7382,OU_U0045_17_Pink.xlsx,games_routines,日課とあいさつ,OU,U0045,18,0,U0045,f,1,546,17
7383,OU_U0045_17_Pink.xlsx,action_words,動作語,OU,U0045,37,2,U0045,f,1,546,17
7384,OU_U0045_17_Pink.xlsx,time_words,時間についてのことば,OU,U0045,0,0,U0045,f,1,546,17
7385,OU_U0045_17_Pink.xlsx,descriptive_words,ようす・性質,OU,U0045,8,1,U0045,f,1,546,17
7386,OU_U0045_17_Pink.xlsx,pronouns,代名詞,OU,U0045,5,0,U0045,f,1,546,17
7387,OU_U0045_17_Pink.xlsx,question_words,質問のことば,OU,U0045,4,0,U0045,f,1,546,17
7388,OU_U0045_17_Pink.xlsx,locations,位置と場所についてのことば,OU,U0045,8,0,U0045,f,1,546,17
7389,OU_U0045_17_Pink.xlsx,quantifiers,数量を表すことば,OU,U0045,4,0,U0045,f,1,546,17
7390,OU_U0045_17_Pink.xlsx,sounds2,幼児語（その２）,OU,U0045,7,10,U0045,f,1,546,17
7391,OU_U0045_17_Pink.xlsx,conversations,会話語,OU,U0045,4,0,U0045,f,1,546,17
7392,OU_U0045_17_Pink.xlsx,others,その他,OU,U0045,5,1,U0045,f,1,546,17
7393,OU_U0046_12_Pink.xlsx,sounds,幼児語,OU,U0046,6,0,U0046,m,1,366,12
7394,OU_U0046_12_Pink.xlsx,animals,動物の名前,OU,U0046,0,0,U0046,m,1,366,12
7395,OU_U0046_12_Pink.xlsx,vehicles,乗り物,OU,U0046,3,0,U0046,m,1,366,12
7396,OU_U0046_12_Pink.xlsx,toys,おもちゃ,OU,U0046,6,0,U0046,m,1,366,12
7397,OU_U0046_12_Pink.xlsx,food_drink,食べ物と飲み物,OU,U0046,11,0,U0046,m,1,366,12
7398,OU_U0046_12_Pink.xlsx,clothing,衣類,OU,U0046,5,0,U0046,m,1,366,12
7399,OU_U0046_12_Pink.xlsx,body_parts,体の部分,OU,U0046,4,0,U0046,m,1,366,12
7400,OU_U0046_12_Pink.xlsx,furniture_rooms,家具と部屋,OU,U0046,7,0,U0046,m,1,366,12
7401,OU_U0046_12_Pink.xlsx,household,小さな家庭用品,OU,U0046,11,0,U0046,m,1,366,12
7402,OU_U0046_12_Pink.xlsx,outside,戸外の物と場所,OU,U0046,3,0,U0046,m,1,366,12
7403,OU_U0046_12_Pink.xlsx,people,人々,OU,U0046,11,2,U0046,m,1,366,12
7404,OU_U0046_12_Pink.xlsx,games_routines,日課とあいさつ,OU,U0046,15,2,U0046,m,1,366,12
7405,OU_U0046_12_Pink.xlsx,action_words,動作語,OU,U0046,38,0,U0046,m,1,366,12
7406,OU_U0046_12_Pink.xlsx,time_words,時間についてのことば,OU,U0046,0,0,U0046,m,1,366,12
7407,OU_U0046_12_Pink.xlsx,descriptive_words,ようす・性質,OU,U0046,13,0,U0046,m,1,366,12
7408,OU_U0046_12_Pink.xlsx,pronouns,代名詞,OU,U0046,0,0,U0046,m,1,366,12
7409,OU_U0046_12_Pink.xlsx,question_words,質問のことば,OU,U0046,0,0,U0046,m,1,366,12
7410,OU_U0046_12_Pink.xlsx,locations,位置と場所についてのことば,OU,U0046,0,0,U0046,m,1,366,12
7411,OU_U0046_12_Pink.xlsx,quantifiers,数量を表すことば,OU,U0046,0,0,U0046,m,1,366,12
7412,OU_U0046_12_Pink.xlsx,sounds2,幼児語（その２）,OU,U0046,18,0,U0046,m,1,366,12
7413,OU_U0046_12_Pink.xlsx,conversations,会話語,OU,U0046,1,0,U0046,m,1,366,12
7414,OU_U0046_12_Pink.xlsx,others,その他,OU,U0046,2,0,U0046,m,1,366,12
7415,OU_U0046_15_Pink.xlsx,sounds,幼児語,OU,U0046,6,0,U0046,m,1,469,15
7416,OU_U0046_15_Pink.xlsx,animals,動物の名前,OU,U0046,3,0,U0046,m,1,469,15
7417,OU_U0046_15_Pink.xlsx,vehicles,乗り物,OU,U0046,6,0,U0046,m,1,469,15
7418,OU_U0046_15_Pink.xlsx,toys,おもちゃ,OU,U0046,7,0,U0046,m,1,469,15
7419,OU_U0046_15_Pink.xlsx,food_drink,食べ物と飲み物,OU,U0046,23,0,U0046,m,1,469,15
7420,OU_U0046_15_Pink.xlsx,clothing,衣類,OU,U0046,9,2,U0046,m,1,469,15
7421,OU_U0046_15_Pink.xlsx,body_parts,体の部分,OU,U0046,17,0,U0046,m,1,469,15
7422,OU_U0046_15_Pink.xlsx,furniture_rooms,家具と部屋,OU,U0046,17,0,U0046,m,1,469,15
7423,OU_U0046_15_Pink.xlsx,household,小さな家庭用品,OU,U0046,26,0,U0046,m,1,469,15
7424,OU_U0046_15_Pink.xlsx,outside,戸外の物と場所,OU,U0046,10,0,U0046,m,1,469,15
7425,OU_U0046_15_Pink.xlsx,people,人々,OU,U0046,13,2,U0046,m,1,469,15
7426,OU_U0046_15_Pink.xlsx,games_routines,日課とあいさつ,OU,U0046,16,3,U0046,m,1,469,15
7427,OU_U0046_15_Pink.xlsx,action_words,動作語,OU,U0046,54,0,U0046,m,1,469,15
7428,OU_U0046_15_Pink.xlsx,time_words,時間についてのことば,OU,U0046,0,0,U0046,m,1,469,15
7429,OU_U0046_15_Pink.xlsx,descriptive_words,ようす・性質,OU,U0046,20,0,U0046,m,1,469,15
7430,OU_U0046_15_Pink.xlsx,pronouns,代名詞,OU,U0046,0,0,U0046,m,1,469,15
7431,OU_U0046_15_Pink.xlsx,question_words,質問のことば,OU,U0046,0,0,U0046,m,1,469,15
7432,OU_U0046_15_Pink.xlsx,locations,位置と場所についてのことば,OU,U0046,0,0,U0046,m,1,469,15
7433,OU_U0046_15_Pink.xlsx,quantifiers,数量を表すことば,OU,U0046,7,0,U0046,m,1,469,15
7434,OU_U0046_15_Pink.xlsx,sounds2,幼児語（その２）,OU,U0046,23,0,U0046,m,1,469,15
7435,OU_U0046_15_Pink.xlsx,conversations,会話語,OU,U0046,3,2,U0046,m,1,469,15
7436,OU_U0046_15_Pink.xlsx,others,その他,OU,U0046,6,0,U0046,m,1,469,15
7437,OU_U0046_18_Pink.xlsx,sounds,幼児語,OU,U0046,8,4,U0046,m,1,565,18
7438,OU_U0046_18_Pink.xlsx,animals,動物の名前,OU,U0046,22,0,U0046,m,1,565,18
7439,OU_U0046_18_Pink.xlsx,vehicles,乗り物,OU,U0046,8,0,U0046,m,1,565,18
7440,OU_U0046_18_Pink.xlsx,toys,おもちゃ,OU,U0046,8,0,U0046,m,1,565,18
7441,OU_U0046_18_Pink.xlsx,food_drink,食べ物と飲み物,OU,U0046,23,4,U0046,m,1,565,18
7442,OU_U0046_18_Pink.xlsx,clothing,衣類,OU,U0046,12,2,U0046,m,1,565,18
7443,OU_U0046_18_Pink.xlsx,body_parts,体の部分,OU,U0046,18,1,U0046,m,1,565,18
7444,OU_U0046_18_Pink.xlsx,furniture_rooms,家具と部屋,OU,U0046,23,0,U0046,m,1,565,18
7445,OU_U0046_18_Pink.xlsx,household,小さな家庭用品,OU,U0046,35,0,U0046,m,1,565,18
7446,OU_U0046_18_Pink.xlsx,outside,戸外の物と場所,OU,U0046,19,0,U0046,m,1,565,18
7447,OU_U0046_18_Pink.xlsx,people,人々,OU,U0046,14,5,U0046,m,1,565,18
7448,OU_U0046_18_Pink.xlsx,games_routines,日課とあいさつ,OU,U0046,15,4,U0046,m,1,565,18
7449,OU_U0046_18_Pink.xlsx,action_words,動作語,OU,U0046,52,2,U0046,m,1,565,18
7450,OU_U0046_18_Pink.xlsx,time_words,時間についてのことば,OU,U0046,6,0,U0046,m,1,565,18
7451,OU_U0046_18_Pink.xlsx,descriptive_words,ようす・性質,OU,U0046,30,3,U0046,m,1,565,18
7452,OU_U0046_18_Pink.xlsx,pronouns,代名詞,OU,U0046,1,0,U0046,m,1,565,18
7453,OU_U0046_18_Pink.xlsx,question_words,質問のことば,OU,U0046,5,0,U0046,m,1,565,18
7454,OU_U0046_18_Pink.xlsx,locations,位置と場所についてのことば,OU,U0046,10,0,U0046,m,1,565,18
7455,OU_U0046_18_Pink.xlsx,quantifiers,数量を表すことば,OU,U0046,6,1,U0046,m,1,565,18
7456,OU_U0046_18_Pink.xlsx,sounds2,幼児語（その２）,OU,U0046,17,11,U0046,m,1,565,18
7457,OU_U0046_18_Pink.xlsx,conversations,会話語,OU,U0046,8,2,U0046,m,1,565,18
7458,OU_U0046_18_Pink.xlsx,others,その他,OU,U0046,8,1,U0046,m,1,565,18
7459,OU_U0047_12_Pink.xlsx,sounds,幼児語,OU,U0047,1,0,U0047,f,1,383,12
7460,OU_U0047_12_Pink.xlsx,animals,動物の名前,OU,U0047,0,0,U0047,f,1,383,12
7461,OU_U0047_12_Pink.xlsx,vehicles,乗り物,OU,U0047,1,0,U0047,f,1,383,12
7462,OU_U0047_12_Pink.xlsx,toys,おもちゃ,OU,U0047,5,0,U0047,f,1,383,12
7463,OU_U0047_12_Pink.xlsx,food_drink,食べ物と飲み物,OU,U0047,6,0,U0047,f,1,383,12
7464,OU_U0047_12_Pink.xlsx,clothing,衣類,OU,U0047,4,0,U0047,f,1,383,12
7465,OU_U0047_12_Pink.xlsx,body_parts,体の部分,OU,U0047,1,0,U0047,f,1,383,12
7466,OU_U0047_12_Pink.xlsx,furniture_rooms,家具と部屋,OU,U0047,4,0,U0047,f,1,383,12
7467,OU_U0047_12_Pink.xlsx,household,小さな家庭用品,OU,U0047,5,0,U0047,f,1,383,12
7468,OU_U0047_12_Pink.xlsx,outside,戸外の物と場所,OU,U0047,0,0,U0047,f,1,383,12
7469,OU_U0047_12_Pink.xlsx,people,人々,OU,U0047,4,0,U0047,f,1,383,12
7470,OU_U0047_12_Pink.xlsx,games_routines,日課とあいさつ,OU,U0047,7,1,U0047,f,1,383,12
7471,OU_U0047_12_Pink.xlsx,action_words,動作語,OU,U0047,8,0,U0047,f,1,383,12
7472,OU_U0047_12_Pink.xlsx,time_words,時間についてのことば,OU,U0047,0,0,U0047,f,1,383,12
7473,OU_U0047_12_Pink.xlsx,descriptive_words,ようす・性質,OU,U0047,2,0,U0047,f,1,383,12
7474,OU_U0047_12_Pink.xlsx,pronouns,代名詞,OU,U0047,0,0,U0047,f,1,383,12
7475,OU_U0047_12_Pink.xlsx,question_words,質問のことば,OU,U0047,0,0,U0047,f,1,383,12
7476,OU_U0047_12_Pink.xlsx,locations,位置と場所についてのことば,OU,U0047,0,0,U0047,f,1,383,12
7477,OU_U0047_12_Pink.xlsx,quantifiers,数量を表すことば,OU,U0047,1,0,U0047,f,1,383,12
7478,OU_U0047_12_Pink.xlsx,sounds2,幼児語（その２）,OU,U0047,1,0,U0047,f,1,383,12
7479,OU_U0047_12_Pink.xlsx,conversations,会話語,OU,U0047,1,0,U0047,f,1,383,12
7480,OU_U0047_12_Pink.xlsx,others,その他,OU,U0047,0,0,U0047,f,1,383,12
7481,OU_U0047_15_Pink.xlsx,sounds,幼児語,OU,U0047,3,0,U0047,f,1,481,15
7482,OU_U0047_15_Pink.xlsx,animals,動物の名前,OU,U0047,0,0,U0047,f,1,481,15
7483,OU_U0047_15_Pink.xlsx,vehicles,乗り物,OU,U0047,1,0,U0047,f,1,481,15
7484,OU_U0047_15_Pink.xlsx,toys,おもちゃ,OU,U0047,6,0,U0047,f,1,481,15
7485,OU_U0047_15_Pink.xlsx,food_drink,食べ物と飲み物,OU,U0047,10,0,U0047,f,1,481,15
7486,OU_U0047_15_Pink.xlsx,clothing,衣類,OU,U0047,5,0,U0047,f,1,481,15
7487,OU_U0047_15_Pink.xlsx,body_parts,体の部分,OU,U0047,6,0,U0047,f,1,481,15
7488,OU_U0047_15_Pink.xlsx,furniture_rooms,家具と部屋,OU,U0047,9,0,U0047,f,1,481,15
7489,OU_U0047_15_Pink.xlsx,household,小さな家庭用品,OU,U0047,11,0,U0047,f,1,481,15
7490,OU_U0047_15_Pink.xlsx,outside,戸外の物と場所,OU,U0047,0,0,U0047,f,1,481,15
7491,OU_U0047_15_Pink.xlsx,people,人々,OU,U0047,4,0,U0047,f,1,481,15
7492,OU_U0047_15_Pink.xlsx,games_routines,日課とあいさつ,OU,U0047,13,1,U0047,f,1,481,15
7493,OU_U0047_15_Pink.xlsx,action_words,動作語,OU,U0047,18,0,U0047,f,1,481,15
7494,OU_U0047_15_Pink.xlsx,time_words,時間についてのことば,OU,U0047,0,0,U0047,f,1,481,15
7495,OU_U0047_15_Pink.xlsx,descriptive_words,ようす・性質,OU,U0047,2,0,U0047,f,1,481,15
7496,OU_U0047_15_Pink.xlsx,pronouns,代名詞,OU,U0047,0,0,U0047,f,1,481,15
7497,OU_U0047_15_Pink.xlsx,question_words,質問のことば,OU,U0047,1,0,U0047,f,1,481,15
7498,OU_U0047_15_Pink.xlsx,locations,位置と場所についてのことば,OU,U0047,0,0,U0047,f,1,481,15
7499,OU_U0047_15_Pink.xlsx,quantifiers,数量を表すことば,OU,U0047,1,0,U0047,f,1,481,15
7500,OU_U0047_15_Pink.xlsx,sounds2,幼児語（その２）,OU,U0047,3,0,U0047,f,1,481,15
7501,OU_U0047_15_Pink.xlsx,conversations,会話語,OU,U0047,1,0,U0047,f,1,481,15
7502,OU_U0047_15_Pink.xlsx,others,その他,OU,U0047,1,0,U0047,f,1,481,15
7503,OU_U0047_18_Pink.xlsx,sounds,幼児語,OU,U0047,2,1,U0047,f,1,567,18
7504,OU_U0047_18_Pink.xlsx,animals,動物の名前,OU,U0047,2,0,U0047,f,1,567,18
7505,OU_U0047_18_Pink.xlsx,vehicles,乗り物,OU,U0047,1,0,U0047,f,1,567,18
7506,OU_U0047_18_Pink.xlsx,toys,おもちゃ,OU,U0047,7,0,U0047,f,1,567,18
7507,OU_U0047_18_Pink.xlsx,food_drink,食べ物と飲み物,OU,U0047,12,0,U0047,f,1,567,18
7508,OU_U0047_18_Pink.xlsx,clothing,衣類,OU,U0047,7,0,U0047,f,1,567,18
7509,OU_U0047_18_Pink.xlsx,body_parts,体の部分,OU,U0047,15,0,U0047,f,1,567,18
7510,OU_U0047_18_Pink.xlsx,furniture_rooms,家具と部屋,OU,U0047,14,0,U0047,f,1,567,18
7511,OU_U0047_18_Pink.xlsx,household,小さな家庭用品,OU,U0047,19,0,U0047,f,1,567,18
7512,OU_U0047_18_Pink.xlsx,outside,戸外の物と場所,OU,U0047,2,0,U0047,f,1,567,18
7513,OU_U0047_18_Pink.xlsx,people,人々,OU,U0047,6,0,U0047,f,1,567,18
7514,OU_U0047_18_Pink.xlsx,games_routines,日課とあいさつ,OU,U0047,17,1,U0047,f,1,567,18
7515,OU_U0047_18_Pink.xlsx,action_words,動作語,OU,U0047,32,0,U0047,f,1,567,18
7516,OU_U0047_18_Pink.xlsx,time_words,時間についてのことば,OU,U0047,0,0,U0047,f,1,567,18
7517,OU_U0047_18_Pink.xlsx,descriptive_words,ようす・性質,OU,U0047,5,0,U0047,f,1,567,18
7518,OU_U0047_18_Pink.xlsx,pronouns,代名詞,OU,U0047,2,0,U0047,f,1,567,18
7519,OU_U0047_18_Pink.xlsx,question_words,質問のことば,OU,U0047,4,0,U0047,f,1,567,18
7520,OU_U0047_18_Pink.xlsx,locations,位置と場所についてのことば,OU,U0047,2,0,U0047,f,1,567,18
7521,OU_U0047_18_Pink.xlsx,quantifiers,数量を表すことば,OU,U0047,3,0,U0047,f,1,567,18
7522,OU_U0047_18_Pink.xlsx,sounds2,幼児語（その２）,OU,U0047,6,0,U0047,f,1,567,18
7523,OU_U0047_18_Pink.xlsx,conversations,会話語,OU,U0047,2,0,U0047,f,1,567,18
7524,OU_U0047_18_Pink.xlsx,others,その他,OU,U0047,4,0,U0047,f,1,567,18
7525,OU_U0048_12_Pink.xlsx,sounds,幼児語,OU,U0048,0,0,U0048,f,1,389,12
7526,OU_U0048_12_Pink.xlsx,animals,動物の名前,OU,U0048,0,0,U0048,f,1,389,12
7527,OU_U0048_12_Pink.xlsx,vehicles,乗り物,OU,U0048,0,0,U0048,f,1,389,12
7528,OU_U0048_12_Pink.xlsx,toys,おもちゃ,OU,U0048,0,0,U0048,f,1,389,12
7529,OU_U0048_12_Pink.xlsx,food_drink,食べ物と飲み物,OU,U0048,0,0,U0048,f,1,389,12
7530,OU_U0048_12_Pink.xlsx,clothing,衣類,OU,U0048,0,0,U0048,f,1,389,12
7531,OU_U0048_12_Pink.xlsx,body_parts,体の部分,OU,U0048,0,0,U0048,f,1,389,12
7532,OU_U0048_12_Pink.xlsx,furniture_rooms,家具と部屋,OU,U0048,0,0,U0048,f,1,389,12
7533,OU_U0048_12_Pink.xlsx,household,小さな家庭用品,OU,U0048,0,0,U0048,f,1,389,12
7534,OU_U0048_12_Pink.xlsx,outside,戸外の物と場所,OU,U0048,0,0,U0048,f,1,389,12
7535,OU_U0048_12_Pink.xlsx,people,人々,OU,U0048,0,0,U0048,f,1,389,12
7536,OU_U0048_12_Pink.xlsx,games_routines,日課とあいさつ,OU,U0048,2,1,U0048,f,1,389,12
7537,OU_U0048_12_Pink.xlsx,action_words,動作語,OU,U0048,0,0,U0048,f,1,389,12
7538,OU_U0048_12_Pink.xlsx,time_words,時間についてのことば,OU,U0048,0,0,U0048,f,1,389,12
7539,OU_U0048_12_Pink.xlsx,descriptive_words,ようす・性質,OU,U0048,0,0,U0048,f,1,389,12
7540,OU_U0048_12_Pink.xlsx,pronouns,代名詞,OU,U0048,0,0,U0048,f,1,389,12
7541,OU_U0048_12_Pink.xlsx,question_words,質問のことば,OU,U0048,0,0,U0048,f,1,389,12
7542,OU_U0048_12_Pink.xlsx,locations,位置と場所についてのことば,OU,U0048,0,0,U0048,f,1,389,12
7543,OU_U0048_12_Pink.xlsx,quantifiers,数量を表すことば,OU,U0048,0,0,U0048,f,1,389,12
7544,OU_U0048_12_Pink.xlsx,sounds2,幼児語（その２）,OU,U0048,1,0,U0048,f,1,389,12
7545,OU_U0048_12_Pink.xlsx,conversations,会話語,OU,U0048,0,0,U0048,f,1,389,12
7546,OU_U0048_12_Pink.xlsx,others,その他,OU,U0048,0,0,U0048,f,1,389,12
7547,OU_U0049_12_Pink.xlsx,sounds,幼児語,OU,U0049,0,0,U0049,f,1,386,12
7548,OU_U0049_12_Pink.xlsx,animals,動物の名前,OU,U0049,0,0,U0049,f,1,386,12
7549,OU_U0049_12_Pink.xlsx,vehicles,乗り物,OU,U0049,0,0,U0049,f,1,386,12
7550,OU_U0049_12_Pink.xlsx,toys,おもちゃ,OU,U0049,1,0,U0049,f,1,386,12
7551,OU_U0049_12_Pink.xlsx,food_drink,食べ物と飲み物,OU,U0049,1,0,U0049,f,1,386,12
7552,OU_U0049_12_Pink.xlsx,clothing,衣類,OU,U0049,0,0,U0049,f,1,386,12
7553,OU_U0049_12_Pink.xlsx,body_parts,体の部分,OU,U0049,0,0,U0049,f,1,386,12
7554,OU_U0049_12_Pink.xlsx,furniture_rooms,家具と部屋,OU,U0049,1,0,U0049,f,1,386,12
7555,OU_U0049_12_Pink.xlsx,household,小さな家庭用品,OU,U0049,0,0,U0049,f,1,386,12
7556,OU_U0049_12_Pink.xlsx,outside,戸外の物と場所,OU,U0049,0,0,U0049,f,1,386,12
7557,OU_U0049_12_Pink.xlsx,people,人々,OU,U0049,0,0,U0049,f,1,386,12
7558,OU_U0049_12_Pink.xlsx,games_routines,日課とあいさつ,OU,U0049,6,0,U0049,f,1,386,12
7559,OU_U0049_12_Pink.xlsx,action_words,動作語,OU,U0049,0,0,U0049,f,1,386,12
7560,OU_U0049_12_Pink.xlsx,time_words,時間についてのことば,OU,U0049,0,0,U0049,f,1,386,12
7561,OU_U0049_12_Pink.xlsx,descriptive_words,ようす・性質,OU,U0049,1,0,U0049,f,1,386,12
7562,OU_U0049_12_Pink.xlsx,pronouns,代名詞,OU,U0049,0,0,U0049,f,1,386,12
7563,OU_U0049_12_Pink.xlsx,question_words,質問のことば,OU,U0049,0,0,U0049,f,1,386,12
7564,OU_U0049_12_Pink.xlsx,locations,位置と場所についてのことば,OU,U0049,0,0,U0049,f,1,386,12
7565,OU_U0049_12_Pink.xlsx,quantifiers,数量を表すことば,OU,U0049,0,0,U0049,f,1,386,12
7566,OU_U0049_12_Pink.xlsx,sounds2,幼児語（その２）,OU,U0049,0,0,U0049,f,1,386,12
7567,OU_U0049_12_Pink.xlsx,conversations,会話語,OU,U0049,0,0,U0049,f,1,386,12
7568,OU_U0049_12_Pink.xlsx,others,その他,OU,U0049,0,0,U0049,f,1,386,12
7569,OU_U0050_12_Pink.xlsx,sounds,幼児語,OU,U0050,0,0,U0050,m,1,378,12
7570,OU_U0050_12_Pink.xlsx,animals,動物の名前,OU,U0050,0,0,U0050,m,1,378,12
7571,OU_U0050_12_Pink.xlsx,vehicles,乗り物,OU,U0050,0,0,U0050,m,1,378,12
7572,OU_U0050_12_Pink.xlsx,toys,おもちゃ,OU,U0050,0,0,U0050,m,1,378,12
7573,OU_U0050_12_Pink.xlsx,food_drink,食べ物と飲み物,OU,U0050,0,0,U0050,m,1,378,12
7574,OU_U0050_12_Pink.xlsx,clothing,衣類,OU,U0050,0,0,U0050,m,1,378,12
7575,OU_U0050_12_Pink.xlsx,body_parts,体の部分,OU,U0050,0,0,U0050,m,1,378,12
7576,OU_U0050_12_Pink.xlsx,furniture_rooms,家具と部屋,OU,U0050,0,0,U0050,m,1,378,12
7577,OU_U0050_12_Pink.xlsx,household,小さな家庭用品,OU,U0050,0,0,U0050,m,1,378,12
7578,OU_U0050_12_Pink.xlsx,outside,戸外の物と場所,OU,U0050,0,0,U0050,m,1,378,12
7579,OU_U0050_12_Pink.xlsx,people,人々,OU,U0050,2,0,U0050,m,1,378,12
7580,OU_U0050_12_Pink.xlsx,games_routines,日課とあいさつ,OU,U0050,6,0,U0050,m,1,378,12
7581,OU_U0050_12_Pink.xlsx,action_words,動作語,OU,U0050,1,0,U0050,m,1,378,12
7582,OU_U0050_12_Pink.xlsx,time_words,時間についてのことば,OU,U0050,0,0,U0050,m,1,378,12
7583,OU_U0050_12_Pink.xlsx,descriptive_words,ようす・性質,OU,U0050,0,0,U0050,m,1,378,12
7584,OU_U0050_12_Pink.xlsx,pronouns,代名詞,OU,U0050,0,0,U0050,m,1,378,12
7585,OU_U0050_12_Pink.xlsx,question_words,質問のことば,OU,U0050,0,0,U0050,m,1,378,12
7586,OU_U0050_12_Pink.xlsx,locations,位置と場所についてのことば,OU,U0050,0,0,U0050,m,1,378,12
7587,OU_U0050_12_Pink.xlsx,quantifiers,数量を表すことば,OU,U0050,0,0,U0050,m,1,378,12
7588,OU_U0050_12_Pink.xlsx,sounds2,幼児語（その２）,OU,U0050,1,0,U0050,m,1,378,12
7589,OU_U0050_12_Pink.xlsx,conversations,会話語,OU,U0050,0,0,U0050,m,1,378,12
7590,OU_U0050_12_Pink.xlsx,others,その他,OU,U0050,0,0,U0050,m,1,378,12
7591,OU_U0051_12_Pink.xlsx,sounds,幼児語,OU,U0051,0,0,U0051,f,1,386,12
7592,OU_U0051_12_Pink.xlsx,animals,動物の名前,OU,U0051,0,0,U0051,f,1,386,12
7593,OU_U0051_12_Pink.xlsx,vehicles,乗り物,OU,U0051,0,0,U0051,f,1,386,12
7594,OU_U0051_12_Pink.xlsx,toys,おもちゃ,OU,U0051,0,0,U0051,f,1,386,12
7595,OU_U0051_12_Pink.xlsx,food_drink,食べ物と飲み物,OU,U0051,2,0,U0051,f,1,386,12
7596,OU_U0051_12_Pink.xlsx,clothing,衣類,OU,U0051,0,0,U0051,f,1,386,12
7597,OU_U0051_12_Pink.xlsx,body_parts,体の部分,OU,U0051,0,0,U0051,f,1,386,12
7598,OU_U0051_12_Pink.xlsx,furniture_rooms,家具と部屋,OU,U0051,0,0,U0051,f,1,386,12
7599,OU_U0051_12_Pink.xlsx,household,小さな家庭用品,OU,U0051,0,0,U0051,f,1,386,12
7600,OU_U0051_12_Pink.xlsx,outside,戸外の物と場所,OU,U0051,0,0,U0051,f,1,386,12
7601,OU_U0051_12_Pink.xlsx,people,人々,OU,U0051,4,0,U0051,f,1,386,12
7602,OU_U0051_12_Pink.xlsx,games_routines,日課とあいさつ,OU,U0051,5,2,U0051,f,1,386,12
7603,OU_U0051_12_Pink.xlsx,action_words,動作語,OU,U0051,0,0,U0051,f,1,386,12
7604,OU_U0051_12_Pink.xlsx,time_words,時間についてのことば,OU,U0051,1,0,U0051,f,1,386,12
7605,OU_U0051_12_Pink.xlsx,descriptive_words,ようす・性質,OU,U0051,2,0,U0051,f,1,386,12
7606,OU_U0051_12_Pink.xlsx,pronouns,代名詞,OU,U0051,0,0,U0051,f,1,386,12
7607,OU_U0051_12_Pink.xlsx,question_words,質問のことば,OU,U0051,0,0,U0051,f,1,386,12
7608,OU_U0051_12_Pink.xlsx,locations,位置と場所についてのことば,OU,U0051,0,0,U0051,f,1,386,12
7609,OU_U0051_12_Pink.xlsx,quantifiers,数量を表すことば,OU,U0051,0,0,U0051,f,1,386,12
7610,OU_U0051_12_Pink.xlsx,sounds2,幼児語（その２）,OU,U0051,0,0,U0051,f,1,386,12
7611,OU_U0051_12_Pink.xlsx,conversations,会話語,OU,U0051,3,0,U0051,f,1,386,12
7612,OU_U0051_12_Pink.xlsx,others,その他,OU,U0051,0,0,U0051,f,1,386,12
7613,OU_U0052_12_Pink.xlsx,sounds,幼児語,OU,U0052,1,0,U0052,m,1,367,12
7614,OU_U0052_12_Pink.xlsx,animals,動物の名前,OU,U0052,0,0,U0052,m,1,367,12
7615,OU_U0052_12_Pink.xlsx,vehicles,乗り物,OU,U0052,0,0,U0052,m,1,367,12
7616,OU_U0052_12_Pink.xlsx,toys,おもちゃ,OU,U0052,0,0,U0052,m,1,367,12
7617,OU_U0052_12_Pink.xlsx,food_drink,食べ物と飲み物,OU,U0052,0,0,U0052,m,1,367,12
7618,OU_U0052_12_Pink.xlsx,clothing,衣類,OU,U0052,0,0,U0052,m,1,367,12
7619,OU_U0052_12_Pink.xlsx,body_parts,体の部分,OU,U0052,0,0,U0052,m,1,367,12
7620,OU_U0052_12_Pink.xlsx,furniture_rooms,家具と部屋,OU,U0052,0,0,U0052,m,1,367,12
7621,OU_U0052_12_Pink.xlsx,household,小さな家庭用品,OU,U0052,0,0,U0052,m,1,367,12
7622,OU_U0052_12_Pink.xlsx,outside,戸外の物と場所,OU,U0052,0,0,U0052,m,1,367,12
7623,OU_U0052_12_Pink.xlsx,people,人々,OU,U0052,3,2,U0052,m,1,367,12
7624,OU_U0052_12_Pink.xlsx,games_routines,日課とあいさつ,OU,U0052,4,0,U0052,m,1,367,12
7625,OU_U0052_12_Pink.xlsx,action_words,動作語,OU,U0052,0,0,U0052,m,1,367,12
7626,OU_U0052_12_Pink.xlsx,time_words,時間についてのことば,OU,U0052,0,0,U0052,m,1,367,12
7627,OU_U0052_12_Pink.xlsx,descriptive_words,ようす・性質,OU,U0052,1,0,U0052,m,1,367,12
7628,OU_U0052_12_Pink.xlsx,pronouns,代名詞,OU,U0052,0,0,U0052,m,1,367,12
7629,OU_U0052_12_Pink.xlsx,question_words,質問のことば,OU,U0052,1,0,U0052,m,1,367,12
7630,OU_U0052_12_Pink.xlsx,locations,位置と場所についてのことば,OU,U0052,0,0,U0052,m,1,367,12
7631,OU_U0052_12_Pink.xlsx,quantifiers,数量を表すことば,OU,U0052,1,0,U0052,m,1,367,12
7632,OU_U0052_12_Pink.xlsx,sounds2,幼児語（その２）,OU,U0052,2,1,U0052,m,1,367,12
7633,OU_U0052_12_Pink.xlsx,conversations,会話語,OU,U0052,0,0,U0052,m,1,367,12
7634,OU_U0052_12_Pink.xlsx,others,その他,OU,U0052,2,0,U0052,m,1,367,12
7635,OU_U0053_12_Pink.xlsx,sounds,幼児語,OU,U0053,6,0,U0053,m,1,387,12
7636,OU_U0053_12_Pink.xlsx,animals,動物の名前,OU,U0053,8,0,U0053,m,1,387,12
7637,OU_U0053_12_Pink.xlsx,vehicles,乗り物,OU,U0053,3,0,U0053,m,1,387,12
7638,OU_U0053_12_Pink.xlsx,toys,おもちゃ,OU,U0053,5,0,U0053,m,1,387,12
7639,OU_U0053_12_Pink.xlsx,food_drink,食べ物と飲み物,OU,U0053,7,0,U0053,m,1,387,12
7640,OU_U0053_12_Pink.xlsx,clothing,衣類,OU,U0053,1,0,U0053,m,1,387,12
7641,OU_U0053_12_Pink.xlsx,body_parts,体の部分,OU,U0053,5,0,U0053,m,1,387,12
7642,OU_U0053_12_Pink.xlsx,furniture_rooms,家具と部屋,OU,U0053,2,0,U0053,m,1,387,12
7643,OU_U0053_12_Pink.xlsx,household,小さな家庭用品,OU,U0053,0,0,U0053,m,1,387,12
7644,OU_U0053_12_Pink.xlsx,outside,戸外の物と場所,OU,U0053,1,0,U0053,m,1,387,12
7645,OU_U0053_12_Pink.xlsx,people,人々,OU,U0053,5,0,U0053,m,1,387,12
7646,OU_U0053_12_Pink.xlsx,games_routines,日課とあいさつ,OU,U0053,15,1,U0053,m,1,387,12
7647,OU_U0053_12_Pink.xlsx,action_words,動作語,OU,U0053,6,0,U0053,m,1,387,12
7648,OU_U0053_12_Pink.xlsx,time_words,時間についてのことば,OU,U0053,2,0,U0053,m,1,387,12
7649,OU_U0053_12_Pink.xlsx,descriptive_words,ようす・性質,OU,U0053,1,0,U0053,m,1,387,12
7650,OU_U0053_12_Pink.xlsx,pronouns,代名詞,OU,U0053,0,0,U0053,m,1,387,12
7651,OU_U0053_12_Pink.xlsx,question_words,質問のことば,OU,U0053,0,0,U0053,m,1,387,12
7652,OU_U0053_12_Pink.xlsx,locations,位置と場所についてのことば,OU,U0053,0,0,U0053,m,1,387,12
7653,OU_U0053_12_Pink.xlsx,quantifiers,数量を表すことば,OU,U0053,0,0,U0053,m,1,387,12
7654,OU_U0053_12_Pink.xlsx,sounds2,幼児語（その２）,OU,U0053,3,4,U0053,m,1,387,12
7655,OU_U0053_12_Pink.xlsx,conversations,会話語,OU,U0053,1,0,U0053,m,1,387,12
7656,OU_U0053_12_Pink.xlsx,others,その他,OU,U0053,2,0,U0053,m,1,387,12
7657,OU_U0054_12_Pink.xlsx,sounds,幼児語,OU,U0054,1,0,U0054,m,1,368,12
7658,OU_U0054_12_Pink.xlsx,animals,動物の名前,OU,U0054,2,0,U0054,m,1,368,12
7659,OU_U0054_12_Pink.xlsx,vehicles,乗り物,OU,U0054,0,0,U0054,m,1,368,12
7660,OU_U0054_12_Pink.xlsx,toys,おもちゃ,OU,U0054,1,0,U0054,m,1,368,12
7661,OU_U0054_12_Pink.xlsx,food_drink,食べ物と飲み物,OU,U0054,1,0,U0054,m,1,368,12
7662,OU_U0054_12_Pink.xlsx,clothing,衣類,OU,U0054,2,0,U0054,m,1,368,12
7663,OU_U0054_12_Pink.xlsx,body_parts,体の部分,OU,U0054,1,0,U0054,m,1,368,12
7664,OU_U0054_12_Pink.xlsx,furniture_rooms,家具と部屋,OU,U0054,0,0,U0054,m,1,368,12
7665,OU_U0054_12_Pink.xlsx,household,小さな家庭用品,OU,U0054,1,0,U0054,m,1,368,12
7666,OU_U0054_12_Pink.xlsx,outside,戸外の物と場所,OU,U0054,0,0,U0054,m,1,368,12
7667,OU_U0054_12_Pink.xlsx,people,人々,OU,U0054,2,2,U0054,m,1,368,12
7668,OU_U0054_12_Pink.xlsx,games_routines,日課とあいさつ,OU,U0054,10,0,U0054,m,1,368,12
7669,OU_U0054_12_Pink.xlsx,action_words,動作語,OU,U0054,1,0,U0054,m,1,368,12
7670,OU_U0054_12_Pink.xlsx,time_words,時間についてのことば,OU,U0054,0,0,U0054,m,1,368,12
7671,OU_U0054_12_Pink.xlsx,descriptive_words,ようす・性質,OU,U0054,2,0,U0054,m,1,368,12
7672,OU_U0054_12_Pink.xlsx,pronouns,代名詞,OU,U0054,0,0,U0054,m,1,368,12
7673,OU_U0054_12_Pink.xlsx,question_words,質問のことば,OU,U0054,0,0,U0054,m,1,368,12
7674,OU_U0054_12_Pink.xlsx,locations,位置と場所についてのことば,OU,U0054,1,0,U0054,m,1,368,12
7675,OU_U0054_12_Pink.xlsx,quantifiers,数量を表すことば,OU,U0054,1,0,U0054,m,1,368,12
7676,OU_U0054_12_Pink.xlsx,sounds2,幼児語（その２）,OU,U0054,0,0,U0054,m,1,368,12
7677,OU_U0054_12_Pink.xlsx,conversations,会話語,OU,U0054,0,0,U0054,m,1,368,12
7678,OU_U0054_12_Pink.xlsx,others,その他,OU,U0054,1,0,U0054,m,1,368,12
7679,OU_U0054_14_Pink.xlsx,sounds,幼児語,OU,U0054,1,0,U0054,m,1,454,14
7680,OU_U0054_14_Pink.xlsx,animals,動物の名前,OU,U0054,1,0,U0054,m,1,454,14
7681,OU_U0054_14_Pink.xlsx,vehicles,乗り物,OU,U0054,0,0,U0054,m,1,454,14
7682,OU_U0054_14_Pink.xlsx,toys,おもちゃ,OU,U0054,1,0,U0054,m,1,454,14
7683,OU_U0054_14_Pink.xlsx,food_drink,食べ物と飲み物,OU,U0054,1,0,U0054,m,1,454,14
7684,OU_U0054_14_Pink.xlsx,clothing,衣類,OU,U0054,2,0,U0054,m,1,454,14
7685,OU_U0054_14_Pink.xlsx,body_parts,体の部分,OU,U0054,1,0,U0054,m,1,454,14
7686,OU_U0054_14_Pink.xlsx,furniture_rooms,家具と部屋,OU,U0054,0,0,U0054,m,1,454,14
7687,OU_U0054_14_Pink.xlsx,household,小さな家庭用品,OU,U0054,0,0,U0054,m,1,454,14
7688,OU_U0054_14_Pink.xlsx,outside,戸外の物と場所,OU,U0054,0,0,U0054,m,1,454,14
7689,OU_U0054_14_Pink.xlsx,people,人々,OU,U0054,2,2,U0054,m,1,454,14
7690,OU_U0054_14_Pink.xlsx,games_routines,日課とあいさつ,OU,U0054,10,0,U0054,m,1,454,14
7691,OU_U0054_14_Pink.xlsx,action_words,動作語,OU,U0054,1,0,U0054,m,1,454,14
7692,OU_U0054_14_Pink.xlsx,time_words,時間についてのことば,OU,U0054,0,0,U0054,m,1,454,14
7693,OU_U0054_14_Pink.xlsx,descriptive_words,ようす・性質,OU,U0054,2,0,U0054,m,1,454,14
7694,OU_U0054_14_Pink.xlsx,pronouns,代名詞,OU,U0054,0,0,U0054,m,1,454,14
7695,OU_U0054_14_Pink.xlsx,question_words,質問のことば,OU,U0054,0,0,U0054,m,1,454,14
7696,OU_U0054_14_Pink.xlsx,locations,位置と場所についてのことば,OU,U0054,1,0,U0054,m,1,454,14
7697,OU_U0054_14_Pink.xlsx,quantifiers,数量を表すことば,OU,U0054,1,0,U0054,m,1,454,14
7698,OU_U0054_14_Pink.xlsx,sounds2,幼児語（その２）,OU,U0054,0,0,U0054,m,1,454,14
7699,OU_U0054_14_Pink.xlsx,conversations,会話語,OU,U0054,0,0,U0054,m,1,454,14
7700,OU_U0054_14_Pink.xlsx,others,その他,OU,U0054,1,0,U0054,m,1,454,14
7701,OU_U0054_18_Pink.xlsx,sounds,幼児語,OU,U0054,6,0,U0054,m,1,549,18
7702,OU_U0054_18_Pink.xlsx,animals,動物の名前,OU,U0054,2,0,U0054,m,1,549,18
7703,OU_U0054_18_Pink.xlsx,vehicles,乗り物,OU,U0054,1,0,U0054,m,1,549,18
7704,OU_U0054_18_Pink.xlsx,toys,おもちゃ,OU,U0054,2,0,U0054,m,1,549,18
7705,OU_U0054_18_Pink.xlsx,food_drink,食べ物と飲み物,OU,U0054,6,1,U0054,m,1,549,18
7706,OU_U0054_18_Pink.xlsx,clothing,衣類,OU,U0054,2,0,U0054,m,1,549,18
7707,OU_U0054_18_Pink.xlsx,body_parts,体の部分,OU,U0054,8,2,U0054,m,1,549,18
7708,OU_U0054_18_Pink.xlsx,furniture_rooms,家具と部屋,OU,U0054,2,0,U0054,m,1,549,18
7709,OU_U0054_18_Pink.xlsx,household,小さな家庭用品,OU,U0054,1,0,U0054,m,1,549,18
7710,OU_U0054_18_Pink.xlsx,outside,戸外の物と場所,OU,U0054,0,0,U0054,m,1,549,18
7711,OU_U0054_18_Pink.xlsx,people,人々,OU,U0054,2,4,U0054,m,1,549,18
7712,OU_U0054_18_Pink.xlsx,games_routines,日課とあいさつ,OU,U0054,11,1,U0054,m,1,549,18
7713,OU_U0054_18_Pink.xlsx,action_words,動作語,OU,U0054,11,0,U0054,m,1,549,18
7714,OU_U0054_18_Pink.xlsx,time_words,時間についてのことば,OU,U0054,0,0,U0054,m,1,549,18
7715,OU_U0054_18_Pink.xlsx,descriptive_words,ようす・性質,OU,U0054,6,1,U0054,m,1,549,18
7716,OU_U0054_18_Pink.xlsx,pronouns,代名詞,OU,U0054,0,0,U0054,m,1,549,18
7717,OU_U0054_18_Pink.xlsx,question_words,質問のことば,OU,U0054,0,0,U0054,m,1,549,18
7718,OU_U0054_18_Pink.xlsx,locations,位置と場所についてのことば,OU,U0054,1,1,U0054,m,1,549,18
7719,OU_U0054_18_Pink.xlsx,quantifiers,数量を表すことば,OU,U0054,0,1,U0054,m,1,549,18
7720,OU_U0054_18_Pink.xlsx,sounds2,幼児語（その２）,OU,U0054,1,3,U0054,m,1,549,18
7721,OU_U0054_18_Pink.xlsx,conversations,会話語,OU,U0054,0,0,U0054,m,1,549,18
7722,OU_U0054_18_Pink.xlsx,others,その他,OU,U0054,2,0,U0054,m,1,549,18
7723,OU_U0055_12_Pink.xlsx,sounds,幼児語,OU,U0055,4,0,U0055,m,1,370,12
7724,OU_U0055_12_Pink.xlsx,animals,動物の名前,OU,U0055,0,0,U0055,m,1,370,12
7725,OU_U0055_12_Pink.xlsx,vehicles,乗り物,OU,U0055,1,0,U0055,m,1,370,12
7726,OU_U0055_12_Pink.xlsx,toys,おもちゃ,OU,U0055,0,0,U0055,m,1,370,12
7727,OU_U0055_12_Pink.xlsx,food_drink,食べ物と飲み物,OU,U0055,2,0,U0055,m,1,370,12
7728,OU_U0055_12_Pink.xlsx,clothing,衣類,OU,U0055,0,0,U0055,m,1,370,12
7729,OU_U0055_12_Pink.xlsx,body_parts,体の部分,OU,U0055,1,0,U0055,m,1,370,12
7730,OU_U0055_12_Pink.xlsx,furniture_rooms,家具と部屋,OU,U0055,0,0,U0055,m,1,370,12
7731,OU_U0055_12_Pink.xlsx,household,小さな家庭用品,OU,U0055,0,0,U0055,m,1,370,12
7732,OU_U0055_12_Pink.xlsx,outside,戸外の物と場所,OU,U0055,0,0,U0055,m,1,370,12
7733,OU_U0055_12_Pink.xlsx,people,人々,OU,U0055,1,0,U0055,m,1,370,12
7734,OU_U0055_12_Pink.xlsx,games_routines,日課とあいさつ,OU,U0055,5,0,U0055,m,1,370,12
7735,OU_U0055_12_Pink.xlsx,action_words,動作語,OU,U0055,0,0,U0055,m,1,370,12
7736,OU_U0055_12_Pink.xlsx,time_words,時間についてのことば,OU,U0055,0,0,U0055,m,1,370,12
7737,OU_U0055_12_Pink.xlsx,descriptive_words,ようす・性質,OU,U0055,1,0,U0055,m,1,370,12
7738,OU_U0055_12_Pink.xlsx,pronouns,代名詞,OU,U0055,0,0,U0055,m,1,370,12
7739,OU_U0055_12_Pink.xlsx,question_words,質問のことば,OU,U0055,0,0,U0055,m,1,370,12
7740,OU_U0055_12_Pink.xlsx,locations,位置と場所についてのことば,OU,U0055,0,0,U0055,m,1,370,12
7741,OU_U0055_12_Pink.xlsx,quantifiers,数量を表すことば,OU,U0055,0,0,U0055,m,1,370,12
7742,OU_U0055_12_Pink.xlsx,sounds2,幼児語（その２）,OU,U0055,1,0,U0055,m,1,370,12
7743,OU_U0055_12_Pink.xlsx,conversations,会話語,OU,U0055,0,0,U0055,m,1,370,12
7744,OU_U0055_12_Pink.xlsx,others,その他,OU,U0055,1,0,U0055,m,1,370,12
7745,OU_U0055_15_Pink.xlsx,sounds,幼児語,OU,U0055,6,0,U0055,m,1,469,15
7746,OU_U0055_15_Pink.xlsx,animals,動物の名前,OU,U0055,6,0,U0055,m,1,469,15
7747,OU_U0055_15_Pink.xlsx,vehicles,乗り物,OU,U0055,5,0,U0055,m,1,469,15
7748,OU_U0055_15_Pink.xlsx,toys,おもちゃ,OU,U0055,3,0,U0055,m,1,469,15
7749,OU_U0055_15_Pink.xlsx,food_drink,食べ物と飲み物,OU,U0055,10,0,U0055,m,1,469,15
7750,OU_U0055_15_Pink.xlsx,clothing,衣類,OU,U0055,5,0,U0055,m,1,469,15
7751,OU_U0055_15_Pink.xlsx,body_parts,体の部分,OU,U0055,16,0,U0055,m,1,469,15
7752,OU_U0055_15_Pink.xlsx,furniture_rooms,家具と部屋,OU,U0055,15,0,U0055,m,1,469,15
7753,OU_U0055_15_Pink.xlsx,household,小さな家庭用品,OU,U0055,20,0,U0055,m,1,469,15
7754,OU_U0055_15_Pink.xlsx,outside,戸外の物と場所,OU,U0055,9,0,U0055,m,1,469,15
7755,OU_U0055_15_Pink.xlsx,people,人々,OU,U0055,10,0,U0055,m,1,469,15
7756,OU_U0055_15_Pink.xlsx,games_routines,日課とあいさつ,OU,U0055,14,0,U0055,m,1,469,15
7757,OU_U0055_15_Pink.xlsx,action_words,動作語,OU,U0055,26,0,U0055,m,1,469,15
7758,OU_U0055_15_Pink.xlsx,time_words,時間についてのことば,OU,U0055,0,0,U0055,m,1,469,15
7759,OU_U0055_15_Pink.xlsx,descriptive_words,ようす・性質,OU,U0055,14,0,U0055,m,1,469,15
7760,OU_U0055_15_Pink.xlsx,pronouns,代名詞,OU,U0055,5,0,U0055,m,1,469,15
7761,OU_U0055_15_Pink.xlsx,question_words,質問のことば,OU,U0055,0,0,U0055,m,1,469,15
7762,OU_U0055_15_Pink.xlsx,locations,位置と場所についてのことば,OU,U0055,1,0,U0055,m,1,469,15
7763,OU_U0055_15_Pink.xlsx,quantifiers,数量を表すことば,OU,U0055,3,0,U0055,m,1,469,15
7764,OU_U0055_15_Pink.xlsx,sounds2,幼児語（その２）,OU,U0055,13,0,U0055,m,1,469,15
7765,OU_U0055_15_Pink.xlsx,conversations,会話語,OU,U0055,1,0,U0055,m,1,469,15
7766,OU_U0055_15_Pink.xlsx,others,その他,OU,U0055,3,0,U0055,m,1,469,15
7767,OU_U0055_18_Pink.xlsx,sounds,幼児語,OU,U0055,3,4,U0055,m,1,566,18
7768,OU_U0055_18_Pink.xlsx,animals,動物の名前,OU,U0055,14,0,U0055,m,1,566,18
7769,OU_U0055_18_Pink.xlsx,vehicles,乗り物,OU,U0055,9,0,U0055,m,1,566,18
7770,OU_U0055_18_Pink.xlsx,toys,おもちゃ,OU,U0055,8,0,U0055,m,1,566,18
7771,OU_U0055_18_Pink.xlsx,food_drink,食べ物と飲み物,OU,U0055,16,0,U0055,m,1,566,18
7772,OU_U0055_18_Pink.xlsx,clothing,衣類,OU,U0055,8,0,U0055,m,1,566,18
7773,OU_U0055_18_Pink.xlsx,body_parts,体の部分,OU,U0055,16,1,U0055,m,1,566,18
7774,OU_U0055_18_Pink.xlsx,furniture_rooms,家具と部屋,OU,U0055,19,0,U0055,m,1,566,18
7775,OU_U0055_18_Pink.xlsx,household,小さな家庭用品,OU,U0055,28,0,U0055,m,1,566,18
7776,OU_U0055_18_Pink.xlsx,outside,戸外の物と場所,OU,U0055,12,0,U0055,m,1,566,18
7777,OU_U0055_18_Pink.xlsx,people,人々,OU,U0055,9,0,U0055,m,1,566,18
7778,OU_U0055_18_Pink.xlsx,games_routines,日課とあいさつ,OU,U0055,16,2,U0055,m,1,566,18
7779,OU_U0055_18_Pink.xlsx,action_words,動作語,OU,U0055,40,0,U0055,m,1,566,18
7780,OU_U0055_18_Pink.xlsx,time_words,時間についてのことば,OU,U0055,0,0,U0055,m,1,566,18
7781,OU_U0055_18_Pink.xlsx,descriptive_words,ようす・性質,OU,U0055,8,0,U0055,m,1,566,18
7782,OU_U0055_18_Pink.xlsx,pronouns,代名詞,OU,U0055,5,0,U0055,m,1,566,18
7783,OU_U0055_18_Pink.xlsx,question_words,質問のことば,OU,U0055,3,0,U0055,m,1,566,18
7784,OU_U0055_18_Pink.xlsx,locations,位置と場所についてのことば,OU,U0055,1,0,U0055,m,1,566,18
7785,OU_U0055_18_Pink.xlsx,quantifiers,数量を表すことば,OU,U0055,8,0,U0055,m,1,566,18
7786,OU_U0055_18_Pink.xlsx,sounds2,幼児語（その２）,OU,U0055,18,4,U0055,m,1,566,18
7787,OU_U0055_18_Pink.xlsx,conversations,会話語,OU,U0055,2,0,U0055,m,1,566,18
7788,OU_U0055_18_Pink.xlsx,others,その他,OU,U0055,4,0,U0055,m,1,566,18
7789,OU_U0056_12_Pink.xlsx,sounds,幼児語,OU,U0056,0,0,U0056,f,1,369,12
7790,OU_U0056_12_Pink.xlsx,animals,動物の名前,OU,U0056,2,0,U0056,f,1,369,12
7791,OU_U0056_12_Pink.xlsx,vehicles,乗り物,OU,U0056,2,0,U0056,f,1,369,12
7792,OU_U0056_12_Pink.xlsx,toys,おもちゃ,OU,U0056,3,0,U0056,f,1,369,12
7793,OU_U0056_12_Pink.xlsx,food_drink,食べ物と飲み物,OU,U0056,3,0,U0056,f,1,369,12
7794,OU_U0056_12_Pink.xlsx,clothing,衣類,OU,U0056,1,0,U0056,f,1,369,12
7795,OU_U0056_12_Pink.xlsx,body_parts,体の部分,OU,U0056,2,0,U0056,f,1,369,12
7796,OU_U0056_12_Pink.xlsx,furniture_rooms,家具と部屋,OU,U0056,0,0,U0056,f,1,369,12
7797,OU_U0056_12_Pink.xlsx,household,小さな家庭用品,OU,U0056,0,0,U0056,f,1,369,12
7798,OU_U0056_12_Pink.xlsx,outside,戸外の物と場所,OU,U0056,3,0,U0056,f,1,369,12
7799,OU_U0056_12_Pink.xlsx,people,人々,OU,U0056,3,0,U0056,f,1,369,12
7800,OU_U0056_12_Pink.xlsx,games_routines,日課とあいさつ,OU,U0056,8,0,U0056,f,1,369,12
7801,OU_U0056_12_Pink.xlsx,action_words,動作語,OU,U0056,4,0,U0056,f,1,369,12
7802,OU_U0056_12_Pink.xlsx,time_words,時間についてのことば,OU,U0056,0,0,U0056,f,1,369,12
7803,OU_U0056_12_Pink.xlsx,descriptive_words,ようす・性質,OU,U0056,0,0,U0056,f,1,369,12
7804,OU_U0056_12_Pink.xlsx,pronouns,代名詞,OU,U0056,0,0,U0056,f,1,369,12
7805,OU_U0056_12_Pink.xlsx,question_words,質問のことば,OU,U0056,0,0,U0056,f,1,369,12
7806,OU_U0056_12_Pink.xlsx,locations,位置と場所についてのことば,OU,U0056,0,0,U0056,f,1,369,12
7807,OU_U0056_12_Pink.xlsx,quantifiers,数量を表すことば,OU,U0056,0,0,U0056,f,1,369,12
7808,OU_U0056_12_Pink.xlsx,sounds2,幼児語（その２）,OU,U0056,4,0,U0056,f,1,369,12
7809,OU_U0056_12_Pink.xlsx,conversations,会話語,OU,U0056,0,0,U0056,f,1,369,12
7810,OU_U0056_12_Pink.xlsx,others,その他,OU,U0056,1,0,U0056,f,1,369,12
7811,OU_U0056_15_Pink.xlsx,sounds,幼児語,OU,U0056,10,1,U0056,f,1,457,15
7812,OU_U0056_15_Pink.xlsx,animals,動物の名前,OU,U0056,17,1,U0056,f,1,457,15
7813,OU_U0056_15_Pink.xlsx,vehicles,乗り物,OU,U0056,4,0,U0056,f,1,457,15
7814,OU_U0056_15_Pink.xlsx,toys,おもちゃ,OU,U0056,5,0,U0056,f,1,457,15
7815,OU_U0056_15_Pink.xlsx,food_drink,食べ物と飲み物,OU,U0056,4,4,U0056,f,1,457,15
7816,OU_U0056_15_Pink.xlsx,clothing,衣類,OU,U0056,6,0,U0056,f,1,457,15
7817,OU_U0056_15_Pink.xlsx,body_parts,体の部分,OU,U0056,7,0,U0056,f,1,457,15
7818,OU_U0056_15_Pink.xlsx,furniture_rooms,家具と部屋,OU,U0056,2,0,U0056,f,1,457,15
7819,OU_U0056_15_Pink.xlsx,household,小さな家庭用品,OU,U0056,6,0,U0056,f,1,457,15
7820,OU_U0056_15_Pink.xlsx,outside,戸外の物と場所,OU,U0056,7,0,U0056,f,1,457,15
7821,OU_U0056_15_Pink.xlsx,people,人々,OU,U0056,6,0,U0056,f,1,457,15
7822,OU_U0056_15_Pink.xlsx,games_routines,日課とあいさつ,OU,U0056,12,0,U0056,f,1,457,15
7823,OU_U0056_15_Pink.xlsx,action_words,動作語,OU,U0056,13,0,U0056,f,1,457,15
7824,OU_U0056_15_Pink.xlsx,time_words,時間についてのことば,OU,U0056,2,0,U0056,f,1,457,15
7825,OU_U0056_15_Pink.xlsx,descriptive_words,ようす・性質,OU,U0056,3,0,U0056,f,1,457,15
7826,OU_U0056_15_Pink.xlsx,pronouns,代名詞,OU,U0056,0,0,U0056,f,1,457,15
7827,OU_U0056_15_Pink.xlsx,question_words,質問のことば,OU,U0056,0,0,U0056,f,1,457,15
7828,OU_U0056_15_Pink.xlsx,locations,位置と場所についてのことば,OU,U0056,1,0,U0056,f,1,457,15
7829,OU_U0056_15_Pink.xlsx,quantifiers,数量を表すことば,OU,U0056,0,0,U0056,f,1,457,15
7830,OU_U0056_15_Pink.xlsx,sounds2,幼児語（その２）,OU,U0056,22,0,U0056,f,1,457,15
7831,OU_U0056_15_Pink.xlsx,conversations,会話語,OU,U0056,0,0,U0056,f,1,457,15
7832,OU_U0056_15_Pink.xlsx,others,その他,OU,U0056,3,0,U0056,f,1,457,15
7833,OU_U0056_17_Pink.xlsx,sounds,幼児語,OU,U0056,4,7,U0056,f,1,548,17
7834,OU_U0056_17_Pink.xlsx,animals,動物の名前,OU,U0056,10,15,U0056,f,1,548,17
7835,OU_U0056_17_Pink.xlsx,vehicles,乗り物,OU,U0056,2,2,U0056,f,1,548,17
7836,OU_U0056_17_Pink.xlsx,toys,おもちゃ,OU,U0056,4,1,U0056,f,1,548,17
7837,OU_U0056_17_Pink.xlsx,food_drink,食べ物と飲み物,OU,U0056,7,6,U0056,f,1,548,17
7838,OU_U0056_17_Pink.xlsx,clothing,衣類,OU,U0056,6,1,U0056,f,1,548,17
7839,OU_U0056_17_Pink.xlsx,body_parts,体の部分,OU,U0056,9,1,U0056,f,1,548,17
7840,OU_U0056_17_Pink.xlsx,furniture_rooms,家具と部屋,OU,U0056,5,0,U0056,f,1,548,17
7841,OU_U0056_17_Pink.xlsx,household,小さな家庭用品,OU,U0056,13,0,U0056,f,1,548,17
7842,OU_U0056_17_Pink.xlsx,outside,戸外の物と場所,OU,U0056,9,1,U0056,f,1,548,17
7843,OU_U0056_17_Pink.xlsx,people,人々,OU,U0056,6,0,U0056,f,1,548,17
7844,OU_U0056_17_Pink.xlsx,games_routines,日課とあいさつ,OU,U0056,12,1,U0056,f,1,548,17
7845,OU_U0056_17_Pink.xlsx,action_words,動作語,OU,U0056,20,0,U0056,f,1,548,17
7846,OU_U0056_17_Pink.xlsx,time_words,時間についてのことば,OU,U0056,2,0,U0056,f,1,548,17
7847,OU_U0056_17_Pink.xlsx,descriptive_words,ようす・性質,OU,U0056,4,0,U0056,f,1,548,17
7848,OU_U0056_17_Pink.xlsx,pronouns,代名詞,OU,U0056,0,0,U0056,f,1,548,17
7849,OU_U0056_17_Pink.xlsx,question_words,質問のことば,OU,U0056,1,0,U0056,f,1,548,17
7850,OU_U0056_17_Pink.xlsx,locations,位置と場所についてのことば,OU,U0056,4,0,U0056,f,1,548,17
7851,OU_U0056_17_Pink.xlsx,quantifiers,数量を表すことば,OU,U0056,0,0,U0056,f,1,548,17
7852,OU_U0056_17_Pink.xlsx,sounds2,幼児語（その２）,OU,U0056,11,12,U0056,f,1,548,17
7853,OU_U0056_17_Pink.xlsx,conversations,会話語,OU,U0056,4,0,U0056,f,1,548,17
7854,OU_U0056_17_Pink.xlsx,others,その他,OU,U0056,3,0,U0056,f,1,548,17
7855,OU_U0057_12_Pink.xlsx,sounds,幼児語,OU,U0057,0,0,U0057,f,1,378,12
7856,OU_U0057_12_Pink.xlsx,animals,動物の名前,OU,U0057,0,0,U0057,f,1,378,12
7857,OU_U0057_12_Pink.xlsx,vehicles,乗り物,OU,U0057,0,0,U0057,f,1,378,12
7858,OU_U0057_12_Pink.xlsx,toys,おもちゃ,OU,U0057,0,0,U0057,f,1,378,12
7859,OU_U0057_12_Pink.xlsx,food_drink,食べ物と飲み物,OU,U0057,0,0,U0057,f,1,378,12
7860,OU_U0057_12_Pink.xlsx,clothing,衣類,OU,U0057,0,0,U0057,f,1,378,12
7861,OU_U0057_12_Pink.xlsx,body_parts,体の部分,OU,U0057,2,0,U0057,f,1,378,12
7862,OU_U0057_12_Pink.xlsx,furniture_rooms,家具と部屋,OU,U0057,0,0,U0057,f,1,378,12
7863,OU_U0057_12_Pink.xlsx,household,小さな家庭用品,OU,U0057,0,0,U0057,f,1,378,12
7864,OU_U0057_12_Pink.xlsx,outside,戸外の物と場所,OU,U0057,0,0,U0057,f,1,378,12
7865,OU_U0057_12_Pink.xlsx,people,人々,OU,U0057,3,0,U0057,f,1,378,12
7866,OU_U0057_12_Pink.xlsx,games_routines,日課とあいさつ,OU,U0057,8,0,U0057,f,1,378,12
7867,OU_U0057_12_Pink.xlsx,action_words,動作語,OU,U0057,3,0,U0057,f,1,378,12
7868,OU_U0057_12_Pink.xlsx,time_words,時間についてのことば,OU,U0057,0,0,U0057,f,1,378,12
7869,OU_U0057_12_Pink.xlsx,descriptive_words,ようす・性質,OU,U0057,1,0,U0057,f,1,378,12
7870,OU_U0057_12_Pink.xlsx,pronouns,代名詞,OU,U0057,0,0,U0057,f,1,378,12
7871,OU_U0057_12_Pink.xlsx,question_words,質問のことば,OU,U0057,0,0,U0057,f,1,378,12
7872,OU_U0057_12_Pink.xlsx,locations,位置と場所についてのことば,OU,U0057,0,0,U0057,f,1,378,12
7873,OU_U0057_12_Pink.xlsx,quantifiers,数量を表すことば,OU,U0057,0,0,U0057,f,1,378,12
7874,OU_U0057_12_Pink.xlsx,sounds2,幼児語（その２）,OU,U0057,4,1,U0057,f,1,378,12
7875,OU_U0057_12_Pink.xlsx,conversations,会話語,OU,U0057,0,0,U0057,f,1,378,12
7876,OU_U0057_12_Pink.xlsx,others,その他,OU,U0057,0,0,U0057,f,1,378,12
7877,OU_U0057_15_Pink.xlsx,sounds,幼児語,OU,U0057,4,0,U0057,f,1,476,15
7878,OU_U0057_15_Pink.xlsx,animals,動物の名前,OU,U0057,0,0,U0057,f,1,476,15
7879,OU_U0057_15_Pink.xlsx,vehicles,乗り物,OU,U0057,2,0,U0057,f,1,476,15
7880,OU_U0057_15_Pink.xlsx,toys,おもちゃ,OU,U0057,2,0,U0057,f,1,476,15
7881,OU_U0057_15_Pink.xlsx,food_drink,食べ物と飲み物,OU,U0057,3,0,U0057,f,1,476,15
7882,OU_U0057_15_Pink.xlsx,clothing,衣類,OU,U0057,5,0,U0057,f,1,476,15
7883,OU_U0057_15_Pink.xlsx,body_parts,体の部分,OU,U0057,3,0,U0057,f,1,476,15
7884,OU_U0057_15_Pink.xlsx,furniture_rooms,家具と部屋,OU,U0057,1,0,U0057,f,1,476,15
7885,OU_U0057_15_Pink.xlsx,household,小さな家庭用品,OU,U0057,3,0,U0057,f,1,476,15
7886,OU_U0057_15_Pink.xlsx,outside,戸外の物と場所,OU,U0057,1,0,U0057,f,1,476,15
7887,OU_U0057_15_Pink.xlsx,people,人々,OU,U0057,7,0,U0057,f,1,476,15
7888,OU_U0057_15_Pink.xlsx,games_routines,日課とあいさつ,OU,U0057,15,0,U0057,f,1,476,15
7889,OU_U0057_15_Pink.xlsx,action_words,動作語,OU,U0057,15,0,U0057,f,1,476,15
7890,OU_U0057_15_Pink.xlsx,time_words,時間についてのことば,OU,U0057,0,0,U0057,f,1,476,15
7891,OU_U0057_15_Pink.xlsx,descriptive_words,ようす・性質,OU,U0057,5,0,U0057,f,1,476,15
7892,OU_U0057_15_Pink.xlsx,pronouns,代名詞,OU,U0057,9,0,U0057,f,1,476,15
7893,OU_U0057_15_Pink.xlsx,question_words,質問のことば,OU,U0057,1,0,U0057,f,1,476,15
7894,OU_U0057_15_Pink.xlsx,locations,位置と場所についてのことば,OU,U0057,0,0,U0057,f,1,476,15
7895,OU_U0057_15_Pink.xlsx,quantifiers,数量を表すことば,OU,U0057,1,0,U0057,f,1,476,15
7896,OU_U0057_15_Pink.xlsx,sounds2,幼児語（その２）,OU,U0057,10,1,U0057,f,1,476,15
7897,OU_U0057_15_Pink.xlsx,conversations,会話語,OU,U0057,2,0,U0057,f,1,476,15
7898,OU_U0057_15_Pink.xlsx,others,その他,OU,U0057,2,0,U0057,f,1,476,15
7899,OU_U0057_18_Pink.xlsx,sounds,幼児語,OU,U0057,3,1,U0057,f,1,568,18
7900,OU_U0057_18_Pink.xlsx,animals,動物の名前,OU,U0057,0,0,U0057,f,1,568,18
7901,OU_U0057_18_Pink.xlsx,vehicles,乗り物,OU,U0057,2,0,U0057,f,1,568,18
7902,OU_U0057_18_Pink.xlsx,toys,おもちゃ,OU,U0057,5,0,U0057,f,1,568,18
7903,OU_U0057_18_Pink.xlsx,food_drink,食べ物と飲み物,OU,U0057,11,0,U0057,f,1,568,18
7904,OU_U0057_18_Pink.xlsx,clothing,衣類,OU,U0057,5,0,U0057,f,1,568,18
7905,OU_U0057_18_Pink.xlsx,body_parts,体の部分,OU,U0057,5,1,U0057,f,1,568,18
7906,OU_U0057_18_Pink.xlsx,furniture_rooms,家具と部屋,OU,U0057,8,0,U0057,f,1,568,18
7907,OU_U0057_18_Pink.xlsx,household,小さな家庭用品,OU,U0057,7,0,U0057,f,1,568,18
7908,OU_U0057_18_Pink.xlsx,outside,戸外の物と場所,OU,U0057,1,0,U0057,f,1,568,18
7909,OU_U0057_18_Pink.xlsx,people,人々,OU,U0057,6,2,U0057,f,1,568,18
7910,OU_U0057_18_Pink.xlsx,games_routines,日課とあいさつ,OU,U0057,17,1,U0057,f,1,568,18
7911,OU_U0057_18_Pink.xlsx,action_words,動作語,OU,U0057,22,4,U0057,f,1,568,18
7912,OU_U0057_18_Pink.xlsx,time_words,時間についてのことば,OU,U0057,0,0,U0057,f,1,568,18
7913,OU_U0057_18_Pink.xlsx,descriptive_words,ようす・性質,OU,U0057,6,0,U0057,f,1,568,18
7914,OU_U0057_18_Pink.xlsx,pronouns,代名詞,OU,U0057,9,0,U0057,f,1,568,18
7915,OU_U0057_18_Pink.xlsx,question_words,質問のことば,OU,U0057,1,0,U0057,f,1,568,18
7916,OU_U0057_18_Pink.xlsx,locations,位置と場所についてのことば,OU,U0057,0,0,U0057,f,1,568,18
7917,OU_U0057_18_Pink.xlsx,quantifiers,数量を表すことば,OU,U0057,3,0,U0057,f,1,568,18
7918,OU_U0057_18_Pink.xlsx,sounds2,幼児語（その２）,OU,U0057,13,1,U0057,f,1,568,18
7919,OU_U0057_18_Pink.xlsx,conversations,会話語,OU,U0057,2,1,U0057,f,1,568,18
7920,OU_U0057_18_Pink.xlsx,others,その他,OU,U0057,2,0,U0057,f,1,568,18
7921,OU_U0058_12_Pink.xlsx,sounds,幼児語,OU,U0058,5,0,U0058,f,1,382,12
7922,OU_U0058_12_Pink.xlsx,animals,動物の名前,OU,U0058,2,0,U0058,f,1,382,12
7923,OU_U0058_12_Pink.xlsx,vehicles,乗り物,OU,U0058,1,0,U0058,f,1,382,12
7924,OU_U0058_12_Pink.xlsx,toys,おもちゃ,OU,U0058,2,0,U0058,f,1,382,12
7925,OU_U0058_12_Pink.xlsx,food_drink,食べ物と飲み物,OU,U0058,5,0,U0058,f,1,382,12
7926,OU_U0058_12_Pink.xlsx,clothing,衣類,OU,U0058,2,0,U0058,f,1,382,12
7927,OU_U0058_12_Pink.xlsx,body_parts,体の部分,OU,U0058,5,0,U0058,f,1,382,12
7928,OU_U0058_12_Pink.xlsx,furniture_rooms,家具と部屋,OU,U0058,3,0,U0058,f,1,382,12
7929,OU_U0058_12_Pink.xlsx,household,小さな家庭用品,OU,U0058,6,0,U0058,f,1,382,12
7930,OU_U0058_12_Pink.xlsx,outside,戸外の物と場所,OU,U0058,3,0,U0058,f,1,382,12
7931,OU_U0058_12_Pink.xlsx,people,人々,OU,U0058,5,3,U0058,f,1,382,12
7932,OU_U0058_12_Pink.xlsx,games_routines,日課とあいさつ,OU,U0058,15,0,U0058,f,1,382,12
7933,OU_U0058_12_Pink.xlsx,action_words,動作語,OU,U0058,29,0,U0058,f,1,382,12
7934,OU_U0058_12_Pink.xlsx,time_words,時間についてのことば,OU,U0058,1,0,U0058,f,1,382,12
7935,OU_U0058_12_Pink.xlsx,descriptive_words,ようす・性質,OU,U0058,8,0,U0058,f,1,382,12
7936,OU_U0058_12_Pink.xlsx,pronouns,代名詞,OU,U0058,0,0,U0058,f,1,382,12
7937,OU_U0058_12_Pink.xlsx,question_words,質問のことば,OU,U0058,1,0,U0058,f,1,382,12
7938,OU_U0058_12_Pink.xlsx,locations,位置と場所についてのことば,OU,U0058,0,0,U0058,f,1,382,12
7939,OU_U0058_12_Pink.xlsx,quantifiers,数量を表すことば,OU,U0058,3,0,U0058,f,1,382,12
7940,OU_U0058_12_Pink.xlsx,sounds2,幼児語（その２）,OU,U0058,11,0,U0058,f,1,382,12
7941,OU_U0058_12_Pink.xlsx,conversations,会話語,OU,U0058,5,0,U0058,f,1,382,12
7942,OU_U0058_12_Pink.xlsx,others,その他,OU,U0058,4,0,U0058,f,1,382,12
7943,OU_U0058_15_Pink.xlsx,sounds,幼児語,OU,U0058,1,11,U0058,f,1,468,15
7944,OU_U0058_15_Pink.xlsx,animals,動物の名前,OU,U0058,13,0,U0058,f,1,468,15
7945,OU_U0058_15_Pink.xlsx,vehicles,乗り物,OU,U0058,7,0,U0058,f,1,468,15
7946,OU_U0058_15_Pink.xlsx,toys,おもちゃ,OU,U0058,5,0,U0058,f,1,468,15
7947,OU_U0058_15_Pink.xlsx,food_drink,食べ物と飲み物,OU,U0058,15,6,U0058,f,1,468,15
7948,OU_U0058_15_Pink.xlsx,clothing,衣類,OU,U0058,11,2,U0058,f,1,468,15
7949,OU_U0058_15_Pink.xlsx,body_parts,体の部分,OU,U0058,14,1,U0058,f,1,468,15
7950,OU_U0058_15_Pink.xlsx,furniture_rooms,家具と部屋,OU,U0058,16,0,U0058,f,1,468,15
7951,OU_U0058_15_Pink.xlsx,household,小さな家庭用品,OU,U0058,26,0,U0058,f,1,468,15
7952,OU_U0058_15_Pink.xlsx,outside,戸外の物と場所,OU,U0058,15,1,U0058,f,1,468,15
7953,OU_U0058_15_Pink.xlsx,people,人々,OU,U0058,5,5,U0058,f,1,468,15
7954,OU_U0058_15_Pink.xlsx,games_routines,日課とあいさつ,OU,U0058,15,4,U0058,f,1,468,15
7955,OU_U0058_15_Pink.xlsx,action_words,動作語,OU,U0058,53,1,U0058,f,1,468,15
7956,OU_U0058_15_Pink.xlsx,time_words,時間についてのことば,OU,U0058,5,0,U0058,f,1,468,15
7957,OU_U0058_15_Pink.xlsx,descriptive_words,ようす・性質,OU,U0058,16,3,U0058,f,1,468,15
7958,OU_U0058_15_Pink.xlsx,pronouns,代名詞,OU,U0058,6,1,U0058,f,1,468,15
7959,OU_U0058_15_Pink.xlsx,question_words,質問のことば,OU,U0058,2,0,U0058,f,1,468,15
7960,OU_U0058_15_Pink.xlsx,locations,位置と場所についてのことば,OU,U0058,4,0,U0058,f,1,468,15
7961,OU_U0058_15_Pink.xlsx,quantifiers,数量を表すことば,OU,U0058,5,2,U0058,f,1,468,15
7962,OU_U0058_15_Pink.xlsx,sounds2,幼児語（その２）,OU,U0058,17,11,U0058,f,1,468,15
7963,OU_U0058_15_Pink.xlsx,conversations,会話語,OU,U0058,4,5,U0058,f,1,468,15
7964,OU_U0058_15_Pink.xlsx,others,その他,OU,U0058,8,0,U0058,f,1,468,15
7965,OU_U0058_18_Pink.xlsx,sounds,幼児語,OU,U0058,0,12,U0058,f,1,558,18
7966,OU_U0058_18_Pink.xlsx,animals,動物の名前,OU,U0058,10,23,U0058,f,1,558,18
7967,OU_U0058_18_Pink.xlsx,vehicles,乗り物,OU,U0058,1,8,U0058,f,1,558,18
7968,OU_U0058_18_Pink.xlsx,toys,おもちゃ,OU,U0058,0,8,U0058,f,1,558,18
7969,OU_U0058_18_Pink.xlsx,food_drink,食べ物と飲み物,OU,U0058,1,28,U0058,f,1,558,18
7970,OU_U0058_18_Pink.xlsx,clothing,衣類,OU,U0058,0,17,U0058,f,1,558,18
7971,OU_U0058_18_Pink.xlsx,body_parts,体の部分,OU,U0058,0,20,U0058,f,1,558,18
7972,OU_U0058_18_Pink.xlsx,furniture_rooms,家具と部屋,OU,U0058,0,20,U0058,f,1,558,18
7973,OU_U0058_18_Pink.xlsx,household,小さな家庭用品,OU,U0058,0,36,U0058,f,1,558,18
7974,OU_U0058_18_Pink.xlsx,outside,戸外の物と場所,OU,U0058,1,23,U0058,f,1,558,18
7975,OU_U0058_18_Pink.xlsx,people,人々,OU,U0058,2,12,U0058,f,1,558,18
7976,OU_U0058_18_Pink.xlsx,games_routines,日課とあいさつ,OU,U0058,0,19,U0058,f,1,558,18
7977,OU_U0058_18_Pink.xlsx,action_words,動作語,OU,U0058,22,33,U0058,f,1,558,18
7978,OU_U0058_18_Pink.xlsx,time_words,時間についてのことば,OU,U0058,7,1,U0058,f,1,558,18
7979,OU_U0058_18_Pink.xlsx,descriptive_words,ようす・性質,OU,U0058,20,16,U0058,f,1,558,18
7980,OU_U0058_18_Pink.xlsx,pronouns,代名詞,OU,U0058,1,8,U0058,f,1,558,18
7981,OU_U0058_18_Pink.xlsx,question_words,質問のことば,OU,U0058,5,0,U0058,f,1,558,18
7982,OU_U0058_18_Pink.xlsx,locations,位置と場所についてのことば,OU,U0058,5,2,U0058,f,1,558,18
7983,OU_U0058_18_Pink.xlsx,quantifiers,数量を表すことば,OU,U0058,2,6,U0058,f,1,558,18
7984,OU_U0058_18_Pink.xlsx,sounds2,幼児語（その２）,OU,U0058,3,26,U0058,f,1,558,18
7985,OU_U0058_18_Pink.xlsx,conversations,会話語,OU,U0058,7,6,U0058,f,1,558,18
7986,OU_U0058_18_Pink.xlsx,others,その他,OU,U0058,0,9,U0058,f,1,558,18
7987,OU_U0059_12_Pink.xlsx,sounds,幼児語,OU,U0059,4,0,U0059,f,1,392,12
7988,OU_U0059_12_Pink.xlsx,animals,動物の名前,OU,U0059,7,0,U0059,f,1,392,12
7989,OU_U0059_12_Pink.xlsx,vehicles,乗り物,OU,U0059,3,0,U0059,f,1,392,12
7990,OU_U0059_12_Pink.xlsx,toys,おもちゃ,OU,U0059,3,0,U0059,f,1,392,12
7991,OU_U0059_12_Pink.xlsx,food_drink,食べ物と飲み物,OU,U0059,10,0,U0059,f,1,392,12
7992,OU_U0059_12_Pink.xlsx,clothing,衣類,OU,U0059,5,0,U0059,f,1,392,12
7993,OU_U0059_12_Pink.xlsx,body_parts,体の部分,OU,U0059,11,0,U0059,f,1,392,12
7994,OU_U0059_12_Pink.xlsx,furniture_rooms,家具と部屋,OU,U0059,6,0,U0059,f,1,392,12
7995,OU_U0059_12_Pink.xlsx,household,小さな家庭用品,OU,U0059,8,0,U0059,f,1,392,12
7996,OU_U0059_12_Pink.xlsx,outside,戸外の物と場所,OU,U0059,8,0,U0059,f,1,392,12
7997,OU_U0059_12_Pink.xlsx,people,人々,OU,U0059,9,0,U0059,f,1,392,12
7998,OU_U0059_12_Pink.xlsx,games_routines,日課とあいさつ,OU,U0059,18,0,U0059,f,1,392,12
7999,OU_U0059_12_Pink.xlsx,action_words,動作語,OU,U0059,26,0,U0059,f,1,392,12
8000,OU_U0059_12_Pink.xlsx,time_words,時間についてのことば,OU,U0059,2,0,U0059,f,1,392,12
8001,OU_U0059_12_Pink.xlsx,descriptive_words,ようす・性質,OU,U0059,14,0,U0059,f,1,392,12
8002,OU_U0059_12_Pink.xlsx,pronouns,代名詞,OU,U0059,4,0,U0059,f,1,392,12
8003,OU_U0059_12_Pink.xlsx,question_words,質問のことば,OU,U0059,3,0,U0059,f,1,392,12
8004,OU_U0059_12_Pink.xlsx,locations,位置と場所についてのことば,OU,U0059,4,0,U0059,f,1,392,12
8005,OU_U0059_12_Pink.xlsx,quantifiers,数量を表すことば,OU,U0059,5,0,U0059,f,1,392,12
8006,OU_U0059_12_Pink.xlsx,sounds2,幼児語（その２）,OU,U0059,11,0,U0059,f,1,392,12
8007,OU_U0059_12_Pink.xlsx,conversations,会話語,OU,U0059,8,0,U0059,f,1,392,12
8008,OU_U0059_12_Pink.xlsx,others,その他,OU,U0059,7,0,U0059,f,1,392,12
8009,OU_U0059_15_Pink.xlsx,sounds,幼児語,OU,U0059,1,4,U0059,f,1,481,15
8010,OU_U0059_15_Pink.xlsx,animals,動物の名前,OU,U0059,9,0,U0059,f,1,481,15
8011,OU_U0059_15_Pink.xlsx,vehicles,乗り物,OU,U0059,4,0,U0059,f,1,481,15
8012,OU_U0059_15_Pink.xlsx,toys,おもちゃ,OU,U0059,5,0,U0059,f,1,481,15
8013,OU_U0059_15_Pink.xlsx,food_drink,食べ物と飲み物,OU,U0059,18,0,U0059,f,1,481,15
8014,OU_U0059_15_Pink.xlsx,clothing,衣類,OU,U0059,9,0,U0059,f,1,481,15
8015,OU_U0059_15_Pink.xlsx,body_parts,体の部分,OU,U0059,16,0,U0059,f,1,481,15
8016,OU_U0059_15_Pink.xlsx,furniture_rooms,家具と部屋,OU,U0059,14,0,U0059,f,1,481,15
8017,OU_U0059_15_Pink.xlsx,household,小さな家庭用品,OU,U0059,22,0,U0059,f,1,481,15
8018,OU_U0059_15_Pink.xlsx,outside,戸外の物と場所,OU,U0059,17,0,U0059,f,1,481,15
8019,OU_U0059_15_Pink.xlsx,people,人々,OU,U0059,9,4,U0059,f,1,481,15
8020,OU_U0059_15_Pink.xlsx,games_routines,日課とあいさつ,OU,U0059,19,0,U0059,f,1,481,15
8021,OU_U0059_15_Pink.xlsx,action_words,動作語,OU,U0059,49,0,U0059,f,1,481,15
8022,OU_U0059_15_Pink.xlsx,time_words,時間についてのことば,OU,U0059,8,0,U0059,f,1,481,15
8023,OU_U0059_15_Pink.xlsx,descriptive_words,ようす・性質,OU,U0059,22,0,U0059,f,1,481,15
8024,OU_U0059_15_Pink.xlsx,pronouns,代名詞,OU,U0059,9,0,U0059,f,1,481,15
8025,OU_U0059_15_Pink.xlsx,question_words,質問のことば,OU,U0059,6,0,U0059,f,1,481,15
8026,OU_U0059_15_Pink.xlsx,locations,位置と場所についてのことば,OU,U0059,8,0,U0059,f,1,481,15
8027,OU_U0059_15_Pink.xlsx,quantifiers,数量を表すことば,OU,U0059,7,0,U0059,f,1,481,15
8028,OU_U0059_15_Pink.xlsx,sounds2,幼児語（その２）,OU,U0059,17,0,U0059,f,1,481,15
8029,OU_U0059_15_Pink.xlsx,conversations,会話語,OU,U0059,10,0,U0059,f,1,481,15
8030,OU_U0059_15_Pink.xlsx,others,その他,OU,U0059,9,0,U0059,f,1,481,15
8031,OU_U0059_18_Pink.xlsx,sounds,幼児語,OU,U0059,0,12,U0059,f,1,577,18
8032,OU_U0059_18_Pink.xlsx,animals,動物の名前,OU,U0059,16,17,U0059,f,1,577,18
8033,OU_U0059_18_Pink.xlsx,vehicles,乗り物,OU,U0059,1,7,U0059,f,1,577,18
8034,OU_U0059_18_Pink.xlsx,toys,おもちゃ,OU,U0059,2,3,U0059,f,1,577,18
8035,OU_U0059_18_Pink.xlsx,food_drink,食べ物と飲み物,OU,U0059,9,12,U0059,f,1,577,18
8036,OU_U0059_18_Pink.xlsx,clothing,衣類,OU,U0059,6,6,U0059,f,1,577,18
8037,OU_U0059_18_Pink.xlsx,body_parts,体の部分,OU,U0059,10,7,U0059,f,1,577,18
8038,OU_U0059_18_Pink.xlsx,furniture_rooms,家具と部屋,OU,U0059,11,3,U0059,f,1,577,18
8039,OU_U0059_18_Pink.xlsx,household,小さな家庭用品,OU,U0059,18,8,U0059,f,1,577,18
8040,OU_U0059_18_Pink.xlsx,outside,戸外の物と場所,OU,U0059,15,3,U0059,f,1,577,18
8041,OU_U0059_18_Pink.xlsx,people,人々,OU,U0059,4,8,U0059,f,1,577,18
8042,OU_U0059_18_Pink.xlsx,games_routines,日課とあいさつ,OU,U0059,4,15,U0059,f,1,577,18
8043,OU_U0059_18_Pink.xlsx,action_words,動作語,OU,U0059,41,13,U0059,f,1,577,18
8044,OU_U0059_18_Pink.xlsx,time_words,時間についてのことば,OU,U0059,8,0,U0059,f,1,577,18
8045,OU_U0059_18_Pink.xlsx,descriptive_words,ようす・性質,OU,U0059,21,9,U0059,f,1,577,18
8046,OU_U0059_18_Pink.xlsx,pronouns,代名詞,OU,U0059,7,2,U0059,f,1,577,18
8047,OU_U0059_18_Pink.xlsx,question_words,質問のことば,OU,U0059,5,1,U0059,f,1,577,18
8048,OU_U0059_18_Pink.xlsx,locations,位置と場所についてのことば,OU,U0059,10,0,U0059,f,1,577,18
8049,OU_U0059_18_Pink.xlsx,quantifiers,数量を表すことば,OU,U0059,3,5,U0059,f,1,577,18
8050,OU_U0059_18_Pink.xlsx,sounds2,幼児語（その２）,OU,U0059,8,15,U0059,f,1,577,18
8051,OU_U0059_18_Pink.xlsx,conversations,会話語,OU,U0059,5,5,U0059,f,1,577,18
8052,OU_U0059_18_Pink.xlsx,others,その他,OU,U0059,4,5,U0059,f,1,577,18
8053,OU_U0060_12_Pink.xlsx,sounds,幼児語,OU,U0060,4,0,U0060,m,1,386,12
8054,OU_U0060_12_Pink.xlsx,animals,動物の名前,OU,U0060,1,0,U0060,m,1,386,12
8055,OU_U0060_12_Pink.xlsx,vehicles,乗り物,OU,U0060,0,0,U0060,m,1,386,12
8056,OU_U0060_12_Pink.xlsx,toys,おもちゃ,OU,U0060,1,0,U0060,m,1,386,12
8057,OU_U0060_12_Pink.xlsx,food_drink,食べ物と飲み物,OU,U0060,3,0,U0060,m,1,386,12
8058,OU_U0060_12_Pink.xlsx,clothing,衣類,OU,U0060,1,0,U0060,m,1,386,12
8059,OU_U0060_12_Pink.xlsx,body_parts,体の部分,OU,U0060,3,0,U0060,m,1,386,12
8060,OU_U0060_12_Pink.xlsx,furniture_rooms,家具と部屋,OU,U0060,1,0,U0060,m,1,386,12
8061,OU_U0060_12_Pink.xlsx,household,小さな家庭用品,OU,U0060,0,0,U0060,m,1,386,12
8062,OU_U0060_12_Pink.xlsx,outside,戸外の物と場所,OU,U0060,2,0,U0060,m,1,386,12
8063,OU_U0060_12_Pink.xlsx,people,人々,OU,U0060,6,0,U0060,m,1,386,12
8064,OU_U0060_12_Pink.xlsx,games_routines,日課とあいさつ,OU,U0060,16,0,U0060,m,1,386,12
8065,OU_U0060_12_Pink.xlsx,action_words,動作語,OU,U0060,15,0,U0060,m,1,386,12
8066,OU_U0060_12_Pink.xlsx,time_words,時間についてのことば,OU,U0060,0,0,U0060,m,1,386,12
8067,OU_U0060_12_Pink.xlsx,descriptive_words,ようす・性質,OU,U0060,3,0,U0060,m,1,386,12
8068,OU_U0060_12_Pink.xlsx,pronouns,代名詞,OU,U0060,3,0,U0060,m,1,386,12
8069,OU_U0060_12_Pink.xlsx,question_words,質問のことば,OU,U0060,2,0,U0060,m,1,386,12
8070,OU_U0060_12_Pink.xlsx,locations,位置と場所についてのことば,OU,U0060,0,0,U0060,m,1,386,12
8071,OU_U0060_12_Pink.xlsx,quantifiers,数量を表すことば,OU,U0060,2,0,U0060,m,1,386,12
8072,OU_U0060_12_Pink.xlsx,sounds2,幼児語（その２）,OU,U0060,7,0,U0060,m,1,386,12
8073,OU_U0060_12_Pink.xlsx,conversations,会話語,OU,U0060,3,0,U0060,m,1,386,12
8074,OU_U0060_12_Pink.xlsx,others,その他,OU,U0060,2,0,U0060,m,1,386,12
8075,OU_U0061_12_Pink.xlsx,sounds,幼児語,OU,U0061,0,0,U0061,m,1,393,12
8076,OU_U0061_12_Pink.xlsx,animals,動物の名前,OU,U0061,0,0,U0061,m,1,393,12
8077,OU_U0061_12_Pink.xlsx,vehicles,乗り物,OU,U0061,0,0,U0061,m,1,393,12
8078,OU_U0061_12_Pink.xlsx,toys,おもちゃ,OU,U0061,0,0,U0061,m,1,393,12
8079,OU_U0061_12_Pink.xlsx,food_drink,食べ物と飲み物,OU,U0061,0,0,U0061,m,1,393,12
8080,OU_U0061_12_Pink.xlsx,clothing,衣類,OU,U0061,0,0,U0061,m,1,393,12
8081,OU_U0061_12_Pink.xlsx,body_parts,体の部分,OU,U0061,1,0,U0061,m,1,393,12
8082,OU_U0061_12_Pink.xlsx,furniture_rooms,家具と部屋,OU,U0061,0,0,U0061,m,1,393,12
8083,OU_U0061_12_Pink.xlsx,household,小さな家庭用品,OU,U0061,0,0,U0061,m,1,393,12
8084,OU_U0061_12_Pink.xlsx,outside,戸外の物と場所,OU,U0061,0,0,U0061,m,1,393,12
8085,OU_U0061_12_Pink.xlsx,people,人々,OU,U0061,0,0,U0061,m,1,393,12
8086,OU_U0061_12_Pink.xlsx,games_routines,日課とあいさつ,OU,U0061,2,0,U0061,m,1,393,12
8087,OU_U0061_12_Pink.xlsx,action_words,動作語,OU,U0061,0,0,U0061,m,1,393,12
8088,OU_U0061_12_Pink.xlsx,time_words,時間についてのことば,OU,U0061,0,0,U0061,m,1,393,12
8089,OU_U0061_12_Pink.xlsx,descriptive_words,ようす・性質,OU,U0061,0,0,U0061,m,1,393,12
8090,OU_U0061_12_Pink.xlsx,pronouns,代名詞,OU,U0061,0,0,U0061,m,1,393,12
8091,OU_U0061_12_Pink.xlsx,question_words,質問のことば,OU,U0061,0,0,U0061,m,1,393,12
8092,OU_U0061_12_Pink.xlsx,locations,位置と場所についてのことば,OU,U0061,0,0,U0061,m,1,393,12
8093,OU_U0061_12_Pink.xlsx,quantifiers,数量を表すことば,OU,U0061,0,0,U0061,m,1,393,12
8094,OU_U0061_12_Pink.xlsx,sounds2,幼児語（その２）,OU,U0061,0,0,U0061,m,1,393,12
8095,OU_U0061_12_Pink.xlsx,conversations,会話語,OU,U0061,0,0,U0061,m,1,393,12
8096,OU_U0061_12_Pink.xlsx,others,その他,OU,U0061,0,0,U0061,m,1,393,12
8097,OU_U0061_16_Pink.xlsx,sounds,幼児語,OU,U0061,1,3,U0061,m,1,498,16
8098,OU_U0061_16_Pink.xlsx,animals,動物の名前,OU,U0061,8,0,U0061,m,1,498,16
8099,OU_U0061_16_Pink.xlsx,vehicles,乗り物,OU,U0061,3,0,U0061,m,1,498,16
8100,OU_U0061_16_Pink.xlsx,toys,おもちゃ,OU,U0061,3,0,U0061,m,1,498,16
8101,OU_U0061_16_Pink.xlsx,food_drink,食べ物と飲み物,OU,U0061,6,0,U0061,m,1,498,16
8102,OU_U0061_16_Pink.xlsx,clothing,衣類,OU,U0061,1,0,U0061,m,1,498,16
8103,OU_U0061_16_Pink.xlsx,body_parts,体の部分,OU,U0061,1,0,U0061,m,1,498,16
8104,OU_U0061_16_Pink.xlsx,furniture_rooms,家具と部屋,OU,U0061,0,0,U0061,m,1,498,16
8105,OU_U0061_16_Pink.xlsx,household,小さな家庭用品,OU,U0061,1,0,U0061,m,1,498,16
8106,OU_U0061_16_Pink.xlsx,outside,戸外の物と場所,OU,U0061,0,0,U0061,m,1,498,16
8107,OU_U0061_16_Pink.xlsx,people,人々,OU,U0061,1,3,U0061,m,1,498,16
8108,OU_U0061_16_Pink.xlsx,games_routines,日課とあいさつ,OU,U0061,1,4,U0061,m,1,498,16
8109,OU_U0061_16_Pink.xlsx,action_words,動作語,OU,U0061,0,0,U0061,m,1,498,16
8110,OU_U0061_16_Pink.xlsx,time_words,時間についてのことば,OU,U0061,0,0,U0061,m,1,498,16
8111,OU_U0061_16_Pink.xlsx,descriptive_words,ようす・性質,OU,U0061,1,0,U0061,m,1,498,16
8112,OU_U0061_16_Pink.xlsx,pronouns,代名詞,OU,U0061,0,0,U0061,m,1,498,16
8113,OU_U0061_16_Pink.xlsx,question_words,質問のことば,OU,U0061,0,0,U0061,m,1,498,16
8114,OU_U0061_16_Pink.xlsx,locations,位置と場所についてのことば,OU,U0061,0,0,U0061,m,1,498,16
8115,OU_U0061_16_Pink.xlsx,quantifiers,数量を表すことば,OU,U0061,0,3,U0061,m,1,498,16
8116,OU_U0061_16_Pink.xlsx,sounds2,幼児語（その２）,OU,U0061,4,0,U0061,m,1,498,16
8117,OU_U0061_16_Pink.xlsx,conversations,会話語,OU,U0061,0,0,U0061,m,1,498,16
8118,OU_U0061_16_Pink.xlsx,others,その他,OU,U0061,1,0,U0061,m,1,498,16
8119,OU_U0061_18_Pink.xlsx,sounds,幼児語,OU,U0061,1,6,U0061,m,1,574,18
8120,OU_U0061_18_Pink.xlsx,animals,動物の名前,OU,U0061,29,2,U0061,m,1,574,18
8121,OU_U0061_18_Pink.xlsx,vehicles,乗り物,OU,U0061,8,1,U0061,m,1,574,18
8122,OU_U0061_18_Pink.xlsx,toys,おもちゃ,OU,U0061,5,0,U0061,m,1,574,18
8123,OU_U0061_18_Pink.xlsx,food_drink,食べ物と飲み物,OU,U0061,10,2,U0061,m,1,574,18
8124,OU_U0061_18_Pink.xlsx,clothing,衣類,OU,U0061,1,1,U0061,m,1,574,18
8125,OU_U0061_18_Pink.xlsx,body_parts,体の部分,OU,U0061,2,0,U0061,m,1,574,18
8126,OU_U0061_18_Pink.xlsx,furniture_rooms,家具と部屋,OU,U0061,2,0,U0061,m,1,574,18
8127,OU_U0061_18_Pink.xlsx,household,小さな家庭用品,OU,U0061,1,0,U0061,m,1,574,18
8128,OU_U0061_18_Pink.xlsx,outside,戸外の物と場所,OU,U0061,0,0,U0061,m,1,574,18
8129,OU_U0061_18_Pink.xlsx,people,人々,OU,U0061,2,3,U0061,m,1,574,18
8130,OU_U0061_18_Pink.xlsx,games_routines,日課とあいさつ,OU,U0061,9,6,U0061,m,1,574,18
8131,OU_U0061_18_Pink.xlsx,action_words,動作語,OU,U0061,10,0,U0061,m,1,574,18
8132,OU_U0061_18_Pink.xlsx,time_words,時間についてのことば,OU,U0061,0,0,U0061,m,1,574,18
8133,OU_U0061_18_Pink.xlsx,descriptive_words,ようす・性質,OU,U0061,8,0,U0061,m,1,574,18
8134,OU_U0061_18_Pink.xlsx,pronouns,代名詞,OU,U0061,1,0,U0061,m,1,574,18
8135,OU_U0061_18_Pink.xlsx,question_words,質問のことば,OU,U0061,1,0,U0061,m,1,574,18
8136,OU_U0061_18_Pink.xlsx,locations,位置と場所についてのことば,OU,U0061,0,0,U0061,m,1,574,18
8137,OU_U0061_18_Pink.xlsx,quantifiers,数量を表すことば,OU,U0061,1,3,U0061,m,1,574,18
8138,OU_U0061_18_Pink.xlsx,sounds2,幼児語（その２）,OU,U0061,5,3,U0061,m,1,574,18
8139,OU_U0061_18_Pink.xlsx,conversations,会話語,OU,U0061,0,2,U0061,m,1,574,18
8140,OU_U0061_18_Pink.xlsx,others,その他,OU,U0061,2,1,U0061,m,1,574,18
8141,OU_U0062_12_Pink.xlsx,sounds,幼児語,OU,U0062,2,0,U0062,f,1,367,12
8142,OU_U0062_12_Pink.xlsx,animals,動物の名前,OU,U0062,3,0,U0062,f,1,367,12
8143,OU_U0062_12_Pink.xlsx,vehicles,乗り物,OU,U0062,2,0,U0062,f,1,367,12
8144,OU_U0062_12_Pink.xlsx,toys,おもちゃ,OU,U0062,2,0,U0062,f,1,367,12
8145,OU_U0062_12_Pink.xlsx,food_drink,食べ物と飲み物,OU,U0062,11,0,U0062,f,1,367,12
8146,OU_U0062_12_Pink.xlsx,clothing,衣類,OU,U0062,1,0,U0062,f,1,367,12
8147,OU_U0062_12_Pink.xlsx,body_parts,体の部分,OU,U0062,1,0,U0062,f,1,367,12
8148,OU_U0062_12_Pink.xlsx,furniture_rooms,家具と部屋,OU,U0062,1,0,U0062,f,1,367,12
8149,OU_U0062_12_Pink.xlsx,household,小さな家庭用品,OU,U0062,7,0,U0062,f,1,367,12
8150,OU_U0062_12_Pink.xlsx,outside,戸外の物と場所,OU,U0062,1,0,U0062,f,1,367,12
8151,OU_U0062_12_Pink.xlsx,people,人々,OU,U0062,2,2,U0062,f,1,367,12
8152,OU_U0062_12_Pink.xlsx,games_routines,日課とあいさつ,OU,U0062,5,0,U0062,f,1,367,12
8153,OU_U0062_12_Pink.xlsx,action_words,動作語,OU,U0062,4,0,U0062,f,1,367,12
8154,OU_U0062_12_Pink.xlsx,time_words,時間についてのことば,OU,U0062,0,0,U0062,f,1,367,12
8155,OU_U0062_12_Pink.xlsx,descriptive_words,ようす・性質,OU,U0062,6,0,U0062,f,1,367,12
8156,OU_U0062_12_Pink.xlsx,pronouns,代名詞,OU,U0062,0,0,U0062,f,1,367,12
8157,OU_U0062_12_Pink.xlsx,question_words,質問のことば,OU,U0062,2,0,U0062,f,1,367,12
8158,OU_U0062_12_Pink.xlsx,locations,位置と場所についてのことば,OU,U0062,0,0,U0062,f,1,367,12
8159,OU_U0062_12_Pink.xlsx,quantifiers,数量を表すことば,OU,U0062,1,0,U0062,f,1,367,12
8160,OU_U0062_12_Pink.xlsx,sounds2,幼児語（その２）,OU,U0062,0,0,U0062,f,1,367,12
8161,OU_U0062_12_Pink.xlsx,conversations,会話語,OU,U0062,0,0,U0062,f,1,367,12
8162,OU_U0062_12_Pink.xlsx,others,その他,OU,U0062,1,0,U0062,f,1,367,12
8163,OU_U0062_15_Pink.xlsx,sounds,幼児語,OU,U0062,4,0,U0062,f,1,463,15
8164,OU_U0062_15_Pink.xlsx,animals,動物の名前,OU,U0062,5,0,U0062,f,1,463,15
8165,OU_U0062_15_Pink.xlsx,vehicles,乗り物,OU,U0062,2,0,U0062,f,1,463,15
8166,OU_U0062_15_Pink.xlsx,toys,おもちゃ,OU,U0062,4,0,U0062,f,1,463,15
8167,OU_U0062_15_Pink.xlsx,food_drink,食べ物と飲み物,OU,U0062,15,0,U0062,f,1,463,15
8168,OU_U0062_15_Pink.xlsx,clothing,衣類,OU,U0062,4,0,U0062,f,1,463,15
8169,OU_U0062_15_Pink.xlsx,body_parts,体の部分,OU,U0062,14,0,U0062,f,1,463,15
8170,OU_U0062_15_Pink.xlsx,furniture_rooms,家具と部屋,OU,U0062,16,0,U0062,f,1,463,15
8171,OU_U0062_15_Pink.xlsx,household,小さな家庭用品,OU,U0062,19,0,U0062,f,1,463,15
8172,OU_U0062_15_Pink.xlsx,outside,戸外の物と場所,OU,U0062,6,0,U0062,f,1,463,15
8173,OU_U0062_15_Pink.xlsx,people,人々,OU,U0062,3,2,U0062,f,1,463,15
8174,OU_U0062_15_Pink.xlsx,games_routines,日課とあいさつ,OU,U0062,6,1,U0062,f,1,463,15
8175,OU_U0062_15_Pink.xlsx,action_words,動作語,OU,U0062,10,0,U0062,f,1,463,15
8176,OU_U0062_15_Pink.xlsx,time_words,時間についてのことば,OU,U0062,0,0,U0062,f,1,463,15
8177,OU_U0062_15_Pink.xlsx,descriptive_words,ようす・性質,OU,U0062,10,0,U0062,f,1,463,15
8178,OU_U0062_15_Pink.xlsx,pronouns,代名詞,OU,U0062,0,0,U0062,f,1,463,15
8179,OU_U0062_15_Pink.xlsx,question_words,質問のことば,OU,U0062,2,0,U0062,f,1,463,15
8180,OU_U0062_15_Pink.xlsx,locations,位置と場所についてのことば,OU,U0062,0,0,U0062,f,1,463,15
8181,OU_U0062_15_Pink.xlsx,quantifiers,数量を表すことば,OU,U0062,1,0,U0062,f,1,463,15
8182,OU_U0062_15_Pink.xlsx,sounds2,幼児語（その２）,OU,U0062,1,0,U0062,f,1,463,15
8183,OU_U0062_15_Pink.xlsx,conversations,会話語,OU,U0062,0,0,U0062,f,1,463,15
8184,OU_U0062_15_Pink.xlsx,others,その他,OU,U0062,1,0,U0062,f,1,463,15
8185,OU_U0062_18_Pink.xlsx,sounds,幼児語,OU,U0062,1,9,U0062,f,1,555,18
8186,OU_U0062_18_Pink.xlsx,animals,動物の名前,OU,U0062,6,5,U0062,f,1,555,18
8187,OU_U0062_18_Pink.xlsx,vehicles,乗り物,OU,U0062,3,0,U0062,f,1,555,18
8188,OU_U0062_18_Pink.xlsx,toys,おもちゃ,OU,U0062,4,1,U0062,f,1,555,18
8189,OU_U0062_18_Pink.xlsx,food_drink,食べ物と飲み物,OU,U0062,10,7,U0062,f,1,555,18
8190,OU_U0062_18_Pink.xlsx,clothing,衣類,OU,U0062,5,1,U0062,f,1,555,18
8191,OU_U0062_18_Pink.xlsx,body_parts,体の部分,OU,U0062,12,3,U0062,f,1,555,18
8192,OU_U0062_18_Pink.xlsx,furniture_rooms,家具と部屋,OU,U0062,16,0,U0062,f,1,555,18
8193,OU_U0062_18_Pink.xlsx,household,小さな家庭用品,OU,U0062,21,1,U0062,f,1,555,18
8194,OU_U0062_18_Pink.xlsx,outside,戸外の物と場所,OU,U0062,6,0,U0062,f,1,555,18
8195,OU_U0062_18_Pink.xlsx,people,人々,OU,U0062,2,4,U0062,f,1,555,18
8196,OU_U0062_18_Pink.xlsx,games_routines,日課とあいさつ,OU,U0062,4,6,U0062,f,1,555,18
8197,OU_U0062_18_Pink.xlsx,action_words,動作語,OU,U0062,19,0,U0062,f,1,555,18
8198,OU_U0062_18_Pink.xlsx,time_words,時間についてのことば,OU,U0062,0,0,U0062,f,1,555,18
8199,OU_U0062_18_Pink.xlsx,descriptive_words,ようす・性質,OU,U0062,9,4,U0062,f,1,555,18
8200,OU_U0062_18_Pink.xlsx,pronouns,代名詞,OU,U0062,0,0,U0062,f,1,555,18
8201,OU_U0062_18_Pink.xlsx,question_words,質問のことば,OU,U0062,3,0,U0062,f,1,555,18
8202,OU_U0062_18_Pink.xlsx,locations,位置と場所についてのことば,OU,U0062,0,0,U0062,f,1,555,18
8203,OU_U0062_18_Pink.xlsx,quantifiers,数量を表すことば,OU,U0062,2,0,U0062,f,1,555,18
8204,OU_U0062_18_Pink.xlsx,sounds2,幼児語（その２）,OU,U0062,7,4,U0062,f,1,555,18
8205,OU_U0062_18_Pink.xlsx,conversations,会話語,OU,U0062,1,0,U0062,f,1,555,18
8206,OU_U0062_18_Pink.xlsx,others,その他,OU,U0062,2,1,U0062,f,1,555,18
8207,OU_U0063_12_Pink.xlsx,sounds,幼児語,OU,U0063,0,1,U0063,m,1,380,12
8208,OU_U0063_12_Pink.xlsx,animals,動物の名前,OU,U0063,0,0,U0063,m,1,380,12
8209,OU_U0063_12_Pink.xlsx,vehicles,乗り物,OU,U0063,0,0,U0063,m,1,380,12
8210,OU_U0063_12_Pink.xlsx,toys,おもちゃ,OU,U0063,0,0,U0063,m,1,380,12
8211,OU_U0063_12_Pink.xlsx,food_drink,食べ物と飲み物,OU,U0063,0,0,U0063,m,1,380,12
8212,OU_U0063_12_Pink.xlsx,clothing,衣類,OU,U0063,0,0,U0063,m,1,380,12
8213,OU_U0063_12_Pink.xlsx,body_parts,体の部分,OU,U0063,0,0,U0063,m,1,380,12
8214,OU_U0063_12_Pink.xlsx,furniture_rooms,家具と部屋,OU,U0063,0,0,U0063,m,1,380,12
8215,OU_U0063_12_Pink.xlsx,household,小さな家庭用品,OU,U0063,0,0,U0063,m,1,380,12
8216,OU_U0063_12_Pink.xlsx,outside,戸外の物と場所,OU,U0063,0,0,U0063,m,1,380,12
8217,OU_U0063_12_Pink.xlsx,people,人々,OU,U0063,0,2,U0063,m,1,380,12
8218,OU_U0063_12_Pink.xlsx,games_routines,日課とあいさつ,OU,U0063,9,1,U0063,m,1,380,12
8219,OU_U0063_12_Pink.xlsx,action_words,動作語,OU,U0063,0,0,U0063,m,1,380,12
8220,OU_U0063_12_Pink.xlsx,time_words,時間についてのことば,OU,U0063,0,0,U0063,m,1,380,12
8221,OU_U0063_12_Pink.xlsx,descriptive_words,ようす・性質,OU,U0063,0,0,U0063,m,1,380,12
8222,OU_U0063_12_Pink.xlsx,pronouns,代名詞,OU,U0063,0,0,U0063,m,1,380,12
8223,OU_U0063_12_Pink.xlsx,question_words,質問のことば,OU,U0063,0,0,U0063,m,1,380,12
8224,OU_U0063_12_Pink.xlsx,locations,位置と場所についてのことば,OU,U0063,0,0,U0063,m,1,380,12
8225,OU_U0063_12_Pink.xlsx,quantifiers,数量を表すことば,OU,U0063,0,0,U0063,m,1,380,12
8226,OU_U0063_12_Pink.xlsx,sounds2,幼児語（その２）,OU,U0063,0,1,U0063,m,1,380,12
8227,OU_U0063_12_Pink.xlsx,conversations,会話語,OU,U0063,0,0,U0063,m,1,380,12
8228,OU_U0063_12_Pink.xlsx,others,その他,OU,U0063,0,0,U0063,m,1,380,12
8229,OU_U0063_15_Pink.xlsx,sounds,幼児語,OU,U0063,1,1,U0063,m,1,471,15
8230,OU_U0063_15_Pink.xlsx,animals,動物の名前,OU,U0063,0,0,U0063,m,1,471,15
8231,OU_U0063_15_Pink.xlsx,vehicles,乗り物,OU,U0063,0,0,U0063,m,1,471,15
8232,OU_U0063_15_Pink.xlsx,toys,おもちゃ,OU,U0063,0,0,U0063,m,1,471,15
8233,OU_U0063_15_Pink.xlsx,food_drink,食べ物と飲み物,OU,U0063,1,0,U0063,m,1,471,15
8234,OU_U0063_15_Pink.xlsx,clothing,衣類,OU,U0063,0,0,U0063,m,1,471,15
8235,OU_U0063_15_Pink.xlsx,body_parts,体の部分,OU,U0063,0,0,U0063,m,1,471,15
8236,OU_U0063_15_Pink.xlsx,furniture_rooms,家具と部屋,OU,U0063,0,0,U0063,m,1,471,15
8237,OU_U0063_15_Pink.xlsx,household,小さな家庭用品,OU,U0063,0,0,U0063,m,1,471,15
8238,OU_U0063_15_Pink.xlsx,outside,戸外の物と場所,OU,U0063,0,0,U0063,m,1,471,15
8239,OU_U0063_15_Pink.xlsx,people,人々,OU,U0063,2,0,U0063,m,1,471,15
8240,OU_U0063_15_Pink.xlsx,games_routines,日課とあいさつ,OU,U0063,10,1,U0063,m,1,471,15
8241,OU_U0063_15_Pink.xlsx,action_words,動作語,OU,U0063,4,0,U0063,m,1,471,15
8242,OU_U0063_15_Pink.xlsx,time_words,時間についてのことば,OU,U0063,0,0,U0063,m,1,471,15
8243,OU_U0063_15_Pink.xlsx,descriptive_words,ようす・性質,OU,U0063,0,0,U0063,m,1,471,15
8244,OU_U0063_15_Pink.xlsx,pronouns,代名詞,OU,U0063,0,0,U0063,m,1,471,15
8245,OU_U0063_15_Pink.xlsx,question_words,質問のことば,OU,U0063,0,0,U0063,m,1,471,15
8246,OU_U0063_15_Pink.xlsx,locations,位置と場所についてのことば,OU,U0063,0,0,U0063,m,1,471,15
8247,OU_U0063_15_Pink.xlsx,quantifiers,数量を表すことば,OU,U0063,0,0,U0063,m,1,471,15
8248,OU_U0063_15_Pink.xlsx,sounds2,幼児語（その２）,OU,U0063,2,1,U0063,m,1,471,15
8249,OU_U0063_15_Pink.xlsx,conversations,会話語,OU,U0063,0,1,U0063,m,1,471,15
8250,OU_U0063_15_Pink.xlsx,others,その他,OU,U0063,0,0,U0063,m,1,471,15
8251,OU_U0063_18_Pink.xlsx,sounds,幼児語,OU,U0063,3,2,U0063,m,1,566,18
8252,OU_U0063_18_Pink.xlsx,animals,動物の名前,OU,U0063,0,0,U0063,m,1,566,18
8253,OU_U0063_18_Pink.xlsx,vehicles,乗り物,OU,U0063,0,0,U0063,m,1,566,18
8254,OU_U0063_18_Pink.xlsx,toys,おもちゃ,OU,U0063,0,0,U0063,m,1,566,18
8255,OU_U0063_18_Pink.xlsx,food_drink,食べ物と飲み物,OU,U0063,2,0,U0063,m,1,566,18
8256,OU_U0063_18_Pink.xlsx,clothing,衣類,OU,U0063,2,0,U0063,m,1,566,18
8257,OU_U0063_18_Pink.xlsx,body_parts,体の部分,OU,U0063,8,0,U0063,m,1,566,18
8258,OU_U0063_18_Pink.xlsx,furniture_rooms,家具と部屋,OU,U0063,2,0,U0063,m,1,566,18
8259,OU_U0063_18_Pink.xlsx,household,小さな家庭用品,OU,U0063,4,0,U0063,m,1,566,18
8260,OU_U0063_18_Pink.xlsx,outside,戸外の物と場所,OU,U0063,0,0,U0063,m,1,566,18
8261,OU_U0063_18_Pink.xlsx,people,人々,OU,U0063,2,2,U0063,m,1,566,18
8262,OU_U0063_18_Pink.xlsx,games_routines,日課とあいさつ,OU,U0063,17,1,U0063,m,1,566,18
8263,OU_U0063_18_Pink.xlsx,action_words,動作語,OU,U0063,11,0,U0063,m,1,566,18
8264,OU_U0063_18_Pink.xlsx,time_words,時間についてのことば,OU,U0063,0,0,U0063,m,1,566,18
8265,OU_U0063_18_Pink.xlsx,descriptive_words,ようす・性質,OU,U0063,2,2,U0063,m,1,566,18
8266,OU_U0063_18_Pink.xlsx,pronouns,代名詞,OU,U0063,0,0,U0063,m,1,566,18
8267,OU_U0063_18_Pink.xlsx,question_words,質問のことば,OU,U0063,0,0,U0063,m,1,566,18
8268,OU_U0063_18_Pink.xlsx,locations,位置と場所についてのことば,OU,U0063,0,0,U0063,m,1,566,18
8269,OU_U0063_18_Pink.xlsx,quantifiers,数量を表すことば,OU,U0063,0,0,U0063,m,1,566,18
8270,OU_U0063_18_Pink.xlsx,sounds2,幼児語（その２）,OU,U0063,9,2,U0063,m,1,566,18
8271,OU_U0063_18_Pink.xlsx,conversations,会話語,OU,U0063,0,1,U0063,m,1,566,18
8272,OU_U0063_18_Pink.xlsx,others,その他,OU,U0063,1,1,U0063,m,1,566,18
8273,OU_U0064_12_Pink.xlsx,sounds,幼児語,OU,U0064,0,0,U0064,m,1,365,12
8274,OU_U0064_12_Pink.xlsx,animals,動物の名前,OU,U0064,0,0,U0064,m,1,365,12
8275,OU_U0064_12_Pink.xlsx,vehicles,乗り物,OU,U0064,1,0,U0064,m,1,365,12
8276,OU_U0064_12_Pink.xlsx,toys,おもちゃ,OU,U0064,0,0,U0064,m,1,365,12
8277,OU_U0064_12_Pink.xlsx,food_drink,食べ物と飲み物,OU,U0064,0,0,U0064,m,1,365,12
8278,OU_U0064_12_Pink.xlsx,clothing,衣類,OU,U0064,0,0,U0064,m,1,365,12
8279,OU_U0064_12_Pink.xlsx,body_parts,体の部分,OU,U0064,0,0,U0064,m,1,365,12
8280,OU_U0064_12_Pink.xlsx,furniture_rooms,家具と部屋,OU,U0064,0,0,U0064,m,1,365,12
8281,OU_U0064_12_Pink.xlsx,household,小さな家庭用品,OU,U0064,0,0,U0064,m,1,365,12
8282,OU_U0064_12_Pink.xlsx,outside,戸外の物と場所,OU,U0064,0,0,U0064,m,1,365,12
8283,OU_U0064_12_Pink.xlsx,people,人々,OU,U0064,0,0,U0064,m,1,365,12
8284,OU_U0064_12_Pink.xlsx,games_routines,日課とあいさつ,OU,U0064,4,0,U0064,m,1,365,12
8285,OU_U0064_12_Pink.xlsx,action_words,動作語,OU,U0064,0,0,U0064,m,1,365,12
8286,OU_U0064_12_Pink.xlsx,time_words,時間についてのことば,OU,U0064,0,0,U0064,m,1,365,12
8287,OU_U0064_12_Pink.xlsx,descriptive_words,ようす・性質,OU,U0064,0,0,U0064,m,1,365,12
8288,OU_U0064_12_Pink.xlsx,pronouns,代名詞,OU,U0064,0,0,U0064,m,1,365,12
8289,OU_U0064_12_Pink.xlsx,question_words,質問のことば,OU,U0064,0,0,U0064,m,1,365,12
8290,OU_U0064_12_Pink.xlsx,locations,位置と場所についてのことば,OU,U0064,0,0,U0064,m,1,365,12
8291,OU_U0064_12_Pink.xlsx,quantifiers,数量を表すことば,OU,U0064,0,0,U0064,m,1,365,12
8292,OU_U0064_12_Pink.xlsx,sounds2,幼児語（その２）,OU,U0064,0,0,U0064,m,1,365,12
8293,OU_U0064_12_Pink.xlsx,conversations,会話語,OU,U0064,0,0,U0064,m,1,365,12
8294,OU_U0064_12_Pink.xlsx,others,その他,OU,U0064,1,0,U0064,m,1,365,12
8295,OU_U0064_15_Pink.xlsx,sounds,幼児語,OU,U0064,0,3,U0064,m,1,471,15
8296,OU_U0064_15_Pink.xlsx,animals,動物の名前,OU,U0064,0,2,U0064,m,1,471,15
8297,OU_U0064_15_Pink.xlsx,vehicles,乗り物,OU,U0064,0,7,U0064,m,1,471,15
8298,OU_U0064_15_Pink.xlsx,toys,おもちゃ,OU,U0064,0,0,U0064,m,1,471,15
8299,OU_U0064_15_Pink.xlsx,food_drink,食べ物と飲み物,OU,U0064,0,1,U0064,m,1,471,15
8300,OU_U0064_15_Pink.xlsx,clothing,衣類,OU,U0064,0,0,U0064,m,1,471,15
8301,OU_U0064_15_Pink.xlsx,body_parts,体の部分,OU,U0064,0,0,U0064,m,1,471,15
8302,OU_U0064_15_Pink.xlsx,furniture_rooms,家具と部屋,OU,U0064,0,0,U0064,m,1,471,15
8303,OU_U0064_15_Pink.xlsx,household,小さな家庭用品,OU,U0064,0,0,U0064,m,1,471,15
8304,OU_U0064_15_Pink.xlsx,outside,戸外の物と場所,OU,U0064,0,0,U0064,m,1,471,15
8305,OU_U0064_15_Pink.xlsx,people,人々,OU,U0064,1,3,U0064,m,1,471,15
8306,OU_U0064_15_Pink.xlsx,games_routines,日課とあいさつ,OU,U0064,1,6,U0064,m,1,471,15
8307,OU_U0064_15_Pink.xlsx,action_words,動作語,OU,U0064,0,0,U0064,m,1,471,15
8308,OU_U0064_15_Pink.xlsx,time_words,時間についてのことば,OU,U0064,0,0,U0064,m,1,471,15
8309,OU_U0064_15_Pink.xlsx,descriptive_words,ようす・性質,OU,U0064,0,0,U0064,m,1,471,15
8310,OU_U0064_15_Pink.xlsx,pronouns,代名詞,OU,U0064,1,0,U0064,m,1,471,15
8311,OU_U0064_15_Pink.xlsx,question_words,質問のことば,OU,U0064,2,0,U0064,m,1,471,15
8312,OU_U0064_15_Pink.xlsx,locations,位置と場所についてのことば,OU,U0064,0,0,U0064,m,1,471,15
8313,OU_U0064_15_Pink.xlsx,quantifiers,数量を表すことば,OU,U0064,0,0,U0064,m,1,471,15
8314,OU_U0064_15_Pink.xlsx,sounds2,幼児語（その２）,OU,U0064,3,1,U0064,m,1,471,15
8315,OU_U0064_15_Pink.xlsx,conversations,会話語,OU,U0064,1,0,U0064,m,1,471,15
8316,OU_U0064_15_Pink.xlsx,others,その他,OU,U0064,2,0,U0064,m,1,471,15
8317,OU_U0064_18_Pink.xlsx,sounds,幼児語,OU,U0064,1,5,U0064,m,1,549,18
8318,OU_U0064_18_Pink.xlsx,animals,動物の名前,OU,U0064,2,9,U0064,m,1,549,18
8319,OU_U0064_18_Pink.xlsx,vehicles,乗り物,OU,U0064,0,9,U0064,m,1,549,18
8320,OU_U0064_18_Pink.xlsx,toys,おもちゃ,OU,U0064,1,0,U0064,m,1,549,18
8321,OU_U0064_18_Pink.xlsx,food_drink,食べ物と飲み物,OU,U0064,3,3,U0064,m,1,549,18
8322,OU_U0064_18_Pink.xlsx,clothing,衣類,OU,U0064,3,2,U0064,m,1,549,18
8323,OU_U0064_18_Pink.xlsx,body_parts,体の部分,OU,U0064,11,1,U0064,m,1,549,18
8324,OU_U0064_18_Pink.xlsx,furniture_rooms,家具と部屋,OU,U0064,5,0,U0064,m,1,549,18
8325,OU_U0064_18_Pink.xlsx,household,小さな家庭用品,OU,U0064,4,0,U0064,m,1,549,18
8326,OU_U0064_18_Pink.xlsx,outside,戸外の物と場所,OU,U0064,1,0,U0064,m,1,549,18
8327,OU_U0064_18_Pink.xlsx,people,人々,OU,U0064,5,3,U0064,m,1,549,18
8328,OU_U0064_18_Pink.xlsx,games_routines,日課とあいさつ,OU,U0064,3,6,U0064,m,1,549,18
8329,OU_U0064_18_Pink.xlsx,action_words,動作語,OU,U0064,5,0,U0064,m,1,549,18
8330,OU_U0064_18_Pink.xlsx,time_words,時間についてのことば,OU,U0064,0,0,U0064,m,1,549,18
8331,OU_U0064_18_Pink.xlsx,descriptive_words,ようす・性質,OU,U0064,0,0,U0064,m,1,549,18
8332,OU_U0064_18_Pink.xlsx,pronouns,代名詞,OU,U0064,2,0,U0064,m,1,549,18
8333,OU_U0064_18_Pink.xlsx,question_words,質問のことば,OU,U0064,2,0,U0064,m,1,549,18
8334,OU_U0064_18_Pink.xlsx,locations,位置と場所についてのことば,OU,U0064,1,0,U0064,m,1,549,18
8335,OU_U0064_18_Pink.xlsx,quantifiers,数量を表すことば,OU,U0064,0,0,U0064,m,1,549,18
8336,OU_U0064_18_Pink.xlsx,sounds2,幼児語（その２）,OU,U0064,3,8,U0064,m,1,549,18
8337,OU_U0064_18_Pink.xlsx,conversations,会話語,OU,U0064,1,0,U0064,m,1,549,18
8338,OU_U0064_18_Pink.xlsx,others,その他,OU,U0064,2,0,U0064,m,1,549,18
8339,OU_U0065_11_Pink.xlsx,sounds,幼児語,OU,U0065,4,0,U0065,m,1,364,11
8340,OU_U0065_11_Pink.xlsx,animals,動物の名前,OU,U0065,4,0,U0065,m,1,364,11
8341,OU_U0065_11_Pink.xlsx,vehicles,乗り物,OU,U0065,3,0,U0065,m,1,364,11
8342,OU_U0065_11_Pink.xlsx,toys,おもちゃ,OU,U0065,2,0,U0065,m,1,364,11
8343,OU_U0065_11_Pink.xlsx,food_drink,食べ物と飲み物,OU,U0065,6,0,U0065,m,1,364,11
8344,OU_U0065_11_Pink.xlsx,clothing,衣類,OU,U0065,1,0,U0065,m,1,364,11
8345,OU_U0065_11_Pink.xlsx,body_parts,体の部分,OU,U0065,5,0,U0065,m,1,364,11
8346,OU_U0065_11_Pink.xlsx,furniture_rooms,家具と部屋,OU,U0065,12,0,U0065,m,1,364,11
8347,OU_U0065_11_Pink.xlsx,household,小さな家庭用品,OU,U0065,7,0,U0065,m,1,364,11
8348,OU_U0065_11_Pink.xlsx,outside,戸外の物と場所,OU,U0065,7,0,U0065,m,1,364,11
8349,OU_U0065_11_Pink.xlsx,people,人々,OU,U0065,8,0,U0065,m,1,364,11
8350,OU_U0065_11_Pink.xlsx,games_routines,日課とあいさつ,OU,U0065,17,0,U0065,m,1,364,11
8351,OU_U0065_11_Pink.xlsx,action_words,動作語,OU,U0065,16,0,U0065,m,1,364,11
8352,OU_U0065_11_Pink.xlsx,time_words,時間についてのことば,OU,U0065,0,0,U0065,m,1,364,11
8353,OU_U0065_11_Pink.xlsx,descriptive_words,ようす・性質,OU,U0065,6,0,U0065,m,1,364,11
8354,OU_U0065_11_Pink.xlsx,pronouns,代名詞,OU,U0065,0,0,U0065,m,1,364,11
8355,OU_U0065_11_Pink.xlsx,question_words,質問のことば,OU,U0065,0,0,U0065,m,1,364,11
8356,OU_U0065_11_Pink.xlsx,locations,位置と場所についてのことば,OU,U0065,0,0,U0065,m,1,364,11
8357,OU_U0065_11_Pink.xlsx,quantifiers,数量を表すことば,OU,U0065,1,0,U0065,m,1,364,11
8358,OU_U0065_11_Pink.xlsx,sounds2,幼児語（その２）,OU,U0065,10,0,U0065,m,1,364,11
8359,OU_U0065_11_Pink.xlsx,conversations,会話語,OU,U0065,0,1,U0065,m,1,364,11
8360,OU_U0065_11_Pink.xlsx,others,その他,OU,U0065,2,0,U0065,m,1,364,11
8361,OU_U0065_15_Pink.xlsx,sounds,幼児語,OU,U0065,4,0,U0065,m,1,459,15
8362,OU_U0065_15_Pink.xlsx,animals,動物の名前,OU,U0065,5,0,U0065,m,1,459,15
8363,OU_U0065_15_Pink.xlsx,vehicles,乗り物,OU,U0065,4,0,U0065,m,1,459,15
8364,OU_U0065_15_Pink.xlsx,toys,おもちゃ,OU,U0065,4,0,U0065,m,1,459,15
8365,OU_U0065_15_Pink.xlsx,food_drink,食べ物と飲み物,OU,U0065,11,1,U0065,m,1,459,15
8366,OU_U0065_15_Pink.xlsx,clothing,衣類,OU,U0065,5,0,U0065,m,1,459,15
8367,OU_U0065_15_Pink.xlsx,body_parts,体の部分,OU,U0065,9,0,U0065,m,1,459,15
8368,OU_U0065_15_Pink.xlsx,furniture_rooms,家具と部屋,OU,U0065,14,0,U0065,m,1,459,15
8369,OU_U0065_15_Pink.xlsx,household,小さな家庭用品,OU,U0065,10,0,U0065,m,1,459,15
8370,OU_U0065_15_Pink.xlsx,outside,戸外の物と場所,OU,U0065,9,0,U0065,m,1,459,15
8371,OU_U0065_15_Pink.xlsx,people,人々,OU,U0065,8,0,U0065,m,1,459,15
8372,OU_U0065_15_Pink.xlsx,games_routines,日課とあいさつ,OU,U0065,17,0,U0065,m,1,459,15
8373,OU_U0065_15_Pink.xlsx,action_words,動作語,OU,U0065,27,0,U0065,m,1,459,15
8374,OU_U0065_15_Pink.xlsx,time_words,時間についてのことば,OU,U0065,1,0,U0065,m,1,459,15
8375,OU_U0065_15_Pink.xlsx,descriptive_words,ようす・性質,OU,U0065,6,0,U0065,m,1,459,15
8376,OU_U0065_15_Pink.xlsx,pronouns,代名詞,OU,U0065,0,0,U0065,m,1,459,15
8377,OU_U0065_15_Pink.xlsx,question_words,質問のことば,OU,U0065,0,0,U0065,m,1,459,15
8378,OU_U0065_15_Pink.xlsx,locations,位置と場所についてのことば,OU,U0065,0,0,U0065,m,1,459,15
8379,OU_U0065_15_Pink.xlsx,quantifiers,数量を表すことば,OU,U0065,3,0,U0065,m,1,459,15
8380,OU_U0065_15_Pink.xlsx,sounds2,幼児語（その２）,OU,U0065,15,0,U0065,m,1,459,15
8381,OU_U0065_15_Pink.xlsx,conversations,会話語,OU,U0065,0,1,U0065,m,1,459,15
8382,OU_U0065_15_Pink.xlsx,others,その他,OU,U0065,3,0,U0065,m,1,459,15
8383,OU_U0065_17_Pink.xlsx,sounds,幼児語,OU,U0065,4,0,U0065,m,1,544,17
8384,OU_U0065_17_Pink.xlsx,animals,動物の名前,OU,U0065,6,0,U0065,m,1,544,17
8385,OU_U0065_17_Pink.xlsx,vehicles,乗り物,OU,U0065,6,0,U0065,m,1,544,17
8386,OU_U0065_17_Pink.xlsx,toys,おもちゃ,OU,U0065,4,0,U0065,m,1,544,17
8387,OU_U0065_17_Pink.xlsx,food_drink,食べ物と飲み物,OU,U0065,15,1,U0065,m,1,544,17
8388,OU_U0065_17_Pink.xlsx,clothing,衣類,OU,U0065,6,0,U0065,m,1,544,17
8389,OU_U0065_17_Pink.xlsx,body_parts,体の部分,OU,U0065,11,0,U0065,m,1,544,17
8390,OU_U0065_17_Pink.xlsx,furniture_rooms,家具と部屋,OU,U0065,16,0,U0065,m,1,544,17
8391,OU_U0065_17_Pink.xlsx,household,小さな家庭用品,OU,U0065,18,0,U0065,m,1,544,17
8392,OU_U0065_17_Pink.xlsx,outside,戸外の物と場所,OU,U0065,10,0,U0065,m,1,544,17
8393,OU_U0065_17_Pink.xlsx,people,人々,OU,U0065,9,0,U0065,m,1,544,17
8394,OU_U0065_17_Pink.xlsx,games_routines,日課とあいさつ,OU,U0065,16,1,U0065,m,1,544,17
8395,OU_U0065_17_Pink.xlsx,action_words,動作語,OU,U0065,38,0,U0065,m,1,544,17
8396,OU_U0065_17_Pink.xlsx,time_words,時間についてのことば,OU,U0065,3,0,U0065,m,1,544,17
8397,OU_U0065_17_Pink.xlsx,descriptive_words,ようす・性質,OU,U0065,8,0,U0065,m,1,544,17
8398,OU_U0065_17_Pink.xlsx,pronouns,代名詞,OU,U0065,0,0,U0065,m,1,544,17
8399,OU_U0065_17_Pink.xlsx,question_words,質問のことば,OU,U0065,0,0,U0065,m,1,544,17
8400,OU_U0065_17_Pink.xlsx,locations,位置と場所についてのことば,OU,U0065,0,0,U0065,m,1,544,17
8401,OU_U0065_17_Pink.xlsx,quantifiers,数量を表すことば,OU,U0065,3,0,U0065,m,1,544,17
8402,OU_U0065_17_Pink.xlsx,sounds2,幼児語（その２）,OU,U0065,18,0,U0065,m,1,544,17
8403,OU_U0065_17_Pink.xlsx,conversations,会話語,OU,U0065,0,1,U0065,m,1,544,17
8404,OU_U0065_17_Pink.xlsx,others,その他,OU,U0065,4,1,U0065,m,1,544,17
8405,OU_U0066_13_Pink.xlsx,sounds,幼児語,OU,U0066,0,1,U0066,m,1,408,13
8406,OU_U0066_13_Pink.xlsx,animals,動物の名前,OU,U0066,0,0,U0066,m,1,408,13
8407,OU_U0066_13_Pink.xlsx,vehicles,乗り物,OU,U0066,0,0,U0066,m,1,408,13
8408,OU_U0066_13_Pink.xlsx,toys,おもちゃ,OU,U0066,0,0,U0066,m,1,408,13
8409,OU_U0066_13_Pink.xlsx,food_drink,食べ物と飲み物,OU,U0066,0,0,U0066,m,1,408,13
8410,OU_U0066_13_Pink.xlsx,clothing,衣類,OU,U0066,0,0,U0066,m,1,408,13
8411,OU_U0066_13_Pink.xlsx,body_parts,体の部分,OU,U0066,0,0,U0066,m,1,408,13
8412,OU_U0066_13_Pink.xlsx,furniture_rooms,家具と部屋,OU,U0066,0,0,U0066,m,1,408,13
8413,OU_U0066_13_Pink.xlsx,household,小さな家庭用品,OU,U0066,0,0,U0066,m,1,408,13
8414,OU_U0066_13_Pink.xlsx,outside,戸外の物と場所,OU,U0066,0,0,U0066,m,1,408,13
8415,OU_U0066_13_Pink.xlsx,people,人々,OU,U0066,6,0,U0066,m,1,408,13
8416,OU_U0066_13_Pink.xlsx,games_routines,日課とあいさつ,OU,U0066,6,0,U0066,m,1,408,13
8417,OU_U0066_13_Pink.xlsx,action_words,動作語,OU,U0066,0,0,U0066,m,1,408,13
8418,OU_U0066_13_Pink.xlsx,time_words,時間についてのことば,OU,U0066,0,0,U0066,m,1,408,13
8419,OU_U0066_13_Pink.xlsx,descriptive_words,ようす・性質,OU,U0066,0,0,U0066,m,1,408,13
8420,OU_U0066_13_Pink.xlsx,pronouns,代名詞,OU,U0066,0,0,U0066,m,1,408,13
8421,OU_U0066_13_Pink.xlsx,question_words,質問のことば,OU,U0066,0,0,U0066,m,1,408,13
8422,OU_U0066_13_Pink.xlsx,locations,位置と場所についてのことば,OU,U0066,0,0,U0066,m,1,408,13
8423,OU_U0066_13_Pink.xlsx,quantifiers,数量を表すことば,OU,U0066,0,0,U0066,m,1,408,13
8424,OU_U0066_13_Pink.xlsx,sounds2,幼児語（その２）,OU,U0066,3,0,U0066,m,1,408,13
8425,OU_U0066_13_Pink.xlsx,conversations,会話語,OU,U0066,1,0,U0066,m,1,408,13
8426,OU_U0066_13_Pink.xlsx,others,その他,OU,U0066,2,0,U0066,m,1,408,13