,filename,category_en,category_ja,project,id,understands,produces,ID,Sex.(f/m),OpenScience.(ok:1/no:0),AgeD.(days),AgeM.(months)
1,JW_S0084_13_Pink.xlsx,sounds,幼児語,JW,S0084,0,0,S0084,f,1,415,13
2,JW_S0084_13_Pink.xlsx,animals,動物の名前,JW,S0084,0,0,S0084,f,1,415,13
3,JW_S0084_13_Pink.xlsx,vehicles,乗り物,JW,S0084,0,0,S0084,f,1,415,13
4,JW_S0084_13_Pink.xlsx,toys,おもちゃ,JW,S0084,0,0,S0084,f,1,415,13
5,JW_S0084_13_Pink.xlsx,food_drink,食べ物と飲み物,JW,S0084,0,0,S0084,f,1,415,13
6,JW_S0084_13_Pink.xlsx,clothing,衣類,JW,S0084,1,0,S0084,f,1,415,13
7,JW_S0084_13_Pink.xlsx,body_parts,体の部分,JW,S0084,2,0,S0084,f,1,415,13
8,JW_S0084_13_Pink.xlsx,furniture_rooms,家具と部屋,JW,S0084,1,0,S0084,f,1,415,13
9,JW_S0084_13_Pink.xlsx,household,小さな家庭用品,JW,S0084,0,0,S0084,f,1,415,13
10,JW_S0084_13_Pink.xlsx,outside,戸外の物と場所,JW,S0084,0,0,S0084,f,1,415,13
11,JW_S0084_13_Pink.xlsx,people,人々,JW,S0084,3,0,S0084,f,1,415,13
12,JW_S0084_13_Pink.xlsx,games_routines,日課とあいさつ,JW,S0084,7,0,S0084,f,1,415,13
13,JW_S0084_13_Pink.xlsx,action_words,動作語,JW,S0084,0,0,S0084,f,1,415,13
14,JW_S0084_13_Pink.xlsx,time_words,時間についてのことば,JW,S0084,0,0,S0084,f,1,415,13
15,JW_S0084_13_Pink.xlsx,descriptive_words,ようす・性質,JW,S0084,0,0,S0084,f,1,415,13
16,JW_S0084_13_Pink.xlsx,pronouns,代名詞,JW,S0084,0,0,S0084,f,1,415,13
17,JW_S0084_13_Pink.xlsx,question_words,質問のことば,JW,S0084,0,0,S0084,f,1,415,13
18,JW_S0084_13_Pink.xlsx,locations,位置と場所についてのことば,JW,S0084,0,0,S0084,f,1,415,13
19,JW_S0084_13_Pink.xlsx,quantifiers,数量を表すことば,JW,S0084,0,0,S0084,f,1,415,13
20,JW_S0084_13_Pink.xlsx,sounds2,幼児語（その２）,JW,S0084,2,0,S0084,f,1,415,13
21,JW_S0084_13_Pink.xlsx,conversations,会話語,JW,S0084,0,0,S0084,f,1,415,13
22,JW_S0084_13_Pink.xlsx,others,その他,JW,S0084,1,0,S0084,f,1,415,13
23,JW_S0101_11_Pink.xlsx,sounds,幼児語,JW,S0101,7,0,S0101,f,1,341,11
24,JW_S0101_11_Pink.xlsx,animals,動物の名前,JW,S0101,8,0,S0101,f,1,341,11
25,JW_S0101_11_Pink.xlsx,vehicles,乗り物,JW,S0101,2,0,S0101,f,1,341,11
26,JW_S0101_11_Pink.xlsx,toys,おもちゃ,JW,S0101,4,0,S0101,f,1,341,11
27,JW_S0101_11_Pink.xlsx,food_drink,食べ物と飲み物,JW,S0101,2,0,S0101,f,1,341,11
28,JW_S0101_11_Pink.xlsx,clothing,衣類,JW,S0101,2,0,S0101,f,1,341,11
29,JW_S0101_11_Pink.xlsx,body_parts,体の部分,JW,S0101,7,0,S0101,f,1,341,11
30,JW_S0101_11_Pink.xlsx,furniture_rooms,家具と部屋,JW,S0101,4,0,S0101,f,1,341,11
31,JW_S0101_11_Pink.xlsx,household,小さな家庭用品,JW,S0101,3,0,S0101,f,1,341,11
32,JW_S0101_11_Pink.xlsx,outside,戸外の物と場所,JW,S0101,7,0,S0101,f,1,341,11
33,JW_S0101_11_Pink.xlsx,people,人々,JW,S0101,9,0,S0101,f,1,341,11
34,JW_S0101_11_Pink.xlsx,games_routines,日課とあいさつ,JW,S0101,15,0,S0101,f,1,341,11
35,JW_S0101_11_Pink.xlsx,action_words,動作語,JW,S0101,12,0,S0101,f,1,341,11
36,JW_S0101_11_Pink.xlsx,time_words,時間についてのことば,JW,S0101,4,0,S0101,f,1,341,11
37,JW_S0101_11_Pink.xlsx,descriptive_words,ようす・性質,JW,S0101,11,0,S0101,f,1,341,11
38,JW_S0101_11_Pink.xlsx,pronouns,代名詞,JW,S0101,8,0,S0101,f,1,341,11
39,JW_S0101_11_Pink.xlsx,question_words,質問のことば,JW,S0101,1,0,S0101,f,1,341,11
40,JW_S0101_11_Pink.xlsx,locations,位置と場所についてのことば,JW,S0101,0,0,S0101,f,1,341,11
41,JW_S0101_11_Pink.xlsx,quantifiers,数量を表すことば,JW,S0101,5,0,S0101,f,1,341,11
42,JW_S0101_11_Pink.xlsx,sounds2,幼児語（その２）,JW,S0101,10,0,S0101,f,1,341,11
43,JW_S0101_11_Pink.xlsx,conversations,会話語,JW,S0101,1,0,S0101,f,1,341,11
44,JW_S0101_11_Pink.xlsx,others,その他,JW,S0101,6,0,S0101,f,1,341,11
45,JW_S0117_13_Pink.xlsx,sounds,幼児語,JW,S0117,0,0,S0117,f,1,395,13
46,JW_S0117_13_Pink.xlsx,animals,動物の名前,JW,S0117,0,0,S0117,f,1,395,13
47,JW_S0117_13_Pink.xlsx,vehicles,乗り物,JW,S0117,0,0,S0117,f,1,395,13
48,JW_S0117_13_Pink.xlsx,toys,おもちゃ,JW,S0117,0,0,S0117,f,1,395,13
49,JW_S0117_13_Pink.xlsx,food_drink,食べ物と飲み物,JW,S0117,0,0,S0117,f,1,395,13
50,JW_S0117_13_Pink.xlsx,clothing,衣類,JW,S0117,0,0,S0117,f,1,395,13
51,JW_S0117_13_Pink.xlsx,body_parts,体の部分,JW,S0117,0,0,S0117,f,1,395,13
52,JW_S0117_13_Pink.xlsx,furniture_rooms,家具と部屋,JW,S0117,0,0,S0117,f,1,395,13
53,JW_S0117_13_Pink.xlsx,household,小さな家庭用品,JW,S0117,0,0,S0117,f,1,395,13
54,JW_S0117_13_Pink.xlsx,outside,戸外の物と場所,JW,S0117,0,0,S0117,f,1,395,13
55,JW_S0117_13_Pink.xlsx,people,人々,JW,S0117,4,0,S0117,f,1,395,13
56,JW_S0117_13_Pink.xlsx,games_routines,日課とあいさつ,JW,S0117,3,0,S0117,f,1,395,13
57,JW_S0117_13_Pink.xlsx,action_words,動作語,JW,S0117,0,0,S0117,f,1,395,13
58,JW_S0117_13_Pink.xlsx,time_words,時間についてのことば,JW,S0117,0,0,S0117,f,1,395,13
59,JW_S0117_13_Pink.xlsx,descriptive_words,ようす・性質,JW,S0117,0,0,S0117,f,1,395,13
60,JW_S0117_13_Pink.xlsx,pronouns,代名詞,JW,S0117,0,0,S0117,f,1,395,13
61,JW_S0117_13_Pink.xlsx,question_words,質問のことば,JW,S0117,0,0,S0117,f,1,395,13
62,JW_S0117_13_Pink.xlsx,locations,位置と場所についてのことば,JW,S0117,0,0,S0117,f,1,395,13
63,JW_S0117_13_Pink.xlsx,quantifiers,数量を表すことば,JW,S0117,0,0,S0117,f,1,395,13
64,JW_S0117_13_Pink.xlsx,sounds2,幼児語（その２）,JW,S0117,1,0,S0117,f,1,395,13
65,JW_S0117_13_Pink.xlsx,conversations,会話語,JW,S0117,0,0,S0117,f,1,395,13
66,JW_S0117_13_Pink.xlsx,others,その他,JW,S0117,1,0,S0117,f,1,395,13
67,JW_S0136_11_Pink.xlsx,sounds,幼児語,JW,S0136,7,0,S0136,f,1,341,11
68,JW_S0136_11_Pink.xlsx,animals,動物の名前,JW,S0136,15,0,S0136,f,1,341,11
69,JW_S0136_11_Pink.xlsx,vehicles,乗り物,JW,S0136,3,0,S0136,f,1,341,11
70,JW_S0136_11_Pink.xlsx,toys,おもちゃ,JW,S0136,2,0,S0136,f,1,341,11
71,JW_S0136_11_Pink.xlsx,food_drink,食べ物と飲み物,JW,S0136,10,0,S0136,f,1,341,11
72,JW_S0136_11_Pink.xlsx,clothing,衣類,JW,S0136,5,0,S0136,f,1,341,11
73,JW_S0136_11_Pink.xlsx,body_parts,体の部分,JW,S0136,11,0,S0136,f,1,341,11
74,JW_S0136_11_Pink.xlsx,furniture_rooms,家具と部屋,JW,S0136,13,0,S0136,f,1,341,11
75,JW_S0136_11_Pink.xlsx,household,小さな家庭用品,JW,S0136,14,0,S0136,f,1,341,11
76,JW_S0136_11_Pink.xlsx,outside,戸外の物と場所,JW,S0136,13,0,S0136,f,1,341,11
77,JW_S0136_11_Pink.xlsx,people,人々,JW,S0136,5,0,S0136,f,1,341,11
78,JW_S0136_11_Pink.xlsx,games_routines,日課とあいさつ,JW,S0136,12,0,S0136,f,1,341,11
79,JW_S0136_11_Pink.xlsx,action_words,動作語,JW,S0136,15,0,S0136,f,1,341,11
80,JW_S0136_11_Pink.xlsx,time_words,時間についてのことば,JW,S0136,2,0,S0136,f,1,341,11
81,JW_S0136_11_Pink.xlsx,descriptive_words,ようす・性質,JW,S0136,20,0,S0136,f,1,341,11
82,JW_S0136_11_Pink.xlsx,pronouns,代名詞,JW,S0136,5,0,S0136,f,1,341,11
83,JW_S0136_11_Pink.xlsx,question_words,質問のことば,JW,S0136,3,0,S0136,f,1,341,11
84,JW_S0136_11_Pink.xlsx,locations,位置と場所についてのことば,JW,S0136,3,0,S0136,f,1,341,11
85,JW_S0136_11_Pink.xlsx,quantifiers,数量を表すことば,JW,S0136,2,0,S0136,f,1,341,11
86,JW_S0136_11_Pink.xlsx,sounds2,幼児語（その２）,JW,S0136,10,0,S0136,f,1,341,11
87,JW_S0136_11_Pink.xlsx,conversations,会話語,JW,S0136,4,0,S0136,f,1,341,11
88,JW_S0136_11_Pink.xlsx,others,その他,JW,S0136,3,0,S0136,f,1,341,11
89,JW_S0145_11_Pink.xlsx,sounds,幼児語,JW,S0145,2,0,S0145,f,1,355,11
90,JW_S0145_11_Pink.xlsx,animals,動物の名前,JW,S0145,0,0,S0145,f,1,355,11
91,JW_S0145_11_Pink.xlsx,vehicles,乗り物,JW,S0145,0,0,S0145,f,1,355,11
92,JW_S0145_11_Pink.xlsx,toys,おもちゃ,JW,S0145,1,0,S0145,f,1,355,11
93,JW_S0145_11_Pink.xlsx,food_drink,食べ物と飲み物,JW,S0145,1,0,S0145,f,1,355,11
94,JW_S0145_11_Pink.xlsx,clothing,衣類,JW,S0145,3,0,S0145,f,1,355,11
95,JW_S0145_11_Pink.xlsx,body_parts,体の部分,JW,S0145,0,0,S0145,f,1,355,11
96,JW_S0145_11_Pink.xlsx,furniture_rooms,家具と部屋,JW,S0145,2,0,S0145,f,1,355,11
97,JW_S0145_11_Pink.xlsx,household,小さな家庭用品,JW,S0145,3,0,S0145,f,1,355,11
98,JW_S0145_11_Pink.xlsx,outside,戸外の物と場所,JW,S0145,2,0,S0145,f,1,355,11
99,JW_S0145_11_Pink.xlsx,people,人々,JW,S0145,4,0,S0145,f,1,355,11
100,JW_S0145_11_Pink.xlsx,games_routines,日課とあいさつ,JW,S0145,6,0,S0145,f,1,355,11
101,JW_S0145_11_Pink.xlsx,action_words,動作語,JW,S0145,7,0,S0145,f,1,355,11
102,JW_S0145_11_Pink.xlsx,time_words,時間についてのことば,JW,S0145,0,0,S0145,f,1,355,11
103,JW_S0145_11_Pink.xlsx,descriptive_words,ようす・性質,JW,S0145,0,0,S0145,f,1,355,11
104,JW_S0145_11_Pink.xlsx,pronouns,代名詞,JW,S0145,0,0,S0145,f,1,355,11
105,JW_S0145_11_Pink.xlsx,question_words,質問のことば,JW,S0145,0,0,S0145,f,1,355,11
106,JW_S0145_11_Pink.xlsx,locations,位置と場所についてのことば,JW,S0145,0,0,S0145,f,1,355,11
107,JW_S0145_11_Pink.xlsx,quantifiers,数量を表すことば,JW,S0145,0,0,S0145,f,1,355,11
108,JW_S0145_11_Pink.xlsx,sounds2,幼児語（その２）,JW,S0145,0,0,S0145,f,1,355,11
109,JW_S0145_11_Pink.xlsx,conversations,会話語,JW,S0145,0,0,S0145,f,1,355,11
110,JW_S0145_11_Pink.xlsx,others,その他,JW,S0145,0,0,S0145,f,1,355,11
111,JW_S0154_13_Pink.xlsx,sounds,幼児語,JW,S0154,6,0,S0154,m,1,413,13
112,JW_S0154_13_Pink.xlsx,animals,動物の名前,JW,S0154,4,0,S0154,m,1,413,13
113,JW_S0154_13_Pink.xlsx,vehicles,乗り物,JW,S0154,3,0,S0154,m,1,413,13
114,JW_S0154_13_Pink.xlsx,toys,おもちゃ,JW,S0154,5,0,S0154,m,1,413,13
115,JW_S0154_13_Pink.xlsx,food_drink,食べ物と飲み物,JW,S0154,17,0,S0154,m,1,413,13
116,JW_S0154_13_Pink.xlsx,clothing,衣類,JW,S0154,7,0,S0154,m,1,413,13
117,JW_S0154_13_Pink.xlsx,body_parts,体の部分,JW,S0154,14,0,S0154,m,1,413,13
118,JW_S0154_13_Pink.xlsx,furniture_rooms,家具と部屋,JW,S0154,16,0,S0154,m,1,413,13
119,JW_S0154_13_Pink.xlsx,household,小さな家庭用品,JW,S0154,21,0,S0154,m,1,413,13
120,JW_S0154_13_Pink.xlsx,outside,戸外の物と場所,JW,S0154,8,0,S0154,m,1,413,13
121,JW_S0154_13_Pink.xlsx,people,人々,JW,S0154,11,0,S0154,m,1,413,13
122,JW_S0154_13_Pink.xlsx,games_routines,日課とあいさつ,JW,S0154,17,0,S0154,m,1,413,13
123,JW_S0154_13_Pink.xlsx,action_words,動作語,JW,S0154,39,0,S0154,m,1,413,13
124,JW_S0154_13_Pink.xlsx,time_words,時間についてのことば,JW,S0154,3,0,S0154,m,1,413,13
125,JW_S0154_13_Pink.xlsx,descriptive_words,ようす・性質,JW,S0154,18,0,S0154,m,1,413,13
126,JW_S0154_13_Pink.xlsx,pronouns,代名詞,JW,S0154,2,0,S0154,m,1,413,13
127,JW_S0154_13_Pink.xlsx,question_words,質問のことば,JW,S0154,0,0,S0154,m,1,413,13
128,JW_S0154_13_Pink.xlsx,locations,位置と場所についてのことば,JW,S0154,2,0,S0154,m,1,413,13
129,JW_S0154_13_Pink.xlsx,quantifiers,数量を表すことば,JW,S0154,2,0,S0154,m,1,413,13
130,JW_S0154_13_Pink.xlsx,sounds2,幼児語（その２）,JW,S0154,7,0,S0154,m,1,413,13
131,JW_S0154_13_Pink.xlsx,conversations,会話語,JW,S0154,5,0,S0154,m,1,413,13
132,JW_S0154_13_Pink.xlsx,others,その他,JW,S0154,5,0,S0154,m,1,413,13
133,JW_S0174_11_Pink.xlsx,sounds,幼児語,JW,S0174,0,0,S0174,m,1,355,11
134,JW_S0174_11_Pink.xlsx,animals,動物の名前,JW,S0174,0,0,S0174,m,1,355,11
135,JW_S0174_11_Pink.xlsx,vehicles,乗り物,JW,S0174,0,0,S0174,m,1,355,11
136,JW_S0174_11_Pink.xlsx,toys,おもちゃ,JW,S0174,0,0,S0174,m,1,355,11
137,JW_S0174_11_Pink.xlsx,food_drink,食べ物と飲み物,JW,S0174,1,0,S0174,m,1,355,11
138,JW_S0174_11_Pink.xlsx,clothing,衣類,JW,S0174,0,0,S0174,m,1,355,11
139,JW_S0174_11_Pink.xlsx,body_parts,体の部分,JW,S0174,0,0,S0174,m,1,355,11
140,JW_S0174_11_Pink.xlsx,furniture_rooms,家具と部屋,JW,S0174,0,0,S0174,m,1,355,11
141,JW_S0174_11_Pink.xlsx,household,小さな家庭用品,JW,S0174,0,0,S0174,m,1,355,11
142,JW_S0174_11_Pink.xlsx,outside,戸外の物と場所,JW,S0174,0,0,S0174,m,1,355,11
143,JW_S0174_11_Pink.xlsx,people,人々,JW,S0174,2,0,S0174,m,1,355,11
144,JW_S0174_11_Pink.xlsx,games_routines,日課とあいさつ,JW,S0174,5,0,S0174,m,1,355,11
145,JW_S0174_11_Pink.xlsx,action_words,動作語,JW,S0174,0,0,S0174,m,1,355,11
146,JW_S0174_11_Pink.xlsx,time_words,時間についてのことば,JW,S0174,0,0,S0174,m,1,355,11
147,JW_S0174_11_Pink.xlsx,descriptive_words,ようす・性質,JW,S0174,0,0,S0174,m,1,355,11
148,JW_S0174_11_Pink.xlsx,pronouns,代名詞,JW,S0174,0,0,S0174,m,1,355,11
149,JW_S0174_11_Pink.xlsx,question_words,質問のことば,JW,S0174,0,0,S0174,m,1,355,11
150,JW_S0174_11_Pink.xlsx,locations,位置と場所についてのことば,JW,S0174,0,0,S0174,m,1,355,11
151,JW_S0174_11_Pink.xlsx,quantifiers,数量を表すことば,JW,S0174,0,0,S0174,m,1,355,11
152,JW_S0174_11_Pink.xlsx,sounds2,幼児語（その２）,JW,S0174,0,0,S0174,m,1,355,11
153,JW_S0174_11_Pink.xlsx,conversations,会話語,JW,S0174,0,0,S0174,m,1,355,11
154,JW_S0174_11_Pink.xlsx,others,その他,JW,S0174,1,0,S0174,m,1,355,11
155,JW_S0175_11_Pink.xlsx,sounds,幼児語,JW,S0175,0,0,S0175,m,1,353,11
156,JW_S0175_11_Pink.xlsx,animals,動物の名前,JW,S0175,0,0,S0175,m,1,353,11
157,JW_S0175_11_Pink.xlsx,vehicles,乗り物,JW,S0175,0,0,S0175,m,1,353,11
158,JW_S0175_11_Pink.xlsx,toys,おもちゃ,JW,S0175,0,0,S0175,m,1,353,11
159,JW_S0175_11_Pink.xlsx,food_drink,食べ物と飲み物,JW,S0175,1,0,S0175,m,1,353,11
160,JW_S0175_11_Pink.xlsx,clothing,衣類,JW,S0175,0,0,S0175,m,1,353,11
161,JW_S0175_11_Pink.xlsx,body_parts,体の部分,JW,S0175,0,0,S0175,m,1,353,11
162,JW_S0175_11_Pink.xlsx,furniture_rooms,家具と部屋,JW,S0175,0,0,S0175,m,1,353,11
163,JW_S0175_11_Pink.xlsx,household,小さな家庭用品,JW,S0175,0,0,S0175,m,1,353,11
164,JW_S0175_11_Pink.xlsx,outside,戸外の物と場所,JW,S0175,0,0,S0175,m,1,353,11
165,JW_S0175_11_Pink.xlsx,people,人々,JW,S0175,3,0,S0175,m,1,353,11
166,JW_S0175_11_Pink.xlsx,games_routines,日課とあいさつ,JW,S0175,1,0,S0175,m,1,353,11
167,JW_S0175_11_Pink.xlsx,action_words,動作語,JW,S0175,0,0,S0175,m,1,353,11
168,JW_S0175_11_Pink.xlsx,time_words,時間についてのことば,JW,S0175,0,0,S0175,m,1,353,11
169,JW_S0175_11_Pink.xlsx,descriptive_words,ようす・性質,JW,S0175,0,0,S0175,m,1,353,11
170,JW_S0175_11_Pink.xlsx,pronouns,代名詞,JW,S0175,1,0,S0175,m,1,353,11
171,JW_S0175_11_Pink.xlsx,question_words,質問のことば,JW,S0175,0,0,S0175,m,1,353,11
172,JW_S0175_11_Pink.xlsx,locations,位置と場所についてのことば,JW,S0175,0,0,S0175,m,1,353,11
173,JW_S0175_11_Pink.xlsx,quantifiers,数量を表すことば,JW,S0175,0,0,S0175,m,1,353,11
174,JW_S0175_11_Pink.xlsx,sounds2,幼児語（その２）,JW,S0175,0,0,S0175,m,1,353,11
175,JW_S0175_11_Pink.xlsx,conversations,会話語,JW,S0175,0,0,S0175,m,1,353,11
176,JW_S0175_11_Pink.xlsx,others,その他,JW,S0175,0,0,S0175,m,1,353,11
177,JW_S0220_11_Pink.xlsx,sounds,幼児語,JW,S0220,0,0,S0220,f,1,353,11
178,JW_S0220_11_Pink.xlsx,animals,動物の名前,JW,S0220,0,0,S0220,f,1,353,11
179,JW_S0220_11_Pink.xlsx,vehicles,乗り物,JW,S0220,0,0,S0220,f,1,353,11
180,JW_S0220_11_Pink.xlsx,toys,おもちゃ,JW,S0220,0,0,S0220,f,1,353,11
181,JW_S0220_11_Pink.xlsx,food_drink,食べ物と飲み物,JW,S0220,0,0,S0220,f,1,353,11
182,JW_S0220_11_Pink.xlsx,clothing,衣類,JW,S0220,0,0,S0220,f,1,353,11
183,JW_S0220_11_Pink.xlsx,body_parts,体の部分,JW,S0220,0,0,S0220,f,1,353,11
184,JW_S0220_11_Pink.xlsx,furniture_rooms,家具と部屋,JW,S0220,0,0,S0220,f,1,353,11
185,JW_S0220_11_Pink.xlsx,household,小さな家庭用品,JW,S0220,0,0,S0220,f,1,353,11
186,JW_S0220_11_Pink.xlsx,outside,戸外の物と場所,JW,S0220,0,0,S0220,f,1,353,11
187,JW_S0220_11_Pink.xlsx,people,人々,JW,S0220,3,0,S0220,f,1,353,11
188,JW_S0220_11_Pink.xlsx,games_routines,日課とあいさつ,JW,S0220,4,0,S0220,f,1,353,11
189,JW_S0220_11_Pink.xlsx,action_words,動作語,JW,S0220,0,0,S0220,f,1,353,11
190,JW_S0220_11_Pink.xlsx,time_words,時間についてのことば,JW,S0220,0,0,S0220,f,1,353,11
191,JW_S0220_11_Pink.xlsx,descriptive_words,ようす・性質,JW,S0220,0,0,S0220,f,1,353,11
192,JW_S0220_11_Pink.xlsx,pronouns,代名詞,JW,S0220,0,0,S0220,f,1,353,11
193,JW_S0220_11_Pink.xlsx,question_words,質問のことば,JW,S0220,0,0,S0220,f,1,353,11
194,JW_S0220_11_Pink.xlsx,locations,位置と場所についてのことば,JW,S0220,0,0,S0220,f,1,353,11
195,JW_S0220_11_Pink.xlsx,quantifiers,数量を表すことば,JW,S0220,0,0,S0220,f,1,353,11
196,JW_S0220_11_Pink.xlsx,sounds2,幼児語（その２）,JW,S0220,0,0,S0220,f,1,353,11
197,JW_S0220_11_Pink.xlsx,conversations,会話語,JW,S0220,0,0,S0220,f,1,353,11
198,JW_S0220_11_Pink.xlsx,others,その他,JW,S0220,0,0,S0220,f,1,353,11
199,JW_S0294_11_Pink.xlsx,sounds,幼児語,JW,S0294,0,0,S0294,m,1,340,11
200,JW_S0294_11_Pink.xlsx,animals,動物の名前,JW,S0294,0,0,S0294,m,1,340,11
201,JW_S0294_11_Pink.xlsx,vehicles,乗り物,JW,S0294,0,0,S0294,m,1,340,11
202,JW_S0294_11_Pink.xlsx,toys,おもちゃ,JW,S0294,0,0,S0294,m,1,340,11
203,JW_S0294_11_Pink.xlsx,food_drink,食べ物と飲み物,JW,S0294,0,0,S0294,m,1,340,11
204,JW_S0294_11_Pink.xlsx,clothing,衣類,JW,S0294,0,0,S0294,m,1,340,11
205,JW_S0294_11_Pink.xlsx,body_parts,体の部分,JW,S0294,0,0,S0294,m,1,340,11
206,JW_S0294_11_Pink.xlsx,furniture_rooms,家具と部屋,JW,S0294,0,0,S0294,m,1,340,11
207,JW_S0294_11_Pink.xlsx,household,小さな家庭用品,JW,S0294,0,0,S0294,m,1,340,11
208,JW_S0294_11_Pink.xlsx,outside,戸外の物と場所,JW,S0294,0,0,S0294,m,1,340,11
209,JW_S0294_11_Pink.xlsx,people,人々,JW,S0294,0,0,S0294,m,1,340,11
210,JW_S0294_11_Pink.xlsx,games_routines,日課とあいさつ,JW,S0294,0,0,S0294,m,1,340,11
211,JW_S0294_11_Pink.xlsx,action_words,動作語,JW,S0294,0,0,S0294,m,1,340,11
212,JW_S0294_11_Pink.xlsx,time_words,時間についてのことば,JW,S0294,0,0,S0294,m,1,340,11
213,JW_S0294_11_Pink.xlsx,descriptive_words,ようす・性質,JW,S0294,0,0,S0294,m,1,340,11
214,JW_S0294_11_Pink.xlsx,pronouns,代名詞,JW,S0294,0,0,S0294,m,1,340,11
215,JW_S0294_11_Pink.xlsx,question_words,質問のことば,JW,S0294,0,0,S0294,m,1,340,11
216,JW_S0294_11_Pink.xlsx,locations,位置と場所についてのことば,JW,S0294,0,0,S0294,m,1,340,11
217,JW_S0294_11_Pink.xlsx,quantifiers,数量を表すことば,JW,S0294,0,0,S0294,m,1,340,11
218,JW_S0294_11_Pink.xlsx,sounds2,幼児語（その２）,JW,S0294,0,0,S0294,m,1,340,11
219,JW_S0294_11_Pink.xlsx,conversations,会話語,JW,S0294,0,0,S0294,m,1,340,11
220,JW_S0294_11_Pink.xlsx,others,その他,JW,S0294,0,0,S0294,m,1,340,11
221,JW_S0305_11_Pink.xlsx,sounds,幼児語,JW,S0305,0,0,S0305,f,1,356,11
222,JW_S0305_11_Pink.xlsx,animals,動物の名前,JW,S0305,0,0,S0305,f,1,356,11
223,JW_S0305_11_Pink.xlsx,vehicles,乗り物,JW,S0305,0,0,S0305,f,1,356,11
224,JW_S0305_11_Pink.xlsx,toys,おもちゃ,JW,S0305,0,0,S0305,f,1,356,11
225,JW_S0305_11_Pink.xlsx,food_drink,食べ物と飲み物,JW,S0305,0,0,S0305,f,1,356,11
226,JW_S0305_11_Pink.xlsx,clothing,衣類,JW,S0305,0,0,S0305,f,1,356,11
227,JW_S0305_11_Pink.xlsx,body_parts,体の部分,JW,S0305,0,0,S0305,f,1,356,11
228,JW_S0305_11_Pink.xlsx,furniture_rooms,家具と部屋,JW,S0305,0,0,S0305,f,1,356,11
229,JW_S0305_11_Pink.xlsx,household,小さな家庭用品,JW,S0305,0,0,S0305,f,1,356,11
230,JW_S0305_11_Pink.xlsx,outside,戸外の物と場所,JW,S0305,0,0,S0305,f,1,356,11
231,JW_S0305_11_Pink.xlsx,people,人々,JW,S0305,0,0,S0305,f,1,356,11
232,JW_S0305_11_Pink.xlsx,games_routines,日課とあいさつ,JW,S0305,0,0,S0305,f,1,356,11
233,JW_S0305_11_Pink.xlsx,action_words,動作語,JW,S0305,0,0,S0305,f,1,356,11
234,JW_S0305_11_Pink.xlsx,time_words,時間についてのことば,JW,S0305,0,0,S0305,f,1,356,11
235,JW_S0305_11_Pink.xlsx,descriptive_words,ようす・性質,JW,S0305,0,0,S0305,f,1,356,11
236,JW_S0305_11_Pink.xlsx,pronouns,代名詞,JW,S0305,0,0,S0305,f,1,356,11
237,JW_S0305_11_Pink.xlsx,question_words,質問のことば,JW,S0305,0,0,S0305,f,1,356,11
238,JW_S0305_11_Pink.xlsx,locations,位置と場所についてのことば,JW,S0305,0,0,S0305,f,1,356,11
239,JW_S0305_11_Pink.xlsx,quantifiers,数量を表すことば,JW,S0305,0,0,S0305,f,1,356,11
240,JW_S0305_11_Pink.xlsx,sounds2,幼児語（その２）,JW,S0305,0,0,S0305,f,1,356,11
241,JW_S0305_11_Pink.xlsx,conversations,会話語,JW,S0305,0,0,S0305,f,1,356,11
242,JW_S0305_11_Pink.xlsx,others,その他,JW,S0305,0,0,S0305,f,1,356,11
243,JW_S0307_11_Pink.xlsx,sounds,幼児語,JW,S0307,3,1,S0307,f,1,356,11
244,JW_S0307_11_Pink.xlsx,animals,動物の名前,JW,S0307,1,1,S0307,f,1,356,11
245,JW_S0307_11_Pink.xlsx,vehicles,乗り物,JW,S0307,2,0,S0307,f,1,356,11
246,JW_S0307_11_Pink.xlsx,toys,おもちゃ,JW,S0307,2,0,S0307,f,1,356,11
247,JW_S0307_11_Pink.xlsx,food_drink,食べ物と飲み物,JW,S0307,2,0,S0307,f,1,356,11
248,JW_S0307_11_Pink.xlsx,clothing,衣類,JW,S0307,1,0,S0307,f,1,356,11
249,JW_S0307_11_Pink.xlsx,body_parts,体の部分,JW,S0307,0,0,S0307,f,1,356,11
250,JW_S0307_11_Pink.xlsx,furniture_rooms,家具と部屋,JW,S0307,0,0,S0307,f,1,356,11
251,JW_S0307_11_Pink.xlsx,household,小さな家庭用品,JW,S0307,0,0,S0307,f,1,356,11
252,JW_S0307_11_Pink.xlsx,outside,戸外の物と場所,JW,S0307,0,0,S0307,f,1,356,11
253,JW_S0307_11_Pink.xlsx,people,人々,JW,S0307,5,2,S0307,f,1,356,11
254,JW_S0307_11_Pink.xlsx,games_routines,日課とあいさつ,JW,S0307,4,6,S0307,f,1,356,11
255,JW_S0307_11_Pink.xlsx,action_words,動作語,JW,S0307,5,0,S0307,f,1,356,11
256,JW_S0307_11_Pink.xlsx,time_words,時間についてのことば,JW,S0307,0,0,S0307,f,1,356,11
257,JW_S0307_11_Pink.xlsx,descriptive_words,ようす・性質,JW,S0307,5,0,S0307,f,1,356,11
258,JW_S0307_11_Pink.xlsx,pronouns,代名詞,JW,S0307,0,0,S0307,f,1,356,11
259,JW_S0307_11_Pink.xlsx,question_words,質問のことば,JW,S0307,0,0,S0307,f,1,356,11
260,JW_S0307_11_Pink.xlsx,locations,位置と場所についてのことば,JW,S0307,0,0,S0307,f,1,356,11
261,JW_S0307_11_Pink.xlsx,quantifiers,数量を表すことば,JW,S0307,0,0,S0307,f,1,356,11
262,JW_S0307_11_Pink.xlsx,sounds2,幼児語（その２）,JW,S0307,6,0,S0307,f,1,356,11
263,JW_S0307_11_Pink.xlsx,conversations,会話語,JW,S0307,0,0,S0307,f,1,356,11
264,JW_S0307_11_Pink.xlsx,others,その他,JW,S0307,1,0,S0307,f,1,356,11
265,JW_S0317_11_Pink.xlsx,sounds,幼児語,JW,S0317,0,0,S0317,f,1,360,11
266,JW_S0317_11_Pink.xlsx,animals,動物の名前,JW,S0317,0,0,S0317,f,1,360,11
267,JW_S0317_11_Pink.xlsx,vehicles,乗り物,JW,S0317,0,0,S0317,f,1,360,11
268,JW_S0317_11_Pink.xlsx,toys,おもちゃ,JW,S0317,0,0,S0317,f,1,360,11
269,JW_S0317_11_Pink.xlsx,food_drink,食べ物と飲み物,JW,S0317,0,0,S0317,f,1,360,11
270,JW_S0317_11_Pink.xlsx,clothing,衣類,JW,S0317,0,0,S0317,f,1,360,11
271,JW_S0317_11_Pink.xlsx,body_parts,体の部分,JW,S0317,0,0,S0317,f,1,360,11
272,JW_S0317_11_Pink.xlsx,furniture_rooms,家具と部屋,JW,S0317,0,0,S0317,f,1,360,11
273,JW_S0317_11_Pink.xlsx,household,小さな家庭用品,JW,S0317,0,0,S0317,f,1,360,11
274,JW_S0317_11_Pink.xlsx,outside,戸外の物と場所,JW,S0317,0,0,S0317,f,1,360,11
275,JW_S0317_11_Pink.xlsx,people,人々,JW,S0317,0,0,S0317,f,1,360,11
276,JW_S0317_11_Pink.xlsx,games_routines,日課とあいさつ,JW,S0317,0,1,S0317,f,1,360,11
277,JW_S0317_11_Pink.xlsx,action_words,動作語,JW,S0317,0,0,S0317,f,1,360,11
278,JW_S0317_11_Pink.xlsx,time_words,時間についてのことば,JW,S0317,0,0,S0317,f,1,360,11
279,JW_S0317_11_Pink.xlsx,descriptive_words,ようす・性質,JW,S0317,0,0,S0317,f,1,360,11
280,JW_S0317_11_Pink.xlsx,pronouns,代名詞,JW,S0317,0,0,S0317,f,1,360,11
281,JW_S0317_11_Pink.xlsx,question_words,質問のことば,JW,S0317,0,0,S0317,f,1,360,11
282,JW_S0317_11_Pink.xlsx,locations,位置と場所についてのことば,JW,S0317,0,0,S0317,f,1,360,11
283,JW_S0317_11_Pink.xlsx,quantifiers,数量を表すことば,JW,S0317,0,0,S0317,f,1,360,11
284,JW_S0317_11_Pink.xlsx,sounds2,幼児語（その２）,JW,S0317,0,0,S0317,f,1,360,11
285,JW_S0317_11_Pink.xlsx,conversations,会話語,JW,S0317,0,0,S0317,f,1,360,11
286,JW_S0317_11_Pink.xlsx,others,その他,JW,S0317,0,0,S0317,f,1,360,11
287,JW_S0342_12_Pink.xlsx,sounds,幼児語,JW,S0342,2,3,S0342,m,1,376,12
288,JW_S0342_12_Pink.xlsx,animals,動物の名前,JW,S0342,6,0,S0342,m,1,376,12
289,JW_S0342_12_Pink.xlsx,vehicles,乗り物,JW,S0342,1,3,S0342,m,1,376,12
290,JW_S0342_12_Pink.xlsx,toys,おもちゃ,JW,S0342,4,0,S0342,m,1,376,12
291,JW_S0342_12_Pink.xlsx,food_drink,食べ物と飲み物,JW,S0342,3,0,S0342,m,1,376,12
292,JW_S0342_12_Pink.xlsx,clothing,衣類,JW,S0342,5,0,S0342,m,1,376,12
293,JW_S0342_12_Pink.xlsx,body_parts,体の部分,JW,S0342,16,1,S0342,m,1,376,12
294,JW_S0342_12_Pink.xlsx,furniture_rooms,家具と部屋,JW,S0342,3,1,S0342,m,1,376,12
295,JW_S0342_12_Pink.xlsx,household,小さな家庭用品,JW,S0342,5,0,S0342,m,1,376,12
296,JW_S0342_12_Pink.xlsx,outside,戸外の物と場所,JW,S0342,5,0,S0342,m,1,376,12
297,JW_S0342_12_Pink.xlsx,people,人々,JW,S0342,8,3,S0342,m,1,376,12
298,JW_S0342_12_Pink.xlsx,games_routines,日課とあいさつ,JW,S0342,10,4,S0342,m,1,376,12
299,JW_S0342_12_Pink.xlsx,action_words,動作語,JW,S0342,19,0,S0342,m,1,376,12
300,JW_S0342_12_Pink.xlsx,time_words,時間についてのことば,JW,S0342,1,0,S0342,m,1,376,12
301,JW_S0342_12_Pink.xlsx,descriptive_words,ようす・性質,JW,S0342,9,6,S0342,m,1,376,12
302,JW_S0342_12_Pink.xlsx,pronouns,代名詞,JW,S0342,5,2,S0342,m,1,376,12
303,JW_S0342_12_Pink.xlsx,question_words,質問のことば,JW,S0342,2,0,S0342,m,1,376,12
304,JW_S0342_12_Pink.xlsx,locations,位置と場所についてのことば,JW,S0342,2,0,S0342,m,1,376,12
305,JW_S0342_12_Pink.xlsx,quantifiers,数量を表すことば,JW,S0342,0,2,S0342,m,1,376,12
306,JW_S0342_12_Pink.xlsx,sounds2,幼児語（その２）,JW,S0342,8,3,S0342,m,1,376,12
307,JW_S0342_12_Pink.xlsx,conversations,会話語,JW,S0342,0,2,S0342,m,1,376,12
308,JW_S0342_12_Pink.xlsx,others,その他,JW,S0342,1,1,S0342,m,1,376,12
309,JW_S0359_11_Pink.xlsx,sounds,幼児語,JW,S0359,1,0,S0359,m,1,357,11
310,JW_S0359_11_Pink.xlsx,animals,動物の名前,JW,S0359,0,0,S0359,m,1,357,11
311,JW_S0359_11_Pink.xlsx,vehicles,乗り物,JW,S0359,0,0,S0359,m,1,357,11
312,JW_S0359_11_Pink.xlsx,toys,おもちゃ,JW,S0359,0,0,S0359,m,1,357,11
313,JW_S0359_11_Pink.xlsx,food_drink,食べ物と飲み物,JW,S0359,2,0,S0359,m,1,357,11
314,JW_S0359_11_Pink.xlsx,clothing,衣類,JW,S0359,0,0,S0359,m,1,357,11
315,JW_S0359_11_Pink.xlsx,body_parts,体の部分,JW,S0359,1,0,S0359,m,1,357,11
316,JW_S0359_11_Pink.xlsx,furniture_rooms,家具と部屋,JW,S0359,0,0,S0359,m,1,357,11
317,JW_S0359_11_Pink.xlsx,household,小さな家庭用品,JW,S0359,0,0,S0359,m,1,357,11
318,JW_S0359_11_Pink.xlsx,outside,戸外の物と場所,JW,S0359,0,0,S0359,m,1,357,11
319,JW_S0359_11_Pink.xlsx,people,人々,JW,S0359,1,0,S0359,m,1,357,11
320,JW_S0359_11_Pink.xlsx,games_routines,日課とあいさつ,JW,S0359,4,0,S0359,m,1,357,11
321,JW_S0359_11_Pink.xlsx,action_words,動作語,JW,S0359,0,0,S0359,m,1,357,11
322,JW_S0359_11_Pink.xlsx,time_words,時間についてのことば,JW,S0359,0,0,S0359,m,1,357,11
323,JW_S0359_11_Pink.xlsx,descriptive_words,ようす・性質,JW,S0359,0,0,S0359,m,1,357,11
324,JW_S0359_11_Pink.xlsx,pronouns,代名詞,JW,S0359,0,0,S0359,m,1,357,11
325,JW_S0359_11_Pink.xlsx,question_words,質問のことば,JW,S0359,0,0,S0359,m,1,357,11
326,JW_S0359_11_Pink.xlsx,locations,位置と場所についてのことば,JW,S0359,0,0,S0359,m,1,357,11
327,JW_S0359_11_Pink.xlsx,quantifiers,数量を表すことば,JW,S0359,0,0,S0359,m,1,357,11
328,JW_S0359_11_Pink.xlsx,sounds2,幼児語（その２）,JW,S0359,1,0,S0359,m,1,357,11
329,JW_S0359_11_Pink.xlsx,conversations,会話語,JW,S0359,0,0,S0359,m,1,357,11
330,JW_S0359_11_Pink.xlsx,others,その他,JW,S0359,0,0,S0359,m,1,357,11
331,JW_S0375_11_Pink.xlsx,sounds,幼児語,JW,S0375,1,0,S0375,f,1,341,11
332,JW_S0375_11_Pink.xlsx,animals,動物の名前,JW,S0375,0,0,S0375,f,1,341,11
333,JW_S0375_11_Pink.xlsx,vehicles,乗り物,JW,S0375,0,0,S0375,f,1,341,11
334,JW_S0375_11_Pink.xlsx,toys,おもちゃ,JW,S0375,0,0,S0375,f,1,341,11
335,JW_S0375_11_Pink.xlsx,food_drink,食べ物と飲み物,JW,S0375,4,0,S0375,f,1,341,11
336,JW_S0375_11_Pink.xlsx,clothing,衣類,JW,S0375,2,0,S0375,f,1,341,11
337,JW_S0375_11_Pink.xlsx,body_parts,体の部分,JW,S0375,3,0,S0375,f,1,341,11
338,JW_S0375_11_Pink.xlsx,furniture_rooms,家具と部屋,JW,S0375,0,0,S0375,f,1,341,11
339,JW_S0375_11_Pink.xlsx,household,小さな家庭用品,JW,S0375,0,0,S0375,f,1,341,11
340,JW_S0375_11_Pink.xlsx,outside,戸外の物と場所,JW,S0375,1,0,S0375,f,1,341,11
341,JW_S0375_11_Pink.xlsx,people,人々,JW,S0375,12,0,S0375,f,1,341,11
342,JW_S0375_11_Pink.xlsx,games_routines,日課とあいさつ,JW,S0375,13,0,S0375,f,1,341,11
343,JW_S0375_11_Pink.xlsx,action_words,動作語,JW,S0375,1,0,S0375,f,1,341,11
344,JW_S0375_11_Pink.xlsx,time_words,時間についてのことば,JW,S0375,0,0,S0375,f,1,341,11
345,JW_S0375_11_Pink.xlsx,descriptive_words,ようす・性質,JW,S0375,2,0,S0375,f,1,341,11
346,JW_S0375_11_Pink.xlsx,pronouns,代名詞,JW,S0375,0,0,S0375,f,1,341,11
347,JW_S0375_11_Pink.xlsx,question_words,質問のことば,JW,S0375,0,0,S0375,f,1,341,11
348,JW_S0375_11_Pink.xlsx,locations,位置と場所についてのことば,JW,S0375,0,0,S0375,f,1,341,11
349,JW_S0375_11_Pink.xlsx,quantifiers,数量を表すことば,JW,S0375,0,0,S0375,f,1,341,11
350,JW_S0375_11_Pink.xlsx,sounds2,幼児語（その２）,JW,S0375,7,0,S0375,f,1,341,11
351,JW_S0375_11_Pink.xlsx,conversations,会話語,JW,S0375,0,0,S0375,f,1,341,11
352,JW_S0375_11_Pink.xlsx,others,その他,JW,S0375,1,0,S0375,f,1,341,11
353,JW_S0408_12_Pink.xlsx,sounds,幼児語,JW,S0408,4,0,S0408,m,1,376,12
354,JW_S0408_12_Pink.xlsx,animals,動物の名前,JW,S0408,1,0,S0408,m,1,376,12
355,JW_S0408_12_Pink.xlsx,vehicles,乗り物,JW,S0408,2,0,S0408,m,1,376,12
356,JW_S0408_12_Pink.xlsx,toys,おもちゃ,JW,S0408,4,0,S0408,m,1,376,12
357,JW_S0408_12_Pink.xlsx,food_drink,食べ物と飲み物,JW,S0408,8,0,S0408,m,1,376,12
358,JW_S0408_12_Pink.xlsx,clothing,衣類,JW,S0408,0,0,S0408,m,1,376,12
359,JW_S0408_12_Pink.xlsx,body_parts,体の部分,JW,S0408,5,0,S0408,m,1,376,12
360,JW_S0408_12_Pink.xlsx,furniture_rooms,家具と部屋,JW,S0408,3,0,S0408,m,1,376,12
361,JW_S0408_12_Pink.xlsx,household,小さな家庭用品,JW,S0408,3,0,S0408,m,1,376,12
362,JW_S0408_12_Pink.xlsx,outside,戸外の物と場所,JW,S0408,3,0,S0408,m,1,376,12
363,JW_S0408_12_Pink.xlsx,people,人々,JW,S0408,4,0,S0408,m,1,376,12
364,JW_S0408_12_Pink.xlsx,games_routines,日課とあいさつ,JW,S0408,10,0,S0408,m,1,376,12
365,JW_S0408_12_Pink.xlsx,action_words,動作語,JW,S0408,13,0,S0408,m,1,376,12
366,JW_S0408_12_Pink.xlsx,time_words,時間についてのことば,JW,S0408,2,0,S0408,m,1,376,12
367,JW_S0408_12_Pink.xlsx,descriptive_words,ようす・性質,JW,S0408,3,0,S0408,m,1,376,12
368,JW_S0408_12_Pink.xlsx,pronouns,代名詞,JW,S0408,5,0,S0408,m,1,376,12
369,JW_S0408_12_Pink.xlsx,question_words,質問のことば,JW,S0408,2,0,S0408,m,1,376,12
370,JW_S0408_12_Pink.xlsx,locations,位置と場所についてのことば,JW,S0408,1,0,S0408,m,1,376,12
371,JW_S0408_12_Pink.xlsx,quantifiers,数量を表すことば,JW,S0408,3,0,S0408,m,1,376,12
372,JW_S0408_12_Pink.xlsx,sounds2,幼児語（その２）,JW,S0408,6,0,S0408,m,1,376,12
373,JW_S0408_12_Pink.xlsx,conversations,会話語,JW,S0408,2,0,S0408,m,1,376,12
374,JW_S0408_12_Pink.xlsx,others,その他,JW,S0408,3,0,S0408,m,1,376,12
375,JW_S0416_11_Pink.xlsx,sounds,幼児語,JW,S0416,2,1,S0416,f,1,346,11
376,JW_S0416_11_Pink.xlsx,animals,動物の名前,JW,S0416,0,0,S0416,f,1,346,11
377,JW_S0416_11_Pink.xlsx,vehicles,乗り物,JW,S0416,0,0,S0416,f,1,346,11
378,JW_S0416_11_Pink.xlsx,toys,おもちゃ,JW,S0416,0,0,S0416,f,1,346,11
379,JW_S0416_11_Pink.xlsx,food_drink,食べ物と飲み物,JW,S0416,0,0,S0416,f,1,346,11
380,JW_S0416_11_Pink.xlsx,clothing,衣類,JW,S0416,0,0,S0416,f,1,346,11
381,JW_S0416_11_Pink.xlsx,body_parts,体の部分,JW,S0416,0,0,S0416,f,1,346,11
382,JW_S0416_11_Pink.xlsx,furniture_rooms,家具と部屋,JW,S0416,0,0,S0416,f,1,346,11
383,JW_S0416_11_Pink.xlsx,household,小さな家庭用品,JW,S0416,0,0,S0416,f,1,346,11
384,JW_S0416_11_Pink.xlsx,outside,戸外の物と場所,JW,S0416,0,0,S0416,f,1,346,11
385,JW_S0416_11_Pink.xlsx,people,人々,JW,S0416,3,2,S0416,f,1,346,11
386,JW_S0416_11_Pink.xlsx,games_routines,日課とあいさつ,JW,S0416,8,0,S0416,f,1,346,11
387,JW_S0416_11_Pink.xlsx,action_words,動作語,JW,S0416,0,0,S0416,f,1,346,11
388,JW_S0416_11_Pink.xlsx,time_words,時間についてのことば,JW,S0416,0,0,S0416,f,1,346,11
389,JW_S0416_11_Pink.xlsx,descriptive_words,ようす・性質,JW,S0416,3,0,S0416,f,1,346,11
390,JW_S0416_11_Pink.xlsx,pronouns,代名詞,JW,S0416,0,0,S0416,f,1,346,11
391,JW_S0416_11_Pink.xlsx,question_words,質問のことば,JW,S0416,0,0,S0416,f,1,346,11
392,JW_S0416_11_Pink.xlsx,locations,位置と場所についてのことば,JW,S0416,0,0,S0416,f,1,346,11
393,JW_S0416_11_Pink.xlsx,quantifiers,数量を表すことば,JW,S0416,0,0,S0416,f,1,346,11
394,JW_S0416_11_Pink.xlsx,sounds2,幼児語（その２）,JW,S0416,4,0,S0416,f,1,346,11
395,JW_S0416_11_Pink.xlsx,conversations,会話語,JW,S0416,0,0,S0416,f,1,346,11
396,JW_S0416_11_Pink.xlsx,others,その他,JW,S0416,1,0,S0416,f,1,346,11
397,JW_S0432_11_Pink.xlsx,sounds,幼児語,JW,S0432,0,0,S0432,f,1,351,11
398,JW_S0432_11_Pink.xlsx,animals,動物の名前,JW,S0432,0,0,S0432,f,1,351,11
399,JW_S0432_11_Pink.xlsx,vehicles,乗り物,JW,S0432,0,0,S0432,f,1,351,11
400,JW_S0432_11_Pink.xlsx,toys,おもちゃ,JW,S0432,0,0,S0432,f,1,351,11
401,JW_S0432_11_Pink.xlsx,food_drink,食べ物と飲み物,JW,S0432,0,0,S0432,f,1,351,11
402,JW_S0432_11_Pink.xlsx,clothing,衣類,JW,S0432,0,0,S0432,f,1,351,11
403,JW_S0432_11_Pink.xlsx,body_parts,体の部分,JW,S0432,0,0,S0432,f,1,351,11
404,JW_S0432_11_Pink.xlsx,furniture_rooms,家具と部屋,JW,S0432,0,0,S0432,f,1,351,11
405,JW_S0432_11_Pink.xlsx,household,小さな家庭用品,JW,S0432,0,0,S0432,f,1,351,11
406,JW_S0432_11_Pink.xlsx,outside,戸外の物と場所,JW,S0432,0,0,S0432,f,1,351,11
407,JW_S0432_11_Pink.xlsx,people,人々,JW,S0432,4,0,S0432,f,1,351,11
408,JW_S0432_11_Pink.xlsx,games_routines,日課とあいさつ,JW,S0432,5,1,S0432,f,1,351,11
409,JW_S0432_11_Pink.xlsx,action_words,動作語,JW,S0432,0,0,S0432,f,1,351,11
410,JW_S0432_11_Pink.xlsx,time_words,時間についてのことば,JW,S0432,0,0,S0432,f,1,351,11
411,JW_S0432_11_Pink.xlsx,descriptive_words,ようす・性質,JW,S0432,1,0,S0432,f,1,351,11
412,JW_S0432_11_Pink.xlsx,pronouns,代名詞,JW,S0432,0,0,S0432,f,1,351,11
413,JW_S0432_11_Pink.xlsx,question_words,質問のことば,JW,S0432,0,0,S0432,f,1,351,11
414,JW_S0432_11_Pink.xlsx,locations,位置と場所についてのことば,JW,S0432,0,0,S0432,f,1,351,11
415,JW_S0432_11_Pink.xlsx,quantifiers,数量を表すことば,JW,S0432,0,0,S0432,f,1,351,11
416,JW_S0432_11_Pink.xlsx,sounds2,幼児語（その２）,JW,S0432,0,0,S0432,f,1,351,11
417,JW_S0432_11_Pink.xlsx,conversations,会話語,JW,S0432,0,0,S0432,f,1,351,11
418,JW_S0432_11_Pink.xlsx,others,その他,JW,S0432,1,0,S0432,f,1,351,11
419,JW_S0438_11_Pink.xlsx,sounds,幼児語,JW,S0438,1,1,S0438,f,1,357,11
420,JW_S0438_11_Pink.xlsx,animals,動物の名前,JW,S0438,0,0,S0438,f,1,357,11
421,JW_S0438_11_Pink.xlsx,vehicles,乗り物,JW,S0438,2,0,S0438,f,1,357,11
422,JW_S0438_11_Pink.xlsx,toys,おもちゃ,JW,S0438,2,0,S0438,f,1,357,11
423,JW_S0438_11_Pink.xlsx,food_drink,食べ物と飲み物,JW,S0438,1,0,S0438,f,1,357,11
424,JW_S0438_11_Pink.xlsx,clothing,衣類,JW,S0438,0,0,S0438,f,1,357,11
425,JW_S0438_11_Pink.xlsx,body_parts,体の部分,JW,S0438,1,0,S0438,f,1,357,11
426,JW_S0438_11_Pink.xlsx,furniture_rooms,家具と部屋,JW,S0438,1,0,S0438,f,1,357,11
427,JW_S0438_11_Pink.xlsx,household,小さな家庭用品,JW,S0438,0,0,S0438,f,1,357,11
428,JW_S0438_11_Pink.xlsx,outside,戸外の物と場所,JW,S0438,0,0,S0438,f,1,357,11
429,JW_S0438_11_Pink.xlsx,people,人々,JW,S0438,4,0,S0438,f,1,357,11
430,JW_S0438_11_Pink.xlsx,games_routines,日課とあいさつ,JW,S0438,6,2,S0438,f,1,357,11
431,JW_S0438_11_Pink.xlsx,action_words,動作語,JW,S0438,3,0,S0438,f,1,357,11
432,JW_S0438_11_Pink.xlsx,time_words,時間についてのことば,JW,S0438,0,0,S0438,f,1,357,11
433,JW_S0438_11_Pink.xlsx,descriptive_words,ようす・性質,JW,S0438,1,1,S0438,f,1,357,11
434,JW_S0438_11_Pink.xlsx,pronouns,代名詞,JW,S0438,0,0,S0438,f,1,357,11
435,JW_S0438_11_Pink.xlsx,question_words,質問のことば,JW,S0438,0,0,S0438,f,1,357,11
436,JW_S0438_11_Pink.xlsx,locations,位置と場所についてのことば,JW,S0438,0,0,S0438,f,1,357,11
437,JW_S0438_11_Pink.xlsx,quantifiers,数量を表すことば,JW,S0438,0,0,S0438,f,1,357,11
438,JW_S0438_11_Pink.xlsx,sounds2,幼児語（その２）,JW,S0438,5,0,S0438,f,1,357,11
439,JW_S0438_11_Pink.xlsx,conversations,会話語,JW,S0438,0,1,S0438,f,1,357,11
440,JW_S0438_11_Pink.xlsx,others,その他,JW,S0438,3,0,S0438,f,1,357,11
441,JW_S0452_11_Pink.xlsx,sounds,幼児語,JW,S0452,0,0,S0452,m,1,353,11
442,JW_S0452_11_Pink.xlsx,animals,動物の名前,JW,S0452,0,0,S0452,m,1,353,11
443,JW_S0452_11_Pink.xlsx,vehicles,乗り物,JW,S0452,0,0,S0452,m,1,353,11
444,JW_S0452_11_Pink.xlsx,toys,おもちゃ,JW,S0452,0,0,S0452,m,1,353,11
445,JW_S0452_11_Pink.xlsx,food_drink,食べ物と飲み物,JW,S0452,0,0,S0452,m,1,353,11
446,JW_S0452_11_Pink.xlsx,clothing,衣類,JW,S0452,0,0,S0452,m,1,353,11
447,JW_S0452_11_Pink.xlsx,body_parts,体の部分,JW,S0452,0,0,S0452,m,1,353,11
448,JW_S0452_11_Pink.xlsx,furniture_rooms,家具と部屋,JW,S0452,0,0,S0452,m,1,353,11
449,JW_S0452_11_Pink.xlsx,household,小さな家庭用品,JW,S0452,0,0,S0452,m,1,353,11
450,JW_S0452_11_Pink.xlsx,outside,戸外の物と場所,JW,S0452,0,0,S0452,m,1,353,11
451,JW_S0452_11_Pink.xlsx,people,人々,JW,S0452,3,0,S0452,m,1,353,11
452,JW_S0452_11_Pink.xlsx,games_routines,日課とあいさつ,JW,S0452,5,0,S0452,m,1,353,11
453,JW_S0452_11_Pink.xlsx,action_words,動作語,JW,S0452,0,0,S0452,m,1,353,11
454,JW_S0452_11_Pink.xlsx,time_words,時間についてのことば,JW,S0452,0,0,S0452,m,1,353,11
455,JW_S0452_11_Pink.xlsx,descriptive_words,ようす・性質,JW,S0452,0,0,S0452,m,1,353,11
456,JW_S0452_11_Pink.xlsx,pronouns,代名詞,JW,S0452,0,0,S0452,m,1,353,11
457,JW_S0452_11_Pink.xlsx,question_words,質問のことば,JW,S0452,0,0,S0452,m,1,353,11
458,JW_S0452_11_Pink.xlsx,locations,位置と場所についてのことば,JW,S0452,0,0,S0452,m,1,353,11
459,JW_S0452_11_Pink.xlsx,quantifiers,数量を表すことば,JW,S0452,0,0,S0452,m,1,353,11
460,JW_S0452_11_Pink.xlsx,sounds2,幼児語（その２）,JW,S0452,0,0,S0452,m,1,353,11
461,JW_S0452_11_Pink.xlsx,conversations,会話語,JW,S0452,1,0,S0452,m,1,353,11
462,JW_S0452_11_Pink.xlsx,others,その他,JW,S0452,0,0,S0452,m,1,353,11
463,JW_S0468_11_Pink.xlsx,sounds,幼児語,JW,S0468,3,0,S0468,m,1,361,11
464,JW_S0468_11_Pink.xlsx,animals,動物の名前,JW,S0468,0,0,S0468,m,1,361,11
465,JW_S0468_11_Pink.xlsx,vehicles,乗り物,JW,S0468,0,0,S0468,m,1,361,11
466,JW_S0468_11_Pink.xlsx,toys,おもちゃ,JW,S0468,1,0,S0468,m,1,361,11
467,JW_S0468_11_Pink.xlsx,food_drink,食べ物と飲み物,JW,S0468,2,0,S0468,m,1,361,11
468,JW_S0468_11_Pink.xlsx,clothing,衣類,JW,S0468,1,0,S0468,m,1,361,11
469,JW_S0468_11_Pink.xlsx,body_parts,体の部分,JW,S0468,1,0,S0468,m,1,361,11
470,JW_S0468_11_Pink.xlsx,furniture_rooms,家具と部屋,JW,S0468,0,0,S0468,m,1,361,11
471,JW_S0468_11_Pink.xlsx,household,小さな家庭用品,JW,S0468,0,0,S0468,m,1,361,11
472,JW_S0468_11_Pink.xlsx,outside,戸外の物と場所,JW,S0468,0,0,S0468,m,1,361,11
473,JW_S0468_11_Pink.xlsx,people,人々,JW,S0468,4,0,S0468,m,1,361,11
474,JW_S0468_11_Pink.xlsx,games_routines,日課とあいさつ,JW,S0468,5,0,S0468,m,1,361,11
475,JW_S0468_11_Pink.xlsx,action_words,動作語,JW,S0468,0,0,S0468,m,1,361,11
476,JW_S0468_11_Pink.xlsx,time_words,時間についてのことば,JW,S0468,0,0,S0468,m,1,361,11
477,JW_S0468_11_Pink.xlsx,descriptive_words,ようす・性質,JW,S0468,0,0,S0468,m,1,361,11
478,JW_S0468_11_Pink.xlsx,pronouns,代名詞,JW,S0468,0,0,S0468,m,1,361,11
479,JW_S0468_11_Pink.xlsx,question_words,質問のことば,JW,S0468,0,0,S0468,m,1,361,11
480,JW_S0468_11_Pink.xlsx,locations,位置と場所についてのことば,JW,S0468,0,0,S0468,m,1,361,11
481,JW_S0468_11_Pink.xlsx,quantifiers,数量を表すことば,JW,S0468,0,0,S0468,m,1,361,11
482,JW_S0468_11_Pink.xlsx,sounds2,幼児語（その２）,JW,S0468,2,0,S0468,m,1,361,11
483,JW_S0468_11_Pink.xlsx,conversations,会話語,JW,S0468,0,0,S0468,m,1,361,11
484,JW_S0468_11_Pink.xlsx,others,その他,JW,S0468,0,0,S0468,m,1,361,11
485,JW_S0496_11_Pink.xlsx,sounds,幼児語,JW,S0496,3,0,S0496,f,1,356,11
486,JW_S0496_11_Pink.xlsx,animals,動物の名前,JW,S0496,0,0,S0496,f,1,356,11
487,JW_S0496_11_Pink.xlsx,vehicles,乗り物,JW,S0496,0,0,S0496,f,1,356,11
488,JW_S0496_11_Pink.xlsx,toys,おもちゃ,JW,S0496,1,0,S0496,f,1,356,11
489,JW_S0496_11_Pink.xlsx,food_drink,食べ物と飲み物,JW,S0496,4,0,S0496,f,1,356,11
490,JW_S0496_11_Pink.xlsx,clothing,衣類,JW,S0496,2,0,S0496,f,1,356,11
491,JW_S0496_11_Pink.xlsx,body_parts,体の部分,JW,S0496,4,0,S0496,f,1,356,11
492,JW_S0496_11_Pink.xlsx,furniture_rooms,家具と部屋,JW,S0496,2,0,S0496,f,1,356,11
493,JW_S0496_11_Pink.xlsx,household,小さな家庭用品,JW,S0496,5,0,S0496,f,1,356,11
494,JW_S0496_11_Pink.xlsx,outside,戸外の物と場所,JW,S0496,2,0,S0496,f,1,356,11
495,JW_S0496_11_Pink.xlsx,people,人々,JW,S0496,5,0,S0496,f,1,356,11
496,JW_S0496_11_Pink.xlsx,games_routines,日課とあいさつ,JW,S0496,16,0,S0496,f,1,356,11
497,JW_S0496_11_Pink.xlsx,action_words,動作語,JW,S0496,19,0,S0496,f,1,356,11
498,JW_S0496_11_Pink.xlsx,time_words,時間についてのことば,JW,S0496,1,0,S0496,f,1,356,11
499,JW_S0496_11_Pink.xlsx,descriptive_words,ようす・性質,JW,S0496,15,0,S0496,f,1,356,11
500,JW_S0496_11_Pink.xlsx,pronouns,代名詞,JW,S0496,2,0,S0496,f,1,356,11
501,JW_S0496_11_Pink.xlsx,question_words,質問のことば,JW,S0496,2,0,S0496,f,1,356,11
502,JW_S0496_11_Pink.xlsx,locations,位置と場所についてのことば,JW,S0496,0,0,S0496,f,1,356,11
503,JW_S0496_11_Pink.xlsx,quantifiers,数量を表すことば,JW,S0496,2,0,S0496,f,1,356,11
504,JW_S0496_11_Pink.xlsx,sounds2,幼児語（その２）,JW,S0496,6,0,S0496,f,1,356,11
505,JW_S0496_11_Pink.xlsx,conversations,会話語,JW,S0496,7,0,S0496,f,1,356,11
506,JW_S0496_11_Pink.xlsx,others,その他,JW,S0496,4,0,S0496,f,1,356,11
507,JW_S0517_11_Pink.xlsx,sounds,幼児語,JW,S0517,0,0,S0517,f,1,351,11
508,JW_S0517_11_Pink.xlsx,animals,動物の名前,JW,S0517,0,0,S0517,f,1,351,11
509,JW_S0517_11_Pink.xlsx,vehicles,乗り物,JW,S0517,0,0,S0517,f,1,351,11
510,JW_S0517_11_Pink.xlsx,toys,おもちゃ,JW,S0517,0,0,S0517,f,1,351,11
511,JW_S0517_11_Pink.xlsx,food_drink,食べ物と飲み物,JW,S0517,0,0,S0517,f,1,351,11
512,JW_S0517_11_Pink.xlsx,clothing,衣類,JW,S0517,0,0,S0517,f,1,351,11
513,JW_S0517_11_Pink.xlsx,body_parts,体の部分,JW,S0517,0,0,S0517,f,1,351,11
514,JW_S0517_11_Pink.xlsx,furniture_rooms,家具と部屋,JW,S0517,0,0,S0517,f,1,351,11
515,JW_S0517_11_Pink.xlsx,household,小さな家庭用品,JW,S0517,0,0,S0517,f,1,351,11
516,JW_S0517_11_Pink.xlsx,outside,戸外の物と場所,JW,S0517,0,0,S0517,f,1,351,11
517,JW_S0517_11_Pink.xlsx,people,人々,JW,S0517,0,0,S0517,f,1,351,11
518,JW_S0517_11_Pink.xlsx,games_routines,日課とあいさつ,JW,S0517,0,0,S0517,f,1,351,11
519,JW_S0517_11_Pink.xlsx,action_words,動作語,JW,S0517,0,0,S0517,f,1,351,11
520,JW_S0517_11_Pink.xlsx,time_words,時間についてのことば,JW,S0517,0,0,S0517,f,1,351,11
521,JW_S0517_11_Pink.xlsx,descriptive_words,ようす・性質,JW,S0517,0,0,S0517,f,1,351,11
522,JW_S0517_11_Pink.xlsx,pronouns,代名詞,JW,S0517,0,0,S0517,f,1,351,11
523,JW_S0517_11_Pink.xlsx,question_words,質問のことば,JW,S0517,0,0,S0517,f,1,351,11
524,JW_S0517_11_Pink.xlsx,locations,位置と場所についてのことば,JW,S0517,0,0,S0517,f,1,351,11
525,JW_S0517_11_Pink.xlsx,quantifiers,数量を表すことば,JW,S0517,0,0,S0517,f,1,351,11
526,JW_S0517_11_Pink.xlsx,sounds2,幼児語（その２）,JW,S0517,0,0,S0517,f,1,351,11
527,JW_S0517_11_Pink.xlsx,conversations,会話語,JW,S0517,0,0,S0517,f,1,351,11
528,JW_S0517_11_Pink.xlsx,others,その他,JW,S0517,0,0,S0517,f,1,351,11
529,JW_S0518_11_Pink.xlsx,sounds,幼児語,JW,S0518,0,0,S0518,f,1,351,11
530,JW_S0518_11_Pink.xlsx,animals,動物の名前,JW,S0518,0,0,S0518,f,1,351,11
531,JW_S0518_11_Pink.xlsx,vehicles,乗り物,JW,S0518,0,0,S0518,f,1,351,11
532,JW_S0518_11_Pink.xlsx,toys,おもちゃ,JW,S0518,0,0,S0518,f,1,351,11
533,JW_S0518_11_Pink.xlsx,food_drink,食べ物と飲み物,JW,S0518,0,0,S0518,f,1,351,11
534,JW_S0518_11_Pink.xlsx,clothing,衣類,JW,S0518,0,0,S0518,f,1,351,11
535,JW_S0518_11_Pink.xlsx,body_parts,体の部分,JW,S0518,0,0,S0518,f,1,351,11
536,JW_S0518_11_Pink.xlsx,furniture_rooms,家具と部屋,JW,S0518,0,0,S0518,f,1,351,11
537,JW_S0518_11_Pink.xlsx,household,小さな家庭用品,JW,S0518,0,0,S0518,f,1,351,11
538,JW_S0518_11_Pink.xlsx,outside,戸外の物と場所,JW,S0518,0,0,S0518,f,1,351,11
539,JW_S0518_11_Pink.xlsx,people,人々,JW,S0518,2,0,S0518,f,1,351,11
540,JW_S0518_11_Pink.xlsx,games_routines,日課とあいさつ,JW,S0518,1,0,S0518,f,1,351,11
541,JW_S0518_11_Pink.xlsx,action_words,動作語,JW,S0518,0,0,S0518,f,1,351,11
542,JW_S0518_11_Pink.xlsx,time_words,時間についてのことば,JW,S0518,0,0,S0518,f,1,351,11
543,JW_S0518_11_Pink.xlsx,descriptive_words,ようす・性質,JW,S0518,0,0,S0518,f,1,351,11
544,JW_S0518_11_Pink.xlsx,pronouns,代名詞,JW,S0518,0,0,S0518,f,1,351,11
545,JW_S0518_11_Pink.xlsx,question_words,質問のことば,JW,S0518,0,0,S0518,f,1,351,11
546,JW_S0518_11_Pink.xlsx,locations,位置と場所についてのことば,JW,S0518,0,0,S0518,f,1,351,11
547,JW_S0518_11_Pink.xlsx,quantifiers,数量を表すことば,JW,S0518,0,0,S0518,f,1,351,11
548,JW_S0518_11_Pink.xlsx,sounds2,幼児語（その２）,JW,S0518,1,0,S0518,f,1,351,11
549,JW_S0518_11_Pink.xlsx,conversations,会話語,JW,S0518,0,0,S0518,f,1,351,11
550,JW_S0518_11_Pink.xlsx,others,その他,JW,S0518,0,0,S0518,f,1,351,11
551,JW_S0525_11_Pink.xlsx,sounds,幼児語,JW,S0525,4,0,S0525,f,1,347,11
552,JW_S0525_11_Pink.xlsx,animals,動物の名前,JW,S0525,8,0,S0525,f,1,347,11
553,JW_S0525_11_Pink.xlsx,vehicles,乗り物,JW,S0525,4,0,S0525,f,1,347,11
554,JW_S0525_11_Pink.xlsx,toys,おもちゃ,JW,S0525,3,0,S0525,f,1,347,11
555,JW_S0525_11_Pink.xlsx,food_drink,食べ物と飲み物,JW,S0525,5,0,S0525,f,1,347,11
556,JW_S0525_11_Pink.xlsx,clothing,衣類,JW,S0525,6,0,S0525,f,1,347,11
557,JW_S0525_11_Pink.xlsx,body_parts,体の部分,JW,S0525,9,0,S0525,f,1,347,11
558,JW_S0525_11_Pink.xlsx,furniture_rooms,家具と部屋,JW,S0525,7,0,S0525,f,1,347,11
559,JW_S0525_11_Pink.xlsx,household,小さな家庭用品,JW,S0525,11,0,S0525,f,1,347,11
560,JW_S0525_11_Pink.xlsx,outside,戸外の物と場所,JW,S0525,14,0,S0525,f,1,347,11
561,JW_S0525_11_Pink.xlsx,people,人々,JW,S0525,9,0,S0525,f,1,347,11
562,JW_S0525_11_Pink.xlsx,games_routines,日課とあいさつ,JW,S0525,10,0,S0525,f,1,347,11
563,JW_S0525_11_Pink.xlsx,action_words,動作語,JW,S0525,23,0,S0525,f,1,347,11
564,JW_S0525_11_Pink.xlsx,time_words,時間についてのことば,JW,S0525,2,0,S0525,f,1,347,11
565,JW_S0525_11_Pink.xlsx,descriptive_words,ようす・性質,JW,S0525,9,0,S0525,f,1,347,11
566,JW_S0525_11_Pink.xlsx,pronouns,代名詞,JW,S0525,0,0,S0525,f,1,347,11
567,JW_S0525_11_Pink.xlsx,question_words,質問のことば,JW,S0525,1,0,S0525,f,1,347,11
568,JW_S0525_11_Pink.xlsx,locations,位置と場所についてのことば,JW,S0525,1,0,S0525,f,1,347,11
569,JW_S0525_11_Pink.xlsx,quantifiers,数量を表すことば,JW,S0525,4,0,S0525,f,1,347,11
570,JW_S0525_11_Pink.xlsx,sounds2,幼児語（その２）,JW,S0525,7,0,S0525,f,1,347,11
571,JW_S0525_11_Pink.xlsx,conversations,会話語,JW,S0525,0,0,S0525,f,1,347,11
572,JW_S0525_11_Pink.xlsx,others,その他,JW,S0525,1,0,S0525,f,1,347,11
573,JW_S0534_11_Pink.xlsx,sounds,幼児語,JW,S0534,0,0,S0534,m,1,346,11
574,JW_S0534_11_Pink.xlsx,animals,動物の名前,JW,S0534,0,0,S0534,m,1,346,11
575,JW_S0534_11_Pink.xlsx,vehicles,乗り物,JW,S0534,0,0,S0534,m,1,346,11
576,JW_S0534_11_Pink.xlsx,toys,おもちゃ,JW,S0534,0,0,S0534,m,1,346,11
577,JW_S0534_11_Pink.xlsx,food_drink,食べ物と飲み物,JW,S0534,0,0,S0534,m,1,346,11
578,JW_S0534_11_Pink.xlsx,clothing,衣類,JW,S0534,0,0,S0534,m,1,346,11
579,JW_S0534_11_Pink.xlsx,body_parts,体の部分,JW,S0534,0,0,S0534,m,1,346,11
580,JW_S0534_11_Pink.xlsx,furniture_rooms,家具と部屋,JW,S0534,0,0,S0534,m,1,346,11
581,JW_S0534_11_Pink.xlsx,household,小さな家庭用品,JW,S0534,0,0,S0534,m,1,346,11
582,JW_S0534_11_Pink.xlsx,outside,戸外の物と場所,JW,S0534,0,0,S0534,m,1,346,11
583,JW_S0534_11_Pink.xlsx,people,人々,JW,S0534,0,0,S0534,m,1,346,11
584,JW_S0534_11_Pink.xlsx,games_routines,日課とあいさつ,JW,S0534,0,0,S0534,m,1,346,11
585,JW_S0534_11_Pink.xlsx,action_words,動作語,JW,S0534,0,0,S0534,m,1,346,11
586,JW_S0534_11_Pink.xlsx,time_words,時間についてのことば,JW,S0534,0,0,S0534,m,1,346,11
587,JW_S0534_11_Pink.xlsx,descriptive_words,ようす・性質,JW,S0534,0,0,S0534,m,1,346,11
588,JW_S0534_11_Pink.xlsx,pronouns,代名詞,JW,S0534,0,0,S0534,m,1,346,11
589,JW_S0534_11_Pink.xlsx,question_words,質問のことば,JW,S0534,0,0,S0534,m,1,346,11
590,JW_S0534_11_Pink.xlsx,locations,位置と場所についてのことば,JW,S0534,0,0,S0534,m,1,346,11
591,JW_S0534_11_Pink.xlsx,quantifiers,数量を表すことば,JW,S0534,0,0,S0534,m,1,346,11
592,JW_S0534_11_Pink.xlsx,sounds2,幼児語（その２）,JW,S0534,0,0,S0534,m,1,346,11
593,JW_S0534_11_Pink.xlsx,conversations,会話語,JW,S0534,0,0,S0534,m,1,346,11
594,JW_S0534_11_Pink.xlsx,others,その他,JW,S0534,0,0,S0534,m,1,346,11
595,JW_S0535_11_Pink.xlsx,sounds,幼児語,JW,S0535,0,0,S0535,f,1,356,11
596,JW_S0535_11_Pink.xlsx,animals,動物の名前,JW,S0535,0,0,S0535,f,1,356,11
597,JW_S0535_11_Pink.xlsx,vehicles,乗り物,JW,S0535,0,0,S0535,f,1,356,11
598,JW_S0535_11_Pink.xlsx,toys,おもちゃ,JW,S0535,0,0,S0535,f,1,356,11
599,JW_S0535_11_Pink.xlsx,food_drink,食べ物と飲み物,JW,S0535,2,0,S0535,f,1,356,11
600,JW_S0535_11_Pink.xlsx,clothing,衣類,JW,S0535,0,0,S0535,f,1,356,11
601,JW_S0535_11_Pink.xlsx,body_parts,体の部分,JW,S0535,0,0,S0535,f,1,356,11
602,JW_S0535_11_Pink.xlsx,furniture_rooms,家具と部屋,JW,S0535,0,0,S0535,f,1,356,11
603,JW_S0535_11_Pink.xlsx,household,小さな家庭用品,JW,S0535,0,0,S0535,f,1,356,11
604,JW_S0535_11_Pink.xlsx,outside,戸外の物と場所,JW,S0535,0,0,S0535,f,1,356,11
605,JW_S0535_11_Pink.xlsx,people,人々,JW,S0535,1,0,S0535,f,1,356,11
606,JW_S0535_11_Pink.xlsx,games_routines,日課とあいさつ,JW,S0535,7,0,S0535,f,1,356,11
607,JW_S0535_11_Pink.xlsx,action_words,動作語,JW,S0535,0,0,S0535,f,1,356,11
608,JW_S0535_11_Pink.xlsx,time_words,時間についてのことば,JW,S0535,0,0,S0535,f,1,356,11
609,JW_S0535_11_Pink.xlsx,descriptive_words,ようす・性質,JW,S0535,0,0,S0535,f,1,356,11
610,JW_S0535_11_Pink.xlsx,pronouns,代名詞,JW,S0535,0,0,S0535,f,1,356,11
611,JW_S0535_11_Pink.xlsx,question_words,質問のことば,JW,S0535,0,0,S0535,f,1,356,11
612,JW_S0535_11_Pink.xlsx,locations,位置と場所についてのことば,JW,S0535,0,0,S0535,f,1,356,11
613,JW_S0535_11_Pink.xlsx,quantifiers,数量を表すことば,JW,S0535,0,0,S0535,f,1,356,11
614,JW_S0535_11_Pink.xlsx,sounds2,幼児語（その２）,JW,S0535,0,1,S0535,f,1,356,11
615,JW_S0535_11_Pink.xlsx,conversations,会話語,JW,S0535,0,0,S0535,f,1,356,11
616,JW_S0535_11_Pink.xlsx,others,その他,JW,S0535,0,0,S0535,f,1,356,11
617,JW_S0563_11_Pink.xlsx,sounds,幼児語,JW,S0563,0,0,S0563,m,1,351,11
618,JW_S0563_11_Pink.xlsx,animals,動物の名前,JW,S0563,0,0,S0563,m,1,351,11
619,JW_S0563_11_Pink.xlsx,vehicles,乗り物,JW,S0563,0,0,S0563,m,1,351,11
620,JW_S0563_11_Pink.xlsx,toys,おもちゃ,JW,S0563,0,0,S0563,m,1,351,11
621,JW_S0563_11_Pink.xlsx,food_drink,食べ物と飲み物,JW,S0563,0,0,S0563,m,1,351,11
622,JW_S0563_11_Pink.xlsx,clothing,衣類,JW,S0563,0,0,S0563,m,1,351,11
623,JW_S0563_11_Pink.xlsx,body_parts,体の部分,JW,S0563,0,0,S0563,m,1,351,11
624,JW_S0563_11_Pink.xlsx,furniture_rooms,家具と部屋,JW,S0563,0,0,S0563,m,1,351,11
625,JW_S0563_11_Pink.xlsx,household,小さな家庭用品,JW,S0563,0,0,S0563,m,1,351,11
626,JW_S0563_11_Pink.xlsx,outside,戸外の物と場所,JW,S0563,0,0,S0563,m,1,351,11
627,JW_S0563_11_Pink.xlsx,people,人々,JW,S0563,0,0,S0563,m,1,351,11
628,JW_S0563_11_Pink.xlsx,games_routines,日課とあいさつ,JW,S0563,0,0,S0563,m,1,351,11
629,JW_S0563_11_Pink.xlsx,action_words,動作語,JW,S0563,0,0,S0563,m,1,351,11
630,JW_S0563_11_Pink.xlsx,time_words,時間についてのことば,JW,S0563,0,0,S0563,m,1,351,11
631,JW_S0563_11_Pink.xlsx,descriptive_words,ようす・性質,JW,S0563,0,0,S0563,m,1,351,11
632,JW_S0563_11_Pink.xlsx,pronouns,代名詞,JW,S0563,0,0,S0563,m,1,351,11
633,JW_S0563_11_Pink.xlsx,question_words,質問のことば,JW,S0563,0,0,S0563,m,1,351,11
634,JW_S0563_11_Pink.xlsx,locations,位置と場所についてのことば,JW,S0563,0,0,S0563,m,1,351,11
635,JW_S0563_11_Pink.xlsx,quantifiers,数量を表すことば,JW,S0563,0,0,S0563,m,1,351,11
636,JW_S0563_11_Pink.xlsx,sounds2,幼児語（その２）,JW,S0563,0,0,S0563,m,1,351,11
637,JW_S0563_11_Pink.xlsx,conversations,会話語,JW,S0563,0,0,S0563,m,1,351,11
638,JW_S0563_11_Pink.xlsx,others,その他,JW,S0563,0,0,S0563,m,1,351,11
639,JW_S0597_11_Pink.xlsx,sounds,幼児語,JW,S0597,1,0,S0597,f,1,359,11
640,JW_S0597_11_Pink.xlsx,animals,動物の名前,JW,S0597,0,0,S0597,f,1,359,11
641,JW_S0597_11_Pink.xlsx,vehicles,乗り物,JW,S0597,0,0,S0597,f,1,359,11
642,JW_S0597_11_Pink.xlsx,toys,おもちゃ,JW,S0597,0,0,S0597,f,1,359,11
643,JW_S0597_11_Pink.xlsx,food_drink,食べ物と飲み物,JW,S0597,2,0,S0597,f,1,359,11
644,JW_S0597_11_Pink.xlsx,clothing,衣類,JW,S0597,0,0,S0597,f,1,359,11
645,JW_S0597_11_Pink.xlsx,body_parts,体の部分,JW,S0597,0,0,S0597,f,1,359,11
646,JW_S0597_11_Pink.xlsx,furniture_rooms,家具と部屋,JW,S0597,0,0,S0597,f,1,359,11
647,JW_S0597_11_Pink.xlsx,household,小さな家庭用品,JW,S0597,1,0,S0597,f,1,359,11
648,JW_S0597_11_Pink.xlsx,outside,戸外の物と場所,JW,S0597,0,0,S0597,f,1,359,11
649,JW_S0597_11_Pink.xlsx,people,人々,JW,S0597,0,0,S0597,f,1,359,11
650,JW_S0597_11_Pink.xlsx,games_routines,日課とあいさつ,JW,S0597,3,0,S0597,f,1,359,11
651,JW_S0597_11_Pink.xlsx,action_words,動作語,JW,S0597,0,0,S0597,f,1,359,11
652,JW_S0597_11_Pink.xlsx,time_words,時間についてのことば,JW,S0597,0,0,S0597,f,1,359,11
653,JW_S0597_11_Pink.xlsx,descriptive_words,ようす・性質,JW,S0597,0,0,S0597,f,1,359,11
654,JW_S0597_11_Pink.xlsx,pronouns,代名詞,JW,S0597,0,0,S0597,f,1,359,11
655,JW_S0597_11_Pink.xlsx,question_words,質問のことば,JW,S0597,0,0,S0597,f,1,359,11
656,JW_S0597_11_Pink.xlsx,locations,位置と場所についてのことば,JW,S0597,0,0,S0597,f,1,359,11
657,JW_S0597_11_Pink.xlsx,quantifiers,数量を表すことば,JW,S0597,0,0,S0597,f,1,359,11
658,JW_S0597_11_Pink.xlsx,sounds2,幼児語（その２）,JW,S0597,0,0,S0597,f,1,359,11
659,JW_S0597_11_Pink.xlsx,conversations,会話語,JW,S0597,0,0,S0597,f,1,359,11
660,JW_S0597_11_Pink.xlsx,others,その他,JW,S0597,0,0,S0597,f,1,359,11
661,JW_S0620_11_Pink.xlsx,sounds,幼児語,JW,S0620,1,0,S0620,f,1,360,11
662,JW_S0620_11_Pink.xlsx,animals,動物の名前,JW,S0620,4,0,S0620,f,1,360,11
663,JW_S0620_11_Pink.xlsx,vehicles,乗り物,JW,S0620,0,0,S0620,f,1,360,11
664,JW_S0620_11_Pink.xlsx,toys,おもちゃ,JW,S0620,1,0,S0620,f,1,360,11
665,JW_S0620_11_Pink.xlsx,food_drink,食べ物と飲み物,JW,S0620,2,0,S0620,f,1,360,11
666,JW_S0620_11_Pink.xlsx,clothing,衣類,JW,S0620,0,0,S0620,f,1,360,11
667,JW_S0620_11_Pink.xlsx,body_parts,体の部分,JW,S0620,4,0,S0620,f,1,360,11
668,JW_S0620_11_Pink.xlsx,furniture_rooms,家具と部屋,JW,S0620,0,0,S0620,f,1,360,11
669,JW_S0620_11_Pink.xlsx,household,小さな家庭用品,JW,S0620,1,0,S0620,f,1,360,11
670,JW_S0620_11_Pink.xlsx,outside,戸外の物と場所,JW,S0620,0,0,S0620,f,1,360,11
671,JW_S0620_11_Pink.xlsx,people,人々,JW,S0620,2,0,S0620,f,1,360,11
672,JW_S0620_11_Pink.xlsx,games_routines,日課とあいさつ,JW,S0620,9,0,S0620,f,1,360,11
673,JW_S0620_11_Pink.xlsx,action_words,動作語,JW,S0620,0,0,S0620,f,1,360,11
674,JW_S0620_11_Pink.xlsx,time_words,時間についてのことば,JW,S0620,0,0,S0620,f,1,360,11
675,JW_S0620_11_Pink.xlsx,descriptive_words,ようす・性質,JW,S0620,1,0,S0620,f,1,360,11
676,JW_S0620_11_Pink.xlsx,pronouns,代名詞,JW,S0620,0,0,S0620,f,1,360,11
677,JW_S0620_11_Pink.xlsx,question_words,質問のことば,JW,S0620,0,0,S0620,f,1,360,11
678,JW_S0620_11_Pink.xlsx,locations,位置と場所についてのことば,JW,S0620,0,0,S0620,f,1,360,11
679,JW_S0620_11_Pink.xlsx,quantifiers,数量を表すことば,JW,S0620,0,0,S0620,f,1,360,11
680,JW_S0620_11_Pink.xlsx,sounds2,幼児語（その２）,JW,S0620,0,0,S0620,f,1,360,11
681,JW_S0620_11_Pink.xlsx,conversations,会話語,JW,S0620,0,0,S0620,f,1,360,11
682,JW_S0620_11_Pink.xlsx,others,その他,JW,S0620,1,0,S0620,f,1,360,11
683,JW_S0644_11_Pink.xlsx,sounds,幼児語,JW,S0644,0,0,S0644,m,1,357,11
684,JW_S0644_11_Pink.xlsx,animals,動物の名前,JW,S0644,0,0,S0644,m,1,357,11
685,JW_S0644_11_Pink.xlsx,vehicles,乗り物,JW,S0644,1,0,S0644,m,1,357,11
686,JW_S0644_11_Pink.xlsx,toys,おもちゃ,JW,S0644,1,0,S0644,m,1,357,11
687,JW_S0644_11_Pink.xlsx,food_drink,食べ物と飲み物,JW,S0644,1,0,S0644,m,1,357,11
688,JW_S0644_11_Pink.xlsx,clothing,衣類,JW,S0644,0,0,S0644,m,1,357,11
689,JW_S0644_11_Pink.xlsx,body_parts,体の部分,JW,S0644,0,0,S0644,m,1,357,11
690,JW_S0644_11_Pink.xlsx,furniture_rooms,家具と部屋,JW,S0644,0,0,S0644,m,1,357,11
691,JW_S0644_11_Pink.xlsx,household,小さな家庭用品,JW,S0644,0,0,S0644,m,1,357,11
692,JW_S0644_11_Pink.xlsx,outside,戸外の物と場所,JW,S0644,1,0,S0644,m,1,357,11
693,JW_S0644_11_Pink.xlsx,people,人々,JW,S0644,7,0,S0644,m,1,357,11
694,JW_S0644_11_Pink.xlsx,games_routines,日課とあいさつ,JW,S0644,1,0,S0644,m,1,357,11
695,JW_S0644_11_Pink.xlsx,action_words,動作語,JW,S0644,0,0,S0644,m,1,357,11
696,JW_S0644_11_Pink.xlsx,time_words,時間についてのことば,JW,S0644,0,0,S0644,m,1,357,11
697,JW_S0644_11_Pink.xlsx,descriptive_words,ようす・性質,JW,S0644,0,0,S0644,m,1,357,11
698,JW_S0644_11_Pink.xlsx,pronouns,代名詞,JW,S0644,0,0,S0644,m,1,357,11
699,JW_S0644_11_Pink.xlsx,question_words,質問のことば,JW,S0644,0,0,S0644,m,1,357,11
700,JW_S0644_11_Pink.xlsx,locations,位置と場所についてのことば,JW,S0644,0,0,S0644,m,1,357,11
701,JW_S0644_11_Pink.xlsx,quantifiers,数量を表すことば,JW,S0644,0,0,S0644,m,1,357,11
702,JW_S0644_11_Pink.xlsx,sounds2,幼児語（その２）,JW,S0644,5,0,S0644,m,1,357,11
703,JW_S0644_11_Pink.xlsx,conversations,会話語,JW,S0644,0,0,S0644,m,1,357,11
704,JW_S0644_11_Pink.xlsx,others,その他,JW,S0644,1,0,S0644,m,1,357,11
705,JW_S0650_11_Pink.xlsx,sounds,幼児語,JW,S0650,0,0,S0650,m,1,348,11
706,JW_S0650_11_Pink.xlsx,animals,動物の名前,JW,S0650,0,0,S0650,m,1,348,11
707,JW_S0650_11_Pink.xlsx,vehicles,乗り物,JW,S0650,0,0,S0650,m,1,348,11
708,JW_S0650_11_Pink.xlsx,toys,おもちゃ,JW,S0650,0,0,S0650,m,1,348,11
709,JW_S0650_11_Pink.xlsx,food_drink,食べ物と飲み物,JW,S0650,0,0,S0650,m,1,348,11
710,JW_S0650_11_Pink.xlsx,clothing,衣類,JW,S0650,0,0,S0650,m,1,348,11
711,JW_S0650_11_Pink.xlsx,body_parts,体の部分,JW,S0650,0,0,S0650,m,1,348,11
712,JW_S0650_11_Pink.xlsx,furniture_rooms,家具と部屋,JW,S0650,0,0,S0650,m,1,348,11
713,JW_S0650_11_Pink.xlsx,household,小さな家庭用品,JW,S0650,0,0,S0650,m,1,348,11
714,JW_S0650_11_Pink.xlsx,outside,戸外の物と場所,JW,S0650,0,0,S0650,m,1,348,11
715,JW_S0650_11_Pink.xlsx,people,人々,JW,S0650,0,0,S0650,m,1,348,11
716,JW_S0650_11_Pink.xlsx,games_routines,日課とあいさつ,JW,S0650,0,0,S0650,m,1,348,11
717,JW_S0650_11_Pink.xlsx,action_words,動作語,JW,S0650,0,0,S0650,m,1,348,11
718,JW_S0650_11_Pink.xlsx,time_words,時間についてのことば,JW,S0650,0,0,S0650,m,1,348,11
719,JW_S0650_11_Pink.xlsx,descriptive_words,ようす・性質,JW,S0650,0,0,S0650,m,1,348,11
720,JW_S0650_11_Pink.xlsx,pronouns,代名詞,JW,S0650,0,0,S0650,m,1,348,11
721,JW_S0650_11_Pink.xlsx,question_words,質問のことば,JW,S0650,0,0,S0650,m,1,348,11
722,JW_S0650_11_Pink.xlsx,locations,位置と場所についてのことば,JW,S0650,0,0,S0650,m,1,348,11
723,JW_S0650_11_Pink.xlsx,quantifiers,数量を表すことば,JW,S0650,0,0,S0650,m,1,348,11
724,JW_S0650_11_Pink.xlsx,sounds2,幼児語（その２）,JW,S0650,0,0,S0650,m,1,348,11
725,JW_S0650_11_Pink.xlsx,conversations,会話語,JW,S0650,0,0,S0650,m,1,348,11
726,JW_S0650_11_Pink.xlsx,others,その他,JW,S0650,0,0,S0650,m,1,348,11
727,JW_S0667_11_Pink.xlsx,sounds,幼児語,JW,S0667,2,0,S0667,f,1,356,11
728,JW_S0667_11_Pink.xlsx,animals,動物の名前,JW,S0667,7,0,S0667,f,1,356,11
729,JW_S0667_11_Pink.xlsx,vehicles,乗り物,JW,S0667,0,0,S0667,f,1,356,11
730,JW_S0667_11_Pink.xlsx,toys,おもちゃ,JW,S0667,2,0,S0667,f,1,356,11
731,JW_S0667_11_Pink.xlsx,food_drink,食べ物と飲み物,JW,S0667,6,0,S0667,f,1,356,11
732,JW_S0667_11_Pink.xlsx,clothing,衣類,JW,S0667,0,0,S0667,f,1,356,11
733,JW_S0667_11_Pink.xlsx,body_parts,体の部分,JW,S0667,1,0,S0667,f,1,356,11
734,JW_S0667_11_Pink.xlsx,furniture_rooms,家具と部屋,JW,S0667,2,0,S0667,f,1,356,11
735,JW_S0667_11_Pink.xlsx,household,小さな家庭用品,JW,S0667,4,0,S0667,f,1,356,11
736,JW_S0667_11_Pink.xlsx,outside,戸外の物と場所,JW,S0667,2,0,S0667,f,1,356,11
737,JW_S0667_11_Pink.xlsx,people,人々,JW,S0667,5,0,S0667,f,1,356,11
738,JW_S0667_11_Pink.xlsx,games_routines,日課とあいさつ,JW,S0667,10,0,S0667,f,1,356,11
739,JW_S0667_11_Pink.xlsx,action_words,動作語,JW,S0667,0,0,S0667,f,1,356,11
740,JW_S0667_11_Pink.xlsx,time_words,時間についてのことば,JW,S0667,0,0,S0667,f,1,356,11
741,JW_S0667_11_Pink.xlsx,descriptive_words,ようす・性質,JW,S0667,0,0,S0667,f,1,356,11
742,JW_S0667_11_Pink.xlsx,pronouns,代名詞,JW,S0667,0,0,S0667,f,1,356,11
743,JW_S0667_11_Pink.xlsx,question_words,質問のことば,JW,S0667,0,0,S0667,f,1,356,11
744,JW_S0667_11_Pink.xlsx,locations,位置と場所についてのことば,JW,S0667,0,0,S0667,f,1,356,11
745,JW_S0667_11_Pink.xlsx,quantifiers,数量を表すことば,JW,S0667,0,0,S0667,f,1,356,11
746,JW_S0667_11_Pink.xlsx,sounds2,幼児語（その２）,JW,S0667,4,0,S0667,f,1,356,11
747,JW_S0667_11_Pink.xlsx,conversations,会話語,JW,S0667,3,0,S0667,f,1,356,11
748,JW_S0667_11_Pink.xlsx,others,その他,JW,S0667,2,0,S0667,f,1,356,11
749,JW_S0670_12_Pink.xlsx,sounds,幼児語,JW,S0670,4,0,S0670,f,1,376,12
750,JW_S0670_12_Pink.xlsx,animals,動物の名前,JW,S0670,6,0,S0670,f,1,376,12
751,JW_S0670_12_Pink.xlsx,vehicles,乗り物,JW,S0670,1,0,S0670,f,1,376,12
752,JW_S0670_12_Pink.xlsx,toys,おもちゃ,JW,S0670,5,0,S0670,f,1,376,12
753,JW_S0670_12_Pink.xlsx,food_drink,食べ物と飲み物,JW,S0670,8,0,S0670,f,1,376,12
754,JW_S0670_12_Pink.xlsx,clothing,衣類,JW,S0670,3,0,S0670,f,1,376,12
755,JW_S0670_12_Pink.xlsx,body_parts,体の部分,JW,S0670,5,0,S0670,f,1,376,12
756,JW_S0670_12_Pink.xlsx,furniture_rooms,家具と部屋,JW,S0670,7,0,S0670,f,1,376,12
757,JW_S0670_12_Pink.xlsx,household,小さな家庭用品,JW,S0670,11,0,S0670,f,1,376,12
758,JW_S0670_12_Pink.xlsx,outside,戸外の物と場所,JW,S0670,4,0,S0670,f,1,376,12
759,JW_S0670_12_Pink.xlsx,people,人々,JW,S0670,6,0,S0670,f,1,376,12
760,JW_S0670_12_Pink.xlsx,games_routines,日課とあいさつ,JW,S0670,16,0,S0670,f,1,376,12
761,JW_S0670_12_Pink.xlsx,action_words,動作語,JW,S0670,8,0,S0670,f,1,376,12
762,JW_S0670_12_Pink.xlsx,time_words,時間についてのことば,JW,S0670,0,0,S0670,f,1,376,12
763,JW_S0670_12_Pink.xlsx,descriptive_words,ようす・性質,JW,S0670,0,0,S0670,f,1,376,12
764,JW_S0670_12_Pink.xlsx,pronouns,代名詞,JW,S0670,0,0,S0670,f,1,376,12
765,JW_S0670_12_Pink.xlsx,question_words,質問のことば,JW,S0670,0,0,S0670,f,1,376,12
766,JW_S0670_12_Pink.xlsx,locations,位置と場所についてのことば,JW,S0670,0,0,S0670,f,1,376,12
767,JW_S0670_12_Pink.xlsx,quantifiers,数量を表すことば,JW,S0670,1,0,S0670,f,1,376,12
768,JW_S0670_12_Pink.xlsx,sounds2,幼児語（その２）,JW,S0670,4,0,S0670,f,1,376,12
769,JW_S0670_12_Pink.xlsx,conversations,会話語,JW,S0670,1,0,S0670,f,1,376,12
770,JW_S0670_12_Pink.xlsx,others,その他,JW,S0670,3,0,S0670,f,1,376,12
771,OL_S0522_15_Pink.xlsx,sounds,幼児語,OL,S0522,4,4,S0522,m,1,457,15
772,OL_S0522_15_Pink.xlsx,animals,動物の名前,OL,S0522,14,1,S0522,m,1,457,15
773,OL_S0522_15_Pink.xlsx,vehicles,乗り物,OL,S0522,7,0,S0522,m,1,457,15
774,OL_S0522_15_Pink.xlsx,toys,おもちゃ,OL,S0522,3,0,S0522,m,1,457,15
775,OL_S0522_15_Pink.xlsx,food_drink,食べ物と飲み物,OL,S0522,12,3,S0522,m,1,457,15
776,OL_S0522_15_Pink.xlsx,clothing,衣類,OL,S0522,1,1,S0522,m,1,457,15
777,OL_S0522_15_Pink.xlsx,body_parts,体の部分,OL,S0522,6,1,S0522,m,1,457,15
778,OL_S0522_15_Pink.xlsx,furniture_rooms,家具と部屋,OL,S0522,1,0,S0522,m,1,457,15
779,OL_S0522_15_Pink.xlsx,household,小さな家庭用品,OL,S0522,8,0,S0522,m,1,457,15
780,OL_S0522_15_Pink.xlsx,outside,戸外の物と場所,OL,S0522,7,1,S0522,m,1,457,15
781,OL_S0522_15_Pink.xlsx,people,人々,OL,S0522,3,2,S0522,m,1,457,15
782,OL_S0522_15_Pink.xlsx,games_routines,日課とあいさつ,OL,S0522,10,3,S0522,m,1,457,15
783,OL_S0522_15_Pink.xlsx,action_words,動作語,OL,S0522,15,0,S0522,m,1,457,15
784,OL_S0522_15_Pink.xlsx,time_words,時間についてのことば,OL,S0522,0,0,S0522,m,1,457,15
785,OL_S0522_15_Pink.xlsx,descriptive_words,ようす・性質,OL,S0522,7,1,S0522,m,1,457,15
786,OL_S0522_15_Pink.xlsx,pronouns,代名詞,OL,S0522,3,2,S0522,m,1,457,15
787,OL_S0522_15_Pink.xlsx,question_words,質問のことば,OL,S0522,1,0,S0522,m,1,457,15
788,OL_S0522_15_Pink.xlsx,locations,位置と場所についてのことば,OL,S0522,4,0,S0522,m,1,457,15
789,OL_S0522_15_Pink.xlsx,quantifiers,数量を表すことば,OL,S0522,2,0,S0522,m,1,457,15
790,OL_S0522_15_Pink.xlsx,sounds2,幼児語（その２）,OL,S0522,4,10,S0522,m,1,457,15
791,OL_S0522_15_Pink.xlsx,conversations,会話語,OL,S0522,0,1,S0522,m,1,457,15
792,OL_S0522_15_Pink.xlsx,others,その他,OL,S0522,1,0,S0522,m,1,457,15
793,OL_S0585_17_Pink.xlsx,sounds,幼児語,OL,S0585,5,7,S0585,f,1,534,17
794,OL_S0585_17_Pink.xlsx,animals,動物の名前,OL,S0585,18,10,S0585,f,1,534,17
795,OL_S0585_17_Pink.xlsx,vehicles,乗り物,OL,S0585,0,7,S0585,f,1,534,17
796,OL_S0585_17_Pink.xlsx,toys,おもちゃ,OL,S0585,5,0,S0585,f,1,534,17
797,OL_S0585_17_Pink.xlsx,food_drink,食べ物と飲み物,OL,S0585,23,1,S0585,f,1,534,17
798,OL_S0585_17_Pink.xlsx,clothing,衣類,OL,S0585,14,0,S0585,f,1,534,17
799,OL_S0585_17_Pink.xlsx,body_parts,体の部分,OL,S0585,15,0,S0585,f,1,534,17
800,OL_S0585_17_Pink.xlsx,furniture_rooms,家具と部屋,OL,S0585,18,0,S0585,f,1,534,17
801,OL_S0585_17_Pink.xlsx,household,小さな家庭用品,OL,S0585,21,1,S0585,f,1,534,17
802,OL_S0585_17_Pink.xlsx,outside,戸外の物と場所,OL,S0585,9,1,S0585,f,1,534,17
803,OL_S0585_17_Pink.xlsx,people,人々,OL,S0585,4,3,S0585,f,1,534,17
804,OL_S0585_17_Pink.xlsx,games_routines,日課とあいさつ,OL,S0585,15,2,S0585,f,1,534,17
805,OL_S0585_17_Pink.xlsx,action_words,動作語,OL,S0585,47,0,S0585,f,1,534,17
806,OL_S0585_17_Pink.xlsx,time_words,時間についてのことば,OL,S0585,4,0,S0585,f,1,534,17
807,OL_S0585_17_Pink.xlsx,descriptive_words,ようす・性質,OL,S0585,22,4,S0585,f,1,534,17
808,OL_S0585_17_Pink.xlsx,pronouns,代名詞,OL,S0585,2,0,S0585,f,1,534,17
809,OL_S0585_17_Pink.xlsx,question_words,質問のことば,OL,S0585,0,0,S0585,f,1,534,17
810,OL_S0585_17_Pink.xlsx,locations,位置と場所についてのことば,OL,S0585,4,0,S0585,f,1,534,17
811,OL_S0585_17_Pink.xlsx,quantifiers,数量を表すことば,OL,S0585,5,0,S0585,f,1,534,17
812,OL_S0585_17_Pink.xlsx,sounds2,幼児語（その２）,OL,S0585,17,3,S0585,f,1,534,17
813,OL_S0585_17_Pink.xlsx,conversations,会話語,OL,S0585,3,3,S0585,f,1,534,17
814,OL_S0585_17_Pink.xlsx,others,その他,OL,S0585,3,2,S0585,f,1,534,17
815,OL_S0624_16_Pink.xlsx,sounds,幼児語,OL,S0624,0,0,S0624,f,1,496,16
816,OL_S0624_16_Pink.xlsx,animals,動物の名前,OL,S0624,10,0,S0624,f,1,496,16
817,OL_S0624_16_Pink.xlsx,vehicles,乗り物,OL,S0624,1,0,S0624,f,1,496,16
818,OL_S0624_16_Pink.xlsx,toys,おもちゃ,OL,S0624,2,0,S0624,f,1,496,16
819,OL_S0624_16_Pink.xlsx,food_drink,食べ物と飲み物,OL,S0624,6,0,S0624,f,1,496,16
820,OL_S0624_16_Pink.xlsx,clothing,衣類,OL,S0624,5,0,S0624,f,1,496,16
821,OL_S0624_16_Pink.xlsx,body_parts,体の部分,OL,S0624,3,0,S0624,f,1,496,16
822,OL_S0624_16_Pink.xlsx,furniture_rooms,家具と部屋,OL,S0624,0,0,S0624,f,1,496,16
823,OL_S0624_16_Pink.xlsx,household,小さな家庭用品,OL,S0624,1,0,S0624,f,1,496,16
824,OL_S0624_16_Pink.xlsx,outside,戸外の物と場所,OL,S0624,0,0,S0624,f,1,496,16
825,OL_S0624_16_Pink.xlsx,people,人々,OL,S0624,4,0,S0624,f,1,496,16
826,OL_S0624_16_Pink.xlsx,games_routines,日課とあいさつ,OL,S0624,10,0,S0624,f,1,496,16
827,OL_S0624_16_Pink.xlsx,action_words,動作語,OL,S0624,1,0,S0624,f,1,496,16
828,OL_S0624_16_Pink.xlsx,time_words,時間についてのことば,OL,S0624,0,0,S0624,f,1,496,16
829,OL_S0624_16_Pink.xlsx,descriptive_words,ようす・性質,OL,S0624,0,0,S0624,f,1,496,16
830,OL_S0624_16_Pink.xlsx,pronouns,代名詞,OL,S0624,0,0,S0624,f,1,496,16
831,OL_S0624_16_Pink.xlsx,question_words,質問のことば,OL,S0624,0,0,S0624,f,1,496,16
832,OL_S0624_16_Pink.xlsx,locations,位置と場所についてのことば,OL,S0624,1,0,S0624,f,1,496,16
833,OL_S0624_16_Pink.xlsx,quantifiers,数量を表すことば,OL,S0624,0,0,S0624,f,1,496,16
834,OL_S0624_16_Pink.xlsx,sounds2,幼児語（その２）,OL,S0624,3,0,S0624,f,1,496,16
835,OL_S0624_16_Pink.xlsx,conversations,会話語,OL,S0624,1,0,S0624,f,1,496,16
836,OL_S0624_16_Pink.xlsx,others,その他,OL,S0624,3,0,S0624,f,1,496,16
837,OL_S0668_17_Pink.xlsx,sounds,幼児語,OL,S0668,4,3,S0668,m,1,519,17
838,OL_S0668_17_Pink.xlsx,animals,動物の名前,OL,S0668,16,0,S0668,m,1,519,17
839,OL_S0668_17_Pink.xlsx,vehicles,乗り物,OL,S0668,3,0,S0668,m,1,519,17
840,OL_S0668_17_Pink.xlsx,toys,おもちゃ,OL,S0668,4,0,S0668,m,1,519,17
841,OL_S0668_17_Pink.xlsx,food_drink,食べ物と飲み物,OL,S0668,13,0,S0668,m,1,519,17
842,OL_S0668_17_Pink.xlsx,clothing,衣類,OL,S0668,4,0,S0668,m,1,519,17
843,OL_S0668_17_Pink.xlsx,body_parts,体の部分,OL,S0668,2,0,S0668,m,1,519,17
844,OL_S0668_17_Pink.xlsx,furniture_rooms,家具と部屋,OL,S0668,3,0,S0668,m,1,519,17
845,OL_S0668_17_Pink.xlsx,household,小さな家庭用品,OL,S0668,7,0,S0668,m,1,519,17
846,OL_S0668_17_Pink.xlsx,outside,戸外の物と場所,OL,S0668,4,0,S0668,m,1,519,17
847,OL_S0668_17_Pink.xlsx,people,人々,OL,S0668,5,0,S0668,m,1,519,17
848,OL_S0668_17_Pink.xlsx,games_routines,日課とあいさつ,OL,S0668,11,1,S0668,m,1,519,17
849,OL_S0668_17_Pink.xlsx,action_words,動作語,OL,S0668,15,0,S0668,m,1,519,17
850,OL_S0668_17_Pink.xlsx,time_words,時間についてのことば,OL,S0668,2,0,S0668,m,1,519,17
851,OL_S0668_17_Pink.xlsx,descriptive_words,ようす・性質,OL,S0668,4,0,S0668,m,1,519,17
852,OL_S0668_17_Pink.xlsx,pronouns,代名詞,OL,S0668,2,0,S0668,m,1,519,17
853,OL_S0668_17_Pink.xlsx,question_words,質問のことば,OL,S0668,1,0,S0668,m,1,519,17
854,OL_S0668_17_Pink.xlsx,locations,位置と場所についてのことば,OL,S0668,1,0,S0668,m,1,519,17
855,OL_S0668_17_Pink.xlsx,quantifiers,数量を表すことば,OL,S0668,0,0,S0668,m,1,519,17
856,OL_S0668_17_Pink.xlsx,sounds2,幼児語（その２）,OL,S0668,7,0,S0668,m,1,519,17
857,OL_S0668_17_Pink.xlsx,conversations,会話語,OL,S0668,3,2,S0668,m,1,519,17
858,OL_S0668_17_Pink.xlsx,others,その他,OL,S0668,3,0,S0668,m,1,519,17
859,OL_S0672_16_Pink.xlsx,sounds,幼児語,OL,S0672,2,0,S0672,m,1,495,16
860,OL_S0672_16_Pink.xlsx,animals,動物の名前,OL,S0672,0,0,S0672,m,1,495,16
861,OL_S0672_16_Pink.xlsx,vehicles,乗り物,OL,S0672,0,0,S0672,m,1,495,16
862,OL_S0672_16_Pink.xlsx,toys,おもちゃ,OL,S0672,2,0,S0672,m,1,495,16
863,OL_S0672_16_Pink.xlsx,food_drink,食べ物と飲み物,OL,S0672,3,1,S0672,m,1,495,16
864,OL_S0672_16_Pink.xlsx,clothing,衣類,OL,S0672,0,0,S0672,m,1,495,16
865,OL_S0672_16_Pink.xlsx,body_parts,体の部分,OL,S0672,1,0,S0672,m,1,495,16
866,OL_S0672_16_Pink.xlsx,furniture_rooms,家具と部屋,OL,S0672,0,0,S0672,m,1,495,16
867,OL_S0672_16_Pink.xlsx,household,小さな家庭用品,OL,S0672,0,0,S0672,m,1,495,16
868,OL_S0672_16_Pink.xlsx,outside,戸外の物と場所,OL,S0672,0,0,S0672,m,1,495,16
869,OL_S0672_16_Pink.xlsx,people,人々,OL,S0672,4,0,S0672,m,1,495,16
870,OL_S0672_16_Pink.xlsx,games_routines,日課とあいさつ,OL,S0672,6,0,S0672,m,1,495,16
871,OL_S0672_16_Pink.xlsx,action_words,動作語,OL,S0672,5,0,S0672,m,1,495,16
872,OL_S0672_16_Pink.xlsx,time_words,時間についてのことば,OL,S0672,0,0,S0672,m,1,495,16
873,OL_S0672_16_Pink.xlsx,descriptive_words,ようす・性質,OL,S0672,0,0,S0672,m,1,495,16
874,OL_S0672_16_Pink.xlsx,pronouns,代名詞,OL,S0672,0,1,S0672,m,1,495,16
875,OL_S0672_16_Pink.xlsx,question_words,質問のことば,OL,S0672,0,0,S0672,m,1,495,16
876,OL_S0672_16_Pink.xlsx,locations,位置と場所についてのことば,OL,S0672,0,0,S0672,m,1,495,16
877,OL_S0672_16_Pink.xlsx,quantifiers,数量を表すことば,OL,S0672,1,0,S0672,m,1,495,16
878,OL_S0672_16_Pink.xlsx,sounds2,幼児語（その２）,OL,S0672,2,0,S0672,m,1,495,16
879,OL_S0672_16_Pink.xlsx,conversations,会話語,OL,S0672,2,0,S0672,m,1,495,16
880,OL_S0672_16_Pink.xlsx,others,その他,OL,S0672,0,0,S0672,m,1,495,16
881,OL_S0693_16_Pink.xlsx,sounds,幼児語,OL,S0693,1,1,S0693,f,1,511,16
882,OL_S0693_16_Pink.xlsx,animals,動物の名前,OL,S0693,0,0,S0693,f,1,511,16
883,OL_S0693_16_Pink.xlsx,vehicles,乗り物,OL,S0693,2,1,S0693,f,1,511,16
884,OL_S0693_16_Pink.xlsx,toys,おもちゃ,OL,S0693,6,1,S0693,f,1,511,16
885,OL_S0693_16_Pink.xlsx,food_drink,食べ物と飲み物,OL,S0693,7,4,S0693,f,1,511,16
886,OL_S0693_16_Pink.xlsx,clothing,衣類,OL,S0693,3,0,S0693,f,1,511,16
887,OL_S0693_16_Pink.xlsx,body_parts,体の部分,OL,S0693,12,0,S0693,f,1,511,16
888,OL_S0693_16_Pink.xlsx,furniture_rooms,家具と部屋,OL,S0693,12,0,S0693,f,1,511,16
889,OL_S0693_16_Pink.xlsx,household,小さな家庭用品,OL,S0693,5,0,S0693,f,1,511,16
890,OL_S0693_16_Pink.xlsx,outside,戸外の物と場所,OL,S0693,2,0,S0693,f,1,511,16
891,OL_S0693_16_Pink.xlsx,people,人々,OL,S0693,4,0,S0693,f,1,511,16
892,OL_S0693_16_Pink.xlsx,games_routines,日課とあいさつ,OL,S0693,13,4,S0693,f,1,511,16
893,OL_S0693_16_Pink.xlsx,action_words,動作語,OL,S0693,11,0,S0693,f,1,511,16
894,OL_S0693_16_Pink.xlsx,time_words,時間についてのことば,OL,S0693,0,0,S0693,f,1,511,16
895,OL_S0693_16_Pink.xlsx,descriptive_words,ようす・性質,OL,S0693,3,1,S0693,f,1,511,16
896,OL_S0693_16_Pink.xlsx,pronouns,代名詞,OL,S0693,8,1,S0693,f,1,511,16
897,OL_S0693_16_Pink.xlsx,question_words,質問のことば,OL,S0693,0,0,S0693,f,1,511,16
898,OL_S0693_16_Pink.xlsx,locations,位置と場所についてのことば,OL,S0693,1,0,S0693,f,1,511,16
899,OL_S0693_16_Pink.xlsx,quantifiers,数量を表すことば,OL,S0693,3,0,S0693,f,1,511,16
900,OL_S0693_16_Pink.xlsx,sounds2,幼児語（その２）,OL,S0693,5,1,S0693,f,1,511,16
901,OL_S0693_16_Pink.xlsx,conversations,会話語,OL,S0693,0,1,S0693,f,1,511,16
902,OL_S0693_16_Pink.xlsx,others,その他,OL,S0693,1,2,S0693,f,1,511,16
903,OL_S0696_16_Pink.xlsx,sounds,幼児語,OL,S0696,0,4,S0696,m,1,509,16
904,OL_S0696_16_Pink.xlsx,animals,動物の名前,OL,S0696,9,0,S0696,m,1,509,16
905,OL_S0696_16_Pink.xlsx,vehicles,乗り物,OL,S0696,3,2,S0696,m,1,509,16
906,OL_S0696_16_Pink.xlsx,toys,おもちゃ,OL,S0696,1,0,S0696,m,1,509,16
907,OL_S0696_16_Pink.xlsx,food_drink,食べ物と飲み物,OL,S0696,4,5,S0696,m,1,509,16
908,OL_S0696_16_Pink.xlsx,clothing,衣類,OL,S0696,0,3,S0696,m,1,509,16
909,OL_S0696_16_Pink.xlsx,body_parts,体の部分,OL,S0696,4,2,S0696,m,1,509,16
910,OL_S0696_16_Pink.xlsx,furniture_rooms,家具と部屋,OL,S0696,4,0,S0696,m,1,509,16
911,OL_S0696_16_Pink.xlsx,household,小さな家庭用品,OL,S0696,0,1,S0696,m,1,509,16
912,OL_S0696_16_Pink.xlsx,outside,戸外の物と場所,OL,S0696,2,1,S0696,m,1,509,16
913,OL_S0696_16_Pink.xlsx,people,人々,OL,S0696,4,0,S0696,m,1,509,16
914,OL_S0696_16_Pink.xlsx,games_routines,日課とあいさつ,OL,S0696,12,3,S0696,m,1,509,16
915,OL_S0696_16_Pink.xlsx,action_words,動作語,OL,S0696,5,0,S0696,m,1,509,16
916,OL_S0696_16_Pink.xlsx,time_words,時間についてのことば,OL,S0696,0,0,S0696,m,1,509,16
917,OL_S0696_16_Pink.xlsx,descriptive_words,ようす・性質,OL,S0696,1,2,S0696,m,1,509,16
918,OL_S0696_16_Pink.xlsx,pronouns,代名詞,OL,S0696,0,1,S0696,m,1,509,16
919,OL_S0696_16_Pink.xlsx,question_words,質問のことば,OL,S0696,1,0,S0696,m,1,509,16
920,OL_S0696_16_Pink.xlsx,locations,位置と場所についてのことば,OL,S0696,0,0,S0696,m,1,509,16
921,OL_S0696_16_Pink.xlsx,quantifiers,数量を表すことば,OL,S0696,0,0,S0696,m,1,509,16
922,OL_S0696_16_Pink.xlsx,sounds2,幼児語（その２）,OL,S0696,2,5,S0696,m,1,509,16
923,OL_S0696_16_Pink.xlsx,conversations,会話語,OL,S0696,0,0,S0696,m,1,509,16
924,OL_S0696_16_Pink.xlsx,others,その他,OL,S0696,2,0,S0696,m,1,509,16
925,OL_S0740_16_Pink.xlsx,sounds,幼児語,OL,S0740,1,2,S0740,f,1,505,16
926,OL_S0740_16_Pink.xlsx,animals,動物の名前,OL,S0740,4,1,S0740,f,1,505,16
927,OL_S0740_16_Pink.xlsx,vehicles,乗り物,OL,S0740,1,0,S0740,f,1,505,16
928,OL_S0740_16_Pink.xlsx,toys,おもちゃ,OL,S0740,1,0,S0740,f,1,505,16
929,OL_S0740_16_Pink.xlsx,food_drink,食べ物と飲み物,OL,S0740,3,0,S0740,f,1,505,16
930,OL_S0740_16_Pink.xlsx,clothing,衣類,OL,S0740,1,2,S0740,f,1,505,16
931,OL_S0740_16_Pink.xlsx,body_parts,体の部分,OL,S0740,4,0,S0740,f,1,505,16
932,OL_S0740_16_Pink.xlsx,furniture_rooms,家具と部屋,OL,S0740,2,0,S0740,f,1,505,16
933,OL_S0740_16_Pink.xlsx,household,小さな家庭用品,OL,S0740,2,0,S0740,f,1,505,16
934,OL_S0740_16_Pink.xlsx,outside,戸外の物と場所,OL,S0740,0,1,S0740,f,1,505,16
935,OL_S0740_16_Pink.xlsx,people,人々,OL,S0740,2,2,S0740,f,1,505,16
936,OL_S0740_16_Pink.xlsx,games_routines,日課とあいさつ,OL,S0740,9,4,S0740,f,1,505,16
937,OL_S0740_16_Pink.xlsx,action_words,動作語,OL,S0740,7,0,S0740,f,1,505,16
938,OL_S0740_16_Pink.xlsx,time_words,時間についてのことば,OL,S0740,0,0,S0740,f,1,505,16
939,OL_S0740_16_Pink.xlsx,descriptive_words,ようす・性質,OL,S0740,0,1,S0740,f,1,505,16
940,OL_S0740_16_Pink.xlsx,pronouns,代名詞,OL,S0740,0,1,S0740,f,1,505,16
941,OL_S0740_16_Pink.xlsx,question_words,質問のことば,OL,S0740,0,0,S0740,f,1,505,16
942,OL_S0740_16_Pink.xlsx,locations,位置と場所についてのことば,OL,S0740,0,0,S0740,f,1,505,16
943,OL_S0740_16_Pink.xlsx,quantifiers,数量を表すことば,OL,S0740,0,0,S0740,f,1,505,16
944,OL_S0740_16_Pink.xlsx,sounds2,幼児語（その２）,OL,S0740,3,1,S0740,f,1,505,16
945,OL_S0740_16_Pink.xlsx,conversations,会話語,OL,S0740,0,3,S0740,f,1,505,16
946,OL_S0740_16_Pink.xlsx,others,その他,OL,S0740,2,0,S0740,f,1,505,16
947,OL_S0743_16_Pink.xlsx,sounds,幼児語,OL,S0743,5,2,S0743,f,1,506,16
948,OL_S0743_16_Pink.xlsx,animals,動物の名前,OL,S0743,2,1,S0743,f,1,506,16
949,OL_S0743_16_Pink.xlsx,vehicles,乗り物,OL,S0743,3,0,S0743,f,1,506,16
950,OL_S0743_16_Pink.xlsx,toys,おもちゃ,OL,S0743,3,0,S0743,f,1,506,16
951,OL_S0743_16_Pink.xlsx,food_drink,食べ物と飲み物,OL,S0743,6,6,S0743,f,1,506,16
952,OL_S0743_16_Pink.xlsx,clothing,衣類,OL,S0743,4,2,S0743,f,1,506,16
953,OL_S0743_16_Pink.xlsx,body_parts,体の部分,OL,S0743,14,1,S0743,f,1,506,16
954,OL_S0743_16_Pink.xlsx,furniture_rooms,家具と部屋,OL,S0743,8,0,S0743,f,1,506,16
955,OL_S0743_16_Pink.xlsx,household,小さな家庭用品,OL,S0743,13,0,S0743,f,1,506,16
956,OL_S0743_16_Pink.xlsx,outside,戸外の物と場所,OL,S0743,4,1,S0743,f,1,506,16
957,OL_S0743_16_Pink.xlsx,people,人々,OL,S0743,2,3,S0743,f,1,506,16
958,OL_S0743_16_Pink.xlsx,games_routines,日課とあいさつ,OL,S0743,13,5,S0743,f,1,506,16
959,OL_S0743_16_Pink.xlsx,action_words,動作語,OL,S0743,13,0,S0743,f,1,506,16
960,OL_S0743_16_Pink.xlsx,time_words,時間についてのことば,OL,S0743,1,0,S0743,f,1,506,16
961,OL_S0743_16_Pink.xlsx,descriptive_words,ようす・性質,OL,S0743,11,1,S0743,f,1,506,16
962,OL_S0743_16_Pink.xlsx,pronouns,代名詞,OL,S0743,1,0,S0743,f,1,506,16
963,OL_S0743_16_Pink.xlsx,question_words,質問のことば,OL,S0743,1,0,S0743,f,1,506,16
964,OL_S0743_16_Pink.xlsx,locations,位置と場所についてのことば,OL,S0743,0,0,S0743,f,1,506,16
965,OL_S0743_16_Pink.xlsx,quantifiers,数量を表すことば,OL,S0743,1,0,S0743,f,1,506,16
966,OL_S0743_16_Pink.xlsx,sounds2,幼児語（その２）,OL,S0743,14,1,S0743,f,1,506,16
967,OL_S0743_16_Pink.xlsx,conversations,会話語,OL,S0743,4,2,S0743,f,1,506,16
968,OL_S0743_16_Pink.xlsx,others,その他,OL,S0743,3,1,S0743,f,1,506,16
969,OL_S0754_16_Pink.xlsx,sounds,幼児語,OL,S0754,2,0,S0754,m,1,489,16
970,OL_S0754_16_Pink.xlsx,animals,動物の名前,OL,S0754,2,0,S0754,m,1,489,16
971,OL_S0754_16_Pink.xlsx,vehicles,乗り物,OL,S0754,4,0,S0754,m,1,489,16
972,OL_S0754_16_Pink.xlsx,toys,おもちゃ,OL,S0754,1,0,S0754,m,1,489,16
973,OL_S0754_16_Pink.xlsx,food_drink,食べ物と飲み物,OL,S0754,6,0,S0754,m,1,489,16
974,OL_S0754_16_Pink.xlsx,clothing,衣類,OL,S0754,0,0,S0754,m,1,489,16
975,OL_S0754_16_Pink.xlsx,body_parts,体の部分,OL,S0754,4,0,S0754,m,1,489,16
976,OL_S0754_16_Pink.xlsx,furniture_rooms,家具と部屋,OL,S0754,0,0,S0754,m,1,489,16
977,OL_S0754_16_Pink.xlsx,household,小さな家庭用品,OL,S0754,0,0,S0754,m,1,489,16
978,OL_S0754_16_Pink.xlsx,outside,戸外の物と場所,OL,S0754,1,0,S0754,m,1,489,16
979,OL_S0754_16_Pink.xlsx,people,人々,OL,S0754,1,2,S0754,m,1,489,16
980,OL_S0754_16_Pink.xlsx,games_routines,日課とあいさつ,OL,S0754,5,0,S0754,m,1,489,16
981,OL_S0754_16_Pink.xlsx,action_words,動作語,OL,S0754,6,0,S0754,m,1,489,16
982,OL_S0754_16_Pink.xlsx,time_words,時間についてのことば,OL,S0754,0,0,S0754,m,1,489,16
983,OL_S0754_16_Pink.xlsx,descriptive_words,ようす・性質,OL,S0754,1,0,S0754,m,1,489,16
984,OL_S0754_16_Pink.xlsx,pronouns,代名詞,OL,S0754,0,0,S0754,m,1,489,16
985,OL_S0754_16_Pink.xlsx,question_words,質問のことば,OL,S0754,0,0,S0754,m,1,489,16
986,OL_S0754_16_Pink.xlsx,locations,位置と場所についてのことば,OL,S0754,0,0,S0754,m,1,489,16
987,OL_S0754_16_Pink.xlsx,quantifiers,数量を表すことば,OL,S0754,0,0,S0754,m,1,489,16
988,OL_S0754_16_Pink.xlsx,sounds2,幼児語（その２）,OL,S0754,4,0,S0754,m,1,489,16
989,OL_S0754_16_Pink.xlsx,conversations,会話語,OL,S0754,0,0,S0754,m,1,489,16
990,OL_S0754_16_Pink.xlsx,others,その他,OL,S0754,2,0,S0754,m,1,489,16
991,OL_S0778_16_Pink.xlsx,sounds,幼児語,OL,S0778,3,9,S0778,f,1,504,16
992,OL_S0778_16_Pink.xlsx,animals,動物の名前,OL,S0778,15,3,S0778,f,1,504,16
993,OL_S0778_16_Pink.xlsx,vehicles,乗り物,OL,S0778,4,1,S0778,f,1,504,16
994,OL_S0778_16_Pink.xlsx,toys,おもちゃ,OL,S0778,2,1,S0778,f,1,504,16
995,OL_S0778_16_Pink.xlsx,food_drink,食べ物と飲み物,OL,S0778,1,3,S0778,f,1,504,16
996,OL_S0778_16_Pink.xlsx,clothing,衣類,OL,S0778,2,1,S0778,f,1,504,16
997,OL_S0778_16_Pink.xlsx,body_parts,体の部分,OL,S0778,2,10,S0778,f,1,504,16
998,OL_S0778_16_Pink.xlsx,furniture_rooms,家具と部屋,OL,S0778,6,0,S0778,f,1,504,16
999,OL_S0778_16_Pink.xlsx,household,小さな家庭用品,OL,S0778,1,0,S0778,f,1,504,16
1000,OL_S0778_16_Pink.xlsx,outside,戸外の物と場所,OL,S0778,2,1,S0778,f,1,504,16
1001,OL_S0778_16_Pink.xlsx,people,人々,OL,S0778,0,3,S0778,f,1,504,16
1002,OL_S0778_16_Pink.xlsx,games_routines,日課とあいさつ,OL,S0778,3,9,S0778,f,1,504,16
1003,OL_S0778_16_Pink.xlsx,action_words,動作語,OL,S0778,18,0,S0778,f,1,504,16
1004,OL_S0778_16_Pink.xlsx,time_words,時間についてのことば,OL,S0778,0,0,S0778,f,1,504,16
1005,OL_S0778_16_Pink.xlsx,descriptive_words,ようす・性質,OL,S0778,2,1,S0778,f,1,504,16
1006,OL_S0778_16_Pink.xlsx,pronouns,代名詞,OL,S0778,1,4,S0778,f,1,504,16
1007,OL_S0778_16_Pink.xlsx,question_words,質問のことば,OL,S0778,1,0,S0778,f,1,504,16
1008,OL_S0778_16_Pink.xlsx,locations,位置と場所についてのことば,OL,S0778,0,0,S0778,f,1,504,16
1009,OL_S0778_16_Pink.xlsx,quantifiers,数量を表すことば,OL,S0778,2,0,S0778,f,1,504,16
1010,OL_S0778_16_Pink.xlsx,sounds2,幼児語（その２）,OL,S0778,0,15,S0778,f,1,504,16
1011,OL_S0778_16_Pink.xlsx,conversations,会話語,OL,S0778,0,3,S0778,f,1,504,16
1012,OL_S0778_16_Pink.xlsx,others,その他,OL,S0778,0,2,S0778,f,1,504,16
1013,OL_S0784_16_Pink.xlsx,sounds,幼児語,OL,S0784,2,0,S0784,f,1,503,16
1014,OL_S0784_16_Pink.xlsx,animals,動物の名前,OL,S0784,0,0,S0784,f,1,503,16
1015,OL_S0784_16_Pink.xlsx,vehicles,乗り物,OL,S0784,0,0,S0784,f,1,503,16
1016,OL_S0784_16_Pink.xlsx,toys,おもちゃ,OL,S0784,1,0,S0784,f,1,503,16
1017,OL_S0784_16_Pink.xlsx,food_drink,食べ物と飲み物,OL,S0784,3,0,S0784,f,1,503,16
1018,OL_S0784_16_Pink.xlsx,clothing,衣類,OL,S0784,3,0,S0784,f,1,503,16
1019,OL_S0784_16_Pink.xlsx,body_parts,体の部分,OL,S0784,0,0,S0784,f,1,503,16
1020,OL_S0784_16_Pink.xlsx,furniture_rooms,家具と部屋,OL,S0784,0,0,S0784,f,1,503,16
1021,OL_S0784_16_Pink.xlsx,household,小さな家庭用品,OL,S0784,0,0,S0784,f,1,503,16
1022,OL_S0784_16_Pink.xlsx,outside,戸外の物と場所,OL,S0784,1,0,S0784,f,1,503,16
1023,OL_S0784_16_Pink.xlsx,people,人々,OL,S0784,3,0,S0784,f,1,503,16
1024,OL_S0784_16_Pink.xlsx,games_routines,日課とあいさつ,OL,S0784,8,0,S0784,f,1,503,16
1025,OL_S0784_16_Pink.xlsx,action_words,動作語,OL,S0784,4,0,S0784,f,1,503,16
1026,OL_S0784_16_Pink.xlsx,time_words,時間についてのことば,OL,S0784,0,0,S0784,f,1,503,16
1027,OL_S0784_16_Pink.xlsx,descriptive_words,ようす・性質,OL,S0784,0,0,S0784,f,1,503,16
1028,OL_S0784_16_Pink.xlsx,pronouns,代名詞,OL,S0784,0,0,S0784,f,1,503,16
1029,OL_S0784_16_Pink.xlsx,question_words,質問のことば,OL,S0784,0,0,S0784,f,1,503,16
1030,OL_S0784_16_Pink.xlsx,locations,位置と場所についてのことば,OL,S0784,0,0,S0784,f,1,503,16
1031,OL_S0784_16_Pink.xlsx,quantifiers,数量を表すことば,OL,S0784,0,0,S0784,f,1,503,16
1032,OL_S0784_16_Pink.xlsx,sounds2,幼児語（その２）,OL,S0784,5,0,S0784,f,1,503,16
1033,OL_S0784_16_Pink.xlsx,conversations,会話語,OL,S0784,2,0,S0784,f,1,503,16
1034,OL_S0784_16_Pink.xlsx,others,その他,OL,S0784,0,0,S0784,f,1,503,16
1035,OL_S0799_17_Pink.xlsx,sounds,幼児語,OL,S0799,2,6,S0799,f,1,535,17
1036,OL_S0799_17_Pink.xlsx,animals,動物の名前,OL,S0799,6,8,S0799,f,1,535,17
1037,OL_S0799_17_Pink.xlsx,vehicles,乗り物,OL,S0799,5,1,S0799,f,1,535,17
1038,OL_S0799_17_Pink.xlsx,toys,おもちゃ,OL,S0799,6,0,S0799,f,1,535,17
1039,OL_S0799_17_Pink.xlsx,food_drink,食べ物と飲み物,OL,S0799,7,10,S0799,f,1,535,17
1040,OL_S0799_17_Pink.xlsx,clothing,衣類,OL,S0799,7,2,S0799,f,1,535,17
1041,OL_S0799_17_Pink.xlsx,body_parts,体の部分,OL,S0799,5,12,S0799,f,1,535,17
1042,OL_S0799_17_Pink.xlsx,furniture_rooms,家具と部屋,OL,S0799,11,1,S0799,f,1,535,17
1043,OL_S0799_17_Pink.xlsx,household,小さな家庭用品,OL,S0799,18,0,S0799,f,1,535,17
1044,OL_S0799_17_Pink.xlsx,outside,戸外の物と場所,OL,S0799,6,3,S0799,f,1,535,17
1045,OL_S0799_17_Pink.xlsx,people,人々,OL,S0799,6,7,S0799,f,1,535,17
1046,OL_S0799_17_Pink.xlsx,games_routines,日課とあいさつ,OL,S0799,16,2,S0799,f,1,535,17
1047,OL_S0799_17_Pink.xlsx,action_words,動作語,OL,S0799,45,3,S0799,f,1,535,17
1048,OL_S0799_17_Pink.xlsx,time_words,時間についてのことば,OL,S0799,0,0,S0799,f,1,535,17
1049,OL_S0799_17_Pink.xlsx,descriptive_words,ようす・性質,OL,S0799,5,4,S0799,f,1,535,17
1050,OL_S0799_17_Pink.xlsx,pronouns,代名詞,OL,S0799,8,1,S0799,f,1,535,17
1051,OL_S0799_17_Pink.xlsx,question_words,質問のことば,OL,S0799,5,0,S0799,f,1,535,17
1052,OL_S0799_17_Pink.xlsx,locations,位置と場所についてのことば,OL,S0799,1,1,S0799,f,1,535,17
1053,OL_S0799_17_Pink.xlsx,quantifiers,数量を表すことば,OL,S0799,1,1,S0799,f,1,535,17
1054,OL_S0799_17_Pink.xlsx,sounds2,幼児語（その２）,OL,S0799,12,7,S0799,f,1,535,17
1055,OL_S0799_17_Pink.xlsx,conversations,会話語,OL,S0799,1,2,S0799,f,1,535,17
1056,OL_S0799_17_Pink.xlsx,others,その他,OL,S0799,3,2,S0799,f,1,535,17
1057,OL_S0813_15_Pink.xlsx,sounds,幼児語,OL,S0813,8,0,S0813,m,1,471,15
1058,OL_S0813_15_Pink.xlsx,animals,動物の名前,OL,S0813,11,0,S0813,m,1,471,15
1059,OL_S0813_15_Pink.xlsx,vehicles,乗り物,OL,S0813,8,0,S0813,m,1,471,15
1060,OL_S0813_15_Pink.xlsx,toys,おもちゃ,OL,S0813,3,0,S0813,m,1,471,15
1061,OL_S0813_15_Pink.xlsx,food_drink,食べ物と飲み物,OL,S0813,10,0,S0813,m,1,471,15
1062,OL_S0813_15_Pink.xlsx,clothing,衣類,OL,S0813,3,0,S0813,m,1,471,15
1063,OL_S0813_15_Pink.xlsx,body_parts,体の部分,OL,S0813,4,0,S0813,m,1,471,15
1064,OL_S0813_15_Pink.xlsx,furniture_rooms,家具と部屋,OL,S0813,5,0,S0813,m,1,471,15
1065,OL_S0813_15_Pink.xlsx,household,小さな家庭用品,OL,S0813,2,0,S0813,m,1,471,15
1066,OL_S0813_15_Pink.xlsx,outside,戸外の物と場所,OL,S0813,6,0,S0813,m,1,471,15
1067,OL_S0813_15_Pink.xlsx,people,人々,OL,S0813,6,0,S0813,m,1,471,15
1068,OL_S0813_15_Pink.xlsx,games_routines,日課とあいさつ,OL,S0813,10,1,S0813,m,1,471,15
1069,OL_S0813_15_Pink.xlsx,action_words,動作語,OL,S0813,5,0,S0813,m,1,471,15
1070,OL_S0813_15_Pink.xlsx,time_words,時間についてのことば,OL,S0813,0,0,S0813,m,1,471,15
1071,OL_S0813_15_Pink.xlsx,descriptive_words,ようす・性質,OL,S0813,3,0,S0813,m,1,471,15
1072,OL_S0813_15_Pink.xlsx,pronouns,代名詞,OL,S0813,0,0,S0813,m,1,471,15
1073,OL_S0813_15_Pink.xlsx,question_words,質問のことば,OL,S0813,2,0,S0813,m,1,471,15
1074,OL_S0813_15_Pink.xlsx,locations,位置と場所についてのことば,OL,S0813,0,0,S0813,m,1,471,15
1075,OL_S0813_15_Pink.xlsx,quantifiers,数量を表すことば,OL,S0813,0,0,S0813,m,1,471,15
1076,OL_S0813_15_Pink.xlsx,sounds2,幼児語（その２）,OL,S0813,7,0,S0813,m,1,471,15
1077,OL_S0813_15_Pink.xlsx,conversations,会話語,OL,S0813,2,0,S0813,m,1,471,15
1078,OL_S0813_15_Pink.xlsx,others,その他,OL,S0813,2,0,S0813,m,1,471,15
1079,OL_S0817_16_Pink.xlsx,sounds,幼児語,OL,S0817,0,1,S0817,f,1,504,16
1080,OL_S0817_16_Pink.xlsx,animals,動物の名前,OL,S0817,0,0,S0817,f,1,504,16
1081,OL_S0817_16_Pink.xlsx,vehicles,乗り物,OL,S0817,0,0,S0817,f,1,504,16
1082,OL_S0817_16_Pink.xlsx,toys,おもちゃ,OL,S0817,0,0,S0817,f,1,504,16
1083,OL_S0817_16_Pink.xlsx,food_drink,食べ物と飲み物,OL,S0817,0,0,S0817,f,1,504,16
1084,OL_S0817_16_Pink.xlsx,clothing,衣類,OL,S0817,1,0,S0817,f,1,504,16
1085,OL_S0817_16_Pink.xlsx,body_parts,体の部分,OL,S0817,2,0,S0817,f,1,504,16
1086,OL_S0817_16_Pink.xlsx,furniture_rooms,家具と部屋,OL,S0817,0,0,S0817,f,1,504,16
1087,OL_S0817_16_Pink.xlsx,household,小さな家庭用品,OL,S0817,0,0,S0817,f,1,504,16
1088,OL_S0817_16_Pink.xlsx,outside,戸外の物と場所,OL,S0817,1,0,S0817,f,1,504,16
1089,OL_S0817_16_Pink.xlsx,people,人々,OL,S0817,2,0,S0817,f,1,504,16
1090,OL_S0817_16_Pink.xlsx,games_routines,日課とあいさつ,OL,S0817,9,3,S0817,f,1,504,16
1091,OL_S0817_16_Pink.xlsx,action_words,動作語,OL,S0817,15,0,S0817,f,1,504,16
1092,OL_S0817_16_Pink.xlsx,time_words,時間についてのことば,OL,S0817,0,0,S0817,f,1,504,16
1093,OL_S0817_16_Pink.xlsx,descriptive_words,ようす・性質,OL,S0817,3,0,S0817,f,1,504,16
1094,OL_S0817_16_Pink.xlsx,pronouns,代名詞,OL,S0817,1,0,S0817,f,1,504,16
1095,OL_S0817_16_Pink.xlsx,question_words,質問のことば,OL,S0817,0,0,S0817,f,1,504,16
1096,OL_S0817_16_Pink.xlsx,locations,位置と場所についてのことば,OL,S0817,0,0,S0817,f,1,504,16
1097,OL_S0817_16_Pink.xlsx,quantifiers,数量を表すことば,OL,S0817,1,0,S0817,f,1,504,16
1098,OL_S0817_16_Pink.xlsx,sounds2,幼児語（その２）,OL,S0817,3,0,S0817,f,1,504,16
1099,OL_S0817_16_Pink.xlsx,conversations,会話語,OL,S0817,1,0,S0817,f,1,504,16
1100,OL_S0817_16_Pink.xlsx,others,その他,OL,S0817,2,0,S0817,f,1,504,16
1101,OL_S0852_17_Pink.xlsx,sounds,幼児語,OL,S0852,2,2,S0852,m,1,533,17
1102,OL_S0852_17_Pink.xlsx,animals,動物の名前,OL,S0852,1,1,S0852,m,1,533,17
1103,OL_S0852_17_Pink.xlsx,vehicles,乗り物,OL,S0852,0,1,S0852,m,1,533,17
1104,OL_S0852_17_Pink.xlsx,toys,おもちゃ,OL,S0852,3,0,S0852,m,1,533,17
1105,OL_S0852_17_Pink.xlsx,food_drink,食べ物と飲み物,OL,S0852,4,5,S0852,m,1,533,17
1106,OL_S0852_17_Pink.xlsx,clothing,衣類,OL,S0852,5,0,S0852,m,1,533,17
1107,OL_S0852_17_Pink.xlsx,body_parts,体の部分,OL,S0852,12,0,S0852,m,1,533,17
1108,OL_S0852_17_Pink.xlsx,furniture_rooms,家具と部屋,OL,S0852,5,0,S0852,m,1,533,17
1109,OL_S0852_17_Pink.xlsx,household,小さな家庭用品,OL,S0852,3,0,S0852,m,1,533,17
1110,OL_S0852_17_Pink.xlsx,outside,戸外の物と場所,OL,S0852,6,0,S0852,m,1,533,17
1111,OL_S0852_17_Pink.xlsx,people,人々,OL,S0852,5,0,S0852,m,1,533,17
1112,OL_S0852_17_Pink.xlsx,games_routines,日課とあいさつ,OL,S0852,12,3,S0852,m,1,533,17
1113,OL_S0852_17_Pink.xlsx,action_words,動作語,OL,S0852,27,0,S0852,m,1,533,17
1114,OL_S0852_17_Pink.xlsx,time_words,時間についてのことば,OL,S0852,1,0,S0852,m,1,533,17
1115,OL_S0852_17_Pink.xlsx,descriptive_words,ようす・性質,OL,S0852,2,0,S0852,m,1,533,17
1116,OL_S0852_17_Pink.xlsx,pronouns,代名詞,OL,S0852,3,0,S0852,m,1,533,17
1117,OL_S0852_17_Pink.xlsx,question_words,質問のことば,OL,S0852,2,0,S0852,m,1,533,17
1118,OL_S0852_17_Pink.xlsx,locations,位置と場所についてのことば,OL,S0852,0,0,S0852,m,1,533,17
1119,OL_S0852_17_Pink.xlsx,quantifiers,数量を表すことば,OL,S0852,1,0,S0852,m,1,533,17
1120,OL_S0852_17_Pink.xlsx,sounds2,幼児語（その２）,OL,S0852,5,3,S0852,m,1,533,17
1121,OL_S0852_17_Pink.xlsx,conversations,会話語,OL,S0852,1,0,S0852,m,1,533,17
1122,OL_S0852_17_Pink.xlsx,others,その他,OL,S0852,2,0,S0852,m,1,533,17
1123,OL_S0943_15_Pink.xlsx,sounds,幼児語,OL,S0943,5,0,S0943,f,1,467,15
1124,OL_S0943_15_Pink.xlsx,animals,動物の名前,OL,S0943,2,0,S0943,f,1,467,15
1125,OL_S0943_15_Pink.xlsx,vehicles,乗り物,OL,S0943,1,0,S0943,f,1,467,15
1126,OL_S0943_15_Pink.xlsx,toys,おもちゃ,OL,S0943,5,0,S0943,f,1,467,15
1127,OL_S0943_15_Pink.xlsx,food_drink,食べ物と飲み物,OL,S0943,10,0,S0943,f,1,467,15
1128,OL_S0943_15_Pink.xlsx,clothing,衣類,OL,S0943,5,0,S0943,f,1,467,15
1129,OL_S0943_15_Pink.xlsx,body_parts,体の部分,OL,S0943,3,0,S0943,f,1,467,15
1130,OL_S0943_15_Pink.xlsx,furniture_rooms,家具と部屋,OL,S0943,3,0,S0943,f,1,467,15
1131,OL_S0943_15_Pink.xlsx,household,小さな家庭用品,OL,S0943,1,0,S0943,f,1,467,15
1132,OL_S0943_15_Pink.xlsx,outside,戸外の物と場所,OL,S0943,3,0,S0943,f,1,467,15
1133,OL_S0943_15_Pink.xlsx,people,人々,OL,S0943,6,0,S0943,f,1,467,15
1134,OL_S0943_15_Pink.xlsx,games_routines,日課とあいさつ,OL,S0943,6,3,S0943,f,1,467,15
1135,OL_S0943_15_Pink.xlsx,action_words,動作語,OL,S0943,9,0,S0943,f,1,467,15
1136,OL_S0943_15_Pink.xlsx,time_words,時間についてのことば,OL,S0943,0,0,S0943,f,1,467,15
1137,OL_S0943_15_Pink.xlsx,descriptive_words,ようす・性質,OL,S0943,6,0,S0943,f,1,467,15
1138,OL_S0943_15_Pink.xlsx,pronouns,代名詞,OL,S0943,0,0,S0943,f,1,467,15
1139,OL_S0943_15_Pink.xlsx,question_words,質問のことば,OL,S0943,0,0,S0943,f,1,467,15
1140,OL_S0943_15_Pink.xlsx,locations,位置と場所についてのことば,OL,S0943,0,0,S0943,f,1,467,15
1141,OL_S0943_15_Pink.xlsx,quantifiers,数量を表すことば,OL,S0943,0,0,S0943,f,1,467,15
1142,OL_S0943_15_Pink.xlsx,sounds2,幼児語（その２）,OL,S0943,4,1,S0943,f,1,467,15
1143,OL_S0943_15_Pink.xlsx,conversations,会話語,OL,S0943,0,0,S0943,f,1,467,15
1144,OL_S0943_15_Pink.xlsx,others,その他,OL,S0943,0,0,S0943,f,1,467,15
1145,OL_S0985_15_Pink.xlsx,sounds,幼児語,OL,S0985,0,0,S0985,m,1,481,15
1146,OL_S0985_15_Pink.xlsx,animals,動物の名前,OL,S0985,13,3,S0985,m,1,481,15
1147,OL_S0985_15_Pink.xlsx,vehicles,乗り物,OL,S0985,5,3,S0985,m,1,481,15
1148,OL_S0985_15_Pink.xlsx,toys,おもちゃ,OL,S0985,5,0,S0985,m,1,481,15
1149,OL_S0985_15_Pink.xlsx,food_drink,食べ物と飲み物,OL,S0985,15,6,S0985,m,1,481,15
1150,OL_S0985_15_Pink.xlsx,clothing,衣類,OL,S0985,5,1,S0985,m,1,481,15
1151,OL_S0985_15_Pink.xlsx,body_parts,体の部分,OL,S0985,8,1,S0985,m,1,481,15
1152,OL_S0985_15_Pink.xlsx,furniture_rooms,家具と部屋,OL,S0985,9,0,S0985,m,1,481,15
1153,OL_S0985_15_Pink.xlsx,household,小さな家庭用品,OL,S0985,19,4,S0985,m,1,481,15
1154,OL_S0985_15_Pink.xlsx,outside,戸外の物と場所,OL,S0985,12,3,S0985,m,1,481,15
1155,OL_S0985_15_Pink.xlsx,people,人々,OL,S0985,7,3,S0985,m,1,481,15
1156,OL_S0985_15_Pink.xlsx,games_routines,日課とあいさつ,OL,S0985,10,8,S0985,m,1,481,15
1157,OL_S0985_15_Pink.xlsx,action_words,動作語,OL,S0985,31,1,S0985,m,1,481,15
1158,OL_S0985_15_Pink.xlsx,time_words,時間についてのことば,OL,S0985,2,0,S0985,m,1,481,15
1159,OL_S0985_15_Pink.xlsx,descriptive_words,ようす・性質,OL,S0985,12,2,S0985,m,1,481,15
1160,OL_S0985_15_Pink.xlsx,pronouns,代名詞,OL,S0985,8,0,S0985,m,1,481,15
1161,OL_S0985_15_Pink.xlsx,question_words,質問のことば,OL,S0985,5,0,S0985,m,1,481,15
1162,OL_S0985_15_Pink.xlsx,locations,位置と場所についてのことば,OL,S0985,2,0,S0985,m,1,481,15
1163,OL_S0985_15_Pink.xlsx,quantifiers,数量を表すことば,OL,S0985,6,1,S0985,m,1,481,15
1164,OL_S0985_15_Pink.xlsx,sounds2,幼児語（その２）,OL,S0985,14,1,S0985,m,1,481,15
1165,OL_S0985_15_Pink.xlsx,conversations,会話語,OL,S0985,5,1,S0985,m,1,481,15
1166,OL_S0985_15_Pink.xlsx,others,その他,OL,S0985,4,2,S0985,m,1,481,15
1167,PC_O0275_11_Pink.xlsx,sounds,幼児語,PC,O0275,2,0,O0275,f,1,341,11
1168,PC_O0275_11_Pink.xlsx,animals,動物の名前,PC,O0275,1,0,O0275,f,1,341,11
1169,PC_O0275_11_Pink.xlsx,vehicles,乗り物,PC,O0275,1,0,O0275,f,1,341,11
1170,PC_O0275_11_Pink.xlsx,toys,おもちゃ,PC,O0275,1,0,O0275,f,1,341,11
1171,PC_O0275_11_Pink.xlsx,food_drink,食べ物と飲み物,PC,O0275,4,0,O0275,f,1,341,11
1172,PC_O0275_11_Pink.xlsx,clothing,衣類,PC,O0275,0,0,O0275,f,1,341,11
1173,PC_O0275_11_Pink.xlsx,body_parts,体の部分,PC,O0275,0,0,O0275,f,1,341,11
1174,PC_O0275_11_Pink.xlsx,furniture_rooms,家具と部屋,PC,O0275,0,0,O0275,f,1,341,11
1175,PC_O0275_11_Pink.xlsx,household,小さな家庭用品,PC,O0275,0,0,O0275,f,1,341,11
1176,PC_O0275_11_Pink.xlsx,outside,戸外の物と場所,PC,O0275,0,1,O0275,f,1,341,11
1177,PC_O0275_11_Pink.xlsx,people,人々,PC,O0275,4,0,O0275,f,1,341,11
1178,PC_O0275_11_Pink.xlsx,games_routines,日課とあいさつ,PC,O0275,8,0,O0275,f,1,341,11
1179,PC_O0275_11_Pink.xlsx,action_words,動作語,PC,O0275,0,0,O0275,f,1,341,11
1180,PC_O0275_11_Pink.xlsx,time_words,時間についてのことば,PC,O0275,0,0,O0275,f,1,341,11
1181,PC_O0275_11_Pink.xlsx,descriptive_words,ようす・性質,PC,O0275,1,0,O0275,f,1,341,11
1182,PC_O0275_11_Pink.xlsx,pronouns,代名詞,PC,O0275,1,0,O0275,f,1,341,11
1183,PC_O0275_11_Pink.xlsx,question_words,質問のことば,PC,O0275,0,0,O0275,f,1,341,11
1184,PC_O0275_11_Pink.xlsx,locations,位置と場所についてのことば,PC,O0275,0,0,O0275,f,1,341,11
1185,PC_O0275_11_Pink.xlsx,quantifiers,数量を表すことば,PC,O0275,0,0,O0275,f,1,341,11
1186,PC_O0275_11_Pink.xlsx,sounds2,幼児語（その２）,PC,O0275,4,0,O0275,f,1,341,11
1187,PC_O0275_11_Pink.xlsx,conversations,会話語,PC,O0275,0,0,O0275,f,1,341,11
1188,PC_O0275_11_Pink.xlsx,others,その他,PC,O0275,1,0,O0275,f,1,341,11
1189,PC_O0280_10_Pink.xlsx,sounds,幼児語,PC,O0280,2,0,O0280,m,1,306,10
1190,PC_O0280_10_Pink.xlsx,animals,動物の名前,PC,O0280,3,0,O0280,m,1,306,10
1191,PC_O0280_10_Pink.xlsx,vehicles,乗り物,PC,O0280,1,0,O0280,m,1,306,10
1192,PC_O0280_10_Pink.xlsx,toys,おもちゃ,PC,O0280,1,0,O0280,m,1,306,10
1193,PC_O0280_10_Pink.xlsx,food_drink,食べ物と飲み物,PC,O0280,1,0,O0280,m,1,306,10
1194,PC_O0280_10_Pink.xlsx,clothing,衣類,PC,O0280,0,0,O0280,m,1,306,10
1195,PC_O0280_10_Pink.xlsx,body_parts,体の部分,PC,O0280,5,0,O0280,m,1,306,10
1196,PC_O0280_10_Pink.xlsx,furniture_rooms,家具と部屋,PC,O0280,1,0,O0280,m,1,306,10
1197,PC_O0280_10_Pink.xlsx,household,小さな家庭用品,PC,O0280,1,0,O0280,m,1,306,10
1198,PC_O0280_10_Pink.xlsx,outside,戸外の物と場所,PC,O0280,2,0,O0280,m,1,306,10
1199,PC_O0280_10_Pink.xlsx,people,人々,PC,O0280,3,2,O0280,m,1,306,10
1200,PC_O0280_10_Pink.xlsx,games_routines,日課とあいさつ,PC,O0280,8,0,O0280,m,1,306,10
1201,PC_O0280_10_Pink.xlsx,action_words,動作語,PC,O0280,6,2,O0280,m,1,306,10
1202,PC_O0280_10_Pink.xlsx,time_words,時間についてのことば,PC,O0280,0,0,O0280,m,1,306,10
1203,PC_O0280_10_Pink.xlsx,descriptive_words,ようす・性質,PC,O0280,4,0,O0280,m,1,306,10
1204,PC_O0280_10_Pink.xlsx,pronouns,代名詞,PC,O0280,3,0,O0280,m,1,306,10
1205,PC_O0280_10_Pink.xlsx,question_words,質問のことば,PC,O0280,1,0,O0280,m,1,306,10
1206,PC_O0280_10_Pink.xlsx,locations,位置と場所についてのことば,PC,O0280,2,0,O0280,m,1,306,10
1207,PC_O0280_10_Pink.xlsx,quantifiers,数量を表すことば,PC,O0280,1,0,O0280,m,1,306,10
1208,PC_O0280_10_Pink.xlsx,sounds2,幼児語（その２）,PC,O0280,3,2,O0280,m,1,306,10
1209,PC_O0280_10_Pink.xlsx,conversations,会話語,PC,O0280,1,0,O0280,m,1,306,10
1210,PC_O0280_10_Pink.xlsx,others,その他,PC,O0280,1,0,O0280,m,1,306,10
1211,PC_O0280_17_Pink.xlsx,sounds,幼児語,PC,O0280,5,0,O0280,m,1,542,17
1212,PC_O0280_17_Pink.xlsx,animals,動物の名前,PC,O0280,15,0,O0280,m,1,542,17
1213,PC_O0280_17_Pink.xlsx,vehicles,乗り物,PC,O0280,3,0,O0280,m,1,542,17
1214,PC_O0280_17_Pink.xlsx,toys,おもちゃ,PC,O0280,5,0,O0280,m,1,542,17
1215,PC_O0280_17_Pink.xlsx,food_drink,食べ物と飲み物,PC,O0280,6,1,O0280,m,1,542,17
1216,PC_O0280_17_Pink.xlsx,clothing,衣類,PC,O0280,4,0,O0280,m,1,542,17
1217,PC_O0280_17_Pink.xlsx,body_parts,体の部分,PC,O0280,10,0,O0280,m,1,542,17
1218,PC_O0280_17_Pink.xlsx,furniture_rooms,家具と部屋,PC,O0280,8,0,O0280,m,1,542,17
1219,PC_O0280_17_Pink.xlsx,household,小さな家庭用品,PC,O0280,9,0,O0280,m,1,542,17
1220,PC_O0280_17_Pink.xlsx,outside,戸外の物と場所,PC,O0280,4,0,O0280,m,1,542,17
1221,PC_O0280_17_Pink.xlsx,people,人々,PC,O0280,5,2,O0280,m,1,542,17
1222,PC_O0280_17_Pink.xlsx,games_routines,日課とあいさつ,PC,O0280,0,0,O0280,m,1,542,17
1223,PC_O0280_17_Pink.xlsx,action_words,動作語,PC,O0280,25,0,O0280,m,1,542,17
1224,PC_O0280_17_Pink.xlsx,time_words,時間についてのことば,PC,O0280,1,0,O0280,m,1,542,17
1225,PC_O0280_17_Pink.xlsx,descriptive_words,ようす・性質,PC,O0280,7,0,O0280,m,1,542,17
1226,PC_O0280_17_Pink.xlsx,pronouns,代名詞,PC,O0280,9,0,O0280,m,1,542,17
1227,PC_O0280_17_Pink.xlsx,question_words,質問のことば,PC,O0280,2,0,O0280,m,1,542,17
1228,PC_O0280_17_Pink.xlsx,locations,位置と場所についてのことば,PC,O0280,7,0,O0280,m,1,542,17
1229,PC_O0280_17_Pink.xlsx,quantifiers,数量を表すことば,PC,O0280,3,0,O0280,m,1,542,17
1230,PC_O0280_17_Pink.xlsx,sounds2,幼児語（その２）,PC,O0280,12,0,O0280,m,1,542,17
1231,PC_O0280_17_Pink.xlsx,conversations,会話語,PC,O0280,3,0,O0280,m,1,542,17
1232,PC_O0280_17_Pink.xlsx,others,その他,PC,O0280,3,0,O0280,m,1,542,17
1233,PC_O0302_10_Pink.xlsx,sounds,幼児語,PC,O0302,2,0,O0302,m,1,324,10
1234,PC_O0302_10_Pink.xlsx,animals,動物の名前,PC,O0302,0,0,O0302,m,1,324,10
1235,PC_O0302_10_Pink.xlsx,vehicles,乗り物,PC,O0302,0,0,O0302,m,1,324,10
1236,PC_O0302_10_Pink.xlsx,toys,おもちゃ,PC,O0302,2,0,O0302,m,1,324,10
1237,PC_O0302_10_Pink.xlsx,food_drink,食べ物と飲み物,PC,O0302,2,0,O0302,m,1,324,10
1238,PC_O0302_10_Pink.xlsx,clothing,衣類,PC,O0302,0,0,O0302,m,1,324,10
1239,PC_O0302_10_Pink.xlsx,body_parts,体の部分,PC,O0302,0,0,O0302,m,1,324,10
1240,PC_O0302_10_Pink.xlsx,furniture_rooms,家具と部屋,PC,O0302,0,0,O0302,m,1,324,10
1241,PC_O0302_10_Pink.xlsx,household,小さな家庭用品,PC,O0302,0,0,O0302,m,1,324,10
1242,PC_O0302_10_Pink.xlsx,outside,戸外の物と場所,PC,O0302,0,0,O0302,m,1,324,10
1243,PC_O0302_10_Pink.xlsx,people,人々,PC,O0302,2,0,O0302,m,1,324,10
1244,PC_O0302_10_Pink.xlsx,games_routines,日課とあいさつ,PC,O0302,7,0,O0302,m,1,324,10
1245,PC_O0302_10_Pink.xlsx,action_words,動作語,PC,O0302,3,0,O0302,m,1,324,10
1246,PC_O0302_10_Pink.xlsx,time_words,時間についてのことば,PC,O0302,0,0,O0302,m,1,324,10
1247,PC_O0302_10_Pink.xlsx,descriptive_words,ようす・性質,PC,O0302,1,0,O0302,m,1,324,10
1248,PC_O0302_10_Pink.xlsx,pronouns,代名詞,PC,O0302,1,0,O0302,m,1,324,10
1249,PC_O0302_10_Pink.xlsx,question_words,質問のことば,PC,O0302,0,0,O0302,m,1,324,10
1250,PC_O0302_10_Pink.xlsx,locations,位置と場所についてのことば,PC,O0302,0,0,O0302,m,1,324,10
1251,PC_O0302_10_Pink.xlsx,quantifiers,数量を表すことば,PC,O0302,0,0,O0302,m,1,324,10
1252,PC_O0302_10_Pink.xlsx,sounds2,幼児語（その２）,PC,O0302,2,0,O0302,m,1,324,10
1253,PC_O0302_10_Pink.xlsx,conversations,会話語,PC,O0302,0,0,O0302,m,1,324,10
1254,PC_O0302_10_Pink.xlsx,others,その他,PC,O0302,0,0,O0302,m,1,324,10
1255,PC_O0302_16_Pink.xlsx,sounds,幼児語,PC,O0302,4,3,O0302,m,1,515,16
1256,PC_O0302_16_Pink.xlsx,animals,動物の名前,PC,O0302,5,3,O0302,m,1,515,16
1257,PC_O0302_16_Pink.xlsx,vehicles,乗り物,PC,O0302,3,2,O0302,m,1,515,16
1258,PC_O0302_16_Pink.xlsx,toys,おもちゃ,PC,O0302,4,0,O0302,m,1,515,16
1259,PC_O0302_16_Pink.xlsx,food_drink,食べ物と飲み物,PC,O0302,7,4,O0302,m,1,515,16
1260,PC_O0302_16_Pink.xlsx,clothing,衣類,PC,O0302,2,1,O0302,m,1,515,16
1261,PC_O0302_16_Pink.xlsx,body_parts,体の部分,PC,O0302,7,0,O0302,m,1,515,16
1262,PC_O0302_16_Pink.xlsx,furniture_rooms,家具と部屋,PC,O0302,1,0,O0302,m,1,515,16
1263,PC_O0302_16_Pink.xlsx,household,小さな家庭用品,PC,O0302,1,0,O0302,m,1,515,16
1264,PC_O0302_16_Pink.xlsx,outside,戸外の物と場所,PC,O0302,3,0,O0302,m,1,515,16
1265,PC_O0302_16_Pink.xlsx,people,人々,PC,O0302,4,0,O0302,m,1,515,16
1266,PC_O0302_16_Pink.xlsx,games_routines,日課とあいさつ,PC,O0302,13,0,O0302,m,1,515,16
1267,PC_O0302_16_Pink.xlsx,action_words,動作語,PC,O0302,6,0,O0302,m,1,515,16
1268,PC_O0302_16_Pink.xlsx,time_words,時間についてのことば,PC,O0302,0,0,O0302,m,1,515,16
1269,PC_O0302_16_Pink.xlsx,descriptive_words,ようす・性質,PC,O0302,4,2,O0302,m,1,515,16
1270,PC_O0302_16_Pink.xlsx,pronouns,代名詞,PC,O0302,6,0,O0302,m,1,515,16
1271,PC_O0302_16_Pink.xlsx,question_words,質問のことば,PC,O0302,2,0,O0302,m,1,515,16
1272,PC_O0302_16_Pink.xlsx,locations,位置と場所についてのことば,PC,O0302,0,0,O0302,m,1,515,16
1273,PC_O0302_16_Pink.xlsx,quantifiers,数量を表すことば,PC,O0302,2,0,O0302,m,1,515,16
1274,PC_O0302_16_Pink.xlsx,sounds2,幼児語（その２）,PC,O0302,13,1,O0302,m,1,515,16
1275,PC_O0302_16_Pink.xlsx,conversations,会話語,PC,O0302,4,0,O0302,m,1,515,16
1276,PC_O0302_16_Pink.xlsx,others,その他,PC,O0302,3,0,O0302,m,1,515,16
1277,PC_O0303_14_Pink.xlsx,sounds,幼児語,PC,O0303,11,1,O0303,f,1,447,14
1278,PC_O0303_14_Pink.xlsx,animals,動物の名前,PC,O0303,10,1,O0303,f,1,447,14
1279,PC_O0303_14_Pink.xlsx,vehicles,乗り物,PC,O0303,3,0,O0303,f,1,447,14
1280,PC_O0303_14_Pink.xlsx,toys,おもちゃ,PC,O0303,4,4,O0303,f,1,447,14
1281,PC_O0303_14_Pink.xlsx,food_drink,食べ物と飲み物,PC,O0303,18,7,O0303,f,1,447,14
1282,PC_O0303_14_Pink.xlsx,clothing,衣類,PC,O0303,8,1,O0303,f,1,447,14
1283,PC_O0303_14_Pink.xlsx,body_parts,体の部分,PC,O0303,18,0,O0303,f,1,447,14
1284,PC_O0303_14_Pink.xlsx,furniture_rooms,家具と部屋,PC,O0303,18,0,O0303,f,1,447,14
1285,PC_O0303_14_Pink.xlsx,household,小さな家庭用品,PC,O0303,28,1,O0303,f,1,447,14
1286,PC_O0303_14_Pink.xlsx,outside,戸外の物と場所,PC,O0303,12,2,O0303,f,1,447,14
1287,PC_O0303_14_Pink.xlsx,people,人々,PC,O0303,14,4,O0303,f,1,447,14
1288,PC_O0303_14_Pink.xlsx,games_routines,日課とあいさつ,PC,O0303,9,9,O0303,f,1,447,14
1289,PC_O0303_14_Pink.xlsx,action_words,動作語,PC,O0303,28,0,O0303,f,1,447,14
1290,PC_O0303_14_Pink.xlsx,time_words,時間についてのことば,PC,O0303,0,0,O0303,f,1,447,14
1291,PC_O0303_14_Pink.xlsx,descriptive_words,ようす・性質,PC,O0303,15,1,O0303,f,1,447,14
1292,PC_O0303_14_Pink.xlsx,pronouns,代名詞,PC,O0303,0,0,O0303,f,1,447,14
1293,PC_O0303_14_Pink.xlsx,question_words,質問のことば,PC,O0303,0,0,O0303,f,1,447,14
1294,PC_O0303_14_Pink.xlsx,locations,位置と場所についてのことば,PC,O0303,0,0,O0303,f,1,447,14
1295,PC_O0303_14_Pink.xlsx,quantifiers,数量を表すことば,PC,O0303,5,0,O0303,f,1,447,14
1296,PC_O0303_14_Pink.xlsx,sounds2,幼児語（その２）,PC,O0303,8,5,O0303,f,1,447,14
1297,PC_O0303_14_Pink.xlsx,conversations,会話語,PC,O0303,0,2,O0303,f,1,447,14
1298,PC_O0303_14_Pink.xlsx,others,その他,PC,O0303,0,3,O0303,f,1,447,14
1299,PC_O0303_8_Pink.xlsx,sounds,幼児語,PC,O0303,0,0,O0303,f,1,251,8
1300,PC_O0303_8_Pink.xlsx,animals,動物の名前,PC,O0303,0,0,O0303,f,1,251,8
1301,PC_O0303_8_Pink.xlsx,vehicles,乗り物,PC,O0303,0,0,O0303,f,1,251,8
1302,PC_O0303_8_Pink.xlsx,toys,おもちゃ,PC,O0303,0,0,O0303,f,1,251,8
1303,PC_O0303_8_Pink.xlsx,food_drink,食べ物と飲み物,PC,O0303,0,0,O0303,f,1,251,8
1304,PC_O0303_8_Pink.xlsx,clothing,衣類,PC,O0303,0,0,O0303,f,1,251,8
1305,PC_O0303_8_Pink.xlsx,body_parts,体の部分,PC,O0303,0,0,O0303,f,1,251,8
1306,PC_O0303_8_Pink.xlsx,furniture_rooms,家具と部屋,PC,O0303,0,0,O0303,f,1,251,8
1307,PC_O0303_8_Pink.xlsx,household,小さな家庭用品,PC,O0303,0,0,O0303,f,1,251,8
1308,PC_O0303_8_Pink.xlsx,outside,戸外の物と場所,PC,O0303,0,0,O0303,f,1,251,8
1309,PC_O0303_8_Pink.xlsx,people,人々,PC,O0303,0,0,O0303,f,1,251,8
1310,PC_O0303_8_Pink.xlsx,games_routines,日課とあいさつ,PC,O0303,0,0,O0303,f,1,251,8
1311,PC_O0303_8_Pink.xlsx,action_words,動作語,PC,O0303,0,0,O0303,f,1,251,8
1312,PC_O0303_8_Pink.xlsx,time_words,時間についてのことば,PC,O0303,0,0,O0303,f,1,251,8
1313,PC_O0303_8_Pink.xlsx,descriptive_words,ようす・性質,PC,O0303,0,0,O0303,f,1,251,8
1314,PC_O0303_8_Pink.xlsx,pronouns,代名詞,PC,O0303,0,0,O0303,f,1,251,8
1315,PC_O0303_8_Pink.xlsx,question_words,質問のことば,PC,O0303,0,0,O0303,f,1,251,8
1316,PC_O0303_8_Pink.xlsx,locations,位置と場所についてのことば,PC,O0303,0,0,O0303,f,1,251,8
1317,PC_O0303_8_Pink.xlsx,quantifiers,数量を表すことば,PC,O0303,0,0,O0303,f,1,251,8
1318,PC_O0303_8_Pink.xlsx,sounds2,幼児語（その２）,PC,O0303,0,0,O0303,f,1,251,8
1319,PC_O0303_8_Pink.xlsx,conversations,会話語,PC,O0303,0,0,O0303,f,1,251,8
1320,PC_O0303_8_Pink.xlsx,others,その他,PC,O0303,0,0,O0303,f,1,251,8
1321,PC_O0317_10_Pink.xlsx,sounds,幼児語,PC,O0317,0,0,O0317,f,1,322,10
1322,PC_O0317_10_Pink.xlsx,animals,動物の名前,PC,O0317,0,0,O0317,f,1,322,10
1323,PC_O0317_10_Pink.xlsx,vehicles,乗り物,PC,O0317,0,0,O0317,f,1,322,10
1324,PC_O0317_10_Pink.xlsx,toys,おもちゃ,PC,O0317,0,0,O0317,f,1,322,10
1325,PC_O0317_10_Pink.xlsx,food_drink,食べ物と飲み物,PC,O0317,0,0,O0317,f,1,322,10
1326,PC_O0317_10_Pink.xlsx,clothing,衣類,PC,O0317,0,0,O0317,f,1,322,10
1327,PC_O0317_10_Pink.xlsx,body_parts,体の部分,PC,O0317,0,0,O0317,f,1,322,10
1328,PC_O0317_10_Pink.xlsx,furniture_rooms,家具と部屋,PC,O0317,0,0,O0317,f,1,322,10
1329,PC_O0317_10_Pink.xlsx,household,小さな家庭用品,PC,O0317,0,0,O0317,f,1,322,10
1330,PC_O0317_10_Pink.xlsx,outside,戸外の物と場所,PC,O0317,0,0,O0317,f,1,322,10
1331,PC_O0317_10_Pink.xlsx,people,人々,PC,O0317,1,0,O0317,f,1,322,10
1332,PC_O0317_10_Pink.xlsx,games_routines,日課とあいさつ,PC,O0317,0,0,O0317,f,1,322,10
1333,PC_O0317_10_Pink.xlsx,action_words,動作語,PC,O0317,0,0,O0317,f,1,322,10
1334,PC_O0317_10_Pink.xlsx,time_words,時間についてのことば,PC,O0317,0,0,O0317,f,1,322,10
1335,PC_O0317_10_Pink.xlsx,descriptive_words,ようす・性質,PC,O0317,0,0,O0317,f,1,322,10
1336,PC_O0317_10_Pink.xlsx,pronouns,代名詞,PC,O0317,0,0,O0317,f,1,322,10
1337,PC_O0317_10_Pink.xlsx,question_words,質問のことば,PC,O0317,0,0,O0317,f,1,322,10
1338,PC_O0317_10_Pink.xlsx,locations,位置と場所についてのことば,PC,O0317,0,0,O0317,f,1,322,10
1339,PC_O0317_10_Pink.xlsx,quantifiers,数量を表すことば,PC,O0317,0,0,O0317,f,1,322,10
1340,PC_O0317_10_Pink.xlsx,sounds2,幼児語（その２）,PC,O0317,0,0,O0317,f,1,322,10
1341,PC_O0317_10_Pink.xlsx,conversations,会話語,PC,O0317,0,0,O0317,f,1,322,10
1342,PC_O0317_10_Pink.xlsx,others,その他,PC,O0317,0,0,O0317,f,1,322,10
1343,PC_O0317_16_Pink.xlsx,sounds,幼児語,PC,O0317,0,3,O0317,f,1,511,16
1344,PC_O0317_16_Pink.xlsx,animals,動物の名前,PC,O0317,0,0,O0317,f,1,511,16
1345,PC_O0317_16_Pink.xlsx,vehicles,乗り物,PC,O0317,2,0,O0317,f,1,511,16
1346,PC_O0317_16_Pink.xlsx,toys,おもちゃ,PC,O0317,0,0,O0317,f,1,511,16
1347,PC_O0317_16_Pink.xlsx,food_drink,食べ物と飲み物,PC,O0317,0,0,O0317,f,1,511,16
1348,PC_O0317_16_Pink.xlsx,clothing,衣類,PC,O0317,0,0,O0317,f,1,511,16
1349,PC_O0317_16_Pink.xlsx,body_parts,体の部分,PC,O0317,0,0,O0317,f,1,511,16
1350,PC_O0317_16_Pink.xlsx,furniture_rooms,家具と部屋,PC,O0317,0,0,O0317,f,1,511,16
1351,PC_O0317_16_Pink.xlsx,household,小さな家庭用品,PC,O0317,0,0,O0317,f,1,511,16
1352,PC_O0317_16_Pink.xlsx,outside,戸外の物と場所,PC,O0317,0,0,O0317,f,1,511,16
1353,PC_O0317_16_Pink.xlsx,people,人々,PC,O0317,5,0,O0317,f,1,511,16
1354,PC_O0317_16_Pink.xlsx,games_routines,日課とあいさつ,PC,O0317,7,8,O0317,f,1,511,16
1355,PC_O0317_16_Pink.xlsx,action_words,動作語,PC,O0317,0,0,O0317,f,1,511,16
1356,PC_O0317_16_Pink.xlsx,time_words,時間についてのことば,PC,O0317,0,0,O0317,f,1,511,16
1357,PC_O0317_16_Pink.xlsx,descriptive_words,ようす・性質,PC,O0317,1,2,O0317,f,1,511,16
1358,PC_O0317_16_Pink.xlsx,pronouns,代名詞,PC,O0317,0,0,O0317,f,1,511,16
1359,PC_O0317_16_Pink.xlsx,question_words,質問のことば,PC,O0317,0,0,O0317,f,1,511,16
1360,PC_O0317_16_Pink.xlsx,locations,位置と場所についてのことば,PC,O0317,0,0,O0317,f,1,511,16
1361,PC_O0317_16_Pink.xlsx,quantifiers,数量を表すことば,PC,O0317,0,0,O0317,f,1,511,16
1362,PC_O0317_16_Pink.xlsx,sounds2,幼児語（その２）,PC,O0317,2,0,O0317,f,1,511,16
1363,PC_O0317_16_Pink.xlsx,conversations,会話語,PC,O0317,0,1,O0317,f,1,511,16
1364,PC_O0317_16_Pink.xlsx,others,その他,PC,O0317,1,0,O0317,f,1,511,16
1365,PC_O0342_16_Pink.xlsx,sounds,幼児語,PC,O0342,4,0,O0342,f,1,490,16
1366,PC_O0342_16_Pink.xlsx,animals,動物の名前,PC,O0342,0,0,O0342,f,1,490,16
1367,PC_O0342_16_Pink.xlsx,vehicles,乗り物,PC,O0342,0,0,O0342,f,1,490,16
1368,PC_O0342_16_Pink.xlsx,toys,おもちゃ,PC,O0342,3,0,O0342,f,1,490,16
1369,PC_O0342_16_Pink.xlsx,food_drink,食べ物と飲み物,PC,O0342,3,1,O0342,f,1,490,16
1370,PC_O0342_16_Pink.xlsx,clothing,衣類,PC,O0342,5,0,O0342,f,1,490,16
1371,PC_O0342_16_Pink.xlsx,body_parts,体の部分,PC,O0342,3,0,O0342,f,1,490,16
1372,PC_O0342_16_Pink.xlsx,furniture_rooms,家具と部屋,PC,O0342,2,0,O0342,f,1,490,16
1373,PC_O0342_16_Pink.xlsx,household,小さな家庭用品,PC,O0342,1,0,O0342,f,1,490,16
1374,PC_O0342_16_Pink.xlsx,outside,戸外の物と場所,PC,O0342,2,0,O0342,f,1,490,16
1375,PC_O0342_16_Pink.xlsx,people,人々,PC,O0342,3,0,O0342,f,1,490,16
1376,PC_O0342_16_Pink.xlsx,games_routines,日課とあいさつ,PC,O0342,14,2,O0342,f,1,490,16
1377,PC_O0342_16_Pink.xlsx,action_words,動作語,PC,O0342,8,0,O0342,f,1,490,16
1378,PC_O0342_16_Pink.xlsx,time_words,時間についてのことば,PC,O0342,0,0,O0342,f,1,490,16
1379,PC_O0342_16_Pink.xlsx,descriptive_words,ようす・性質,PC,O0342,4,1,O0342,f,1,490,16
1380,PC_O0342_16_Pink.xlsx,pronouns,代名詞,PC,O0342,9,0,O0342,f,1,490,16
1381,PC_O0342_16_Pink.xlsx,question_words,質問のことば,PC,O0342,0,0,O0342,f,1,490,16
1382,PC_O0342_16_Pink.xlsx,locations,位置と場所についてのことば,PC,O0342,0,0,O0342,f,1,490,16
1383,PC_O0342_16_Pink.xlsx,quantifiers,数量を表すことば,PC,O0342,2,0,O0342,f,1,490,16
1384,PC_O0342_16_Pink.xlsx,sounds2,幼児語（その２）,PC,O0342,6,0,O0342,f,1,490,16
1385,PC_O0342_16_Pink.xlsx,conversations,会話語,PC,O0342,5,0,O0342,f,1,490,16
1386,PC_O0342_16_Pink.xlsx,others,その他,PC,O0342,4,0,O0342,f,1,490,16
1387,PC_O0342_9_Pink.xlsx,sounds,幼児語,PC,O0342,0,0,O0342,f,1,275,9
1388,PC_O0342_9_Pink.xlsx,animals,動物の名前,PC,O0342,0,0,O0342,f,1,275,9
1389,PC_O0342_9_Pink.xlsx,vehicles,乗り物,PC,O0342,0,0,O0342,f,1,275,9
1390,PC_O0342_9_Pink.xlsx,toys,おもちゃ,PC,O0342,0,0,O0342,f,1,275,9
1391,PC_O0342_9_Pink.xlsx,food_drink,食べ物と飲み物,PC,O0342,0,0,O0342,f,1,275,9
1392,PC_O0342_9_Pink.xlsx,clothing,衣類,PC,O0342,0,0,O0342,f,1,275,9
1393,PC_O0342_9_Pink.xlsx,body_parts,体の部分,PC,O0342,0,0,O0342,f,1,275,9
1394,PC_O0342_9_Pink.xlsx,furniture_rooms,家具と部屋,PC,O0342,0,0,O0342,f,1,275,9
1395,PC_O0342_9_Pink.xlsx,household,小さな家庭用品,PC,O0342,0,0,O0342,f,1,275,9
1396,PC_O0342_9_Pink.xlsx,outside,戸外の物と場所,PC,O0342,0,0,O0342,f,1,275,9
1397,PC_O0342_9_Pink.xlsx,people,人々,PC,O0342,1,0,O0342,f,1,275,9
1398,PC_O0342_9_Pink.xlsx,games_routines,日課とあいさつ,PC,O0342,1,0,O0342,f,1,275,9
1399,PC_O0342_9_Pink.xlsx,action_words,動作語,PC,O0342,0,0,O0342,f,1,275,9
1400,PC_O0342_9_Pink.xlsx,time_words,時間についてのことば,PC,O0342,0,0,O0342,f,1,275,9
1401,PC_O0342_9_Pink.xlsx,descriptive_words,ようす・性質,PC,O0342,0,0,O0342,f,1,275,9
1402,PC_O0342_9_Pink.xlsx,pronouns,代名詞,PC,O0342,0,0,O0342,f,1,275,9
1403,PC_O0342_9_Pink.xlsx,question_words,質問のことば,PC,O0342,0,0,O0342,f,1,275,9
1404,PC_O0342_9_Pink.xlsx,locations,位置と場所についてのことば,PC,O0342,0,0,O0342,f,1,275,9
1405,PC_O0342_9_Pink.xlsx,quantifiers,数量を表すことば,PC,O0342,0,0,O0342,f,1,275,9
1406,PC_O0342_9_Pink.xlsx,sounds2,幼児語（その２）,PC,O0342,0,0,O0342,f,1,275,9
1407,PC_O0342_9_Pink.xlsx,conversations,会話語,PC,O0342,0,0,O0342,f,1,275,9
1408,PC_O0342_9_Pink.xlsx,others,その他,PC,O0342,2,0,O0342,f,1,275,9
1409,PC_O0343_10_Pink.xlsx,sounds,幼児語,PC,O0343,0,0,O0343,m,1,317,10
1410,PC_O0343_10_Pink.xlsx,animals,動物の名前,PC,O0343,0,0,O0343,m,1,317,10
1411,PC_O0343_10_Pink.xlsx,vehicles,乗り物,PC,O0343,1,0,O0343,m,1,317,10
1412,PC_O0343_10_Pink.xlsx,toys,おもちゃ,PC,O0343,3,0,O0343,m,1,317,10
1413,PC_O0343_10_Pink.xlsx,food_drink,食べ物と飲み物,PC,O0343,3,0,O0343,m,1,317,10
1414,PC_O0343_10_Pink.xlsx,clothing,衣類,PC,O0343,1,0,O0343,m,1,317,10
1415,PC_O0343_10_Pink.xlsx,body_parts,体の部分,PC,O0343,1,0,O0343,m,1,317,10
1416,PC_O0343_10_Pink.xlsx,furniture_rooms,家具と部屋,PC,O0343,2,0,O0343,m,1,317,10
1417,PC_O0343_10_Pink.xlsx,household,小さな家庭用品,PC,O0343,1,0,O0343,m,1,317,10
1418,PC_O0343_10_Pink.xlsx,outside,戸外の物と場所,PC,O0343,1,0,O0343,m,1,317,10
1419,PC_O0343_10_Pink.xlsx,people,人々,PC,O0343,3,1,O0343,m,1,317,10
1420,PC_O0343_10_Pink.xlsx,games_routines,日課とあいさつ,PC,O0343,6,0,O0343,m,1,317,10
1421,PC_O0343_10_Pink.xlsx,action_words,動作語,PC,O0343,4,0,O0343,m,1,317,10
1422,PC_O0343_10_Pink.xlsx,time_words,時間についてのことば,PC,O0343,0,0,O0343,m,1,317,10
1423,PC_O0343_10_Pink.xlsx,descriptive_words,ようす・性質,PC,O0343,0,0,O0343,m,1,317,10
1424,PC_O0343_10_Pink.xlsx,pronouns,代名詞,PC,O0343,2,0,O0343,m,1,317,10
1425,PC_O0343_10_Pink.xlsx,question_words,質問のことば,PC,O0343,2,0,O0343,m,1,317,10
1426,PC_O0343_10_Pink.xlsx,locations,位置と場所についてのことば,PC,O0343,0,0,O0343,m,1,317,10
1427,PC_O0343_10_Pink.xlsx,quantifiers,数量を表すことば,PC,O0343,0,0,O0343,m,1,317,10
1428,PC_O0343_10_Pink.xlsx,sounds2,幼児語（その２）,PC,O0343,6,0,O0343,m,1,317,10
1429,PC_O0343_10_Pink.xlsx,conversations,会話語,PC,O0343,0,0,O0343,m,1,317,10
1430,PC_O0343_10_Pink.xlsx,others,その他,PC,O0343,1,0,O0343,m,1,317,10
1431,PC_O0343_17_Pink.xlsx,sounds,幼児語,PC,O0343,2,10,O0343,m,1,525,17
1432,PC_O0343_17_Pink.xlsx,animals,動物の名前,PC,O0343,19,9,O0343,m,1,525,17
1433,PC_O0343_17_Pink.xlsx,vehicles,乗り物,PC,O0343,8,1,O0343,m,1,525,17
1434,PC_O0343_17_Pink.xlsx,toys,おもちゃ,PC,O0343,6,1,O0343,m,1,525,17
1435,PC_O0343_17_Pink.xlsx,food_drink,食べ物と飲み物,PC,O0343,22,7,O0343,m,1,525,17
1436,PC_O0343_17_Pink.xlsx,clothing,衣類,PC,O0343,6,1,O0343,m,1,525,17
1437,PC_O0343_17_Pink.xlsx,body_parts,体の部分,PC,O0343,12,5,O0343,m,1,525,17
1438,PC_O0343_17_Pink.xlsx,furniture_rooms,家具と部屋,PC,O0343,9,1,O0343,m,1,525,17
1439,PC_O0343_17_Pink.xlsx,household,小さな家庭用品,PC,O0343,11,0,O0343,m,1,525,17
1440,PC_O0343_17_Pink.xlsx,outside,戸外の物と場所,PC,O0343,16,3,O0343,m,1,525,17
1441,PC_O0343_17_Pink.xlsx,people,人々,PC,O0343,3,6,O0343,m,1,525,17
1442,PC_O0343_17_Pink.xlsx,games_routines,日課とあいさつ,PC,O0343,10,7,O0343,m,1,525,17
1443,PC_O0343_17_Pink.xlsx,action_words,動作語,PC,O0343,30,4,O0343,m,1,525,17
1444,PC_O0343_17_Pink.xlsx,time_words,時間についてのことば,PC,O0343,0,0,O0343,m,1,525,17
1445,PC_O0343_17_Pink.xlsx,descriptive_words,ようす・性質,PC,O0343,5,3,O0343,m,1,525,17
1446,PC_O0343_17_Pink.xlsx,pronouns,代名詞,PC,O0343,7,0,O0343,m,1,525,17
1447,PC_O0343_17_Pink.xlsx,question_words,質問のことば,PC,O0343,2,0,O0343,m,1,525,17
1448,PC_O0343_17_Pink.xlsx,locations,位置と場所についてのことば,PC,O0343,7,0,O0343,m,1,525,17
1449,PC_O0343_17_Pink.xlsx,quantifiers,数量を表すことば,PC,O0343,3,0,O0343,m,1,525,17
1450,PC_O0343_17_Pink.xlsx,sounds2,幼児語（その２）,PC,O0343,8,11,O0343,m,1,525,17
1451,PC_O0343_17_Pink.xlsx,conversations,会話語,PC,O0343,4,0,O0343,m,1,525,17
1452,PC_O0343_17_Pink.xlsx,others,その他,PC,O0343,5,2,O0343,m,1,525,17
1453,PC_O0347_14_Pink.xlsx,sounds,幼児語,PC,O0347,2,0,O0347,m,1,447,14
1454,PC_O0347_14_Pink.xlsx,animals,動物の名前,PC,O0347,0,0,O0347,m,1,447,14
1455,PC_O0347_14_Pink.xlsx,vehicles,乗り物,PC,O0347,0,0,O0347,m,1,447,14
1456,PC_O0347_14_Pink.xlsx,toys,おもちゃ,PC,O0347,0,0,O0347,m,1,447,14
1457,PC_O0347_14_Pink.xlsx,food_drink,食べ物と飲み物,PC,O0347,3,0,O0347,m,1,447,14
1458,PC_O0347_14_Pink.xlsx,clothing,衣類,PC,O0347,0,0,O0347,m,1,447,14
1459,PC_O0347_14_Pink.xlsx,body_parts,体の部分,PC,O0347,0,0,O0347,m,1,447,14
1460,PC_O0347_14_Pink.xlsx,furniture_rooms,家具と部屋,PC,O0347,2,0,O0347,m,1,447,14
1461,PC_O0347_14_Pink.xlsx,household,小さな家庭用品,PC,O0347,0,0,O0347,m,1,447,14
1462,PC_O0347_14_Pink.xlsx,outside,戸外の物と場所,PC,O0347,0,0,O0347,m,1,447,14
1463,PC_O0347_14_Pink.xlsx,people,人々,PC,O0347,1,2,O0347,m,1,447,14
1464,PC_O0347_14_Pink.xlsx,games_routines,日課とあいさつ,PC,O0347,2,0,O0347,m,1,447,14
1465,PC_O0347_14_Pink.xlsx,action_words,動作語,PC,O0347,0,0,O0347,m,1,447,14
1466,PC_O0347_14_Pink.xlsx,time_words,時間についてのことば,PC,O0347,0,0,O0347,m,1,447,14
1467,PC_O0347_14_Pink.xlsx,descriptive_words,ようす・性質,PC,O0347,1,1,O0347,m,1,447,14
1468,PC_O0347_14_Pink.xlsx,pronouns,代名詞,PC,O0347,0,0,O0347,m,1,447,14
1469,PC_O0347_14_Pink.xlsx,question_words,質問のことば,PC,O0347,0,0,O0347,m,1,447,14
1470,PC_O0347_14_Pink.xlsx,locations,位置と場所についてのことば,PC,O0347,0,0,O0347,m,1,447,14
1471,PC_O0347_14_Pink.xlsx,quantifiers,数量を表すことば,PC,O0347,0,0,O0347,m,1,447,14
1472,PC_O0347_14_Pink.xlsx,sounds2,幼児語（その２）,PC,O0347,0,0,O0347,m,1,447,14
1473,PC_O0347_14_Pink.xlsx,conversations,会話語,PC,O0347,0,3,O0347,m,1,447,14
1474,PC_O0347_14_Pink.xlsx,others,その他,PC,O0347,0,0,O0347,m,1,447,14
1475,PC_O0347_8_Pink.xlsx,sounds,幼児語,PC,O0347,0,0,O0347,m,1,256,8
1476,PC_O0347_8_Pink.xlsx,animals,動物の名前,PC,O0347,0,0,O0347,m,1,256,8
1477,PC_O0347_8_Pink.xlsx,vehicles,乗り物,PC,O0347,0,0,O0347,m,1,256,8
1478,PC_O0347_8_Pink.xlsx,toys,おもちゃ,PC,O0347,0,0,O0347,m,1,256,8
1479,PC_O0347_8_Pink.xlsx,food_drink,食べ物と飲み物,PC,O0347,0,0,O0347,m,1,256,8
1480,PC_O0347_8_Pink.xlsx,clothing,衣類,PC,O0347,0,0,O0347,m,1,256,8
1481,PC_O0347_8_Pink.xlsx,body_parts,体の部分,PC,O0347,0,0,O0347,m,1,256,8
1482,PC_O0347_8_Pink.xlsx,furniture_rooms,家具と部屋,PC,O0347,0,0,O0347,m,1,256,8
1483,PC_O0347_8_Pink.xlsx,household,小さな家庭用品,PC,O0347,0,0,O0347,m,1,256,8
1484,PC_O0347_8_Pink.xlsx,outside,戸外の物と場所,PC,O0347,0,0,O0347,m,1,256,8
1485,PC_O0347_8_Pink.xlsx,people,人々,PC,O0347,0,1,O0347,m,1,256,8
1486,PC_O0347_8_Pink.xlsx,games_routines,日課とあいさつ,PC,O0347,0,0,O0347,m,1,256,8
1487,PC_O0347_8_Pink.xlsx,action_words,動作語,PC,O0347,0,0,O0347,m,1,256,8
1488,PC_O0347_8_Pink.xlsx,time_words,時間についてのことば,PC,O0347,0,0,O0347,m,1,256,8
1489,PC_O0347_8_Pink.xlsx,descriptive_words,ようす・性質,PC,O0347,0,0,O0347,m,1,256,8
1490,PC_O0347_8_Pink.xlsx,pronouns,代名詞,PC,O0347,0,0,O0347,m,1,256,8
1491,PC_O0347_8_Pink.xlsx,question_words,質問のことば,PC,O0347,0,0,O0347,m,1,256,8
1492,PC_O0347_8_Pink.xlsx,locations,位置と場所についてのことば,PC,O0347,0,0,O0347,m,1,256,8
1493,PC_O0347_8_Pink.xlsx,quantifiers,数量を表すことば,PC,O0347,0,0,O0347,m,1,256,8
1494,PC_O0347_8_Pink.xlsx,sounds2,幼児語（その２）,PC,O0347,0,0,O0347,m,1,256,8
1495,PC_O0347_8_Pink.xlsx,conversations,会話語,PC,O0347,0,0,O0347,m,1,256,8
1496,PC_O0347_8_Pink.xlsx,others,その他,PC,O0347,0,0,O0347,m,1,256,8
1497,PC_O0350_14_Pink.xlsx,sounds,幼児語,PC,O0350,1,0,O0350,f,1,443,14
1498,PC_O0350_14_Pink.xlsx,animals,動物の名前,PC,O0350,0,0,O0350,f,1,443,14
1499,PC_O0350_14_Pink.xlsx,vehicles,乗り物,PC,O0350,0,0,O0350,f,1,443,14
1500,PC_O0350_14_Pink.xlsx,toys,おもちゃ,PC,O0350,0,0,O0350,f,1,443,14
1501,PC_O0350_14_Pink.xlsx,food_drink,食べ物と飲み物,PC,O0350,0,0,O0350,f,1,443,14
1502,PC_O0350_14_Pink.xlsx,clothing,衣類,PC,O0350,1,0,O0350,f,1,443,14
1503,PC_O0350_14_Pink.xlsx,body_parts,体の部分,PC,O0350,3,0,O0350,f,1,443,14
1504,PC_O0350_14_Pink.xlsx,furniture_rooms,家具と部屋,PC,O0350,2,0,O0350,f,1,443,14
1505,PC_O0350_14_Pink.xlsx,household,小さな家庭用品,PC,O0350,0,0,O0350,f,1,443,14
1506,PC_O0350_14_Pink.xlsx,outside,戸外の物と場所,PC,O0350,0,0,O0350,f,1,443,14
1507,PC_O0350_14_Pink.xlsx,people,人々,PC,O0350,4,0,O0350,f,1,443,14
1508,PC_O0350_14_Pink.xlsx,games_routines,日課とあいさつ,PC,O0350,11,3,O0350,f,1,443,14
1509,PC_O0350_14_Pink.xlsx,action_words,動作語,PC,O0350,7,0,O0350,f,1,443,14
1510,PC_O0350_14_Pink.xlsx,time_words,時間についてのことば,PC,O0350,0,0,O0350,f,1,443,14
1511,PC_O0350_14_Pink.xlsx,descriptive_words,ようす・性質,PC,O0350,2,0,O0350,f,1,443,14
1512,PC_O0350_14_Pink.xlsx,pronouns,代名詞,PC,O0350,0,1,O0350,f,1,443,14
1513,PC_O0350_14_Pink.xlsx,question_words,質問のことば,PC,O0350,1,0,O0350,f,1,443,14
1514,PC_O0350_14_Pink.xlsx,locations,位置と場所についてのことば,PC,O0350,0,0,O0350,f,1,443,14
1515,PC_O0350_14_Pink.xlsx,quantifiers,数量を表すことば,PC,O0350,1,0,O0350,f,1,443,14
1516,PC_O0350_14_Pink.xlsx,sounds2,幼児語（その２）,PC,O0350,2,0,O0350,f,1,443,14
1517,PC_O0350_14_Pink.xlsx,conversations,会話語,PC,O0350,0,0,O0350,f,1,443,14
1518,PC_O0350_14_Pink.xlsx,others,その他,PC,O0350,1,0,O0350,f,1,443,14
1519,PC_O0350_8_Pink.xlsx,sounds,幼児語,PC,O0350,0,0,O0350,f,1,257,8
1520,PC_O0350_8_Pink.xlsx,animals,動物の名前,PC,O0350,0,0,O0350,f,1,257,8
1521,PC_O0350_8_Pink.xlsx,vehicles,乗り物,PC,O0350,0,0,O0350,f,1,257,8
1522,PC_O0350_8_Pink.xlsx,toys,おもちゃ,PC,O0350,0,0,O0350,f,1,257,8
1523,PC_O0350_8_Pink.xlsx,food_drink,食べ物と飲み物,PC,O0350,0,0,O0350,f,1,257,8
1524,PC_O0350_8_Pink.xlsx,clothing,衣類,PC,O0350,0,0,O0350,f,1,257,8
1525,PC_O0350_8_Pink.xlsx,body_parts,体の部分,PC,O0350,0,0,O0350,f,1,257,8
1526,PC_O0350_8_Pink.xlsx,furniture_rooms,家具と部屋,PC,O0350,0,0,O0350,f,1,257,8
1527,PC_O0350_8_Pink.xlsx,household,小さな家庭用品,PC,O0350,0,0,O0350,f,1,257,8
1528,PC_O0350_8_Pink.xlsx,outside,戸外の物と場所,PC,O0350,0,0,O0350,f,1,257,8
1529,PC_O0350_8_Pink.xlsx,people,人々,PC,O0350,2,0,O0350,f,1,257,8
1530,PC_O0350_8_Pink.xlsx,games_routines,日課とあいさつ,PC,O0350,0,0,O0350,f,1,257,8
1531,PC_O0350_8_Pink.xlsx,action_words,動作語,PC,O0350,0,0,O0350,f,1,257,8
1532,PC_O0350_8_Pink.xlsx,time_words,時間についてのことば,PC,O0350,0,0,O0350,f,1,257,8
1533,PC_O0350_8_Pink.xlsx,descriptive_words,ようす・性質,PC,O0350,0,0,O0350,f,1,257,8
1534,PC_O0350_8_Pink.xlsx,pronouns,代名詞,PC,O0350,0,0,O0350,f,1,257,8
1535,PC_O0350_8_Pink.xlsx,question_words,質問のことば,PC,O0350,0,0,O0350,f,1,257,8
1536,PC_O0350_8_Pink.xlsx,locations,位置と場所についてのことば,PC,O0350,0,0,O0350,f,1,257,8
1537,PC_O0350_8_Pink.xlsx,quantifiers,数量を表すことば,PC,O0350,0,0,O0350,f,1,257,8
1538,PC_O0350_8_Pink.xlsx,sounds2,幼児語（その２）,PC,O0350,0,0,O0350,f,1,257,8
1539,PC_O0350_8_Pink.xlsx,conversations,会話語,PC,O0350,0,0,O0350,f,1,257,8
1540,PC_O0350_8_Pink.xlsx,others,その他,PC,O0350,0,0,O0350,f,1,257,8
1541,PC_O0385_11_Pink.xlsx,sounds,幼児語,PC,O0385,0,0,O0385,f,1,340,11
1542,PC_O0385_11_Pink.xlsx,animals,動物の名前,PC,O0385,0,0,O0385,f,1,340,11
1543,PC_O0385_11_Pink.xlsx,vehicles,乗り物,PC,O0385,2,0,O0385,f,1,340,11
1544,PC_O0385_11_Pink.xlsx,toys,おもちゃ,PC,O0385,3,0,O0385,f,1,340,11
1545,PC_O0385_11_Pink.xlsx,food_drink,食べ物と飲み物,PC,O0385,6,0,O0385,f,1,340,11
1546,PC_O0385_11_Pink.xlsx,clothing,衣類,PC,O0385,3,0,O0385,f,1,340,11
1547,PC_O0385_11_Pink.xlsx,body_parts,体の部分,PC,O0385,2,0,O0385,f,1,340,11
1548,PC_O0385_11_Pink.xlsx,furniture_rooms,家具と部屋,PC,O0385,3,0,O0385,f,1,340,11
1549,PC_O0385_11_Pink.xlsx,household,小さな家庭用品,PC,O0385,7,0,O0385,f,1,340,11
1550,PC_O0385_11_Pink.xlsx,outside,戸外の物と場所,PC,O0385,0,0,O0385,f,1,340,11
1551,PC_O0385_11_Pink.xlsx,people,人々,PC,O0385,9,0,O0385,f,1,340,11
1552,PC_O0385_11_Pink.xlsx,games_routines,日課とあいさつ,PC,O0385,16,0,O0385,f,1,340,11
1553,PC_O0385_11_Pink.xlsx,action_words,動作語,PC,O0385,3,0,O0385,f,1,340,11
1554,PC_O0385_11_Pink.xlsx,time_words,時間についてのことば,PC,O0385,4,0,O0385,f,1,340,11
1555,PC_O0385_11_Pink.xlsx,descriptive_words,ようす・性質,PC,O0385,5,0,O0385,f,1,340,11
1556,PC_O0385_11_Pink.xlsx,pronouns,代名詞,PC,O0385,2,0,O0385,f,1,340,11
1557,PC_O0385_11_Pink.xlsx,question_words,質問のことば,PC,O0385,1,0,O0385,f,1,340,11
1558,PC_O0385_11_Pink.xlsx,locations,位置と場所についてのことば,PC,O0385,0,0,O0385,f,1,340,11
1559,PC_O0385_11_Pink.xlsx,quantifiers,数量を表すことば,PC,O0385,1,0,O0385,f,1,340,11
1560,PC_O0385_11_Pink.xlsx,sounds2,幼児語（その２）,PC,O0385,4,1,O0385,f,1,340,11
1561,PC_O0385_11_Pink.xlsx,conversations,会話語,PC,O0385,0,0,O0385,f,1,340,11
1562,PC_O0385_11_Pink.xlsx,others,その他,PC,O0385,0,0,O0385,f,1,340,11
1563,PC_O0385_17_Pink.xlsx,sounds,幼児語,PC,O0385,2,0,O0385,f,1,535,17
1564,PC_O0385_17_Pink.xlsx,animals,動物の名前,PC,O0385,2,0,O0385,f,1,535,17
1565,PC_O0385_17_Pink.xlsx,vehicles,乗り物,PC,O0385,3,0,O0385,f,1,535,17
1566,PC_O0385_17_Pink.xlsx,toys,おもちゃ,PC,O0385,8,0,O0385,f,1,535,17
1567,PC_O0385_17_Pink.xlsx,food_drink,食べ物と飲み物,PC,O0385,13,2,O0385,f,1,535,17
1568,PC_O0385_17_Pink.xlsx,clothing,衣類,PC,O0385,6,0,O0385,f,1,535,17
1569,PC_O0385_17_Pink.xlsx,body_parts,体の部分,PC,O0385,16,0,O0385,f,1,535,17
1570,PC_O0385_17_Pink.xlsx,furniture_rooms,家具と部屋,PC,O0385,11,0,O0385,f,1,535,17
1571,PC_O0385_17_Pink.xlsx,household,小さな家庭用品,PC,O0385,7,0,O0385,f,1,535,17
1572,PC_O0385_17_Pink.xlsx,outside,戸外の物と場所,PC,O0385,6,0,O0385,f,1,535,17
1573,PC_O0385_17_Pink.xlsx,people,人々,PC,O0385,5,2,O0385,f,1,535,17
1574,PC_O0385_17_Pink.xlsx,games_routines,日課とあいさつ,PC,O0385,12,5,O0385,f,1,535,17
1575,PC_O0385_17_Pink.xlsx,action_words,動作語,PC,O0385,7,1,O0385,f,1,535,17
1576,PC_O0385_17_Pink.xlsx,time_words,時間についてのことば,PC,O0385,4,0,O0385,f,1,535,17
1577,PC_O0385_17_Pink.xlsx,descriptive_words,ようす・性質,PC,O0385,4,1,O0385,f,1,535,17
1578,PC_O0385_17_Pink.xlsx,pronouns,代名詞,PC,O0385,9,0,O0385,f,1,535,17
1579,PC_O0385_17_Pink.xlsx,question_words,質問のことば,PC,O0385,6,0,O0385,f,1,535,17
1580,PC_O0385_17_Pink.xlsx,locations,位置と場所についてのことば,PC,O0385,9,0,O0385,f,1,535,17
1581,PC_O0385_17_Pink.xlsx,quantifiers,数量を表すことば,PC,O0385,0,0,O0385,f,1,535,17
1582,PC_O0385_17_Pink.xlsx,sounds2,幼児語（その２）,PC,O0385,0,0,O0385,f,1,535,17
1583,PC_O0385_17_Pink.xlsx,conversations,会話語,PC,O0385,1,0,O0385,f,1,535,17
1584,PC_O0385_17_Pink.xlsx,others,その他,PC,O0385,5,3,O0385,f,1,535,17
1585,PC_O0386_8_Pink.xlsx,sounds,幼児語,PC,O0386,0,0,O0386,m,1,272,8
1586,PC_O0386_8_Pink.xlsx,animals,動物の名前,PC,O0386,0,0,O0386,m,1,272,8
1587,PC_O0386_8_Pink.xlsx,vehicles,乗り物,PC,O0386,0,0,O0386,m,1,272,8
1588,PC_O0386_8_Pink.xlsx,toys,おもちゃ,PC,O0386,0,0,O0386,m,1,272,8
1589,PC_O0386_8_Pink.xlsx,food_drink,食べ物と飲み物,PC,O0386,0,0,O0386,m,1,272,8
1590,PC_O0386_8_Pink.xlsx,clothing,衣類,PC,O0386,0,0,O0386,m,1,272,8
1591,PC_O0386_8_Pink.xlsx,body_parts,体の部分,PC,O0386,0,0,O0386,m,1,272,8
1592,PC_O0386_8_Pink.xlsx,furniture_rooms,家具と部屋,PC,O0386,0,0,O0386,m,1,272,8
1593,PC_O0386_8_Pink.xlsx,household,小さな家庭用品,PC,O0386,0,0,O0386,m,1,272,8
1594,PC_O0386_8_Pink.xlsx,outside,戸外の物と場所,PC,O0386,0,0,O0386,m,1,272,8
1595,PC_O0386_8_Pink.xlsx,people,人々,PC,O0386,0,0,O0386,m,1,272,8
1596,PC_O0386_8_Pink.xlsx,games_routines,日課とあいさつ,PC,O0386,0,0,O0386,m,1,272,8
1597,PC_O0386_8_Pink.xlsx,action_words,動作語,PC,O0386,0,0,O0386,m,1,272,8
1598,PC_O0386_8_Pink.xlsx,time_words,時間についてのことば,PC,O0386,0,0,O0386,m,1,272,8
1599,PC_O0386_8_Pink.xlsx,descriptive_words,ようす・性質,PC,O0386,0,0,O0386,m,1,272,8
1600,PC_O0386_8_Pink.xlsx,pronouns,代名詞,PC,O0386,0,0,O0386,m,1,272,8
1601,PC_O0386_8_Pink.xlsx,question_words,質問のことば,PC,O0386,0,0,O0386,m,1,272,8
1602,PC_O0386_8_Pink.xlsx,locations,位置と場所についてのことば,PC,O0386,0,0,O0386,m,1,272,8
1603,PC_O0386_8_Pink.xlsx,quantifiers,数量を表すことば,PC,O0386,0,0,O0386,m,1,272,8
1604,PC_O0386_8_Pink.xlsx,sounds2,幼児語（その２）,PC,O0386,0,0,O0386,m,1,272,8
1605,PC_O0386_8_Pink.xlsx,conversations,会話語,PC,O0386,0,0,O0386,m,1,272,8
1606,PC_O0386_8_Pink.xlsx,others,その他,PC,O0386,0,0,O0386,m,1,272,8
1607,PC_O0390_15_Pink.xlsx,sounds,幼児語,PC,O0390,3,2,O0390,f,1,485,15
1608,PC_O0390_15_Pink.xlsx,animals,動物の名前,PC,O0390,0,0,O0390,f,1,485,15
1609,PC_O0390_15_Pink.xlsx,vehicles,乗り物,PC,O0390,0,0,O0390,f,1,485,15
1610,PC_O0390_15_Pink.xlsx,toys,おもちゃ,PC,O0390,1,0,O0390,f,1,485,15
1611,PC_O0390_15_Pink.xlsx,food_drink,食べ物と飲み物,PC,O0390,8,0,O0390,f,1,485,15
1612,PC_O0390_15_Pink.xlsx,clothing,衣類,PC,O0390,1,0,O0390,f,1,485,15
1613,PC_O0390_15_Pink.xlsx,body_parts,体の部分,PC,O0390,11,1,O0390,f,1,485,15
1614,PC_O0390_15_Pink.xlsx,furniture_rooms,家具と部屋,PC,O0390,1,0,O0390,f,1,485,15
1615,PC_O0390_15_Pink.xlsx,household,小さな家庭用品,PC,O0390,0,0,O0390,f,1,485,15
1616,PC_O0390_15_Pink.xlsx,outside,戸外の物と場所,PC,O0390,3,1,O0390,f,1,485,15
1617,PC_O0390_15_Pink.xlsx,people,人々,PC,O0390,4,2,O0390,f,1,485,15
1618,PC_O0390_15_Pink.xlsx,games_routines,日課とあいさつ,PC,O0390,13,1,O0390,f,1,485,15
1619,PC_O0390_15_Pink.xlsx,action_words,動作語,PC,O0390,0,0,O0390,f,1,485,15
1620,PC_O0390_15_Pink.xlsx,time_words,時間についてのことば,PC,O0390,0,0,O0390,f,1,485,15
1621,PC_O0390_15_Pink.xlsx,descriptive_words,ようす・性質,PC,O0390,4,0,O0390,f,1,485,15
1622,PC_O0390_15_Pink.xlsx,pronouns,代名詞,PC,O0390,0,0,O0390,f,1,485,15
1623,PC_O0390_15_Pink.xlsx,question_words,質問のことば,PC,O0390,1,0,O0390,f,1,485,15
1624,PC_O0390_15_Pink.xlsx,locations,位置と場所についてのことば,PC,O0390,0,0,O0390,f,1,485,15
1625,PC_O0390_15_Pink.xlsx,quantifiers,数量を表すことば,PC,O0390,3,0,O0390,f,1,485,15
1626,PC_O0390_15_Pink.xlsx,sounds2,幼児語（その２）,PC,O0390,9,1,O0390,f,1,485,15
1627,PC_O0390_15_Pink.xlsx,conversations,会話語,PC,O0390,2,1,O0390,f,1,485,15
1628,PC_O0390_15_Pink.xlsx,others,その他,PC,O0390,3,0,O0390,f,1,485,15
1629,PC_O0390_9_Pink.xlsx,sounds,幼児語,PC,O0390,1,0,O0390,f,1,286,9
1630,PC_O0390_9_Pink.xlsx,animals,動物の名前,PC,O0390,0,0,O0390,f,1,286,9
1631,PC_O0390_9_Pink.xlsx,vehicles,乗り物,PC,O0390,0,0,O0390,f,1,286,9
1632,PC_O0390_9_Pink.xlsx,toys,おもちゃ,PC,O0390,0,0,O0390,f,1,286,9
1633,PC_O0390_9_Pink.xlsx,food_drink,食べ物と飲み物,PC,O0390,0,0,O0390,f,1,286,9
1634,PC_O0390_9_Pink.xlsx,clothing,衣類,PC,O0390,0,0,O0390,f,1,286,9
1635,PC_O0390_9_Pink.xlsx,body_parts,体の部分,PC,O0390,1,0,O0390,f,1,286,9
1636,PC_O0390_9_Pink.xlsx,furniture_rooms,家具と部屋,PC,O0390,0,0,O0390,f,1,286,9
1637,PC_O0390_9_Pink.xlsx,household,小さな家庭用品,PC,O0390,0,0,O0390,f,1,286,9
1638,PC_O0390_9_Pink.xlsx,outside,戸外の物と場所,PC,O0390,0,0,O0390,f,1,286,9
1639,PC_O0390_9_Pink.xlsx,people,人々,PC,O0390,4,0,O0390,f,1,286,9
1640,PC_O0390_9_Pink.xlsx,games_routines,日課とあいさつ,PC,O0390,11,0,O0390,f,1,286,9
1641,PC_O0390_9_Pink.xlsx,action_words,動作語,PC,O0390,0,0,O0390,f,1,286,9
1642,PC_O0390_9_Pink.xlsx,time_words,時間についてのことば,PC,O0390,0,0,O0390,f,1,286,9
1643,PC_O0390_9_Pink.xlsx,descriptive_words,ようす・性質,PC,O0390,4,0,O0390,f,1,286,9
1644,PC_O0390_9_Pink.xlsx,pronouns,代名詞,PC,O0390,0,0,O0390,f,1,286,9
1645,PC_O0390_9_Pink.xlsx,question_words,質問のことば,PC,O0390,0,0,O0390,f,1,286,9
1646,PC_O0390_9_Pink.xlsx,locations,位置と場所についてのことば,PC,O0390,0,0,O0390,f,1,286,9
1647,PC_O0390_9_Pink.xlsx,quantifiers,数量を表すことば,PC,O0390,0,0,O0390,f,1,286,9
1648,PC_O0390_9_Pink.xlsx,sounds2,幼児語（その２）,PC,O0390,3,0,O0390,f,1,286,9
1649,PC_O0390_9_Pink.xlsx,conversations,会話語,PC,O0390,0,0,O0390,f,1,286,9
1650,PC_O0390_9_Pink.xlsx,others,その他,PC,O0390,0,0,O0390,f,1,286,9
1651,PC_O0400_15_Pink.xlsx,sounds,幼児語,PC,O0400,0,0,O0400,m,1,457,15
1652,PC_O0400_15_Pink.xlsx,animals,動物の名前,PC,O0400,0,0,O0400,m,1,457,15
1653,PC_O0400_15_Pink.xlsx,vehicles,乗り物,PC,O0400,0,0,O0400,m,1,457,15
1654,PC_O0400_15_Pink.xlsx,toys,おもちゃ,PC,O0400,0,0,O0400,m,1,457,15
1655,PC_O0400_15_Pink.xlsx,food_drink,食べ物と飲み物,PC,O0400,0,0,O0400,m,1,457,15
1656,PC_O0400_15_Pink.xlsx,clothing,衣類,PC,O0400,0,0,O0400,m,1,457,15
1657,PC_O0400_15_Pink.xlsx,body_parts,体の部分,PC,O0400,1,0,O0400,m,1,457,15
1658,PC_O0400_15_Pink.xlsx,furniture_rooms,家具と部屋,PC,O0400,0,0,O0400,m,1,457,15
1659,PC_O0400_15_Pink.xlsx,household,小さな家庭用品,PC,O0400,0,0,O0400,m,1,457,15
1660,PC_O0400_15_Pink.xlsx,outside,戸外の物と場所,PC,O0400,0,0,O0400,m,1,457,15
1661,PC_O0400_15_Pink.xlsx,people,人々,PC,O0400,4,0,O0400,m,1,457,15
1662,PC_O0400_15_Pink.xlsx,games_routines,日課とあいさつ,PC,O0400,5,1,O0400,m,1,457,15
1663,PC_O0400_15_Pink.xlsx,action_words,動作語,PC,O0400,0,0,O0400,m,1,457,15
1664,PC_O0400_15_Pink.xlsx,time_words,時間についてのことば,PC,O0400,0,0,O0400,m,1,457,15
1665,PC_O0400_15_Pink.xlsx,descriptive_words,ようす・性質,PC,O0400,0,0,O0400,m,1,457,15
1666,PC_O0400_15_Pink.xlsx,pronouns,代名詞,PC,O0400,0,1,O0400,m,1,457,15
1667,PC_O0400_15_Pink.xlsx,question_words,質問のことば,PC,O0400,0,0,O0400,m,1,457,15
1668,PC_O0400_15_Pink.xlsx,locations,位置と場所についてのことば,PC,O0400,0,0,O0400,m,1,457,15
1669,PC_O0400_15_Pink.xlsx,quantifiers,数量を表すことば,PC,O0400,0,0,O0400,m,1,457,15
1670,PC_O0400_15_Pink.xlsx,sounds2,幼児語（その２）,PC,O0400,0,1,O0400,m,1,457,15
1671,PC_O0400_15_Pink.xlsx,conversations,会話語,PC,O0400,1,0,O0400,m,1,457,15
1672,PC_O0400_15_Pink.xlsx,others,その他,PC,O0400,0,0,O0400,m,1,457,15
1673,PC_O0400_8_Pink.xlsx,sounds,幼児語,PC,O0400,0,0,O0400,m,1,265,8
1674,PC_O0400_8_Pink.xlsx,animals,動物の名前,PC,O0400,0,0,O0400,m,1,265,8
1675,PC_O0400_8_Pink.xlsx,vehicles,乗り物,PC,O0400,0,0,O0400,m,1,265,8
1676,PC_O0400_8_Pink.xlsx,toys,おもちゃ,PC,O0400,0,0,O0400,m,1,265,8
1677,PC_O0400_8_Pink.xlsx,food_drink,食べ物と飲み物,PC,O0400,0,0,O0400,m,1,265,8
1678,PC_O0400_8_Pink.xlsx,clothing,衣類,PC,O0400,0,0,O0400,m,1,265,8
1679,PC_O0400_8_Pink.xlsx,body_parts,体の部分,PC,O0400,0,0,O0400,m,1,265,8
1680,PC_O0400_8_Pink.xlsx,furniture_rooms,家具と部屋,PC,O0400,0,0,O0400,m,1,265,8
1681,PC_O0400_8_Pink.xlsx,household,小さな家庭用品,PC,O0400,0,0,O0400,m,1,265,8
1682,PC_O0400_8_Pink.xlsx,outside,戸外の物と場所,PC,O0400,0,0,O0400,m,1,265,8
1683,PC_O0400_8_Pink.xlsx,people,人々,PC,O0400,0,0,O0400,m,1,265,8
1684,PC_O0400_8_Pink.xlsx,games_routines,日課とあいさつ,PC,O0400,0,0,O0400,m,1,265,8
1685,PC_O0400_8_Pink.xlsx,action_words,動作語,PC,O0400,0,0,O0400,m,1,265,8
1686,PC_O0400_8_Pink.xlsx,time_words,時間についてのことば,PC,O0400,0,0,O0400,m,1,265,8
1687,PC_O0400_8_Pink.xlsx,descriptive_words,ようす・性質,PC,O0400,0,0,O0400,m,1,265,8
1688,PC_O0400_8_Pink.xlsx,pronouns,代名詞,PC,O0400,0,0,O0400,m,1,265,8
1689,PC_O0400_8_Pink.xlsx,question_words,質問のことば,PC,O0400,0,0,O0400,m,1,265,8
1690,PC_O0400_8_Pink.xlsx,locations,位置と場所についてのことば,PC,O0400,0,0,O0400,m,1,265,8
1691,PC_O0400_8_Pink.xlsx,quantifiers,数量を表すことば,PC,O0400,0,0,O0400,m,1,265,8
1692,PC_O0400_8_Pink.xlsx,sounds2,幼児語（その２）,PC,O0400,0,0,O0400,m,1,265,8
1693,PC_O0400_8_Pink.xlsx,conversations,会話語,PC,O0400,0,0,O0400,m,1,265,8
1694,PC_O0400_8_Pink.xlsx,others,その他,PC,O0400,0,0,O0400,m,1,265,8
1695,PC_O0405_14_Pink.xlsx,sounds,幼児語,PC,O0405,1,6,O0405,m,1,450,14
1696,PC_O0405_14_Pink.xlsx,animals,動物の名前,PC,O0405,11,2,O0405,m,1,450,14
1697,PC_O0405_14_Pink.xlsx,vehicles,乗り物,PC,O0405,2,6,O0405,m,1,450,14
1698,PC_O0405_14_Pink.xlsx,toys,おもちゃ,PC,O0405,6,0,O0405,m,1,450,14
1699,PC_O0405_14_Pink.xlsx,food_drink,食べ物と飲み物,PC,O0405,14,6,O0405,m,1,450,14
1700,PC_O0405_14_Pink.xlsx,clothing,衣類,PC,O0405,10,1,O0405,m,1,450,14
1701,PC_O0405_14_Pink.xlsx,body_parts,体の部分,PC,O0405,14,1,O0405,m,1,450,14
1702,PC_O0405_14_Pink.xlsx,furniture_rooms,家具と部屋,PC,O0405,11,0,O0405,m,1,450,14
1703,PC_O0405_14_Pink.xlsx,household,小さな家庭用品,PC,O0405,11,1,O0405,m,1,450,14
1704,PC_O0405_14_Pink.xlsx,outside,戸外の物と場所,PC,O0405,10,0,O0405,m,1,450,14
1705,PC_O0405_14_Pink.xlsx,people,人々,PC,O0405,9,3,O0405,m,1,450,14
1706,PC_O0405_14_Pink.xlsx,games_routines,日課とあいさつ,PC,O0405,15,4,O0405,m,1,450,14
1707,PC_O0405_14_Pink.xlsx,action_words,動作語,PC,O0405,47,3,O0405,m,1,450,14
1708,PC_O0405_14_Pink.xlsx,time_words,時間についてのことば,PC,O0405,5,0,O0405,m,1,450,14
1709,PC_O0405_14_Pink.xlsx,descriptive_words,ようす・性質,PC,O0405,15,1,O0405,m,1,450,14
1710,PC_O0405_14_Pink.xlsx,pronouns,代名詞,PC,O0405,9,0,O0405,m,1,450,14
1711,PC_O0405_14_Pink.xlsx,question_words,質問のことば,PC,O0405,3,0,O0405,m,1,450,14
1712,PC_O0405_14_Pink.xlsx,locations,位置と場所についてのことば,PC,O0405,5,0,O0405,m,1,450,14
1713,PC_O0405_14_Pink.xlsx,quantifiers,数量を表すことば,PC,O0405,2,2,O0405,m,1,450,14
1714,PC_O0405_14_Pink.xlsx,sounds2,幼児語（その２）,PC,O0405,8,8,O0405,m,1,450,14
1715,PC_O0405_14_Pink.xlsx,conversations,会話語,PC,O0405,3,5,O0405,m,1,450,14
1716,PC_O0405_14_Pink.xlsx,others,その他,PC,O0405,6,2,O0405,m,1,450,14
1717,PC_O0405_8_Pink.xlsx,sounds,幼児語,PC,O0405,6,0,O0405,m,1,250,8
1718,PC_O0405_8_Pink.xlsx,animals,動物の名前,PC,O0405,5,0,O0405,m,1,250,8
1719,PC_O0405_8_Pink.xlsx,vehicles,乗り物,PC,O0405,2,0,O0405,m,1,250,8
1720,PC_O0405_8_Pink.xlsx,toys,おもちゃ,PC,O0405,1,0,O0405,m,1,250,8
1721,PC_O0405_8_Pink.xlsx,food_drink,食べ物と飲み物,PC,O0405,4,0,O0405,m,1,250,8
1722,PC_O0405_8_Pink.xlsx,clothing,衣類,PC,O0405,2,0,O0405,m,1,250,8
1723,PC_O0405_8_Pink.xlsx,body_parts,体の部分,PC,O0405,3,0,O0405,m,1,250,8
1724,PC_O0405_8_Pink.xlsx,furniture_rooms,家具と部屋,PC,O0405,1,0,O0405,m,1,250,8
1725,PC_O0405_8_Pink.xlsx,household,小さな家庭用品,PC,O0405,1,0,O0405,m,1,250,8
1726,PC_O0405_8_Pink.xlsx,outside,戸外の物と場所,PC,O0405,4,0,O0405,m,1,250,8
1727,PC_O0405_8_Pink.xlsx,people,人々,PC,O0405,8,0,O0405,m,1,250,8
1728,PC_O0405_8_Pink.xlsx,games_routines,日課とあいさつ,PC,O0405,12,0,O0405,m,1,250,8
1729,PC_O0405_8_Pink.xlsx,action_words,動作語,PC,O0405,4,0,O0405,m,1,250,8
1730,PC_O0405_8_Pink.xlsx,time_words,時間についてのことば,PC,O0405,2,0,O0405,m,1,250,8
1731,PC_O0405_8_Pink.xlsx,descriptive_words,ようす・性質,PC,O0405,3,0,O0405,m,1,250,8
1732,PC_O0405_8_Pink.xlsx,pronouns,代名詞,PC,O0405,0,0,O0405,m,1,250,8
1733,PC_O0405_8_Pink.xlsx,question_words,質問のことば,PC,O0405,0,0,O0405,m,1,250,8
1734,PC_O0405_8_Pink.xlsx,locations,位置と場所についてのことば,PC,O0405,0,0,O0405,m,1,250,8
1735,PC_O0405_8_Pink.xlsx,quantifiers,数量を表すことば,PC,O0405,1,0,O0405,m,1,250,8
1736,PC_O0405_8_Pink.xlsx,sounds2,幼児語（その２）,PC,O0405,5,0,O0405,m,1,250,8
1737,PC_O0405_8_Pink.xlsx,conversations,会話語,PC,O0405,0,0,O0405,m,1,250,8
1738,PC_O0405_8_Pink.xlsx,others,その他,PC,O0405,0,0,O0405,m,1,250,8
1739,PC_O0406_9_Pink.xlsx,sounds,幼児語,PC,O0406,0,0,O0406,m,1,301,9
1740,PC_O0406_9_Pink.xlsx,animals,動物の名前,PC,O0406,0,0,O0406,m,1,301,9
1741,PC_O0406_9_Pink.xlsx,vehicles,乗り物,PC,O0406,0,0,O0406,m,1,301,9
1742,PC_O0406_9_Pink.xlsx,toys,おもちゃ,PC,O0406,0,0,O0406,m,1,301,9
1743,PC_O0406_9_Pink.xlsx,food_drink,食べ物と飲み物,PC,O0406,0,0,O0406,m,1,301,9
1744,PC_O0406_9_Pink.xlsx,clothing,衣類,PC,O0406,0,0,O0406,m,1,301,9
1745,PC_O0406_9_Pink.xlsx,body_parts,体の部分,PC,O0406,0,0,O0406,m,1,301,9
1746,PC_O0406_9_Pink.xlsx,furniture_rooms,家具と部屋,PC,O0406,0,0,O0406,m,1,301,9
1747,PC_O0406_9_Pink.xlsx,household,小さな家庭用品,PC,O0406,0,0,O0406,m,1,301,9
1748,PC_O0406_9_Pink.xlsx,outside,戸外の物と場所,PC,O0406,0,0,O0406,m,1,301,9
1749,PC_O0406_9_Pink.xlsx,people,人々,PC,O0406,0,0,O0406,m,1,301,9
1750,PC_O0406_9_Pink.xlsx,games_routines,日課とあいさつ,PC,O0406,0,0,O0406,m,1,301,9
1751,PC_O0406_9_Pink.xlsx,action_words,動作語,PC,O0406,0,0,O0406,m,1,301,9
1752,PC_O0406_9_Pink.xlsx,time_words,時間についてのことば,PC,O0406,0,0,O0406,m,1,301,9
1753,PC_O0406_9_Pink.xlsx,descriptive_words,ようす・性質,PC,O0406,0,0,O0406,m,1,301,9
1754,PC_O0406_9_Pink.xlsx,pronouns,代名詞,PC,O0406,0,0,O0406,m,1,301,9
1755,PC_O0406_9_Pink.xlsx,question_words,質問のことば,PC,O0406,0,0,O0406,m,1,301,9
1756,PC_O0406_9_Pink.xlsx,locations,位置と場所についてのことば,PC,O0406,0,0,O0406,m,1,301,9
1757,PC_O0406_9_Pink.xlsx,quantifiers,数量を表すことば,PC,O0406,0,0,O0406,m,1,301,9
1758,PC_O0406_9_Pink.xlsx,sounds2,幼児語（その２）,PC,O0406,0,0,O0406,m,1,301,9
1759,PC_O0406_9_Pink.xlsx,conversations,会話語,PC,O0406,0,0,O0406,m,1,301,9
1760,PC_O0406_9_Pink.xlsx,others,その他,PC,O0406,0,0,O0406,m,1,301,9
1761,PC_O0412_16_Pink.xlsx,sounds,幼児語,PC,O0412,3,8,O0412,m,1,489,16
1762,PC_O0412_16_Pink.xlsx,animals,動物の名前,PC,O0412,16,5,O0412,m,1,489,16
1763,PC_O0412_16_Pink.xlsx,vehicles,乗り物,PC,O0412,3,6,O0412,m,1,489,16
1764,PC_O0412_16_Pink.xlsx,toys,おもちゃ,PC,O0412,5,1,O0412,m,1,489,16
1765,PC_O0412_16_Pink.xlsx,food_drink,食べ物と飲み物,PC,O0412,12,3,O0412,m,1,489,16
1766,PC_O0412_16_Pink.xlsx,clothing,衣類,PC,O0412,2,3,O0412,m,1,489,16
1767,PC_O0412_16_Pink.xlsx,body_parts,体の部分,PC,O0412,6,0,O0412,m,1,489,16
1768,PC_O0412_16_Pink.xlsx,furniture_rooms,家具と部屋,PC,O0412,12,1,O0412,m,1,489,16
1769,PC_O0412_16_Pink.xlsx,household,小さな家庭用品,PC,O0412,18,0,O0412,m,1,489,16
1770,PC_O0412_16_Pink.xlsx,outside,戸外の物と場所,PC,O0412,11,2,O0412,m,1,489,16
1771,PC_O0412_16_Pink.xlsx,people,人々,PC,O0412,5,2,O0412,m,1,489,16
1772,PC_O0412_16_Pink.xlsx,games_routines,日課とあいさつ,PC,O0412,14,2,O0412,m,1,489,16
1773,PC_O0412_16_Pink.xlsx,action_words,動作語,PC,O0412,31,7,O0412,m,1,489,16
1774,PC_O0412_16_Pink.xlsx,time_words,時間についてのことば,PC,O0412,3,0,O0412,m,1,489,16
1775,PC_O0412_16_Pink.xlsx,descriptive_words,ようす・性質,PC,O0412,10,1,O0412,m,1,489,16
1776,PC_O0412_16_Pink.xlsx,pronouns,代名詞,PC,O0412,6,0,O0412,m,1,489,16
1777,PC_O0412_16_Pink.xlsx,question_words,質問のことば,PC,O0412,3,0,O0412,m,1,489,16
1778,PC_O0412_16_Pink.xlsx,locations,位置と場所についてのことば,PC,O0412,6,0,O0412,m,1,489,16
1779,PC_O0412_16_Pink.xlsx,quantifiers,数量を表すことば,PC,O0412,5,0,O0412,m,1,489,16
1780,PC_O0412_16_Pink.xlsx,sounds2,幼児語（その２）,PC,O0412,11,9,O0412,m,1,489,16
1781,PC_O0412_16_Pink.xlsx,conversations,会話語,PC,O0412,3,1,O0412,m,1,489,16
1782,PC_O0412_16_Pink.xlsx,others,その他,PC,O0412,2,2,O0412,m,1,489,16
1783,PC_O0412_9_Pink.xlsx,sounds,幼児語,PC,O0412,2,0,O0412,m,1,297,9
1784,PC_O0412_9_Pink.xlsx,animals,動物の名前,PC,O0412,5,0,O0412,m,1,297,9
1785,PC_O0412_9_Pink.xlsx,vehicles,乗り物,PC,O0412,1,0,O0412,m,1,297,9
1786,PC_O0412_9_Pink.xlsx,toys,おもちゃ,PC,O0412,0,0,O0412,m,1,297,9
1787,PC_O0412_9_Pink.xlsx,food_drink,食べ物と飲み物,PC,O0412,5,0,O0412,m,1,297,9
1788,PC_O0412_9_Pink.xlsx,clothing,衣類,PC,O0412,1,0,O0412,m,1,297,9
1789,PC_O0412_9_Pink.xlsx,body_parts,体の部分,PC,O0412,2,0,O0412,m,1,297,9
1790,PC_O0412_9_Pink.xlsx,furniture_rooms,家具と部屋,PC,O0412,3,0,O0412,m,1,297,9
1791,PC_O0412_9_Pink.xlsx,household,小さな家庭用品,PC,O0412,2,0,O0412,m,1,297,9
1792,PC_O0412_9_Pink.xlsx,outside,戸外の物と場所,PC,O0412,0,0,O0412,m,1,297,9
1793,PC_O0412_9_Pink.xlsx,people,人々,PC,O0412,3,0,O0412,m,1,297,9
1794,PC_O0412_9_Pink.xlsx,games_routines,日課とあいさつ,PC,O0412,9,0,O0412,m,1,297,9
1795,PC_O0412_9_Pink.xlsx,action_words,動作語,PC,O0412,1,0,O0412,m,1,297,9
1796,PC_O0412_9_Pink.xlsx,time_words,時間についてのことば,PC,O0412,0,0,O0412,m,1,297,9
1797,PC_O0412_9_Pink.xlsx,descriptive_words,ようす・性質,PC,O0412,2,0,O0412,m,1,297,9
1798,PC_O0412_9_Pink.xlsx,pronouns,代名詞,PC,O0412,1,0,O0412,m,1,297,9
1799,PC_O0412_9_Pink.xlsx,question_words,質問のことば,PC,O0412,0,0,O0412,m,1,297,9
1800,PC_O0412_9_Pink.xlsx,locations,位置と場所についてのことば,PC,O0412,0,0,O0412,m,1,297,9
1801,PC_O0412_9_Pink.xlsx,quantifiers,数量を表すことば,PC,O0412,1,0,O0412,m,1,297,9
1802,PC_O0412_9_Pink.xlsx,sounds2,幼児語（その２）,PC,O0412,1,0,O0412,m,1,297,9
1803,PC_O0412_9_Pink.xlsx,conversations,会話語,PC,O0412,0,0,O0412,m,1,297,9
1804,PC_O0412_9_Pink.xlsx,others,その他,PC,O0412,1,0,O0412,m,1,297,9
1805,PC_O0431_16_Pink.xlsx,sounds,幼児語,PC,O0431,2,6,O0431,m,1,497,16
1806,PC_O0431_16_Pink.xlsx,animals,動物の名前,PC,O0431,21,5,O0431,m,1,497,16
1807,PC_O0431_16_Pink.xlsx,vehicles,乗り物,PC,O0431,1,8,O0431,m,1,497,16
1808,PC_O0431_16_Pink.xlsx,toys,おもちゃ,PC,O0431,6,2,O0431,m,1,497,16
1809,PC_O0431_16_Pink.xlsx,food_drink,食べ物と飲み物,PC,O0431,22,3,O0431,m,1,497,16
1810,PC_O0431_16_Pink.xlsx,clothing,衣類,PC,O0431,6,1,O0431,m,1,497,16
1811,PC_O0431_16_Pink.xlsx,body_parts,体の部分,PC,O0431,16,1,O0431,m,1,497,16
1812,PC_O0431_16_Pink.xlsx,furniture_rooms,家具と部屋,PC,O0431,20,0,O0431,m,1,497,16
1813,PC_O0431_16_Pink.xlsx,household,小さな家庭用品,PC,O0431,26,0,O0431,m,1,497,16
1814,PC_O0431_16_Pink.xlsx,outside,戸外の物と場所,PC,O0431,8,1,O0431,m,1,497,16
1815,PC_O0431_16_Pink.xlsx,people,人々,PC,O0431,12,4,O0431,m,1,497,16
1816,PC_O0431_16_Pink.xlsx,games_routines,日課とあいさつ,PC,O0431,11,5,O0431,m,1,497,16
1817,PC_O0431_16_Pink.xlsx,action_words,動作語,PC,O0431,38,0,O0431,m,1,497,16
1818,PC_O0431_16_Pink.xlsx,time_words,時間についてのことば,PC,O0431,1,0,O0431,m,1,497,16
1819,PC_O0431_16_Pink.xlsx,descriptive_words,ようす・性質,PC,O0431,18,2,O0431,m,1,497,16
1820,PC_O0431_16_Pink.xlsx,pronouns,代名詞,PC,O0431,8,0,O0431,m,1,497,16
1821,PC_O0431_16_Pink.xlsx,question_words,質問のことば,PC,O0431,4,0,O0431,m,1,497,16
1822,PC_O0431_16_Pink.xlsx,locations,位置と場所についてのことば,PC,O0431,4,0,O0431,m,1,497,16
1823,PC_O0431_16_Pink.xlsx,quantifiers,数量を表すことば,PC,O0431,4,0,O0431,m,1,497,16
1824,PC_O0431_16_Pink.xlsx,sounds2,幼児語（その２）,PC,O0431,14,7,O0431,m,1,497,16
1825,PC_O0431_16_Pink.xlsx,conversations,会話語,PC,O0431,7,3,O0431,m,1,497,16
1826,PC_O0431_16_Pink.xlsx,others,その他,PC,O0431,6,1,O0431,m,1,497,16
1827,PC_O0431_9_Pink.xlsx,sounds,幼児語,PC,O0431,5,0,O0431,m,1,296,9
1828,PC_O0431_9_Pink.xlsx,animals,動物の名前,PC,O0431,2,0,O0431,m,1,296,9
1829,PC_O0431_9_Pink.xlsx,vehicles,乗り物,PC,O0431,0,0,O0431,m,1,296,9
1830,PC_O0431_9_Pink.xlsx,toys,おもちゃ,PC,O0431,4,0,O0431,m,1,296,9
1831,PC_O0431_9_Pink.xlsx,food_drink,食べ物と飲み物,PC,O0431,9,0,O0431,m,1,296,9
1832,PC_O0431_9_Pink.xlsx,clothing,衣類,PC,O0431,4,0,O0431,m,1,296,9
1833,PC_O0431_9_Pink.xlsx,body_parts,体の部分,PC,O0431,12,0,O0431,m,1,296,9
1834,PC_O0431_9_Pink.xlsx,furniture_rooms,家具と部屋,PC,O0431,6,0,O0431,m,1,296,9
1835,PC_O0431_9_Pink.xlsx,household,小さな家庭用品,PC,O0431,11,0,O0431,m,1,296,9
1836,PC_O0431_9_Pink.xlsx,outside,戸外の物と場所,PC,O0431,0,0,O0431,m,1,296,9
1837,PC_O0431_9_Pink.xlsx,people,人々,PC,O0431,8,0,O0431,m,1,296,9
1838,PC_O0431_9_Pink.xlsx,games_routines,日課とあいさつ,PC,O0431,10,0,O0431,m,1,296,9
1839,PC_O0431_9_Pink.xlsx,action_words,動作語,PC,O0431,0,0,O0431,m,1,296,9
1840,PC_O0431_9_Pink.xlsx,time_words,時間についてのことば,PC,O0431,0,0,O0431,m,1,296,9
1841,PC_O0431_9_Pink.xlsx,descriptive_words,ようす・性質,PC,O0431,6,0,O0431,m,1,296,9
1842,PC_O0431_9_Pink.xlsx,pronouns,代名詞,PC,O0431,0,0,O0431,m,1,296,9
1843,PC_O0431_9_Pink.xlsx,question_words,質問のことば,PC,O0431,0,0,O0431,m,1,296,9
1844,PC_O0431_9_Pink.xlsx,locations,位置と場所についてのことば,PC,O0431,0,0,O0431,m,1,296,9
1845,PC_O0431_9_Pink.xlsx,quantifiers,数量を表すことば,PC,O0431,0,0,O0431,m,1,296,9
1846,PC_O0431_9_Pink.xlsx,sounds2,幼児語（その２）,PC,O0431,10,0,O0431,m,1,296,9
1847,PC_O0431_9_Pink.xlsx,conversations,会話語,PC,O0431,9,0,O0431,m,1,296,9
1848,PC_O0431_9_Pink.xlsx,others,その他,PC,O0431,2,0,O0431,m,1,296,9
1849,PC_O0474_10_Pink.xlsx,sounds,幼児語,PC,O0474,0,0,O0474,f,1,315,10
1850,PC_O0474_10_Pink.xlsx,animals,動物の名前,PC,O0474,0,0,O0474,f,1,315,10
1851,PC_O0474_10_Pink.xlsx,vehicles,乗り物,PC,O0474,0,0,O0474,f,1,315,10
1852,PC_O0474_10_Pink.xlsx,toys,おもちゃ,PC,O0474,0,0,O0474,f,1,315,10
1853,PC_O0474_10_Pink.xlsx,food_drink,食べ物と飲み物,PC,O0474,0,0,O0474,f,1,315,10
1854,PC_O0474_10_Pink.xlsx,clothing,衣類,PC,O0474,0,0,O0474,f,1,315,10
1855,PC_O0474_10_Pink.xlsx,body_parts,体の部分,PC,O0474,3,0,O0474,f,1,315,10
1856,PC_O0474_10_Pink.xlsx,furniture_rooms,家具と部屋,PC,O0474,0,0,O0474,f,1,315,10
1857,PC_O0474_10_Pink.xlsx,household,小さな家庭用品,PC,O0474,0,0,O0474,f,1,315,10
1858,PC_O0474_10_Pink.xlsx,outside,戸外の物と場所,PC,O0474,0,0,O0474,f,1,315,10
1859,PC_O0474_10_Pink.xlsx,people,人々,PC,O0474,3,0,O0474,f,1,315,10
1860,PC_O0474_10_Pink.xlsx,games_routines,日課とあいさつ,PC,O0474,2,0,O0474,f,1,315,10
1861,PC_O0474_10_Pink.xlsx,action_words,動作語,PC,O0474,0,0,O0474,f,1,315,10
1862,PC_O0474_10_Pink.xlsx,time_words,時間についてのことば,PC,O0474,0,0,O0474,f,1,315,10
1863,PC_O0474_10_Pink.xlsx,descriptive_words,ようす・性質,PC,O0474,0,0,O0474,f,1,315,10
1864,PC_O0474_10_Pink.xlsx,pronouns,代名詞,PC,O0474,0,0,O0474,f,1,315,10
1865,PC_O0474_10_Pink.xlsx,question_words,質問のことば,PC,O0474,0,0,O0474,f,1,315,10
1866,PC_O0474_10_Pink.xlsx,locations,位置と場所についてのことば,PC,O0474,0,0,O0474,f,1,315,10
1867,PC_O0474_10_Pink.xlsx,quantifiers,数量を表すことば,PC,O0474,0,0,O0474,f,1,315,10
1868,PC_O0474_10_Pink.xlsx,sounds2,幼児語（その２）,PC,O0474,2,0,O0474,f,1,315,10
1869,PC_O0474_10_Pink.xlsx,conversations,会話語,PC,O0474,0,0,O0474,f,1,315,10
1870,PC_O0474_10_Pink.xlsx,others,その他,PC,O0474,0,0,O0474,f,1,315,10
1871,PC_O0474_17_Pink.xlsx,sounds,幼児語,PC,O0474,0,8,O0474,f,1,519,17
1872,PC_O0474_17_Pink.xlsx,animals,動物の名前,PC,O0474,13,10,O0474,f,1,519,17
1873,PC_O0474_17_Pink.xlsx,vehicles,乗り物,PC,O0474,6,3,O0474,f,1,519,17
1874,PC_O0474_17_Pink.xlsx,toys,おもちゃ,PC,O0474,7,0,O0474,f,1,519,17
1875,PC_O0474_17_Pink.xlsx,food_drink,食べ物と飲み物,PC,O0474,10,9,O0474,f,1,519,17
1876,PC_O0474_17_Pink.xlsx,clothing,衣類,PC,O0474,3,2,O0474,f,1,519,17
1877,PC_O0474_17_Pink.xlsx,body_parts,体の部分,PC,O0474,13,5,O0474,f,1,519,17
1878,PC_O0474_17_Pink.xlsx,furniture_rooms,家具と部屋,PC,O0474,9,0,O0474,f,1,519,17
1879,PC_O0474_17_Pink.xlsx,household,小さな家庭用品,PC,O0474,12,0,O0474,f,1,519,17
1880,PC_O0474_17_Pink.xlsx,outside,戸外の物と場所,PC,O0474,6,3,O0474,f,1,519,17
1881,PC_O0474_17_Pink.xlsx,people,人々,PC,O0474,5,1,O0474,f,1,519,17
1882,PC_O0474_17_Pink.xlsx,games_routines,日課とあいさつ,PC,O0474,10,4,O0474,f,1,519,17
1883,PC_O0474_17_Pink.xlsx,action_words,動作語,PC,O0474,13,3,O0474,f,1,519,17
1884,PC_O0474_17_Pink.xlsx,time_words,時間についてのことば,PC,O0474,0,0,O0474,f,1,519,17
1885,PC_O0474_17_Pink.xlsx,descriptive_words,ようす・性質,PC,O0474,0,0,O0474,f,1,519,17
1886,PC_O0474_17_Pink.xlsx,pronouns,代名詞,PC,O0474,0,1,O0474,f,1,519,17
1887,PC_O0474_17_Pink.xlsx,question_words,質問のことば,PC,O0474,2,0,O0474,f,1,519,17
1888,PC_O0474_17_Pink.xlsx,locations,位置と場所についてのことば,PC,O0474,0,0,O0474,f,1,519,17
1889,PC_O0474_17_Pink.xlsx,quantifiers,数量を表すことば,PC,O0474,3,1,O0474,f,1,519,17
1890,PC_O0474_17_Pink.xlsx,sounds2,幼児語（その２）,PC,O0474,7,10,O0474,f,1,519,17
1891,PC_O0474_17_Pink.xlsx,conversations,会話語,PC,O0474,1,3,O0474,f,1,519,17
1892,PC_O0474_17_Pink.xlsx,others,その他,PC,O0474,2,2,O0474,f,1,519,17
1893,PC_O0487_15_Pink.xlsx,sounds,幼児語,PC,O0487,5,5,O0487,m,1,466,15
1894,PC_O0487_15_Pink.xlsx,animals,動物の名前,PC,O0487,15,9,O0487,m,1,466,15
1895,PC_O0487_15_Pink.xlsx,vehicles,乗り物,PC,O0487,4,4,O0487,m,1,466,15
1896,PC_O0487_15_Pink.xlsx,toys,おもちゃ,PC,O0487,4,1,O0487,m,1,466,15
1897,PC_O0487_15_Pink.xlsx,food_drink,食べ物と飲み物,PC,O0487,13,5,O0487,m,1,466,15
1898,PC_O0487_15_Pink.xlsx,clothing,衣類,PC,O0487,1,2,O0487,m,1,466,15
1899,PC_O0487_15_Pink.xlsx,body_parts,体の部分,PC,O0487,9,2,O0487,m,1,466,15
1900,PC_O0487_15_Pink.xlsx,furniture_rooms,家具と部屋,PC,O0487,8,0,O0487,m,1,466,15
1901,PC_O0487_15_Pink.xlsx,household,小さな家庭用品,PC,O0487,10,0,O0487,m,1,466,15
1902,PC_O0487_15_Pink.xlsx,outside,戸外の物と場所,PC,O0487,6,2,O0487,m,1,466,15
1903,PC_O0487_15_Pink.xlsx,people,人々,PC,O0487,4,2,O0487,m,1,466,15
1904,PC_O0487_15_Pink.xlsx,games_routines,日課とあいさつ,PC,O0487,15,2,O0487,m,1,466,15
1905,PC_O0487_15_Pink.xlsx,action_words,動作語,PC,O0487,20,2,O0487,m,1,466,15
1906,PC_O0487_15_Pink.xlsx,time_words,時間についてのことば,PC,O0487,0,0,O0487,m,1,466,15
1907,PC_O0487_15_Pink.xlsx,descriptive_words,ようす・性質,PC,O0487,5,1,O0487,m,1,466,15
1908,PC_O0487_15_Pink.xlsx,pronouns,代名詞,PC,O0487,0,1,O0487,m,1,466,15
1909,PC_O0487_15_Pink.xlsx,question_words,質問のことば,PC,O0487,1,0,O0487,m,1,466,15
1910,PC_O0487_15_Pink.xlsx,locations,位置と場所についてのことば,PC,O0487,0,0,O0487,m,1,466,15
1911,PC_O0487_15_Pink.xlsx,quantifiers,数量を表すことば,PC,O0487,0,0,O0487,m,1,466,15
1912,PC_O0487_15_Pink.xlsx,sounds2,幼児語（その２）,PC,O0487,15,1,O0487,m,1,466,15
1913,PC_O0487_15_Pink.xlsx,conversations,会話語,PC,O0487,2,0,O0487,m,1,466,15
1914,PC_O0487_15_Pink.xlsx,others,その他,PC,O0487,1,1,O0487,m,1,466,15
1915,PC_O0487_9_Pink.xlsx,sounds,幼児語,PC,O0487,0,0,O0487,m,1,275,9
1916,PC_O0487_9_Pink.xlsx,animals,動物の名前,PC,O0487,0,0,O0487,m,1,275,9
1917,PC_O0487_9_Pink.xlsx,vehicles,乗り物,PC,O0487,0,0,O0487,m,1,275,9
1918,PC_O0487_9_Pink.xlsx,toys,おもちゃ,PC,O0487,1,0,O0487,m,1,275,9
1919,PC_O0487_9_Pink.xlsx,food_drink,食べ物と飲み物,PC,O0487,1,0,O0487,m,1,275,9
1920,PC_O0487_9_Pink.xlsx,clothing,衣類,PC,O0487,0,0,O0487,m,1,275,9
1921,PC_O0487_9_Pink.xlsx,body_parts,体の部分,PC,O0487,0,0,O0487,m,1,275,9
1922,PC_O0487_9_Pink.xlsx,furniture_rooms,家具と部屋,PC,O0487,0,0,O0487,m,1,275,9
1923,PC_O0487_9_Pink.xlsx,household,小さな家庭用品,PC,O0487,0,0,O0487,m,1,275,9
1924,PC_O0487_9_Pink.xlsx,outside,戸外の物と場所,PC,O0487,0,0,O0487,m,1,275,9
1925,PC_O0487_9_Pink.xlsx,people,人々,PC,O0487,2,2,O0487,m,1,275,9
1926,PC_O0487_9_Pink.xlsx,games_routines,日課とあいさつ,PC,O0487,0,0,O0487,m,1,275,9
1927,PC_O0487_9_Pink.xlsx,action_words,動作語,PC,O0487,0,0,O0487,m,1,275,9
1928,PC_O0487_9_Pink.xlsx,time_words,時間についてのことば,PC,O0487,0,0,O0487,m,1,275,9
1929,PC_O0487_9_Pink.xlsx,descriptive_words,ようす・性質,PC,O0487,0,0,O0487,m,1,275,9
1930,PC_O0487_9_Pink.xlsx,pronouns,代名詞,PC,O0487,0,0,O0487,m,1,275,9
1931,PC_O0487_9_Pink.xlsx,question_words,質問のことば,PC,O0487,0,0,O0487,m,1,275,9
1932,PC_O0487_9_Pink.xlsx,locations,位置と場所についてのことば,PC,O0487,0,0,O0487,m,1,275,9
1933,PC_O0487_9_Pink.xlsx,quantifiers,数量を表すことば,PC,O0487,0,0,O0487,m,1,275,9
1934,PC_O0487_9_Pink.xlsx,sounds2,幼児語（その２）,PC,O0487,0,0,O0487,m,1,275,9
1935,PC_O0487_9_Pink.xlsx,conversations,会話語,PC,O0487,0,0,O0487,m,1,275,9
1936,PC_O0487_9_Pink.xlsx,others,その他,PC,O0487,0,0,O0487,m,1,275,9
1937,PC_O0539_10_Pink.xlsx,sounds,幼児語,PC,O0539,2,0,O0539,m,1,305,10
1938,PC_O0539_10_Pink.xlsx,animals,動物の名前,PC,O0539,0,0,O0539,m,1,305,10
1939,PC_O0539_10_Pink.xlsx,vehicles,乗り物,PC,O0539,0,0,O0539,m,1,305,10
1940,PC_O0539_10_Pink.xlsx,toys,おもちゃ,PC,O0539,1,0,O0539,m,1,305,10
1941,PC_O0539_10_Pink.xlsx,food_drink,食べ物と飲み物,PC,O0539,1,0,O0539,m,1,305,10
1942,PC_O0539_10_Pink.xlsx,clothing,衣類,PC,O0539,0,0,O0539,m,1,305,10
1943,PC_O0539_10_Pink.xlsx,body_parts,体の部分,PC,O0539,1,0,O0539,m,1,305,10
1944,PC_O0539_10_Pink.xlsx,furniture_rooms,家具と部屋,PC,O0539,1,0,O0539,m,1,305,10
1945,PC_O0539_10_Pink.xlsx,household,小さな家庭用品,PC,O0539,1,0,O0539,m,1,305,10
1946,PC_O0539_10_Pink.xlsx,outside,戸外の物と場所,PC,O0539,0,0,O0539,m,1,305,10
1947,PC_O0539_10_Pink.xlsx,people,人々,PC,O0539,3,0,O0539,m,1,305,10
1948,PC_O0539_10_Pink.xlsx,games_routines,日課とあいさつ,PC,O0539,3,0,O0539,m,1,305,10
1949,PC_O0539_10_Pink.xlsx,action_words,動作語,PC,O0539,1,0,O0539,m,1,305,10
1950,PC_O0539_10_Pink.xlsx,time_words,時間についてのことば,PC,O0539,0,0,O0539,m,1,305,10
1951,PC_O0539_10_Pink.xlsx,descriptive_words,ようす・性質,PC,O0539,2,0,O0539,m,1,305,10
1952,PC_O0539_10_Pink.xlsx,pronouns,代名詞,PC,O0539,1,0,O0539,m,1,305,10
1953,PC_O0539_10_Pink.xlsx,question_words,質問のことば,PC,O0539,0,0,O0539,m,1,305,10
1954,PC_O0539_10_Pink.xlsx,locations,位置と場所についてのことば,PC,O0539,0,0,O0539,m,1,305,10
1955,PC_O0539_10_Pink.xlsx,quantifiers,数量を表すことば,PC,O0539,0,0,O0539,m,1,305,10
1956,PC_O0539_10_Pink.xlsx,sounds2,幼児語（その２）,PC,O0539,2,0,O0539,m,1,305,10
1957,PC_O0539_10_Pink.xlsx,conversations,会話語,PC,O0539,2,0,O0539,m,1,305,10
1958,PC_O0539_10_Pink.xlsx,others,その他,PC,O0539,1,0,O0539,m,1,305,10
1959,PC_O0539_16_Pink.xlsx,sounds,幼児語,PC,O0539,2,0,O0539,m,1,488,16
1960,PC_O0539_16_Pink.xlsx,animals,動物の名前,PC,O0539,0,0,O0539,m,1,488,16
1961,PC_O0539_16_Pink.xlsx,vehicles,乗り物,PC,O0539,2,0,O0539,m,1,488,16
1962,PC_O0539_16_Pink.xlsx,toys,おもちゃ,PC,O0539,1,0,O0539,m,1,488,16
1963,PC_O0539_16_Pink.xlsx,food_drink,食べ物と飲み物,PC,O0539,4,0,O0539,m,1,488,16
1964,PC_O0539_16_Pink.xlsx,clothing,衣類,PC,O0539,0,0,O0539,m,1,488,16
1965,PC_O0539_16_Pink.xlsx,body_parts,体の部分,PC,O0539,2,0,O0539,m,1,488,16
1966,PC_O0539_16_Pink.xlsx,furniture_rooms,家具と部屋,PC,O0539,2,0,O0539,m,1,488,16
1967,PC_O0539_16_Pink.xlsx,household,小さな家庭用品,PC,O0539,3,0,O0539,m,1,488,16
1968,PC_O0539_16_Pink.xlsx,outside,戸外の物と場所,PC,O0539,3,0,O0539,m,1,488,16
1969,PC_O0539_16_Pink.xlsx,people,人々,PC,O0539,4,0,O0539,m,1,488,16
1970,PC_O0539_16_Pink.xlsx,games_routines,日課とあいさつ,PC,O0539,11,0,O0539,m,1,488,16
1971,PC_O0539_16_Pink.xlsx,action_words,動作語,PC,O0539,9,0,O0539,m,1,488,16
1972,PC_O0539_16_Pink.xlsx,time_words,時間についてのことば,PC,O0539,1,0,O0539,m,1,488,16
1973,PC_O0539_16_Pink.xlsx,descriptive_words,ようす・性質,PC,O0539,7,0,O0539,m,1,488,16
1974,PC_O0539_16_Pink.xlsx,pronouns,代名詞,PC,O0539,3,0,O0539,m,1,488,16
1975,PC_O0539_16_Pink.xlsx,question_words,質問のことば,PC,O0539,1,0,O0539,m,1,488,16
1976,PC_O0539_16_Pink.xlsx,locations,位置と場所についてのことば,PC,O0539,0,0,O0539,m,1,488,16
1977,PC_O0539_16_Pink.xlsx,quantifiers,数量を表すことば,PC,O0539,1,0,O0539,m,1,488,16
1978,PC_O0539_16_Pink.xlsx,sounds2,幼児語（その２）,PC,O0539,4,0,O0539,m,1,488,16
1979,PC_O0539_16_Pink.xlsx,conversations,会話語,PC,O0539,6,0,O0539,m,1,488,16
1980,PC_O0539_16_Pink.xlsx,others,その他,PC,O0539,2,0,O0539,m,1,488,16
1981,PC_O0549_9_Pink.xlsx,sounds,幼児語,PC,O0549,4,0,O0549,f,1,280,9
1982,PC_O0549_9_Pink.xlsx,animals,動物の名前,PC,O0549,0,0,O0549,f,1,280,9
1983,PC_O0549_9_Pink.xlsx,vehicles,乗り物,PC,O0549,0,0,O0549,f,1,280,9
1984,PC_O0549_9_Pink.xlsx,toys,おもちゃ,PC,O0549,0,0,O0549,f,1,280,9
1985,PC_O0549_9_Pink.xlsx,food_drink,食べ物と飲み物,PC,O0549,2,0,O0549,f,1,280,9
1986,PC_O0549_9_Pink.xlsx,clothing,衣類,PC,O0549,0,0,O0549,f,1,280,9
1987,PC_O0549_9_Pink.xlsx,body_parts,体の部分,PC,O0549,2,0,O0549,f,1,280,9
1988,PC_O0549_9_Pink.xlsx,furniture_rooms,家具と部屋,PC,O0549,0,0,O0549,f,1,280,9
1989,PC_O0549_9_Pink.xlsx,household,小さな家庭用品,PC,O0549,0,0,O0549,f,1,280,9
1990,PC_O0549_9_Pink.xlsx,outside,戸外の物と場所,PC,O0549,0,0,O0549,f,1,280,9
1991,PC_O0549_9_Pink.xlsx,people,人々,PC,O0549,0,0,O0549,f,1,280,9
1992,PC_O0549_9_Pink.xlsx,games_routines,日課とあいさつ,PC,O0549,4,0,O0549,f,1,280,9
1993,PC_O0549_9_Pink.xlsx,action_words,動作語,PC,O0549,0,0,O0549,f,1,280,9
1994,PC_O0549_9_Pink.xlsx,time_words,時間についてのことば,PC,O0549,0,0,O0549,f,1,280,9
1995,PC_O0549_9_Pink.xlsx,descriptive_words,ようす・性質,PC,O0549,0,0,O0549,f,1,280,9
1996,PC_O0549_9_Pink.xlsx,pronouns,代名詞,PC,O0549,0,0,O0549,f,1,280,9
1997,PC_O0549_9_Pink.xlsx,question_words,質問のことば,PC,O0549,0,0,O0549,f,1,280,9
1998,PC_O0549_9_Pink.xlsx,locations,位置と場所についてのことば,PC,O0549,0,0,O0549,f,1,280,9
1999,PC_O0549_9_Pink.xlsx,quantifiers,数量を表すことば,PC,O0549,0,0,O0549,f,1,280,9
2000,PC_O0549_9_Pink.xlsx,sounds2,幼児語（その２）,PC,O0549,3,0,O0549,f,1,280,9
2001,PC_O0549_9_Pink.xlsx,conversations,会話語,PC,O0549,0,0,O0549,f,1,280,9
2002,PC_O0549_9_Pink.xlsx,others,その他,PC,O0549,1,0,O0549,f,1,280,9
2003,PC_O0551_10_Pink.xlsx,sounds,幼児語,PC,O0551,1,0,O0551,m,1,315,10
2004,PC_O0551_10_Pink.xlsx,animals,動物の名前,PC,O0551,0,0,O0551,m,1,315,10
2005,PC_O0551_10_Pink.xlsx,vehicles,乗り物,PC,O0551,0,0,O0551,m,1,315,10
2006,PC_O0551_10_Pink.xlsx,toys,おもちゃ,PC,O0551,0,0,O0551,m,1,315,10
2007,PC_O0551_10_Pink.xlsx,food_drink,食べ物と飲み物,PC,O0551,0,0,O0551,m,1,315,10
2008,PC_O0551_10_Pink.xlsx,clothing,衣類,PC,O0551,0,0,O0551,m,1,315,10
2009,PC_O0551_10_Pink.xlsx,body_parts,体の部分,PC,O0551,0,0,O0551,m,1,315,10
2010,PC_O0551_10_Pink.xlsx,furniture_rooms,家具と部屋,PC,O0551,0,0,O0551,m,1,315,10
2011,PC_O0551_10_Pink.xlsx,household,小さな家庭用品,PC,O0551,0,0,O0551,m,1,315,10
2012,PC_O0551_10_Pink.xlsx,outside,戸外の物と場所,PC,O0551,0,0,O0551,m,1,315,10
2013,PC_O0551_10_Pink.xlsx,people,人々,PC,O0551,3,0,O0551,m,1,315,10
2014,PC_O0551_10_Pink.xlsx,games_routines,日課とあいさつ,PC,O0551,6,0,O0551,m,1,315,10
2015,PC_O0551_10_Pink.xlsx,action_words,動作語,PC,O0551,0,0,O0551,m,1,315,10
2016,PC_O0551_10_Pink.xlsx,time_words,時間についてのことば,PC,O0551,0,0,O0551,m,1,315,10
2017,PC_O0551_10_Pink.xlsx,descriptive_words,ようす・性質,PC,O0551,0,0,O0551,m,1,315,10
2018,PC_O0551_10_Pink.xlsx,pronouns,代名詞,PC,O0551,0,0,O0551,m,1,315,10
2019,PC_O0551_10_Pink.xlsx,question_words,質問のことば,PC,O0551,0,0,O0551,m,1,315,10
2020,PC_O0551_10_Pink.xlsx,locations,位置と場所についてのことば,PC,O0551,0,0,O0551,m,1,315,10
2021,PC_O0551_10_Pink.xlsx,quantifiers,数量を表すことば,PC,O0551,0,0,O0551,m,1,315,10
2022,PC_O0551_10_Pink.xlsx,sounds2,幼児語（その２）,PC,O0551,1,0,O0551,m,1,315,10
2023,PC_O0551_10_Pink.xlsx,conversations,会話語,PC,O0551,0,0,O0551,m,1,315,10
2024,PC_O0551_10_Pink.xlsx,others,その他,PC,O0551,1,0,O0551,m,1,315,10
2025,PC_O0551_16_Pink.xlsx,sounds,幼児語,PC,O0551,6,0,O0551,m,1,507,16
2026,PC_O0551_16_Pink.xlsx,animals,動物の名前,PC,O0551,4,0,O0551,m,1,507,16
2027,PC_O0551_16_Pink.xlsx,vehicles,乗り物,PC,O0551,4,0,O0551,m,1,507,16
2028,PC_O0551_16_Pink.xlsx,toys,おもちゃ,PC,O0551,4,0,O0551,m,1,507,16
2029,PC_O0551_16_Pink.xlsx,food_drink,食べ物と飲み物,PC,O0551,14,0,O0551,m,1,507,16
2030,PC_O0551_16_Pink.xlsx,clothing,衣類,PC,O0551,5,0,O0551,m,1,507,16
2031,PC_O0551_16_Pink.xlsx,body_parts,体の部分,PC,O0551,11,0,O0551,m,1,507,16
2032,PC_O0551_16_Pink.xlsx,furniture_rooms,家具と部屋,PC,O0551,10,0,O0551,m,1,507,16
2033,PC_O0551_16_Pink.xlsx,household,小さな家庭用品,PC,O0551,13,0,O0551,m,1,507,16
2034,PC_O0551_16_Pink.xlsx,outside,戸外の物と場所,PC,O0551,5,0,O0551,m,1,507,16
2035,PC_O0551_16_Pink.xlsx,people,人々,PC,O0551,3,1,O0551,m,1,507,16
2036,PC_O0551_16_Pink.xlsx,games_routines,日課とあいさつ,PC,O0551,16,0,O0551,m,1,507,16
2037,PC_O0551_16_Pink.xlsx,action_words,動作語,PC,O0551,38,0,O0551,m,1,507,16
2038,PC_O0551_16_Pink.xlsx,time_words,時間についてのことば,PC,O0551,3,0,O0551,m,1,507,16
2039,PC_O0551_16_Pink.xlsx,descriptive_words,ようす・性質,PC,O0551,10,0,O0551,m,1,507,16
2040,PC_O0551_16_Pink.xlsx,pronouns,代名詞,PC,O0551,3,0,O0551,m,1,507,16
2041,PC_O0551_16_Pink.xlsx,question_words,質問のことば,PC,O0551,2,0,O0551,m,1,507,16
2042,PC_O0551_16_Pink.xlsx,locations,位置と場所についてのことば,PC,O0551,0,0,O0551,m,1,507,16
2043,PC_O0551_16_Pink.xlsx,quantifiers,数量を表すことば,PC,O0551,1,0,O0551,m,1,507,16
2044,PC_O0551_16_Pink.xlsx,sounds2,幼児語（その２）,PC,O0551,8,0,O0551,m,1,507,16
2045,PC_O0551_16_Pink.xlsx,conversations,会話語,PC,O0551,5,0,O0551,m,1,507,16
2046,PC_O0551_16_Pink.xlsx,others,その他,PC,O0551,4,0,O0551,m,1,507,16
2047,PC_O0582_10_Pink.xlsx,sounds,幼児語,PC,O0582,0,0,O0582,m,1,319,10
2048,PC_O0582_10_Pink.xlsx,animals,動物の名前,PC,O0582,0,0,O0582,m,1,319,10
2049,PC_O0582_10_Pink.xlsx,vehicles,乗り物,PC,O0582,0,0,O0582,m,1,319,10
2050,PC_O0582_10_Pink.xlsx,toys,おもちゃ,PC,O0582,0,0,O0582,m,1,319,10
2051,PC_O0582_10_Pink.xlsx,food_drink,食べ物と飲み物,PC,O0582,0,0,O0582,m,1,319,10
2052,PC_O0582_10_Pink.xlsx,clothing,衣類,PC,O0582,0,0,O0582,m,1,319,10
2053,PC_O0582_10_Pink.xlsx,body_parts,体の部分,PC,O0582,0,0,O0582,m,1,319,10
2054,PC_O0582_10_Pink.xlsx,furniture_rooms,家具と部屋,PC,O0582,0,0,O0582,m,1,319,10
2055,PC_O0582_10_Pink.xlsx,household,小さな家庭用品,PC,O0582,0,0,O0582,m,1,319,10
2056,PC_O0582_10_Pink.xlsx,outside,戸外の物と場所,PC,O0582,0,0,O0582,m,1,319,10
2057,PC_O0582_10_Pink.xlsx,people,人々,PC,O0582,1,0,O0582,m,1,319,10
2058,PC_O0582_10_Pink.xlsx,games_routines,日課とあいさつ,PC,O0582,2,0,O0582,m,1,319,10
2059,PC_O0582_10_Pink.xlsx,action_words,動作語,PC,O0582,0,0,O0582,m,1,319,10
2060,PC_O0582_10_Pink.xlsx,time_words,時間についてのことば,PC,O0582,0,0,O0582,m,1,319,10
2061,PC_O0582_10_Pink.xlsx,descriptive_words,ようす・性質,PC,O0582,0,0,O0582,m,1,319,10
2062,PC_O0582_10_Pink.xlsx,pronouns,代名詞,PC,O0582,0,0,O0582,m,1,319,10
2063,PC_O0582_10_Pink.xlsx,question_words,質問のことば,PC,O0582,0,0,O0582,m,1,319,10
2064,PC_O0582_10_Pink.xlsx,locations,位置と場所についてのことば,PC,O0582,0,0,O0582,m,1,319,10
2065,PC_O0582_10_Pink.xlsx,quantifiers,数量を表すことば,PC,O0582,0,0,O0582,m,1,319,10
2066,PC_O0582_10_Pink.xlsx,sounds2,幼児語（その２）,PC,O0582,0,0,O0582,m,1,319,10
2067,PC_O0582_10_Pink.xlsx,conversations,会話語,PC,O0582,0,0,O0582,m,1,319,10
2068,PC_O0582_10_Pink.xlsx,others,その他,PC,O0582,0,0,O0582,m,1,319,10
2069,PC_O0582_16_Pink.xlsx,sounds,幼児語,PC,O0582,0,5,O0582,m,1,508,16
2070,PC_O0582_16_Pink.xlsx,animals,動物の名前,PC,O0582,13,6,O0582,m,1,508,16
2071,PC_O0582_16_Pink.xlsx,vehicles,乗り物,PC,O0582,5,2,O0582,m,1,508,16
2072,PC_O0582_16_Pink.xlsx,toys,おもちゃ,PC,O0582,2,1,O0582,m,1,508,16
2073,PC_O0582_16_Pink.xlsx,food_drink,食べ物と飲み物,PC,O0582,5,2,O0582,m,1,508,16
2074,PC_O0582_16_Pink.xlsx,clothing,衣類,PC,O0582,0,0,O0582,m,1,508,16
2075,PC_O0582_16_Pink.xlsx,body_parts,体の部分,PC,O0582,1,1,O0582,m,1,508,16
2076,PC_O0582_16_Pink.xlsx,furniture_rooms,家具と部屋,PC,O0582,4,0,O0582,m,1,508,16
2077,PC_O0582_16_Pink.xlsx,household,小さな家庭用品,PC,O0582,1,0,O0582,m,1,508,16
2078,PC_O0582_16_Pink.xlsx,outside,戸外の物と場所,PC,O0582,1,1,O0582,m,1,508,16
2079,PC_O0582_16_Pink.xlsx,people,人々,PC,O0582,1,3,O0582,m,1,508,16
2080,PC_O0582_16_Pink.xlsx,games_routines,日課とあいさつ,PC,O0582,3,2,O0582,m,1,508,16
2081,PC_O0582_16_Pink.xlsx,action_words,動作語,PC,O0582,0,0,O0582,m,1,508,16
2082,PC_O0582_16_Pink.xlsx,time_words,時間についてのことば,PC,O0582,0,0,O0582,m,1,508,16
2083,PC_O0582_16_Pink.xlsx,descriptive_words,ようす・性質,PC,O0582,0,0,O0582,m,1,508,16
2084,PC_O0582_16_Pink.xlsx,pronouns,代名詞,PC,O0582,0,0,O0582,m,1,508,16
2085,PC_O0582_16_Pink.xlsx,question_words,質問のことば,PC,O0582,0,0,O0582,m,1,508,16
2086,PC_O0582_16_Pink.xlsx,locations,位置と場所についてのことば,PC,O0582,0,0,O0582,m,1,508,16
2087,PC_O0582_16_Pink.xlsx,quantifiers,数量を表すことば,PC,O0582,0,0,O0582,m,1,508,16
2088,PC_O0582_16_Pink.xlsx,sounds2,幼児語（その２）,PC,O0582,0,1,O0582,m,1,508,16
2089,PC_O0582_16_Pink.xlsx,conversations,会話語,PC,O0582,0,0,O0582,m,1,508,16
2090,PC_O0582_16_Pink.xlsx,others,その他,PC,O0582,0,0,O0582,m,1,508,16
2091,PC_O0593_16_Pink.xlsx,sounds,幼児語,PC,O0593,3,2,O0593,f,1,488,16
2092,PC_O0593_16_Pink.xlsx,animals,動物の名前,PC,O0593,2,0,O0593,f,1,488,16
2093,PC_O0593_16_Pink.xlsx,vehicles,乗り物,PC,O0593,0,0,O0593,f,1,488,16
2094,PC_O0593_16_Pink.xlsx,toys,おもちゃ,PC,O0593,0,0,O0593,f,1,488,16
2095,PC_O0593_16_Pink.xlsx,food_drink,食べ物と飲み物,PC,O0593,2,0,O0593,f,1,488,16
2096,PC_O0593_16_Pink.xlsx,clothing,衣類,PC,O0593,1,0,O0593,f,1,488,16
2097,PC_O0593_16_Pink.xlsx,body_parts,体の部分,PC,O0593,0,0,O0593,f,1,488,16
2098,PC_O0593_16_Pink.xlsx,furniture_rooms,家具と部屋,PC,O0593,1,0,O0593,f,1,488,16
2099,PC_O0593_16_Pink.xlsx,household,小さな家庭用品,PC,O0593,0,0,O0593,f,1,488,16
2100,PC_O0593_16_Pink.xlsx,outside,戸外の物と場所,PC,O0593,0,0,O0593,f,1,488,16
2101,PC_O0593_16_Pink.xlsx,people,人々,PC,O0593,6,0,O0593,f,1,488,16
2102,PC_O0593_16_Pink.xlsx,games_routines,日課とあいさつ,PC,O0593,11,1,O0593,f,1,488,16
2103,PC_O0593_16_Pink.xlsx,action_words,動作語,PC,O0593,1,0,O0593,f,1,488,16
2104,PC_O0593_16_Pink.xlsx,time_words,時間についてのことば,PC,O0593,0,0,O0593,f,1,488,16
2105,PC_O0593_16_Pink.xlsx,descriptive_words,ようす・性質,PC,O0593,2,0,O0593,f,1,488,16
2106,PC_O0593_16_Pink.xlsx,pronouns,代名詞,PC,O0593,0,0,O0593,f,1,488,16
2107,PC_O0593_16_Pink.xlsx,question_words,質問のことば,PC,O0593,0,0,O0593,f,1,488,16
2108,PC_O0593_16_Pink.xlsx,locations,位置と場所についてのことば,PC,O0593,0,0,O0593,f,1,488,16
2109,PC_O0593_16_Pink.xlsx,quantifiers,数量を表すことば,PC,O0593,2,0,O0593,f,1,488,16
2110,PC_O0593_16_Pink.xlsx,sounds2,幼児語（その２）,PC,O0593,5,0,O0593,f,1,488,16
2111,PC_O0593_16_Pink.xlsx,conversations,会話語,PC,O0593,0,0,O0593,f,1,488,16
2112,PC_O0593_16_Pink.xlsx,others,その他,PC,O0593,1,0,O0593,f,1,488,16
2113,PC_O0593_9_Pink.xlsx,sounds,幼児語,PC,O0593,1,2,O0593,f,1,302,9
2114,PC_O0593_9_Pink.xlsx,animals,動物の名前,PC,O0593,0,0,O0593,f,1,302,9
2115,PC_O0593_9_Pink.xlsx,vehicles,乗り物,PC,O0593,0,0,O0593,f,1,302,9
2116,PC_O0593_9_Pink.xlsx,toys,おもちゃ,PC,O0593,0,0,O0593,f,1,302,9
2117,PC_O0593_9_Pink.xlsx,food_drink,食べ物と飲み物,PC,O0593,1,0,O0593,f,1,302,9
2118,PC_O0593_9_Pink.xlsx,clothing,衣類,PC,O0593,0,0,O0593,f,1,302,9
2119,PC_O0593_9_Pink.xlsx,body_parts,体の部分,PC,O0593,0,0,O0593,f,1,302,9
2120,PC_O0593_9_Pink.xlsx,furniture_rooms,家具と部屋,PC,O0593,0,0,O0593,f,1,302,9
2121,PC_O0593_9_Pink.xlsx,household,小さな家庭用品,PC,O0593,0,0,O0593,f,1,302,9
2122,PC_O0593_9_Pink.xlsx,outside,戸外の物と場所,PC,O0593,0,0,O0593,f,1,302,9
2123,PC_O0593_9_Pink.xlsx,people,人々,PC,O0593,5,0,O0593,f,1,302,9
2124,PC_O0593_9_Pink.xlsx,games_routines,日課とあいさつ,PC,O0593,1,0,O0593,f,1,302,9
2125,PC_O0593_9_Pink.xlsx,action_words,動作語,PC,O0593,0,0,O0593,f,1,302,9
2126,PC_O0593_9_Pink.xlsx,time_words,時間についてのことば,PC,O0593,0,0,O0593,f,1,302,9
2127,PC_O0593_9_Pink.xlsx,descriptive_words,ようす・性質,PC,O0593,0,0,O0593,f,1,302,9
2128,PC_O0593_9_Pink.xlsx,pronouns,代名詞,PC,O0593,0,0,O0593,f,1,302,9
2129,PC_O0593_9_Pink.xlsx,question_words,質問のことば,PC,O0593,0,0,O0593,f,1,302,9
2130,PC_O0593_9_Pink.xlsx,locations,位置と場所についてのことば,PC,O0593,0,0,O0593,f,1,302,9
2131,PC_O0593_9_Pink.xlsx,quantifiers,数量を表すことば,PC,O0593,0,0,O0593,f,1,302,9
2132,PC_O0593_9_Pink.xlsx,sounds2,幼児語（その２）,PC,O0593,0,0,O0593,f,1,302,9
2133,PC_O0593_9_Pink.xlsx,conversations,会話語,PC,O0593,0,0,O0593,f,1,302,9
2134,PC_O0593_9_Pink.xlsx,others,その他,PC,O0593,0,0,O0593,f,1,302,9
2135,PC_O0612_16_Pink.xlsx,sounds,幼児語,PC,O0612,3,7,O0612,m,1,492,16
2136,PC_O0612_16_Pink.xlsx,animals,動物の名前,PC,O0612,2,5,O0612,m,1,492,16
2137,PC_O0612_16_Pink.xlsx,vehicles,乗り物,PC,O0612,3,6,O0612,m,1,492,16
2138,PC_O0612_16_Pink.xlsx,toys,おもちゃ,PC,O0612,3,0,O0612,m,1,492,16
2139,PC_O0612_16_Pink.xlsx,food_drink,食べ物と飲み物,PC,O0612,3,8,O0612,m,1,492,16
2140,PC_O0612_16_Pink.xlsx,clothing,衣類,PC,O0612,1,1,O0612,m,1,492,16
2141,PC_O0612_16_Pink.xlsx,body_parts,体の部分,PC,O0612,3,1,O0612,m,1,492,16
2142,PC_O0612_16_Pink.xlsx,furniture_rooms,家具と部屋,PC,O0612,2,0,O0612,m,1,492,16
2143,PC_O0612_16_Pink.xlsx,household,小さな家庭用品,PC,O0612,0,0,O0612,m,1,492,16
2144,PC_O0612_16_Pink.xlsx,outside,戸外の物と場所,PC,O0612,4,1,O0612,m,1,492,16
2145,PC_O0612_16_Pink.xlsx,people,人々,PC,O0612,0,5,O0612,m,1,492,16
2146,PC_O0612_16_Pink.xlsx,games_routines,日課とあいさつ,PC,O0612,6,8,O0612,m,1,492,16
2147,PC_O0612_16_Pink.xlsx,action_words,動作語,PC,O0612,3,3,O0612,m,1,492,16
2148,PC_O0612_16_Pink.xlsx,time_words,時間についてのことば,PC,O0612,0,0,O0612,m,1,492,16
2149,PC_O0612_16_Pink.xlsx,descriptive_words,ようす・性質,PC,O0612,0,3,O0612,m,1,492,16
2150,PC_O0612_16_Pink.xlsx,pronouns,代名詞,PC,O0612,0,2,O0612,m,1,492,16
2151,PC_O0612_16_Pink.xlsx,question_words,質問のことば,PC,O0612,1,0,O0612,m,1,492,16
2152,PC_O0612_16_Pink.xlsx,locations,位置と場所についてのことば,PC,O0612,0,0,O0612,m,1,492,16
2153,PC_O0612_16_Pink.xlsx,quantifiers,数量を表すことば,PC,O0612,1,0,O0612,m,1,492,16
2154,PC_O0612_16_Pink.xlsx,sounds2,幼児語（その２）,PC,O0612,3,17,O0612,m,1,492,16
2155,PC_O0612_16_Pink.xlsx,conversations,会話語,PC,O0612,0,4,O0612,m,1,492,16
2156,PC_O0612_16_Pink.xlsx,others,その他,PC,O0612,2,3,O0612,m,1,492,16
2157,PC_O0612_9_Pink.xlsx,sounds,幼児語,PC,O0612,0,0,O0612,m,1,299,9
2158,PC_O0612_9_Pink.xlsx,animals,動物の名前,PC,O0612,0,0,O0612,m,1,299,9
2159,PC_O0612_9_Pink.xlsx,vehicles,乗り物,PC,O0612,0,0,O0612,m,1,299,9
2160,PC_O0612_9_Pink.xlsx,toys,おもちゃ,PC,O0612,0,0,O0612,m,1,299,9
2161,PC_O0612_9_Pink.xlsx,food_drink,食べ物と飲み物,PC,O0612,1,0,O0612,m,1,299,9
2162,PC_O0612_9_Pink.xlsx,clothing,衣類,PC,O0612,0,0,O0612,m,1,299,9
2163,PC_O0612_9_Pink.xlsx,body_parts,体の部分,PC,O0612,0,0,O0612,m,1,299,9
2164,PC_O0612_9_Pink.xlsx,furniture_rooms,家具と部屋,PC,O0612,0,0,O0612,m,1,299,9
2165,PC_O0612_9_Pink.xlsx,household,小さな家庭用品,PC,O0612,0,0,O0612,m,1,299,9
2166,PC_O0612_9_Pink.xlsx,outside,戸外の物と場所,PC,O0612,0,0,O0612,m,1,299,9
2167,PC_O0612_9_Pink.xlsx,people,人々,PC,O0612,0,0,O0612,m,1,299,9
2168,PC_O0612_9_Pink.xlsx,games_routines,日課とあいさつ,PC,O0612,0,0,O0612,m,1,299,9
2169,PC_O0612_9_Pink.xlsx,action_words,動作語,PC,O0612,0,0,O0612,m,1,299,9
2170,PC_O0612_9_Pink.xlsx,time_words,時間についてのことば,PC,O0612,0,0,O0612,m,1,299,9
2171,PC_O0612_9_Pink.xlsx,descriptive_words,ようす・性質,PC,O0612,0,0,O0612,m,1,299,9
2172,PC_O0612_9_Pink.xlsx,pronouns,代名詞,PC,O0612,0,0,O0612,m,1,299,9
2173,PC_O0612_9_Pink.xlsx,question_words,質問のことば,PC,O0612,0,0,O0612,m,1,299,9
2174,PC_O0612_9_Pink.xlsx,locations,位置と場所についてのことば,PC,O0612,0,0,O0612,m,1,299,9
2175,PC_O0612_9_Pink.xlsx,quantifiers,数量を表すことば,PC,O0612,0,0,O0612,m,1,299,9
2176,PC_O0612_9_Pink.xlsx,sounds2,幼児語（その２）,PC,O0612,0,1,O0612,m,1,299,9
2177,PC_O0612_9_Pink.xlsx,conversations,会話語,PC,O0612,0,0,O0612,m,1,299,9
2178,PC_O0612_9_Pink.xlsx,others,その他,PC,O0612,0,0,O0612,m,1,299,9
2179,PC_O0669_16_Pink.xlsx,sounds,幼児語,PC,O0669,1,0,O0669,m,1,496,16
2180,PC_O0669_16_Pink.xlsx,animals,動物の名前,PC,O0669,1,0,O0669,m,1,496,16
2181,PC_O0669_16_Pink.xlsx,vehicles,乗り物,PC,O0669,0,0,O0669,m,1,496,16
2182,PC_O0669_16_Pink.xlsx,toys,おもちゃ,PC,O0669,0,0,O0669,m,1,496,16
2183,PC_O0669_16_Pink.xlsx,food_drink,食べ物と飲み物,PC,O0669,0,0,O0669,m,1,496,16
2184,PC_O0669_16_Pink.xlsx,clothing,衣類,PC,O0669,0,0,O0669,m,1,496,16
2185,PC_O0669_16_Pink.xlsx,body_parts,体の部分,PC,O0669,2,0,O0669,m,1,496,16
2186,PC_O0669_16_Pink.xlsx,furniture_rooms,家具と部屋,PC,O0669,0,0,O0669,m,1,496,16
2187,PC_O0669_16_Pink.xlsx,household,小さな家庭用品,PC,O0669,0,0,O0669,m,1,496,16
2188,PC_O0669_16_Pink.xlsx,outside,戸外の物と場所,PC,O0669,0,0,O0669,m,1,496,16
2189,PC_O0669_16_Pink.xlsx,people,人々,PC,O0669,2,0,O0669,m,1,496,16
2190,PC_O0669_16_Pink.xlsx,games_routines,日課とあいさつ,PC,O0669,5,0,O0669,m,1,496,16
2191,PC_O0669_16_Pink.xlsx,action_words,動作語,PC,O0669,0,0,O0669,m,1,496,16
2192,PC_O0669_16_Pink.xlsx,time_words,時間についてのことば,PC,O0669,0,0,O0669,m,1,496,16
2193,PC_O0669_16_Pink.xlsx,descriptive_words,ようす・性質,PC,O0669,0,0,O0669,m,1,496,16
2194,PC_O0669_16_Pink.xlsx,pronouns,代名詞,PC,O0669,0,0,O0669,m,1,496,16
2195,PC_O0669_16_Pink.xlsx,question_words,質問のことば,PC,O0669,1,0,O0669,m,1,496,16
2196,PC_O0669_16_Pink.xlsx,locations,位置と場所についてのことば,PC,O0669,0,0,O0669,m,1,496,16
2197,PC_O0669_16_Pink.xlsx,quantifiers,数量を表すことば,PC,O0669,0,0,O0669,m,1,496,16
2198,PC_O0669_16_Pink.xlsx,sounds2,幼児語（その２）,PC,O0669,0,0,O0669,m,1,496,16
2199,PC_O0669_16_Pink.xlsx,conversations,会話語,PC,O0669,0,0,O0669,m,1,496,16
2200,PC_O0669_16_Pink.xlsx,others,その他,PC,O0669,1,0,O0669,m,1,496,16
2201,PC_O0669_9_Pink.xlsx,sounds,幼児語,PC,O0669,0,0,O0669,m,1,297,9
2202,PC_O0669_9_Pink.xlsx,animals,動物の名前,PC,O0669,0,0,O0669,m,1,297,9
2203,PC_O0669_9_Pink.xlsx,vehicles,乗り物,PC,O0669,0,0,O0669,m,1,297,9
2204,PC_O0669_9_Pink.xlsx,toys,おもちゃ,PC,O0669,0,0,O0669,m,1,297,9
2205,PC_O0669_9_Pink.xlsx,food_drink,食べ物と飲み物,PC,O0669,0,0,O0669,m,1,297,9
2206,PC_O0669_9_Pink.xlsx,clothing,衣類,PC,O0669,0,0,O0669,m,1,297,9
2207,PC_O0669_9_Pink.xlsx,body_parts,体の部分,PC,O0669,0,0,O0669,m,1,297,9
2208,PC_O0669_9_Pink.xlsx,furniture_rooms,家具と部屋,PC,O0669,0,0,O0669,m,1,297,9
2209,PC_O0669_9_Pink.xlsx,household,小さな家庭用品,PC,O0669,0,0,O0669,m,1,297,9
2210,PC_O0669_9_Pink.xlsx,outside,戸外の物と場所,PC,O0669,0,0,O0669,m,1,297,9
2211,PC_O0669_9_Pink.xlsx,people,人々,PC,O0669,0,0,O0669,m,1,297,9
2212,PC_O0669_9_Pink.xlsx,games_routines,日課とあいさつ,PC,O0669,0,0,O0669,m,1,297,9
2213,PC_O0669_9_Pink.xlsx,action_words,動作語,PC,O0669,0,0,O0669,m,1,297,9
2214,PC_O0669_9_Pink.xlsx,time_words,時間についてのことば,PC,O0669,0,0,O0669,m,1,297,9
2215,PC_O0669_9_Pink.xlsx,descriptive_words,ようす・性質,PC,O0669,0,0,O0669,m,1,297,9
2216,PC_O0669_9_Pink.xlsx,pronouns,代名詞,PC,O0669,0,0,O0669,m,1,297,9
2217,PC_O0669_9_Pink.xlsx,question_words,質問のことば,PC,O0669,0,0,O0669,m,1,297,9
2218,PC_O0669_9_Pink.xlsx,locations,位置と場所についてのことば,PC,O0669,0,0,O0669,m,1,297,9
2219,PC_O0669_9_Pink.xlsx,quantifiers,数量を表すことば,PC,O0669,0,0,O0669,m,1,297,9
2220,PC_O0669_9_Pink.xlsx,sounds2,幼児語（その２）,PC,O0669,0,0,O0669,m,1,297,9
2221,PC_O0669_9_Pink.xlsx,conversations,会話語,PC,O0669,0,0,O0669,m,1,297,9
2222,PC_O0669_9_Pink.xlsx,others,その他,PC,O0669,1,0,O0669,m,1,297,9