G,S1_noun,S2_predicate,SE_G,SE_S1_noun,SE_S2_predicate,noun_predicate_bias,data_id,age,production
-1.5002873580873652,-0.4358524030073289,-0.6633755078291144,0.2812660617101383,0.7995010866292913,0.8839606040720898,0.22752310482178545,279615,17,19
1.2027999854977778,1.6031130446943924,1.2413285506906093,0.03337541959068131,0.11964206705980464,0.18147820455260058,0.3617844940037831,279616,29,600
-0.8381618340201175,-0.43367652075736374,-0.6167933129874621,0.16744219552100006,0.5760255439431281,0.6913761514724533,0.18311679223009836,279617,16,27
-0.8663155129371279,0.41171716745038034,-1.032161326999661,0.16937179408945635,0.4966617697574087,0.737283515877535,1.4438784944500413,279618,16,29
-1.7331970809580084,-0.5239875022349412,-0.22792185072729537,0.32360883809119334,0.8496068859860035,0.8961162776781487,-0.2960656515076458,279619,16,8
-1.9831854770476502,-0.6337270317438082,-0.27241517419364175,0.3933356452742761,0.8958220105135044,0.9306187449689016,-0.3613118575501664,279620,16,4
-1.7916041867923596,-0.793809078669163,-0.17987510240163673,0.34460296977293103,0.8760770324809749,0.9029468011319058,-0.6139339762675262,279621,16,7
-0.8236012756955132,1.1903464918247584,0.193986441009552,0.1103738988232745,0.3257268614196974,0.5234649639999596,0.9963600508152064,279622,16,36
-2.045474400444066,-0.5865038228452337,-0.05087095042955648,0.40359631712333216,0.9001505378594086,0.926912778159596,-0.5356328724156773,279623,16,3
-0.07533913016749406,-0.6930966565265196,-0.96335003860858,0.15659984139347097,0.48312704468183143,0.5671383405006886,0.2702533820820604,279624,16,74
-0.022701771820813677,-0.21359940792281604,-0.11305087788035911,0.09265668208768432,0.3182429572780716,0.3509102469802669,-0.10054853004245692,279625,17,113
-0.04211811056249977,-1.0666194010968517,-0.6236826766181344,0.1233640574780484,0.4306578456196064,0.45956720139051516,-0.44293672447871735,279626,17,61
-1.059600744886421,-1.3125355817762403,0.7954255205923162,0.21231488449388658,0.7553791298574422,0.6428067305421972,-2.1079611023685567,279627,17,25
-2.331767792934112,-0.4158736183615596,-0.165107690835819,0.484642966343319,0.9238666743141984,0.9553511300630486,-0.2507659275257406,279628,17,6
-1.0761883396494212,-0.8268898421071796,-0.3880523552979362,0.22251312432893347,0.7296862164917532,0.776845013725815,-0.43883748680924345,279629,17,27
-0.3317295234722147,-0.40030905680256457,0.1456340736283189,0.15107159357440256,0.495898227475772,0.5231635102053487,-0.5459431304308835,279630,17,66
-1.560237031753803,-0.6004393215474538,-0.35646245655080266,0.2910081226739242,0.8224211994434382,0.8759730564158178,-0.24397686499665117,279631,17,8
-1.6712251828138442,0.019704052663266147,0.20037846265665854,0.2870939098261746,0.7869165958103828,0.8503640108017201,-0.1806744099933924,279632,17,7
-0.589309523582754,-0.3809235356005862,0.6220037110164872,0.20026250027158887,0.6042457464633801,0.5915895702175008,-1.0029272466170736,279633,17,53
-0.7657794491261132,0.3543809792284043,0.3706046999564148,0.13150272473913724,0.43933777177531425,0.5278223913298321,-0.016223720728010538,279634,17,44
-1.9831854770476502,-0.6337270317438082,-0.27241517419364175,0.3933356452742761,0.8958220105135044,0.9306187449689016,-0.3613118575501664,279635,17,2
-1.1902248121810277,-1.2460986609894764,0.17026403802175902,0.22283630391679032,0.7766620983967772,0.7428436208884908,-1.4163626990112355,279636,17,18
-1.9831854770476502,-0.6337270317438082,-0.27241517419364175,0.3933356452742761,0.8958220105135044,0.9306187449689016,-0.3613118575501664,279637,17,9
0.7810634863829994,-1.4555534436236093,-0.6943542178300135,0.08494914220320912,0.29950432525072634,0.28415991455423223,-0.7611992257935958,279638,17,214
-0.8235492537459499,-0.23714565571725274,-0.6448483513478788,0.15843963354515508,0.5405774697723741,0.6824727285214307,0.407702695630626,279639,18,31
-0.43120521789961075,-0.9658285344447333,-0.7698939316634595,0.12455742950355955,0.4841355129922346,0.5493973823718826,-0.19593460278127373,279640,18,31
-0.4303760844536958,-0.09011908799603467,0.16173729169197587,0.10904450716524662,0.37613027351487693,0.4241337237816403,-0.25185637968801056,279641,18,60
0.3974767276153277,-0.7556653193208576,-0.5575704433524592,0.03187617135683877,0.19389057672803742,0.22978379333978508,-0.19809487596839837,279642,18,150
-1.235703566536514,0.17020979531352065,-0.5631064306853621,0.217903279064315,0.6502506023991483,0.8130322998187157,0.7333162259988828,279643,18,17
-0.3973662853491713,1.0746118889837963,0.5065660092604858,0.03615138485455592,0.20990417104826745,0.2905763954591045,0.5680458797233106,279644,18,99
0.39996959564630286,0.8003772648934099,-0.2595802595796896,0.003837485846544198,0.05398577555308981,0.2026403491976804,1.0599575244730994,279645,18,219
-7.886129079471572e-4,0.022995648723857454,0.44598339214198046,0.01882571067300863,0.17998778091502132,0.19345989074809358,-0.422987743418123,279646,18,118
0.0045905398047732335,0.10556664327509618,-0.024017369788048887,0.042916785005149366,0.2274154742146896,0.2605844148802038,0.12958401306314507,279647,18,109
-1.4531581061694165,-0.8790749808155874,-0.6974537387370868,0.28166490865728466,0.8231509782845259,0.8792376098814851,-0.1816212420785006,279648,18,7
0.16704407525779377,-1.7538761652016719,-0.25668149507338944,0.19727597848133738,0.6590888043141543,0.6215722283721182,-1.4971946701282826,279649,18,101
-0.8415064883261606,-0.009760777442418387,-0.8948802334199182,0.16374568658369223,0.5267924442791477,0.7153770674638311,0.8851194559774997,279650,18,26
0.005848694448895981,-0.6966596064704066,0.016300881880259768,0.0492632403876101,0.27658325999452166,0.268921909803964,-0.7129604883506664,279651,18,105
0.7995856010086219,-1.171118186962091,-0.2928537008560163,0.012930641065324957,0.14867432080721898,0.18157278367562846,-0.8782644861060747,279652,18,238
-1.6559468632296368,-0.1200933600816249,-0.38405875629032865,0.29890755486050474,0.8043766206960982,0.8919850097414711,0.26396539620870374,279653,19,8
-1.1992300649057837,0.42805038457708494,-0.6246196032907232,0.20824792422840346,0.6068018590055149,0.8076820333491567,1.052669987867808,279654,19,20
-1.711914194734267,-0.8703013873749472,-0.10336450897982483,0.3251995357161384,0.866917507621949,0.88644606596617,-0.7669368783951224,279655,19,7
-1.3823440844929096,-0.34269943747187137,-0.7614383444744554,0.25859713639034954,0.7609741119190913,0.8667276381787407,0.418738907002584,279656,19,15
-1.8321873173965546,-0.7544596563742731,0.13251241289914648,0.3458369937019078,0.8777099317721769,0.889046771547723,-0.8869720692734196,279657,19,9
0.7755932682270136,1.246791857057225,0.5260272104625254,0.09574447369730202,0.20069267250223996,0.30521856381115847,0.7207646465946995,279658,19,409
0.0057836203649995095,0.10567030106928212,0.03903032954173908,0.047935438762510274,0.2346456375309519,0.26687346360787095,0.06663997152754303,279659,19,121
-0.6439173908191642,0.8936659101187174,-0.5065413972262554,0.19581084839278262,0.5051106308336245,0.6968412690251119,1.4002073073449728,279660,19,61
-1.3605070129582,0.26646605541360946,0.5409184638898649,0.22859507574453136,0.669699588216627,0.7318151832259643,-0.2744524084762554,279661,19,17
-0.13007079994319823,0.18071349886270366,-2.415848270654517,0.18741739954725548,0.49622646607717186,0.732064089387545,2.5965617695172205,279662,19,78
-0.004120752099062429,0.21116145769156142,-0.5061083781787227,0.04126739726665918,0.22895566188509325,0.2971645906187565,0.717269835870284,279663,19,107
0.8006213681547637,-0.20833486948385635,-1.1434895973492556,0.015812730708497175,0.20383790339120156,0.1774513635328929,0.9351547278653992,279664,19,254
0.38204472097433795,-0.3117906748351287,-0.3399273439761248,0.0828256015659558,0.265868974047155,0.28971778050825797,0.028136669140996107,279665,19,169
-1.7916041867923596,-0.793809078669163,-0.17987510240163673,0.34460296977293103,0.8760770324809749,0.9029468011319058,-0.6139339762675262,279666,19,6
0.3999461183537979,-0.06765399878355864,0.011922219270581494,0.005749081805201413,0.1564645138163807,0.13453264447862218,-0.07957621805414014,279667,20,198
-1.0479474058948957,-0.0074624508613707966,-0.6344233924030623,0.2165713628215273,0.6446673659765262,0.786654669610739,0.6269609415416916,279668,20,23
0.4447524395973516,-1.116341500755047,0.3027638279934852,0.12608817129089064,0.4245904346553919,0.36298764847489395,-1.4191053287485322,279669,20,202
1.1999814834222777,0.22748292164622338,0.1867144213208912,0.00331642242525653,0.19828249419044935,0.20007093489206074,0.04076850032533219,279670,20,464
0.0061613626372698065,0.21299791566596366,0.1600629262625189,0.0493632433192252,0.24156536829892414,0.2680845348639824,0.052934989403444765,279671,20,126
1.199982987952057,-0.08386967111713821,-0.3097203742470199,0.00297016006233879,0.1630717349497351,0.1679928895718818,0.2258507031298817,279672,20,429
-1.4291072007035133,0.8743757245536444,-0.6420478504179544,0.2443466085317367,0.63922533777758,0.8631046617343955,1.5164235749715989,279673,20,23
0.8136564443116373,-0.39449929431956693,-0.8017260034109566,0.07263673796026532,0.2066063825640794,0.25782822489875573,0.40722670909138964,279674,20,267
0.005957961359321885,0.7229311114289628,0.17528221054580245,0.04847494863300879,0.19738650256554574,0.2656319215877474,0.5476489008831604,279675,20,151
-0.8433450695160367,0.910625015722682,0.3392782007190982,0.13533150442191083,0.3922683987109473,0.5375172774070783,0.5713468150035838,279676,20,50
0.8000103737187954,-0.5419042007736383,0.3866743607432178,0.00250784863335665,0.19218303787741295,0.08080001172000832,-0.9285785615168561,279677,20,323
-1.0275223613724522,-0.6124527430834582,-0.006535824570208701,0.21630904932632775,0.6965003286475934,0.7288560735299225,-0.6059169185132495,279678,20,32
-0.3076880015815819,0.2640288327817867,0.8373955893730841,0.1685444631516881,0.48200252176773295,0.5000291888582764,-0.5733667565912974,279679,20,102
0.40081751318056846,0.8839189032901132,1.2852020674017266,0.018065190415481422,0.16899771764027846,0.17105822741824672,-0.40128316411161336,279680,20,310
-2.331767792934112,-0.4158736183615596,-0.165107690835819,0.484642966343319,0.9238666743141984,0.9553511300630486,-0.2507659275257406,279681,21,2
-1.4216651767147146,-0.3671865292803826,-0.7334597312484128,0.2662187552289589,0.7742182995618185,0.8730972603324189,0.3662732019680302,279682,21,9
0.7998516572651194,0.41402924618840675,-0.012080772606459737,0.007702952553645427,0.07696462250361964,0.08643418206580053,0.4261100187948665,279683,21,328
-2.331767792934112,-0.4158736183615596,-0.165107690835819,0.484642966343319,0.9238666743141984,0.9553511300630486,-0.2507659275257406,279684,21,6
0.4184768343719304,-0.6269934472806251,-0.19001004257656087,0.08396250208860187,0.3095434977403878,0.31632744475391483,-0.43698340470406427,279685,21,191
1.9289671939963726,-2.333290844502906,-1.3500564733941278,0.15286527616181303,0.3814653279084912,0.43305374482440223,-0.9832343711087783,279686,21,480
-0.025964860611366436,1.692667206534977,1.1944648970569411,0.09854831922862188,0.2488297645700608,0.2751464897938211,0.4982023094780359,279687,21,206
-1.1348158917620588,-0.23525090987020453,-0.3773289334036022,0.21500770119429566,0.677997931059794,0.7803688844568943,0.14207802353339766,279688,21,36
-1.4047730799692997,-0.31386019699211165,-0.3145068596987766,0.256115304074224,0.7588474986947954,0.8387900537334165,6.466627066649688e-4,279689,21,12
-2.331767792934112,-0.4158736183615596,-0.165107690835819,0.484642966343319,0.9238666743141984,0.9553511300630486,-0.2507659275257406,279690,22,6
-0.12182668931205512,0.342803024610678,-0.6868264326010074,0.18409861042837708,0.4959582767711519,0.6236185476868212,1.0296294572116853,279691,22,85
-1.211204313975125,-0.29787080829113805,-0.10692750220964982,0.21553283554149197,0.6909021351562694,0.7670830659038245,-0.19094330608148824,279692,22,19
0.40198279580511587,-1.1307054392021025,-0.922367408575576,0.029589029705005446,0.22251319263688651,0.24029090382236212,-0.20833803062652656,279693,22,144
-1.7964864438091137,0.2528737036738987,-0.1786502552590832,0.3148643745618013,0.8000442644332303,0.8996838864429435,0.4315239589329819,279694,22,24
1.2598958112811,0.5541052281247336,-0.16188724111699204,0.14272636967331848,0.3876590533619598,0.3920790297343231,0.7159924692417257,279695,22,495
-0.8049242219719065,-0.36224593263329086,-0.9835279578882167,0.16155513887649026,0.5577980162182384,0.7172566264886954,0.6212820252549258,279696,22,39
1.5680112214405566,0.9354352002018318,0.11954276219764895,0.10850234826887865,0.30182026053705674,0.3224242249890613,0.8158924380041829,279697,22,616
1.1999287301607942,-0.014213137030070287,-0.6126392931686087,0.005388791978840414,0.07667584608607371,0.20032818439333247,0.5984261561385383,279698,22,407
1.2000555842703104,-0.7894457674486771,-0.21859167544133484,0.004779067010929444,0.07779661235578501,0.19970136878555378,-0.5708540920073423,279699,22,392
-2.0612312121689262,0.08183633021625936,-0.24548734491398413,0.3873204934873423,0.8656359452716974,0.936247332728414,0.3273236751302435,279700,23,8
-0.07674502793454323,0.7740089995023461,0.679548581810203,0.15750645835242508,0.4237775901001509,0.45039626028070756,0.0944604176921432,279701,23,145
-0.08596666127754958,-0.16781910087067362,0.7225466501362457,0.16430773072993718,0.47026861824087113,0.4655026356895387,-0.8903657510069194,279702,23,118
0.39867246503063425,-0.0711574083650322,-0.038133358839237706,0.023023030245078315,0.16863637319467134,0.1602404246567375,-0.0330240495257945,279703,23,183
1.2022090121350382,-0.010741055836773884,-0.014776279641681649,0.02964334552921884,0.08441835746880734,0.11277162521721608,0.004035223804907765,279704,23,443
-1.5822168590479362,-0.019912287511716444,-0.3331117848034654,0.28155614354100017,0.7775125965727566,0.8756240216141679,0.313199497291749,279705,23,13
1.5998800677356693,-0.023223891040282045,-0.4331000684191104,0.00721979341208042,0.09638346190109595,0.1229565502681624,0.40987617737882837,279706,23,526
1.19840238050703,-0.7658514522524863,-0.42407390334208445,0.025229174159792648,0.1271959575667261,0.12265732952294774,-0.34177754891040185,279707,23,372
0.39951172243646627,-1.5307499158702185,0.2890701215928666,0.015049848912362739,0.23124615851451544,0.18515367856358844,-1.819820037463085,279708,23,147
1.9966828168826096,-0.8248144744323249,-1.1471672323014226,0.03636460906055059,0.1320251451625067,0.16696061660931832,0.3223527578690977,279709,23,565
0.4100618674393755,-0.18729196831086675,0.3734203717081084,0.06263807558268367,0.25835089043616716,0.20240088180638688,-0.5607123400189751,279710,23,216
0.400338545673073,0.0562862422034048,-1.2293331907108458,0.01256262345653528,0.1504553041982205,0.24339734170214616,1.2856194329142505,279711,23,165
1.1838298488901082,0.02545046763761472,0.12901358567366072,0.07878190064850471,0.17005298007116046,0.2722040873237485,-0.10356311803604601,279712,24,474
0.3990986547448054,-0.21506608808370214,0.8263653728751258,0.0189698600176106,0.2072944373584921,0.1156544919911792,-1.041431460958828,279713,24,241
-1.9831854770476502,-0.6337270317438082,-0.27241517419364175,0.3933356452742761,0.8958220105135044,0.9306187449689016,-0.3613118575501664,279714,24,15
1.221477182878592,-1.3437911206397664,0.6617443684623936,0.09016450323810517,0.298701250618245,0.29401199992106847,-2.0055354891021597,279715,24,411
0.052738549943899204,1.5066151306084496,1.187591547467858,0.13532947078269936,0.28849539023755866,0.371554325154855,0.31902358314059165,279716,24,253
0.39142374397599294,1.2769914476835815,0.9121525160839279,0.05793919784823227,0.2013878836751109,0.23058421168796217,0.36483893159965364,279717,24,328
1.1587829525343591,-1.0481407495478126,-1.026724625116484,0.1216058525847756,0.35598114652815366,0.37403313153389495,-0.021416124431328454,279718,24,332
1.2001119240907667,-0.836255567618137,-0.34909047273125593,0.006719754818978327,0.11825829286948498,0.1362391565912091,-0.4871650948868811,279719,24,404
-0.7826283937422776,0.20224916218516228,0.23921799898188617,0.1276795216418042,0.4466844054975158,0.5384343490670881,-0.036968836796723886,279720,24,39
0.4304881849918492,0.42144750619348836,0.26007486137707014,0.10614021794005829,0.28980961750608397,0.33697462925214633,0.16137264481641822,279721,24,239
1.6030543779091828,0.4700561510830982,-0.6746845632332406,0.03483268190176293,0.17346761508841096,0.20576774207651896,1.1447407143163386,279722,24,604
1.195682872831936,-1.1051399455770143,-0.4311827375909465,0.04133081775713914,0.19838252249253738,0.15811136196189984,-0.6739572079860678,279723,24,372
0.4000129942148941,0.7929045843105104,1.5585023594878251,0.0023956206323310233,0.06307629140625255,0.12503645582410233,-0.7655977751773148,279724,25,353
0.8000584264609764,-0.37451437752409805,-1.2016824752087567,0.00570375339124618,0.10758421091246732,0.15786940457374235,0.8271680976846587,279725,25,237
1.985181753226919,-0.6734373242602413,-0.8267727223945585,0.07556704158441747,0.2379756534545309,0.233463705839322,0.15333539813431718,279726,25,611
-0.41321519853880234,-2.063603403499588,0.36984441051051575,0.09940677695465067,0.5580899961610049,0.3875125422092175,-2.433447814010104,279727,25,56
0.4087367688720825,-0.06105955053545692,-0.18743207896429126,0.05846811898951894,0.20726575090210075,0.2659928515097104,0.12637252842883434,279728,25,221
1.5939277809799943,-0.8369564366833832,-1.1977583737274164,0.04890904235992832,0.16738687677534192,0.15815200503523955,0.3608019370440333,279729,25,473
0.8071246618599882,0.06950126310677311,0.36153645155630687,0.05290656529262196,0.20086017170341125,0.17657229258160007,-0.29203518844953374,279730,25,333
1.1635263463314822,-0.7184410180322821,0.056555447905676265,0.11514831469018116,0.2716393852111497,0.2988969575279541,-0.7749964659379583,279731,25,445
1.1999953536918657,-0.004889053535958164,-0.8755964615176622,0.0025108847678018387,0.050614893380780526,0.15823581505350706,0.8707074079817041,279732,25,401
-0.027594157235740376,-0.5207641273020633,-0.5613797982542731,0.10172151726453806,0.34882302430500056,0.40586267468430015,0.04061567095220975,279733,26,94
0.38668320814884155,-0.3035340542311147,-1.8019464543087302,0.07178614236408265,0.24971675117779613,0.3641834479374791,1.4984124000776156,279734,26,120
0.39982881656408503,-0.4374595771127965,-0.017312067092816047,0.008945424119097718,0.15131928421375013,0.1377867108652429,-0.4201475100199804,279735,26,171
0.5429849550204106,0.656701386549824,1.4562432660151332,0.19170102962843957,0.5033827861695066,0.5308114759017705,-0.7995418794653092,279736,26,361
-0.10979525035110822,-0.7242313786289615,-0.615522540841355,0.17860830245499817,0.5421056142088925,0.60253819195631,-0.10870883778760643,279737,26,64
1.200104517632145,0.16733570934201236,0.008001292612524687,0.006478793553042058,0.19794250533097768,0.07864107499527001,0.15933441672948767,279738,26,468
0.40051194468720325,1.530790316601986,1.0882197753018006,0.014301186396404587,0.1547341236321389,0.18334213950057962,0.44257054130018547,279739,26,326
0.019663516489104256,0.5055857502699026,0.4882150698540437,0.08648265686904957,0.28959072407366154,0.32166999268339436,0.017370680415858875,279740,26,157
1.1938267668780258,0.7531322943054616,0.7427855440422295,0.049307335205924105,0.17689632454214102,0.20526370818253364,0.010346750263232063,279741,26,522
1.1901374897286512,0.381520514617881,0.02286929918429954,0.062030121641355324,0.17515262954791325,0.18170508471602162,0.35865121543358147,279742,26,464
1.6194947178739574,0.3618911980315211,0.5906416429150764,0.08613247599993436,0.18443983479033754,0.2981665530545825,-0.22875044488355528,279743,26,648
1.9197077370081586,0.1678652983536775,0.4340846420259008,0.16025704756035258,0.339464645189445,0.45440749369071187,-0.26621934367222333,279744,26,707
1.6015055047391764,-0.39721785957164013,-0.4411814319915707,0.0244977214052994,0.07327604848102232,0.14140133411584657,0.0439635724199306,279745,27,563
-1.3639167371388183,1.2279756128881119,-0.7152577492283131,0.22727105354186214,0.5723325483600404,0.8509658644693963,1.943233362116425,279746,27,20
1.1999805818640377,0.10579500568048497,-0.002517509890171336,0.0029080606634144484,0.17660171581031595,0.07194884822301639,0.10831251557065631,279747,27,472
1.6019660558744038,-2.255395135101031e-4,0.41800081291626556,0.02802800698239705,0.07649061464993555,0.1807705499748027,-0.4182263524297757,279748,27,610
0.4001223514479392,0.2391756469937954,-0.4231127364719972,0.008019974781026486,0.19766988924612197,0.1758212560181585,0.6622883834657927,279749,27,208
0.8060043426820711,1.167541983933443,0.560232753015956,0.04863831660544573,0.14226575660161747,0.23136492706696574,0.6073092309174871,279750,27,453
0.8005731743939718,0.8956516079932312,0.6648615973555037,0.015131359119105493,0.17457947749863725,0.19310864713267667,0.23079001063772753,279751,27,413
0.2835184716176768,-0.27530997202690327,0.6312301530482625,0.181726910881235,0.4878890432336791,0.4640022166486008,-0.9065401250751657,279752,27,189
2.3055746009921525,-0.4729225381706204,0.18076562100147828,0.17061309469441752,0.38160228310669964,0.4682320594171894,-0.6536881591720987,279753,27,727
0.3964519071312269,-0.4161521482464295,-0.9453462364226236,0.03760158764641962,0.17160565007910444,0.2532158022845351,0.5291940881761941,279754,27,151
0.801686760824513,0.034946098118749346,0.37435061802831154,0.02592028718200193,0.13144183556624375,0.11984372332253351,-0.3394045199095622,279755,27,338
1.0072583174771546,0.7243581409681669,0.5486212392963783,0.199868248758069,0.46701206072007617,0.5725817292658271,0.17573690167178857,279756,28,485
1.508321298307085,0.31255772924848135,-0.49287055953000186,0.16812644547594183,0.4367599502786765,0.48375426435259217,0.8054282887784832,279757,28,527
-0.9261504517026727,-0.25061414069824123,0.9040093292110452,0.19172024408416988,0.6066358596608682,0.565976941360458,-1.1546234699092863,279758,28,37
1.599533685613757,-0.5112322843316565,-0.2643303167133148,0.01375505837091132,0.1823284723013858,0.1937292644411046,-0.24690196761834166,279759,28,532
1.906413044709813,-0.9837890829195178,-0.5573708868780061,0.1693411133223293,0.3713389662136064,0.429447112746582,-0.42641819604151177,279760,28,605
2.0178122116960444,0.48334146197391725,1.224590736717167,0.08842402090439597,0.2580738184304929,0.3794882363959747,-0.7412492747432496,279761,28,731
1.2000077238556757,-0.40329286153459415,0.3936158890360033,0.0021983614004746415,0.05264735502394241,0.08938502136907055,-0.7969087505705974,279762,28,494
1.5993493450872334,0.002147789516997577,-0.6388616301586452,0.016159418183045282,0.0576930291044189,0.20071940501160254,0.6410094196756427,279763,28,549
0.22465356651422758,-1.1602516522336472,-0.7684434827255517,0.19848055020846025,0.6100430451138191,0.6464936034586747,-0.3918081695080955,279764,28,147
0.411918698060189,-0.6247696262449406,-0.4937508836497244,0.0680216043986761,0.27886264891332013,0.2761789618917533,-0.13101874259521618,279765,29,177
1.936462724942331,-1.060282244779432,-0.6815292820939061,0.146212696153159,0.30993556597057387,0.3611141826679902,-0.37875296268552594,279766,29,604
1.2351310819727517,0.7309933742375673,0.6938204458031427,0.1132176787813482,0.23481808366698032,0.32578159500878395,0.037172928434424546,279767,29,542
1.1992829860651235,0.014282272328437012,0.47909005837072505,0.016922265276213252,0.08150730994721256,0.16675588898812863,-0.464807786042288,279768,29,464
1.183037182472166,1.966192074737155,1.208189328018091,0.08061133340051778,0.25852246212565544,0.26852105596830517,0.758002746719064,279769,29,618
1.1945559776406756,-0.026174558710487402,0.03893876847551006,0.04634624537814753,0.15134078149246852,0.16590924014306452,-0.06511332718599747,279770,29,438
0.9224725330472193,0.9576461806189035,0.39593220141700797,0.18436239281318317,0.3772596944868835,0.5363497008803906,0.5617139792018955,279771,29,432
1.2025928625870281,0.4353007084759714,1.1428345638513426,0.03210225384430583,0.1381765941114216,0.18241136925835108,-0.7075338553753712,279772,29,555
1.613494032544035,0.36450306688886774,0.35757241678997803,0.07222332715905327,0.1629454157002529,0.23916044580673185,0.006930650098889712,279773,29,665
1.2006114847251645,0.3965920759912283,0.3946708442815548,0.015628549801675745,0.05304340267306522,0.09702358824053411,0.0019212317096735099,279774,29,489
1.992408414709573,0.31224329517022026,-0.29274667257252257,0.05597535712029062,0.21625895626470784,0.23699724710282,0.6049899677427428,279775,29,691
1.6026469170187925,0.5597982987416179,0.8095985241704128,0.032778797534329024,0.20956029623887487,0.21353150960046635,-0.24980022542879488,279776,29,641
0.8000377079758478,0.8033665484089805,0.36346452095836995,0.0038887196060964765,0.04493577820236113,0.11769478849041447,0.4399020274506105,279777,29,406
1.2025617963746675,-0.4103798164847596,-0.03771296051494465,0.03190860966110266,0.09197395853239107,0.14247783853536114,-0.3726668559698149,279778,30,437
1.1905089038839034,-0.40196450906596237,0.38810666645262054,0.06087988776062656,0.1554859871985457,0.19593044356038491,-0.790071175518583,279779,30,438
1.6000238414108687,-0.40870862534173213,-0.4587261551919735,0.004426459643536501,0.06256599630865835,0.1467659089246224,0.05001752985024138,279780,30,518
2.274873560444956,0.9149557056394763,0.3826235697211237,0.1907233170855933,0.4772706778186158,0.5061391539601634,0.5323321359183526,279781,30,754
1.6082390403541218,0.9486958391709116,1.150599438862572,0.05716460268185043,0.23367114788418314,0.2680983561146192,-0.20190359969166038,279782,30,672
1.1973328791557627,0.8275918257147323,1.8329294312160809,0.03256430666450965,0.11968227390032314,0.23720190544837405,-1.0053376055013485,279783,30,566
0.7764403899087551,-1.5376235296501422,-0.9695062864550381,0.09417787785501329,0.3128446613255585,0.33235381999826785,-0.568117243195104,279784,30,194
1.598847943729344,-0.7849368282556608,-0.24347892443917551,0.021449819204286766,0.08684987568295909,0.2034951807202072,-0.5414579038164853,279785,30,536
0.6834321998099044,-0.5831670136235841,-0.44280924267777544,0.1817665372419869,0.45959244333704385,0.5400359263458525,-0.1403577709458087,279786,30,235
0.7997016437757394,-0.9023371794810496,-0.03466645092803885,0.010944287790608112,0.1801776515269552,0.12028313375896144,-0.8676707285530108,279787,30,269
2.7037859191532125,-0.5842188513140145,-0.31030340915481347,0.18320295582472398,0.3774228387555161,0.4757517851472093,-0.27391544215920105,279788,30,703
1.1999993198762149,-0.09339459913609663,-0.39415732404660536,0.0019495784483337456,0.1693515100149519,0.07283399984451974,0.3007627249105087,279789,30,468
1.979935282948168,-0.22511351287701548,0.16831380765084797,0.08750471136285463,0.26723535447509245,0.3107959517842122,-0.39342732052786344,279790,30,688
1.2004703285128637,0.4262569458632641,1.2811142195614809,0.01374163491504003,0.1050601280931499,0.18030021330073095,-0.8548572736982167,279791,30,574
-1.729728560734851,-0.11579521535742252,-0.4154403613844601,0.3150757445596625,0.8203924447664819,0.9050889254386183,0.2996451460270376,279792,16,5
-1.1687332293522184,-0.5794251127943212,-0.7953502348146212,0.2274597418251831,0.7257641107235021,0.8258255571545441,0.2159251220203,279793,16,12
-1.5543488861331702,-1.0371706543934955,0.6139497511678652,0.2782402072421814,0.8422976979801353,0.7911401924234949,-1.6511204055613606,279794,16,12
-0.38899528313269716,-0.8683068945760049,-0.8997674732399685,0.10432701026565352,0.4433943146576902,0.529293705602813,0.03146057866396368,279795,16,37
0.02011771715750778,0.21407546911690364,0.5066045736767204,0.08742479090721271,0.30328800494534847,0.3210346077592296,-0.29252910455981673,279796,17,144
-0.8727242363978197,0.3694135673935361,-0.1977361020232278,0.16856439613831095,0.49915379244507985,0.6534147485624585,0.5671496694167639,279797,17,26
-1.8126369392419648,0.15815894677777861,-0.3627805439137534,0.32475263632077306,0.8144518869257276,0.912952961906026,0.520939490691532,279798,17,7
-0.6007193137886734,-2.134519676950888,-0.4130550979248915,0.20545782818908154,0.7448558878398295,0.6983079068788273,-1.7214645790259964,279799,17,26
1.200272346805761,-0.8729246287404993,-0.7308037233989911,0.010463122747052574,0.1572013717628107,0.1560500383242064,-0.14212090534150812,279800,17,383
-1.1083189665659414,-1.2369053526924738,-0.47728747229559565,0.2289444782640892,0.7715192100038237,0.7938378322370142,-0.7596178803968782,279801,17,12
-0.774654573668408,-0.7720006191712248,-0.13900956191868963,0.1573073341787579,0.5914800577106851,0.623013750983747,-0.6329910572525351,279802,17,28
-1.8757853202025447,-0.7208724018611302,-0.4166058935579993,0.3701730929141877,0.8865191224220121,0.9255748613345682,-0.3042665083031309,279803,17,2
-0.568124402284022,-0.34555026821586876,-0.06023810765659705,0.19852322885926627,0.593701121283255,0.6503700342251117,-0.2853121605592717,279804,17,42
-0.11217479470899079,-0.4230487552861032,-0.9592756088139995,0.1797652491239254,0.5256111015902178,0.6292511261305523,0.5362268535278963,279805,17,60
-0.10234600437724625,0.7762903210506599,-0.37279855836366854,0.1745408072000456,0.46827761663529893,0.5728977697404537,1.1490888794143284,279806,17,107
-1.5890836546464462,-0.4461187185576261,-0.5082616015880514,0.29595272221860225,0.818415969377796,0.889957721962982,0.06214288303042537,279807,18,8
-0.8193292625616224,-0.1571380940401306,0.676954451953502,0.13043511367960767,0.4881883237484797,0.4843527965672577,-0.8340925459936326,279808,18,27
-0.7520460185805772,0.08167775961958615,-1.1524139828501487,0.16010329405269066,0.5115603995949951,0.7254122239539883,1.2340917424697349,279809,18,28
0.34150739986095074,-0.8097514828599814,-0.885569816500312,0.14134218493809234,0.42254174946603934,0.48025492533732667,0.07581833364033053,279810,18,135
-0.725206920049046,-0.8085376297863675,-0.10358595653282839,0.17428161163683747,0.6165941357374525,0.6404503091259197,-0.704951673253539,279812,18,28
0.39767580415637344,-0.38904941078259403,-1.8585197024412405,0.03081256844344571,0.15933554416570103,0.30538076258371183,1.4694702916586464,279813,18,121
-0.8938057013998436,-1.010866883941186,-0.5234540292604206,0.19527517694979818,0.6794119796693856,0.7229287441800563,-0.48741285468076545,279814,18,31
-1.9831854770476502,-0.6337270317438082,-0.27241517419364175,0.3933356452742761,0.8958220105135044,0.9306187449689016,-0.3613118575501664,279815,18,7
-0.7768886999073968,-0.2776162121574367,-0.36916182406835973,0.1511785230318217,0.5320089201341416,0.6398854186453314,0.09154561191092303,279816,18,29
0.40063680145840164,0.043866156006974015,-0.02897771036654474,0.0159683542736069,0.14271751992756676,0.147519676198607,0.07284386637351875,279817,18,212
-0.9830530148543075,0.5445740046963531,-0.8311769131607849,0.20861919111898514,0.5697567890083703,0.7806391381323328,1.3757509178571379,279818,18,26
-0.10308131191124809,0.20247475045424826,-0.31430099607130874,0.17495713924109343,0.4619936503307571,0.569465094283864,0.516775746525557,279819,18,99
0.8072753843171224,0.3284799371840551,-0.40954784367488134,0.05345302535494907,0.19641963784762245,0.18484974777249558,0.7380277808589364,279820,18,326
-0.3143910603974335,-0.9949748958048916,-0.7390509683206348,0.16629265193495824,0.5722680652301324,0.6221010222728561,-0.25592392748425685,279821,18,48
-0.16997793104670492,-0.20524924939226896,-1.0764846730005044,0.19779021145688644,0.5604705877902663,0.6905236312156027,0.8712354236082355,279822,18,88
0.9186432928332432,-1.151899558742063,-0.7455170478339199,0.18270492565238916,0.5294695675381283,0.5452220155525187,-0.40638251090814315,279823,18,248
-0.3892290791734133,-0.06327328109043734,-1.7979819237008652,0.0908464974316559,0.34913517333927674,0.6130237650570269,1.734708642610428,279824,18,36
-0.8880160619092389,0.9841812359385892,-0.5343776644715169,0.1721943028731163,0.454845311646083,0.6956156686354537,1.518558900410106,279825,18,38
-0.7297025437867426,0.03657993497256404,-1.09777985277385,0.17011402052523292,0.5324441958603338,0.7266774494588152,1.134359787746414,279826,18,36
-0.22147277346195277,-1.12586776658068,-0.532121798560343,0.19913820253432912,0.641421761003812,0.669782783112767,-0.593745968020337,279827,19,56
-1.0127052888795185,-1.3075456136281383,0.701182593523055,0.2131282749405772,0.747024887125586,0.6463372890905893,-2.008728207151193,279828,19,17
-1.5209098902806435,0.7630301886228869,-0.5675537065619102,0.25828977047868945,0.6788577769432709,0.8770719138458893,1.330583895184797,279829,19,12
-1.8223621319668164,-0.4949204918010734,-0.3515353401318061,0.34729742033217276,0.8646139272195043,0.9154411240415713,-0.1433851516692673,279830,19,5
-1.382365770199306,0.49902870326791077,-0.7669599381341063,0.2443481728172342,0.6700577206442131,0.8630987050545355,1.2659886414020172,279831,19,18
-0.3822034527487362,0.30574929899708875,-0.12683121735764,0.08567116393029928,0.3120217522159188,0.42202050390159185,0.4325805163547287,279832,19,69
-1.0603345417068466,0.06344324758671135,-0.7310939509257753,0.21653216971993497,0.6397318627068349,0.7966711959687385,0.7945371985124867,279833,19,16
-0.593631622991818,-0.5845094017438041,0.7502087904917335,0.20044865028222475,0.622029679668952,0.5792108719974487,-1.3347181922355376,279834,19,50
0.7993279495980569,-1.3428679241830532,-0.802416423607035,0.016627766214965107,0.2025784125382432,0.13366299297928438,-0.5404515005760182,279835,19,199
-1.208238725659707,0.3311116551349903,0.2805338353528766,0.19695390388432812,0.6016625867029947,0.7094839878938631,0.050577819782113675,279836,19,25
0.5994479883927184,-0.6681154240537458,-1.2380780435303955,0.19999933237748788,0.5665240007659199,0.6549205069519032,0.5699626194766497,279837,19,179
0.39385051857508535,-0.17889578768824332,-0.12726305513088798,0.04921823743694806,0.23462161435689344,0.23432921116553707,-0.05163273255735534,279838,19,192
0.29594498082718534,-0.7406951612385188,-0.7121122778984955,0.1754863893206358,0.5071644773435618,0.5684485375660051,-0.028582883340023235,279839,19,128
-0.7560545187332345,-0.8540596892623652,-0.4165219506391473,0.167388809746782,0.6128822119195559,0.6633881537515601,-0.4375377386232179,279840,20,40
-0.7940397746820766,0.9824456981969221,-0.7365143554388404,0.11172690769762741,0.3537980255112429,0.6448709093560143,1.7189600536357625,279841,20,54
0.8221649154263109,0.32025677914619477,0.10512025056305926,0.09151329402570639,0.2549911358185837,0.30119856605494777,0.2151365285831355,279842,20,348
-0.8283002802981059,0.034843011708875646,0.3642431130118029,0.1393372941189051,0.481228274949866,0.5395330423188898,-0.32940010130292724,279843,20,35
0.412759754460947,0.051108250578673145,0.41854159981093497,0.07029293440310842,0.23455318943339973,0.23179585206554693,-0.36743334923226184,279844,20,229
0.2128076382030141,-0.6500887406036099,-1.190569890165156,0.19959287232593437,0.5819489291751203,0.6780595321537518,0.5404811495615461,279845,20,97
-0.8967767405601387,-0.9503399662047713,0.47092477367622076,0.18663090677610694,0.6620229842429686,0.6078850818863776,-1.4212647398809921,279846,20,18
-0.4470431452654963,-0.5462143464256781,-0.6876214400690379,0.13566057712649768,0.46592986234930267,0.5614786191814288,0.1414070936433598,279847,20,44
0.4007330605744789,-0.034811161100264845,0.10429172938844553,0.01712680773971238,0.13459968522985435,0.18929936332924,-0.13910289048871038,279848,20,183
0.3995758521375988,-0.01721606516101214,-0.8593900945757448,0.01351349672728112,0.11770025827441247,0.21617219833793277,0.8421740294147326,279849,20,152
-0.4325344171607755,-0.38807411177065715,0.16152880179782236,0.11370139783765137,0.41024448321256973,0.43286587857171765,-0.5496029135684795,279850,20,53
0.005657535440154919,0.6522142910918085,-0.742705973860831,0.04745277811331279,0.22654462012150453,0.32855630228164245,1.3949202649526395,279851,20,118
-1.3231512169984765,-0.40293892597731557,-0.6698926041374174,0.24646213867296934,0.7470716758639787,0.8474689543025244,0.2669536781601018,279852,20,9
0.019866763276084623,-0.1722396486466204,-0.30367285057157895,0.0870067733178306,0.3132931455350102,0.36692579839961986,0.13143320192495855,279853,20,121
-0.38727727917332616,-0.10643431163002855,-1.308581608900679,0.09053306925930374,0.3524606122961012,0.5561022693902069,1.2021472972706504,279854,20,53
-0.7528344271416695,-0.8924676465249421,0.7275692846097003,0.1489806206519208,0.5906644143453652,0.5115956791580318,-1.6200369311346425,279855,20,44
-0.3582671118192629,0.30698116837512024,-0.6398201306090097,0.12339829494009327,0.3840995972892869,0.5343535430233066,0.9468012989841299,279856,20,70
-0.38969970446645746,-0.797541349023121,0.08914159899738984,0.08605582786538496,0.4079780491267812,0.3992714837304982,-0.8866829480205108,279857,20,54
-1.3774992765487613,-0.061395688248361495,-0.6980717487512914,0.2520499451283253,0.7305521562117334,0.8599396937774499,0.6366760605029299,279858,20,13
0.4011438238863768,1.1894377805434795,0.7940493367624639,0.02135935696281284,0.07724719312231221,0.09620750195507828,0.39538844378101556,279859,20,299
0.3980860899053306,-0.44217138203983136,-0.3034458390911059,0.027668965069057465,0.16883517487103208,0.20547099428825444,-0.13872554294872547,279860,20,181
0.7999928565061167,0.40729873153688556,-0.14082495878323265,0.0019455610457436163,0.05861286789787485,0.1915419075730689,0.5481236903201182,279861,21,322
0.8001502486655039,-0.7942737222033779,-1.5727653961841161,0.009070375200791554,0.1123307170295357,0.18928505861089656,0.7784916739807383,279862,21,195
0.8000627941980696,0.007011084632683538,-0.4274710229342702,0.00504175423746877,0.06696246059300218,0.11593081858285863,0.4344821075669537,279863,21,314
-0.003700551165380492,-0.416581618638363,-0.06878845060794833,0.04007796712110603,0.23237311985383632,0.25706187864248287,-0.3477931680304147,279864,21,80
0.7992008505653528,-1.791744036404187,-1.7931888635658682,0.020509358687413846,0.21918999633680736,0.22887925940508322,0.0014448271616811503,279865,21,170
0.3974788442630035,-1.19169582328502,-1.3157422922221667,0.03373504075390603,0.21958709483834132,0.26889573932996197,0.12404646893714655,279866,21,109
0.7999993889445599,-0.024610397431726716,-0.35294802286415267,0.0022557203230726477,0.09891324357959494,0.13564209439275215,0.32833762543242595,279867,21,270
0.3927140996726628,-0.2539979173493645,-0.8469263393878989,0.053514051366203845,0.2357864137720619,0.264851409488438,0.5929284220385344,279868,21,155
-0.3023901064286079,-0.8726729058539744,-0.5604764465739491,0.17301621314350357,0.5762005572517315,0.6229830648920813,-0.31219645928002526,279869,21,64
0.5642754541135211,-0.2543014239846056,-0.8515387277819445,0.19678354867684048,0.5086285477666037,0.6224673574814437,0.5972373037973389,279870,21,189
0.800406829832615,-0.47333842331850295,-0.8324702092159199,0.012820329087097094,0.15961201591884627,0.14175987997454834,0.3591317858974169,279871,21,243
-0.7929236077396624,1.0573348172572117,-0.983425113024815,0.11204267812839784,0.3461261788841674,0.6774157259091108,2.0407599302820265,279872,21,51
-0.2844641840965749,0.7639511027298694,-0.37723100831687595,0.18131638950944357,0.49410792949379634,0.627118644448679,1.1411821110467453,279873,22,82
-0.3721836862514031,0.5750048293712768,-0.18057486494936043,0.10267866108718345,0.3376003524991762,0.45590378359131684,0.7555796943206372,279874,22,91
-0.6741738941082717,0.48087530693773556,-1.6348327921214152,0.1897602361505692,0.5281280892490124,0.7779166360005966,2.115708099059151,279875,22,41
0.6317093826301664,-0.7168438660787518,0.10775588958974693,0.19747029243579475,0.5648886455889293,0.5768215250260498,-0.8245997556684987,279876,22,230
-1.5721303076721562,0.08999312956509298,-0.5182325687506766,0.2803505545647405,0.7670229428542688,0.8856214838649549,0.6082256983157696,279877,22,22
0.8067255798799878,-1.6267127217073543,-0.7444742159219225,0.05144106457880912,0.22544458448215018,0.22446442440653758,-0.8822385057854317,279878,22,200
1.1986791172907865,-0.75973724576138435,-0.7931444831329829,0.022948874493095607,0.13268129273323667,0.10331665351098211,0.033407237371598564,279879,22,346
0.7937937170974646,-1.1785075446735631,-0.7820598408343997,0.04944165239698546,0.1935771642834873,0.18968450378366636,-0.3964477038391634,279880,22,218
1.2006266509310264,-0.8010081652305224,-0.681514435026837,0.01582242360951514,0.07615584206192993,0.18845101584140023,-0.11949373020368548,279881,22,362
1.0393277827275145,-0.25282249267854323,-0.43673888756109014,0.19609519600172087,0.5342887654322219,0.5223347697963023,0.1839163948825469,279882,23,358
1.5547057047253683,0.7903512979288944,-0.008405448049734329,0.1267529079524023,0.33091132745605994,0.3563808921210183,0.7987567459786287,279883,23,614
-0.6309199122239032,-1.3228345462719338,0.18009169017392965,0.20097740561490487,0.6884632751909118,0.6474641068226131,-1.5029262364458633,279884,23,47
-0.40313602483517247,0.31658425203700835,-1.8987015870145076,0.07416107427462837,0.28800321876545215,0.6132415043359343,2.215285839051516,279885,23,53
0.506288609997519,-0.3897369674328827,0.40726102809167913,0.17668666189499593,0.5119504431471523,0.5154279728213028,-0.7969979955245619,279886,23,234
1.6015506237965704,-0.5865427825612334,-0.8060771701056325,0.024860603055152274,0.2077190390573698,0.10648016770001237,0.21953438754439913,279887,23,495
1.5960231650576875,-0.378628572437217,-0.4787128765930765,0.03968664341048366,0.11254756099700135,0.19110707022495246,0.1000843041558595,279888,23,542
1.1999617490542667,0.38842214534718983,0.054026201970787426,0.003976780179935681,0.06951263782241689,0.13873653765828758,0.3343959433764024,279889,23,458
2.272799842829067,-0.9605128468061818,-1.6111770450554554,0.18629360454984073,0.3834954808990506,0.47671424364335985,0.6506641982492737,279890,23,646
0.7999718322865278,1.2126672238244092,0.4288540543595435,0.003368280857261958,0.07170593923219319,0.10679484517580944,0.7838131694648657,279891,23,416
0.7994223379788532,-0.04530424058386891,0.07988832745744248,0.015190793083232679,0.13312958984523238,0.16510673593940808,-0.1251925680413114,279892,23,333
0.4000610728267328,0.7333689471996212,0.844074096446699,0.0049588793151113895,0.1498611641457966,0.12886203853642467,-0.11070514924707775,279893,23,256
0.4386735905329764,-1.2818048183290778,-1.0654018641936773,0.11822940087821229,0.4037618776597562,0.4358783375464949,-0.21640295413540045,279894,23,143
-1.071291017398861,0.39792264259449783,-1.0817369291818855,0.21482693486859206,0.6068171413738456,0.8237709213383094,1.4796595717763834,279895,23,39
0.007815655361104934,-0.8205430227489225,-1.042931671106201,0.06035207073445803,0.29708001398116096,0.37201170801668293,0.22238864835727856,279896,23,87
0.8581508502505469,1.1732108003880974,0.6402714823803616,0.14099226502692536,0.3536212976338875,0.3958125224894896,0.5329393180077359,279897,23,441
1.6113690100062408,-0.7579220013578778,-1.189948241151434,0.06647097637587189,0.20468060558828546,0.2104486391351343,0.43202623979355614,279898,23,500
0.7997597326201957,0.38244408776058253,-0.40688322109347724,0.009803766111692142,0.08675529991325015,0.10081827844065376,0.7893273088540598,279899,24,310
1.1999978743543556,-3.132213750105514e-4,1.9052020489919729e-4,0.0015119016728471094,0.04085696442638231,0.07097911713824787,-5.037415799097487e-4,279900,24,432
0.8884331279741049,1.0476711288964426,1.2871424816957162,0.16599046154588273,0.3571196021048058,0.4877709938058011,-0.23947135279927356,279901,24,483
1.895828612700391,-0.8062054501281504,-1.0004847697990196,0.1755476602904511,0.447835720636971,0.4129367889350215,0.1942793196708692,279902,24,538
1.60579711863076,-0.7774762934067757,-0.4492447726406255,0.047804727294802764,0.1499442305167913,0.17543743323618796,-0.3282315207661502,279903,24,527
1.1998290149671889,-0.7210830800984939,-0.7958542998345126,0.008298074432736856,0.16098866404700432,0.08352341861128453,0.07477121973601875,279904,24,372
1.2000017879498224,1.1275196605402718,0.010383296659439852,0.002404371530695689,0.15474279371426233,0.08008132614215357,1.1171363638808318,279905,24,513
1.1999897804741442,-0.389764792190538,0.1963968304008874,0.0025593590987686016,0.0683029485104255,0.20041629812787043,-0.5861616225914255,279906,24,463
2.3951521788402377,0.6680556290434186,-0.6162051993319644,0.11175851119521056,0.3434870154296804,0.3371308268127638,1.2842608283753831,279907,24,727
1.2022062333472472,-0.8223358140173128,-0.8337308077592863,0.029625309009466545,0.11766725298454578,0.13880967079335463,0.011394993741973503,279908,24,361
0.3993509403021653,-0.6454866555709899,-1.7144355560916684,0.020722869471853245,0.2108853277565776,0.28502433049905473,1.0689489005206785,279909,24,130
1.6000729677578298,0.0062020941802334,-0.1513427529309398,0.006804856695921272,0.05924134092270411,0.19718965202212801,0.1575448471111732,279910,25,589
0.40270973763561135,0.435008928027602,0.0344468276390655,0.03281137539631051,0.14393761273037117,0.17563653445471666,0.4005621003885365,279911,25,226
0.4001522637450104,0.7938087624489037,0.47972328414635274,0.007805728324297123,0.06306991028566923,0.16435277899371986,0.314085478302551,279912,25,244
-0.3980710021613798,-0.2967776435139489,-0.32894701409763283,0.07748236553148549,0.34702130098854805,0.4295033602694916,0.03216937058368391,279913,25,56
2.1909803790037317,-0.5876054411162513,-1.1175610949362267,0.19980314629404886,0.4400411474459317,0.4661944186287217,0.5299556538199753,279914,25,634
1.1999970749439446,0.39860243345721474,-0.027564690209098144,0.0017344267316042293,0.040709357199686914,0.10623114464403859,0.4261671236663129,279915,25,465
0.4002214590364863,0.1454342784469386,-0.3638247152976015,0.009840346422061969,0.1953438968273512,0.17813407525062225,0.5092589937445401,279916,25,181
0.8002373307035695,-0.28742986618918004,-0.37710575387213335,0.009760570485528886,0.18228727407148548,0.1146330186584951,0.08967588768295331,279917,25,276
0.8068017049254749,0.646110610244296,-0.019877244795907634,0.05171479117305103,0.23019223652073345,0.16540876733838494,0.6659878550402036,279918,25,352
1.200058295771661,-1.1852022483673992,-0.7673892660214332,0.00501349724944077,0.09825392570497282,0.11621640391502634,-0.417812982345966,279919,25,344
0.3399648866774182,0.041144420772260035,0.24454460502627745,0.14286301410253377,0.3665332021991401,0.42449913107483217,-0.2034001842540174,279920,25,193
1.9395552552212618,-0.6859443979868562,-1.3729028058974098,0.1432642280556996,0.296050774871165,0.4104131635523704,0.6869584079105535,279921,25,590
-0.32197343913843807,-0.2092532055243275,-0.5735483426484421,0.15927775849570833,0.497406160499059,0.5963376077146938,0.36429513712411465,279922,25,61
0.4014248543939182,-1.6178341726967036,-0.8661185504871735,0.028855702187236584,0.2442560154273528,0.23067762125410343,-0.7517156222095301,279923,25,125
1.2097904630362557,-0.03802265107482524,-0.5025364652168408,0.06180885348645306,0.16567360560501415,0.23425408675316717,0.4645138141420156,279924,25,434
0.4000022589641144,1.5966384612070827,0.1675770541058449,0.0016331288182389457,0.04362262104384008,0.1999944746843075,1.429061407101238,279925,25,282
-1.589663969382055,-0.30718156888299475,-0.5068203884873891,0.2926889124222513,0.8072670036606258,0.8894194331162434,0.19963881960439434,279926,25,16
1.2000069747733728,1.1989415559751946,-0.37139071837726206,0.0025491289961964477,0.062326751888569475,0.10745744343974016,1.5703322743524566,279927,25,506
1.2004115939597317,-1.1741606286259199,-1.5689511061138437,0.012931581941272146,0.11558982035728195,0.1371254498731491,0.39479047748792384,279928,25,309
1.2245463901683509,-0.14128467213047713,0.21251981491351438,0.09600017299568958,0.2941882408686678,0.3130650415409972,-0.3538044870439915,279929,25,455
1.2113449435483004,0.3800787101836429,0.42716947288528373,0.06640236007213281,0.14174606447682242,0.2068408935378736,-0.04709076270164081,279930,26,525
2.3921576530277497,-1.3601558012016066,-1.521503128182214,0.05680743431396384,0.23021837849971635,0.21197561587659344,0.1613473269806074,279931,26,653
-0.9504238280862951,-0.5109817061258979,-0.6207688279920459,0.20917811416857035,0.6634484572037139,0.7569487962498177,0.10978712186614803,279932,26,24
-1.5223895933741052,-0.03788936996161945,-0.432286495098027,0.273305874423268,0.7660234705325736,0.8714458244634192,0.39439712513640757,279933,26,15
1.5986236446650584,0.32420089624244536,0.5901629915600368,0.023716445970403104,0.1673125270397593,0.22034238663819852,-0.26596209531759146,279934,26,627
1.6022317954291345,-0.7935156192147357,-1.0183651766336554,0.029798691252908096,0.09202465644012402,0.2135751905034992,0.22484955741891977,279935,26,470
1.9905177583284008,-0.7824412110593798,-0.4629322414670378,0.06091807774607333,0.13358937108059124,0.2370582866898232,-0.319508969592342,279936,26,610
1.600131492357751,-0.3517830125087962,-0.05239429925711847,0.007781660498350242,0.13182005571583694,0.15173608430373722,-0.2993887132516777,279937,26,564
0.7810500138911574,1.2180453560909503,0.8684891191407313,0.08497583552686201,0.19545628768299342,0.2606974186838858,0.349556236950219,279938,26,410
1.199643564795191,-0.4091240342264223,-1.4038426681390253,0.011961402229169475,0.0715762039946056,0.20379353038097336,0.994718633912603,279939,26,348
1.6009004062307743,-0.40758860626340593,-0.21836496030545774,0.018983130606392968,0.06679945702488506,0.2056811284207193,-0.1892236459579482,279940,27,546
2.749212304765393,-0.4053203857784937,-0.24595912221595875,0.1765045563910917,0.3800640910602507,0.471007674930939,-0.15936126356253497,279941,27,752
0.7989179994780926,0.31363282454667074,0.034480884072447766,0.020775893644125278,0.17232979942987275,0.12673797523436967,0.279151940474223,279942,27,311
1.026994344555023,-0.07812121559603194,-1.0572119949330148,0.19816989298822946,0.4296981046897239,0.5906355076301235,0.9790907793369829,279943,27,309
1.601417866499124,-0.8149875268569584,-0.3636679231268007,0.023777938115796822,0.08918746349242189,0.13874117406238615,-0.4513196037301577,279944,27,519
1.9819294067261695,-0.37723400878679203,-0.7111823683884572,0.08310016851337648,0.18666484749586706,0.2536087525316191,0.33394835960166513,279945,27,627
1.2172895629904523,0.3544777832650633,-0.046659284937330195,0.08134430902129029,0.1864378464046529,0.228838786886842,0.4011370682023935,279946,27,495
1.599947153174601,-1.2912913814691118,-0.9768169508800286,0.006423065969300262,0.16888721553931607,0.19974391629092458,-0.3144744305890832,279947,27,441
1.1620792875588937,-0.5278131153939318,-0.9078761183311576,0.11717642003509868,0.3507306229282547,0.36050065265851833,0.3800630029372257,279948,27,340
0.7998200398794233,1.0757259600928304,-0.568027820572301,0.008504521520230407,0.18628399915673952,0.19996248105014733,1.6437537806651314,279949,28,316
1.6637639550677263,-0.13114416540411572,0.22456243111828797,0.14642334336425256,0.3015293531753199,0.39426245830908085,-0.35570659652240366,279950,28,602
2.0003435142777977,-1.5536296897102102,-0.8820878976417631,0.013710178163872135,0.13280852785584693,0.1750001898296913,-0.6715417920684471,279951,28,581
1.2202808944753216,-0.228276669509397,-0.45665044017149076,0.0877555930833981,0.2920319443410089,0.2562937998701737,0.22837377066209374,279952,28,438
2.241764222203831,-1.802765361498474,-1.601511184419933,0.195594727127635,0.4767143743002755,0.4796081429293283,-0.20125417707854099,279953,28,557
1.1940666397214938,1.3482912681435482,0.25147734261020205,0.04835520386467671,0.22531728992516806,0.2304047443360136,1.096813925533346,279954,28,522
0.7998954357404338,1.922696293794471,0.8482862999840354,0.006495815360158004,0.15952971046228698,0.133157181660809,1.0744099938104354,279955,29,480
1.9935506367278126,-0.37074972516995425,-1.4679318309355214,0.05047862077265391,0.13408502327913804,0.22546026938270275,1.097182105765567,279956,29,577
1.599935925736301,-1.1285162484935347,-0.7882175807167748,0.005450219351007216,0.15416617901308083,0.09179600483786668,-0.3402986677767599,279957,29,506
-1.5517566182830007,1.0575676962578193,-0.5296298966170377,0.25745797288616257,0.6529497629437006,0.8794530579660238,1.587197592874857,279958,29,19
1.1568752447549115,0.08639980631856352,-0.07801145540844384,0.12405707577464924,0.2575712094624968,0.3665939113132077,0.16441126172700737,279959,29,437
1.998568686729779,-0.8052385729521143,-0.8073052093093981,0.024357175717691654,0.08090384053166721,0.14698078194550027,0.0020666363572837687,279960,29,626
2.0000742589051663,-1.8860767204691422,-0.717221385495285,0.01389264554087635,0.18384735532134197,0.17643216212668386,-1.1688553349738573,279961,29,551
0.7998001569240256,-0.6496789811624971,-1.7754267930411607,0.010449893310476426,0.19683355915958467,0.22041089029067826,1.1257478118786635,279962,29,223
1.21390645001775,-1.7177507585764358,-1.210254990504226,0.07327563653674972,0.26563860791493427,0.24484809116066236,-0.5074957680722099,279963,29,297
0.7998486644008613,0.39956156385540753,1.3836863049791177,0.0077870465052156486,0.046799535951356726,0.2010255836953356,-0.9841247411237102,279964,29,407
1.1706566858557592,0.006611190049903975,0.08697614685028214,0.10428948154960131,0.25963502091046653,0.30098274569002625,-0.08036495680037817,279965,29,435
1.1999647491646708,-1.2012607986315194,-0.37903358236814383,0.0038828560306399537,0.08864804848859537,0.09610179021987632,-0.8222272162633755,279966,29,347
1.1999653806125294,0.7221588151953982,0.82601664512773,0.004402294752222375,0.15884632465434712,0.1261822148181432,-0.10385782993233184,279967,30,549
-0.15973705289990728,0.38788501546497967,-0.4361624166088966,0.1959120419838867,0.5163431338245686,0.642958888303616,0.8240474320738762,279968,30,101
1.6036903007513181,-1.2057978720365192,-1.1922101230817532,0.03824351784787833,0.10170729555163036,0.14200222055924538,-0.013587748954765999,279969,30,469
0.861280596851187,1.4874729205620298,1.0684314480038652,0.14407264647973975,0.3026919693643628,0.38909426472072206,0.4190414725581646,279970,30,495
-0.15055563033590064,-0.6058603625679196,-1.3348685543912295,0.1939265892570417,0.5772474659779177,0.6923578353047701,0.7290081918233099,279971,30,65
-0.370791400461393,0.7164292991969883,-0.04565879554425687,0.1045225655744294,0.3148740621837036,0.4466536328230787,0.7620880947412452,279972,30,75
1.9908660320248324,-0.3666346852682204,-0.228522422543144,0.06000352041334482,0.148159827664842,0.2563354348719736,-0.1381122627250764,279973,30,653
1.1994750404684558,-0.31528046652396663,0.3292153897601029,0.01448502426857207,0.16691527102596118,0.15999669116625864,-0.6444958562840695,279974,30,470
1.5586024355496853,-0.6016585162182333,-1.0571961492695539,0.12184119759350914,0.34820317737582157,0.3613109077979874,0.45553763305132056,279975,30,479
1.1999823325924157,-0.40043413292236113,-0.7146087728932263,0.002927286974982458,0.04977711966698145,0.16523669588050682,0.3141746399708652,279976,30,374
0.6928527016291818,0.6196184014477292,0.38167279630226103,0.17713942479418768,0.37095427436739903,0.5134296888675386,0.23794560514546814,279977,30,339
2.0748145266685256,0.8677429882668866,0.10089175518916559,0.15669494873748505,0.39047894669174693,0.42306719598162906,0.766851233077721,279978,30,709
-1.2159153251365704,0.09207705153056349,-0.949483458042348,0.2222127776233989,0.6620726695127951,0.8416391469198308,1.0415605095729115,279979,16,17
-0.012528533099336808,-1.0274718447786084,-0.28877691671023886,0.07142196472229646,0.32625919434280204,0.3248366999337622,-0.7386949280683696,279980,16,76
-1.3890898697291716,0.008836620340611794,-0.5962016650831814,0.2517936582515236,0.7255082744784569,0.8549012910724266,0.6050382854237932,279981,16,19
0.004575747142784724,0.09208000418874097,0.15249246268761568,0.042738562249906485,0.22440934715029723,0.2594695919122233,-0.06041245849887471,279982,16,130
-0.44362613557708924,-0.3573612464244115,-0.5426282320909059,0.13016222617230774,0.43878773956990125,0.5370827837814947,0.1852669856664944,279983,16,57
-1.2823556998849477,-0.6898042668005316,0.3067943716480151,0.22694805832462633,0.7465785954748599,0.7438870767111203,-0.9965986384485468,279984,17,14
-0.4025465737524622,-1.2541479484339326,0.16907859790660157,0.08810557414105942,0.45661096520093525,0.3912866800811989,-1.4232265463405342,279985,17,50
0.3999981953363496,-0.39998758001583945,0.19100679203961643,0.005504017145675557,0.13847653635727677,0.2023215916717223,-0.5909943720554559,279986,17,197
-1.5062866208968704,0.898939080718371,-0.5696453805912404,0.25345894666498214,0.6580608245726106,0.8739007364511002,1.4685844613096113,279987,17,15
-1.1313776738054273,0.4487155196059798,-0.9960616180790535,0.21083093621180404,0.6025336358913566,0.8272449197533769,1.4447771376850334,279988,17,21
-1.0484162842435503,-0.3782600738596843,-0.8450648146849892,0.22182528769396753,0.6863765772239351,0.8057612393560606,0.4668047408253049,279989,17,22
0.3999606663937374,-0.14898407216548668,-0.29219731385843567,0.007729265422591995,0.19636516124752687,0.1966423096776154,0.143213241692949,279990,17,189
-0.03339753548394074,1.2302529666354303,-1.1679083781206305,0.11065477094296045,0.26001920455122934,0.47296161547080073,2.398161344756061,279991,17,130
-0.3251458455654679,0.4192563141368789,-0.7591794864177143,0.15629585496288276,0.45449088162739,0.604262256802845,1.1784358005545932,279992,17,80
-0.8155553068764868,-0.7523053307098705,-0.44817610399460905,0.16351003850083087,0.6011164694571522,0.6670837844516552,-0.30412922671526144,279993,17,30
0.7992346206784537,-1.033753050265723,-1.5530905540716573,0.017947189151411025,0.2053300257608748,0.19706222934615733,0.5193375038059342,279994,17,205
-0.003356991846649199,0.206693014532362,-0.4583557859811589,0.03759116002052602,0.22547602800415487,0.2887942270661567,0.6650488005135209,279995,17,108
-1.7271994251998632,0.04868667089030505,-0.41578648913377353,0.30986696856907664,0.8058563881214015,0.904208917016734,0.46447316002407857,279996,18,11
-1.5139626975727907,-1.0885021567458044,0.10815406889726732,0.28275706376832555,0.8424920795073872,0.8337965011080603,-1.1966562256430717,279997,18,7
0.3999249571386598,-0.2702571542197985,-0.3527363406033081,0.008594238313485748,0.1937156593030656,0.17985108117258636,0.0824791863835096,279998,18,169
-1.5357723963067305,0.10522837997631149,-0.5586682119512034,0.27447599749536417,0.7569857162212166,0.8817336058621414,0.6638965919275149,279999,18,11
-0.41452193892998995,-0.7998940212262077,-0.31129155753388515,0.10003950185026983,0.42672188726345056,0.4604881915721038,-0.4886024636923225,280000,18,41
0.9749305013969887,0.4445982806058628,-0.850834168796621,0.1984225805382659,0.4096565316526417,0.5798237610714952,1.2954324494024838,280001,18,346
-0.4792321802601271,-0.3269450741125131,0.11230307273369607,0.16079404483020932,0.49960792049511976,0.5362923876565275,-0.43924814684620916,280002,18,48
0.3607459986269813,-0.69018549598304,-0.5730668721338077,0.11900303065268578,0.3616140925666757,0.39925774944588416,-0.11711862384923233,280003,18,150
6.127721560130539e-4,0.6556211669942554,-0.7146777161977222,0.019943105270556784,0.19991422467638637,0.29853862743178844,1.3702988831919778,280004,18,111
0.4005257387994717,0.2670680746202719,-0.6191446019794614,0.014699010294498743,0.19238360518595327,0.22163867599310924,0.8862126765997334,280005,19,196
0.6059743701430857,0.310079063195921,0.4498617424209887,0.19991074746776646,0.49081473636205547,0.516444279079358,-0.1397826792250677,280006,19,288
-0.40747705696795977,0.4397398866293307,-0.8176939904845288,0.06828319791076712,0.26856157085984017,0.4749347519397322,1.2574338771138596,280007,19,53
-1.099071899133598,0.7055425569906899,-0.5952016491939844,0.20439575788576195,0.5648689546958762,0.7863425660947505,1.3007442061846743,280008,19,35
-1.0108657391542373,-0.38203034134515174,-0.28423080447357557,0.21576817004607796,0.672192783088843,0.749420195306818,-0.09779953687157616,280009,19,20
-0.40279650343727563,0.7739361636934904,0.6492632691964974,0.03803568048473719,0.19790659023746215,0.27213272566406466,0.12467289449699304,280010,19,92
-0.0022170237635901337,0.25063824735041856,-0.8223558681119384,0.03239481656268372,0.21472279668404123,0.3168301917227415,1.072994115462357,280011,19,106
0.8049666108689151,0.38817963659142507,-0.056480671494534916,0.04429421905422074,0.10645932742282835,0.17949624813904116,0.44466030808595997,280012,19,361
-1.0460311368717663,0.9867179634934383,0.3435692787721175,0.2024016335841692,0.5316211819397516,0.6819522824615862,0.6431486847213208,280013,19,36
-2.331767792934112,-0.4158736183615596,-0.165107690835819,0.484642966343319,0.9238666743141984,0.9553511300630486,-0.2507659275257406,280014,19,5
-0.303066112422815,0.42376584914827653,0.5586550150182928,0.17141448008756963,0.48622221529956156,0.5279829899157461,-0.13488916587001631,280015,19,101
-0.3760086641383819,1.0897051904911257,-0.27171179667784207,0.09532227187109153,0.28336198389828265,0.4521837015328441,1.3614169871689676,280016,19,99
1.2031756080525797,-0.5112262357398697,-0.6176659380372669,0.0354993130098032,0.19822933188997452,0.22048165415993443,0.10643970229739719,280017,20,381
1.2000276057267556,-0.8252273569545485,-0.4574082713503982,0.003570544086530897,0.10170104437892158,0.1418905842881786,-0.36781908560415033,280018,20,384
-0.5583778647578607,0.13167607296402226,-0.2168893064413227,0.19625074131722212,0.5496160876880267,0.656809208341839,0.34856537940534493,280019,20,51
0.7999824197768116,-0.4794325539258327,-0.4582212688330104,0.003962384836775256,0.1614069306025142,0.14630523155876665,-0.02121128509282233,280020,20,256
0.7997026222197936,0.8030225924147991,0.3845795030080476,0.010902579521322708,0.04722730932044215,0.09005359721354014,0.4184430894067515,280021,20,383
0.14478898627249362,-0.08721687035071114,0.39715874262905615,0.1922284201896977,0.5463544634324449,0.55334074187005,-0.4843756129797673,280022,20,148
0.40478408315524356,0.662541124484943,-0.7257348281145496,0.04348583277816812,0.2170534154241533,0.25121661788377264,1.3882759525994925,280023,20,229
0.399742565654753,-0.7566768293106678,0.023420085539098967,0.010943542286092792,0.17765018805944893,0.1408573942231943,-0.7800969148497667,280024,20,178
-0.8080470422850959,0.6209520336458915,-0.9833896344789526,0.13135215558577668,0.41192579882310715,0.6916211042966234,1.6043416681248441,280025,21,42
-0.44702209945284566,-0.7819761020277499,-0.13909442711269432,0.1349761213299789,0.4858251167335481,0.5055641204531375,-0.6428816749150557,280026,21,44
0.3968448601796876,0.7896922166156065,-0.01565845287009436,0.03538526728134458,0.11068876612871285,0.1682333789921876,0.8053506694857009,280027,21,218
-1.6954587155853404,1.4033700057010816,-0.42710965128694195,0.266832783020232,0.6442562166226187,0.89551046016074,1.8304796569880235,280028,21,22
-0.8549641701565702,-1.0578508924721484,-0.7779627671109282,0.184666513789712,0.6644069758043433,0.7278395559838787,-0.2798881253612202,280029,21,19
1.5950663133130758,-1.1843866074083493,-0.47446819119222,0.04414969344216978,0.11576321564883642,0.19504631763779548,-0.7099184162161294,280030,21,468
-0.50863854302706335,0.6022322783616418,-0.8998715619820435,0.17832852985787914,0.4685088510649805,0.6656088568422188,1.5021038403436853,280031,21,47
0.40731783969696317,-0.0366092565820635,-0.28076350419061025,0.053607533737483615,0.18422654455145307,0.2578679973255442,0.24415424760854676,280032,21,199
1.2007943692520893,-0.3402130881078276,-0.7850489548422221,0.017809455649770576,0.14944933400391838,0.10709404546777873,0.44483586673439457,280033,21,384
1.1968958127441358,-1.5466487263307098,-1.2634203604731962,0.03510823594619261,0.1703854581044158,0.18473801828703298,-0.28322836585751365,280034,21,282
0.7991227741922574,-1.3766394963491915,-1.7544544858269002,0.01972645285505814,0.21063982884346769,0.22383146454771985,0.37781498947770875,280035,21,178
-0.9597818323805946,0.17295772455497055,-1.1690996214123242,0.20877389561596568,0.6003214887466196,0.8000939062866671,1.3420573459672946,280036,21,26
0.8019168171619053,-0.966729605833526,-1.2661427213681031,0.02769140867376959,0.21232381028789185,0.1926160895841711,0.29941311553457717,280037,21,204
-1.1877910043397413,-0.1758784006262765,-0.35124599352687885,0.2151368839764418,0.6761551806498409,0.7861339302313466,0.17536759290060236,280038,22,13
0.399798985505459,-0.3862462385636858,-0.02616312166907293,0.009410970285471788,0.14150494694198062,0.14188974491075484,-0.36008311689461286,280039,22,164
0.04142159072860397,-0.3604343965586008,-0.4187810413761578,0.12192114179236808,0.39936701425361365,0.4533016925060158,0.05834664481755697,280040,22,102
0.39986981266313276,0.014609522727306182,-0.3495158058778527,0.007839978577858134,0.112391390133329,0.18032813091952657,0.3641253286051589,280041,22,198
1.1997515677239454,-0.3743922849521965,0.009260788357531526,0.009967456100846511,0.10124816083329849,0.08266106004977666,-0.38365307330972803,280042,22,451
0.39973630098731594,0.3440990691605557,-0.03784493735286344,0.010324529212675022,0.14306012770980417,0.1487469442116872,0.38194400651341914,280043,22,202
0.8000034838615031,1.2233597716093942,0.41700857362898774,0.0013879122488618296,0.09439812114976333,0.08719344310271958,0.8063511979804066,280044,22,414
-0.7569573458828787,-1.4597181773204566,-0.0338287879753945,0.16856868636408107,0.6707876471206508,0.6268565479739955,-1.4258893893450622,280045,22,34
1.1997119196254906,-1.1275484994237164,-1.0447862680144544,0.01082225607584756,0.1585940675624376,0.1976213794290041,-0.08276223140926198,280046,22,332
0.7900790889834711,5.317228211561306e-4,-0.744541681678912,0.06220893761459817,0.15842683757416504,0.2233804254915942,0.7450734045000681,280047,22,261
0.3975038730596525,-1.3979794615783172,-1.5815820815147288,0.03550412580096944,0.2477596520253802,0.28980474804734574,0.18360261993641158,280048,22,108
-0.41365944778678465,0.6733118394907049,-0.1332083363150049,0.07561406203879305,0.2732588745467942,0.40313532982670763,0.8065201758057099,280049,23,67
-0.49952612780043065,1.0091613142240086,-0.5810099528449088,0.1730751617286456,0.4289025490838265,0.6288079994316332,1.5901712670689174,280050,23,82
-1.7516901098838158,-0.5652433322830953,0.11770377813515795,0.321085121224397,0.8522915543795541,0.8758521932204544,-0.6829471104182533,280051,23,10
0.8116526908370154,0.774436026034062,-0.011876712432381637,0.06727028522432521,0.14659169493021865,0.20530558570200486,0.7863127384664437,280052,23,376
0.799973073924555,-0.06816899229126727,-0.015819491310401373,0.003374796088141014,0.15114196360138307,0.08958227630996625,-0.052349500980865896,280053,23,311
-0.02040120568298092,-0.26697936924824267,-1.4275830424710747,0.08865327902930799,0.30974116193473994,0.45107129003567237,1.160603673222832,280054,23,79
0.8013429151112822,-1.1099101420700466,-1.2585930384961257,0.023275124164158556,0.18987561182809565,0.18443536006043054,0.14868289642607913,280055,23,216
0.8000193218436386,-0.41946552673671034,-0.3968753311080731,0.003279569101540422,0.09886019096848332,0.09570529996470944,-0.022590195628637233,280056,23,267
2.103859236632768,0.4011427173819677,0.22088070141675978,0.17558175492261655,0.4031476553938622,0.4607915079896504,0.18026201596520794,280057,23,698
1.1983304348485515,-0.02653484765283703,-0.3262632170189303,0.025788586652671554,0.11838983681343614,0.16828722694706652,0.29972836936609326,280058,23,423
-1.2400417403130983,0.9934279979925609,-0.35497981512319,0.1967175358418668,0.5349000507642409,0.7834203516723266,1.3484078131157509,280059,24,29
-0.7175192900590107,0.22718922412112907,-1.140454893325521,0.17329176694182394,0.5214832473093713,0.7317851147584369,1.36764411744665,280060,24,33
0.8054551786649323,0.39538768508909417,-0.2895552850925872,0.046393040490039776,0.11139772857759418,0.2250874407459846,0.6849429701816814,280061,24,321
1.600025436983044,-0.8093101973998612,-0.11206413686583197,0.0051601476787705575,0.06549856248799805,0.18460877987566174,-0.6972460605340293,280062,24,545
-0.3222137336629069,0.7829718415425858,-0.31731091159539776,0.15838854184463452,0.4372702116812791,0.5755080149735525,1.1002827531379835,280063,24,81
0.800014086314045,0.39316865953674873,-0.4056704010711373,0.0025242004085197947,0.05743176599905412,0.09633247588480755,0.798839060607886,280064,24,317
-0.09624448056005114,-1.0175100841710543,-0.5903140289312003,0.17117182679997633,0.5434662764855658,0.5796568513286627,-0.42719605523985393,280065,24,72
1.56314391992103,-0.272923619635023,-1.1118350801150427,0.11568954750973141,0.2979653351608502,0.3200899339731986,0.8389114604800197,280066,24,518
0.4279111347043875,-0.2137576702486469,-1.0734748383979924,0.10191170819417811,0.3336601573805775,0.3964332607418481,0.8597171681493455,280067,24,169
0.7223834929409557,-0.2633066454953426,0.08159042996326656,0.15818432660543164,0.3669676402529633,0.4130686994584828,-0.34489707545860915,280068,24,301
0.4010408696545043,0.2836393474107299,-0.18040940147668166,0.020399692231398165,0.18894798335384017,0.21298346577483288,0.46404874888741154,280069,24,215
0.8005163640183308,1.0768100627456252,0.40425962051977726,0.014362605322227186,0.18764147950478674,0.07808139722775562,0.6725504422258479,280070,24,399
-0.7333742114015859,-1.252363763061837,0.23349538884902318,0.17035363253209976,0.6522425154557019,0.6011635815009873,-1.4858591519108602,280071,24,33
0.8003464009656481,-0.9230963039894025,-1.4263290719202326,0.012661349545403515,0.19007069604784427,0.21385157704135,0.5032327679308302,280072,24,213
-0.5931924335685922,1.1095951042147498,-1.9554110993046363,0.20023302212027028,0.49136034277543317,0.7885148144425701,3.065006203519386,280073,24,69
1.5996499291618094,-0.7764938360521263,-0.39441204309539524,0.01185803801105131,0.0977039903269533,0.10112720724754597,-0.38208179295673106,280074,24,492
0.8003009573532947,0.467168896698609,0.4349255024327152,0.010968532169204263,0.15206035792361686,0.11915402642083604,0.03224339426589379,280075,25,371
0.7999934717207313,1.2181288342589387,0.9762786971450793,0.0020474389211962607,0.08411160489467025,0.1989301361309043,0.2418501371138594,280076,25,453
1.1815930371502925,-1.3057787856280716,-2.4634879323637877,0.08381265409184606,0.27787963567097707,0.32681079873399177,1.1577091467357161,280077,25,264
2.315275369682036,-0.7106139477959286,-0.7906617334027835,0.16358583620063807,0.36128184813315356,0.4243881846120095,0.08004778560685488,280078,25,682
1.2108580403076257,-1.2513765745112135,-1.2693165184978823,0.06500286860028141,0.20938648352057934,0.23109398734901307,0.01793994398666876,280079,25,294
0.8200538720484558,-0.26716669190331127,-0.37450622359416763,0.08728915144242017,0.29080570444355125,0.2906592109087218,0.10733953169085636,280080,25,316
1.2139791380957656,-0.5101972259566839,-0.08114565697923774,0.07345911289741086,0.2495788910445569,0.24186069076718889,-0.4290515689774462,280081,25,403
0.23372068243417105,-0.9825631717718791,-0.620406032146328,0.19713996144996687,0.5897671052586423,0.6311343589834473,-0.3621571396255512,280082,26,103
-0.060351547055220923,0.6462171690708021,-1.001425290756755,0.1431819113952168,0.3970895207978196,0.5358250156433224,1.647642459827557,280083,26,101
1.6068301715378728,-0.4566097734955062,-0.7760138622580496,0.051821465935384343,0.17158475516210472,0.17341821240330627,0.3194040887625434,280084,26,502
2.282187706261943,-0.5388212077746629,-1.0079842732531736,0.1823877867410699,0.3775842664449399,0.4359226647447461,0.4691630654785107,280085,26,675
1.1999891012747235,0.45067906673989216,0.008033310889553688,0.002343112561835783,0.13331987703541193,0.07686510377415734,0.4426457558503385,280086,26,470
1.9593541644833583,0.05198777025301809,0.09708080132240704,0.12093421274430091,0.27246855643611056,0.36013589668075985,-0.04509303106938895,280087,26,696
0.40091842849258497,-0.6036778915596278,-0.7178134479596041,0.02010952636385002,0.21356689514905527,0.22064913005116624,0.1141355563999763,280088,26,144
1.5975247137983812,-0.5922330510299232,-0.7859309530907688,0.03137062574332067,0.2132673705251813,0.12028615263221762,0.19369790206084558,280089,26,497
0.7987456657986629,-1.6752611804219368,-0.06298911881390205,0.022387553837851053,0.19534908953144953,0.15891654576261824,-1.6122720616080348,280090,26,210
-0.003707059782611458,0.8062034927573216,-0.11746181341525881,0.03838221939282006,0.13181919409132548,0.2609608494918718,0.9236653061725805,280091,26,137
2.402177970738881,-1.6079324329598588,-1.7100976259398095,0.03486827307257498,0.09290939281145374,0.2041903748460231,0.10216519297995075,280092,26,646
1.6003786086441196,-0.3860125985112184,-0.8103440451956844,0.012321974427496373,0.0810496499738374,0.09443941667886196,0.424331446684466,280093,26,517
0.40264253507168585,0.8237676982298457,0.4056619258980924,0.03240421849854536,0.12544733612789427,0.13613409636142568,0.41810577233175333,280094,26,286
1.9414771618835056,-1.085554435423453,-1.5592476498967431,0.14136667337510953,0.2906110482079657,0.36791441422167764,0.47369321447329016,280095,27,555
0.375106010968316,-1.1385405506572193,-1.086462285034811,0.0966893874379867,0.33267679369737474,0.3734359380743923,-0.05207826562240836,280096,27,134
1.8693873411522688,-0.9076920631808244,-0.9734808258946227,0.18757786337414709,0.40821114685824333,0.443967389953887,0.0657887627137983,280097,27,553
0.8001451210714225,-0.4792359138172769,-0.39327805429970975,0.007686854438857692,0.1620547157674088,0.09932907076946787,-0.08595785951756718,280098,27,256
1.1999722218617175,0.42584811729239797,0.36243304794625464,0.0034842632137858155,0.09909263577292923,0.12380208998414771,0.06341506934614333,280099,27,501
0.8000973355209648,-0.033174607745258954,-0.15134500745641016,0.006266127713643158,0.11290679715781386,0.19510017514241856,0.1181703997111512,280100,27,281
1.2301160865386729,-0.41529653778005987,-0.4139891410951025,0.10554362428428096,0.25757713079064226,0.29040210265533284,-0.0013073966849573848,280101,27,384
1.1991886754978551,-0.39727730221172064,-0.8214327154841167,0.01799739985212612,0.06282583242779877,0.11385733409631901,0.42415541327239603,280102,27,405
1.2002062196431311,-0.277322848792484,-0.32267717360022374,0.00909144294563795,0.18584826783565483,0.1606001613105153,0.045354324807739765,280103,27,430
1.1999920310159793,-0.6481243260171767,-1.44240643992582,0.0053073369973416044,0.19472094577585314,0.19780230461378492,0.7942821139086433,280104,27,341
0.4002411797825346,0.015326251971758015,0.12191716490611412,0.009880247641782317,0.11456668968538354,0.1913009734369578,-0.1065909129343561,280105,27,190
1.5992035595195175,0.03695749884255639,-0.4323912169456841,0.01785263719176493,0.1209507995365739,0.1295585717035416,0.4693487157882405,280106,27,571
0.8089327322286702,-0.42180656288221385,-1.5220747905362313,0.05910497043364014,0.17310716955951894,0.2735288957902792,1.1002682276540174,280107,27,246
1.2296074329999196,-0.8512602480843313,-0.5130410565068342,0.10472045512171917,0.24793326761617573,0.32053740310735623,-0.33821919157749714,280108,27,404
1.988789850381403,-0.7877535416877419,-0.9848101159865313,0.0660402633540655,0.1503986970383449,0.257610279881521,0.19705657429878942,280109,28,604
1.200490196225354,-0.7115807607679567,-0.012795911889486134,0.01399611431979139,0.17005554275612755,0.09021282780450023,-0.6987848488784706,280110,28,435
1.2313978676743493,0.37430608627750855,-0.05256346809715097,0.10757937276568007,0.2524168599563298,0.2743399898584979,0.4268695543746595,280111,28,514
1.200025425088487,0.39564780906709524,0.19007311182482758,0.0033887503178500786,0.04838948171685267,0.20026427824566612,0.20557469724226765,280112,28,473
0.4001359136013692,0.36876156137157745,-0.3497999456572449,0.007685256187722282,0.11392375369662325,0.18058399663635552,0.7185615070288224,280113,28,190
1.2245571026833195,0.7434576029233037,-0.25116703188674677,0.09601974364343785,0.20830776372481122,0.3141481852960112,0.9946246348100505,280114,28,500
2.414014129551586,-0.8692177721274871,-0.6822971167037863,0.07849680236168245,0.19886448109062865,0.28381969073614116,-0.18692065542370073,280115,28,691
0.8122293743171897,0.7252718852242651,1.22721985097964,0.06886358732809869,0.2164928153436379,0.22143539262798534,-0.5019479657553748,280116,28,463
0.398122762556723,-0.30195236959808447,-0.7989074863166125,0.027496029415468245,0.19258753848880023,0.22184500798047363,0.496955116718528,280117,28,143
2.2226768794015577,-1.8143207285467147,-1.2503287347970289,0.1987135010373221,0.49940090831099127,0.45510917178760435,-0.5639919937496858,280118,28,599
2.028272150636711,-0.4213626656727409,-0.7778683727423751,0.10253152474134407,0.23420814110369542,0.2810784459568671,0.3565057070696342,280119,28,646
0.7999968616086668,-0.39031473797650323,-0.36351729722151055,0.0026501559041050143,0.08685610997378825,0.1249945632714854,-0.026797440754992685,280120,28,283
0.808866347156339,0.47118171494098676,1.1101497855831333,0.058889123073612576,0.21097610701652847,0.22245891436090343,-0.6389680706421466,280121,28,434
0.8197503266902363,-1.2616643332816566,0.1084088204636417,0.08666065437064041,0.28518678776870415,0.2915455495228791,-1.3700731537452984,280122,28,262
1.2029603909014133,-0.4191745208448946,0.394790572370348,0.03428411255493078,0.11132908197045907,0.12412756393856743,-0.8139650932152426,280123,28,459
1.5012921014280762,-0.5023926965041696,-0.5400933292238906,0.17245263562390795,0.4489232200671705,0.46243902686526894,0.03770063271972102,280124,28,500
1.8119236523818187,-1.2083544699834838,-1.0311148700597907,0.19964429540405057,0.4211029151002509,0.5518175827174164,-0.1772395999236931,280125,28,533
1.2811401946162355,-1.6398629666380555,-0.8182009669760716,0.160848848998154,0.45802418245144705,0.46515546718900946,-0.8216619996619839,280126,28,356
1.3319008874198381,1.3401218184505366,0.18886540401558552,0.18804923991550576,0.4100529390755595,0.46305911201180205,1.151256414434951,280127,29,548
2.397754050873323,-1.2233349355751293,-1.384266770020439,0.0389013324647197,0.13169673725190117,0.22551813169126564,0.16093183444530967,280128,29,695
2.381410023486157,-0.7538019426655272,-0.694488439036745,0.08737095096326719,0.19672495760845352,0.2952781626009802,-0.059313503628782294,280129,29,700
2.81464740314763,-0.8210324045740407,-0.8617921161940759,0.13935396224802782,0.2965136810029659,0.3906253117639473,0.04075971162003522,280130,29,750
1.197487151838103,-0.5222323270184369,-0.6157353493410056,0.03160514785159769,0.19989248604375348,0.21461947545746185,0.09350302232256869,280131,29,385
0.4021741956104742,-0.5907206696126402,-0.015678543810338348,0.029440579664310556,0.22081309807825233,0.15874932139849413,-0.5750421258023019,280132,29,173
2.349721355971138,0.7045124685626013,1.0162452162474147,0.16652419800346202,0.42461119427769317,0.5201886414053748,-0.3117327476848134,280133,29,763
1.6263382800568398,0.3575963680903353,0.5579140684159121,0.09920852911700045,0.21378189445069543,0.3202739470127195,-0.20031770032557678,280134,29,668
1.5999112493749206,-0.813541455567358,-0.37633296510494574,0.006227008158866395,0.07641768872867902,0.11250419097188875,-0.4372084904624123,280135,29,526
1.576509648127002,-1.1556595398879923,-0.8443158591081308,0.09404445062647249,0.20689264118078238,0.2765922989847981,-0.3113436807798615,280136,29,454
2.344982535488332,-0.16334108395432834,-0.32242867290089566,0.14034528685520367,0.33549884602664165,0.39969536918869425,0.15908758894656733,280137,29,697
1.2000271706643044,-0.0034317713523638,0.4822729918025126,0.003535411240819067,0.04666270005093988,0.1638771154021744,-0.4857047631548764,280138,29,500
1.2002639258911156,-0.0017243588590186841,0.2611390844062061,0.01027633322943576,0.04673746237002174,0.19274209948157017,-0.26286344326522476,280139,29,509
-3.8248174239296226e-4,0.4035281803510681,0.8119045615926522,0.012588567128912806,0.14019686698536113,0.1426321389841416,-0.40837638124158415,280140,30,147
1.9912507987666528,-1.3267312862259497,-1.2042765474674768,0.05852442955651085,0.23333609544598843,0.18034184557144947,-0.1224547387584729,280141,30,571
1.2050816490637026,-0.8232493231576925,-1.294530196102268,0.0447982758865483,0.13953858308628436,0.21010588091059118,0.47128087294457544,280142,30,339
1.1985489138345033,-0.366863590451693,-0.8431014820960702,0.02404924295193675,0.1217096917286151,0.1454299236421642,0.4762378916443772,280143,30,374
1.594847995713376,0.01089529314811479,-0.18829396051030894,0.04510597698443044,0.10341929942163977,0.23097947293195512,0.19918925365842374,280144,30,573
1.5973478959692613,-0.014409073948636839,-0.11192389279879816,0.032471562900866606,0.1104360289535585,0.20229324793661813,0.09751481885016132,280145,30,550
1.299059163791808,0.5352992171787005,0.47267820247134334,0.17265847415752847,0.4201410189266468,0.49282896381178487,0.0626210147073572,280146,30,554
2.4166887947530347,-0.9533038788731736,-0.0842899216935916,0.08707192050567868,0.24563457861820043,0.3370281773814173,-0.869013957179582,280147,30,695
1.3417745896413387,1.3313674265423014,-0.21437313698281762,0.19133688847353933,0.4189390079600515,0.4759986066310587,1.5457405635251191,280148,30,561
1.2003694250325858,-0.014392856825726538,-0.7741218590486417,0.012153541927348088,0.0792321949959389,0.11290953757161158,0.7597290022229152,280149,30,405
1.6041535713042765,0.5633661569661209,0.8593544165629189,0.04073186682259871,0.21670445242352274,0.22781952263189212,-0.295988259596798,280150,30,658
1.1956125444484211,0.39009963634707084,0.40822721739873824,0.041662185224355386,0.12063371214087223,0.14431145180990285,-0.018127581051667396,280151,30,496
1.60021289904772,-0.4068982125927743,-0.32635810125353254,0.009372053405912044,0.05914243762093803,0.16014975502638937,-0.08054011133924177,280152,30,547
2.1202820000603064,-1.043832516258597,-0.8712042303233969,0.18342746149879116,0.3735736389604885,0.4558932991639174,-0.1726282859352002,280153,30,650
1.2750098797234748,0.19806274345511807,1.254442710656949,0.1561328781923503,0.3832001041320267,0.45206733530332527,-1.0563799672018308,280154,30,540
0.7999379843708843,0.41331827592043424,-0.6205077004389408,0.005032692975714563,0.07452714034468086,0.20115363480122542,1.033825976359375,280155,30,300
-0.254545895090274,-1.023973828583107,-1.1501525968785935,0.19321882758512862,0.6259745117027812,0.6984526897416599,0.12617876829548647,280156,30,48
-0.9920381073572953,-1.3436856725565338,-0.6183666241361894,0.2225857997028342,0.7554798451645053,0.7781089551540812,-0.7253190484203444,280157,16,16
-1.0249039952572172,-0.2609970820542223,-1.200189453280269,0.22203158914871132,0.6724507325418054,0.8251337385116582,0.9391923712260468,280158,16,22
-1.0817777697017477,0.8283550252579877,-0.38235177854959423,0.2030668016160706,0.5498583536073826,0.7633098902400703,1.2107068038075819,280159,16,31
-0.8565353241433526,-0.3025075754918379,-0.24068018157985735,0.16927418263165014,0.5666414211731952,0.6569934651503956,-0.06182739391198053,280160,16,28
-1.6137954076037337,-0.4779209171391608,-0.1668543447166326,0.2950627407577235,0.8220469836022133,0.8719087671456742,-0.3110665724225282,280161,16,12
-1.5092281919315789,0.2818160511858531,-0.5806223527440232,0.26683439714249296,0.7317692655543997,0.8776030785546887,0.8624384039298763,280162,17,12
-1.7916041867923596,-0.793809078669163,-0.17987510240163673,0.34460296977293103,0.8760770324809749,0.9029468011319058,-0.6139339762675262,280163,17,7
-0.5046911424311628,-0.2232423937543114,-0.5290251644006917,0.17733373408447736,0.5290446556084691,0.6337575648419793,0.30578277064638026,280164,17,35
-0.7671637169924099,1.3244639333034005,-0.1625730812443733,0.11770503586946067,0.3502834710128725,0.5757062275766158,1.4870370145477738,280165,17,55
-0.8279832701713882,0.7477007413439012,-1.0371357455051702,0.13732880994237562,0.4092803183679455,0.7050785253931654,1.7848364868490714,280166,17,29
-0.39972272037433493,-0.5704188389911482,-1.5801069672670551,0.10149323326915542,0.409342009138079,0.6001380114759535,1.009688128275907,280168,18,36
-1.1608478037719825,-0.5879271043441571,-0.14589463710723485,0.21695218966314236,0.713871979030676,0.7648297924618315,-0.44203246723692224,280169,18,28
-0.011424571300421533,-1.0891081429863283,-1.0327147345084875,0.07190707781457507,0.3317486039366501,0.38739449561096695,-0.0563934084778408,280170,18,69
0.7952471467143847,1.2078785173589315,0.7579943990384563,0.043342269064556745,0.09783438581870801,0.17471201512684922,0.44988411832047515,280171,18,388
-1.591915657262143,0.2921292765431922,-0.33257044894778537,0.27609257622490446,0.748310765682441,0.8759237316213906,0.6246997254909776,280172,19,11
-1.556264349821364,-0.6706784872628843,0.25004005822507896,0.27963950576045005,0.8199511070713871,0.8268547063561803,-0.9207185454879632,280173,19,7
-2.331767792934112,-0.4158736183615596,-0.165107690835819,0.484642966343319,0.9238666743141984,0.9553511300630486,-0.2507659275257406,280174,19,3
-0.34673818097610254,0.5812519493603915,0.2801100606563124,0.1360084579118746,0.39877266979635573,0.48028172685639836,0.3011418887040791,280175,19,79
-1.1824378860834337,-0.029170894229029454,0.48376357910844836,0.1976799460521169,0.6385267668285021,0.6817208738673974,-0.5129344733374778,280176,19,15
-0.39277692956530796,-0.8196435404834047,-0.15483491141821365,0.08948016374965641,0.4148396337511345,0.42912703095999166,-0.6648086290651911,280177,19,36
0.7993251072828704,0.42131521604570527,-0.5179972279731652,0.016417674859707406,0.09639805855036328,0.18938010334048647,0.9393124440188705,280178,19,299
-1.6383367137404514,-0.26965548061527106,0.19367165990063037,0.28756695583480296,0.8056376195774022,0.8463674723419617,-0.4633271405159014,280179,20,6
0.7255316289674373,-1.019767795041911,-0.5310306946296287,0.15569790205132203,0.4456808445154755,0.4664204772908,-0.48873710041228235,280180,20,221
-0.1983574358145472,-0.9118400393204067,-0.23265454906349892,0.2000986693199817,0.6239110821372961,0.6461708541692645,-0.6791854902569078,280181,20,75
0.799730384092186,-1.2440680501783343,-0.4148806698528731,0.010541767479725376,0.15577773593858152,0.10711842299558194,-0.8291873803254612,280182,20,237
0.0767067568629098,0.543595171548321,0.11788229911694452,0.15747647267793427,0.44082181927426434,0.49899432840867675,0.4257128724313765,280183,20,146
-0.8333388776296015,-0.28865692972998436,0.2528105885151195,0.15025445617822886,0.5332838337660907,0.5703412815032788,-0.5414675182451039,280184,20,32
-0.5485572679798498,-0.44219450021460577,-0.4655795802788833,0.19481660367720338,0.590259645055609,0.6715873016103092,0.02338508006427753,280185,20,42
0.38394980384566674,-1.189642136024086,-0.846180693630092,0.0785823573690455,0.29574325648208877,0.31697945855784376,-0.3434614423939941,280186,21,127
-2.026414988738653,-0.599689472833296,-0.005593891868530526,0.3974083411351213,0.8981098614347454,0.9226230109003272,-0.5940955809647654,280187,21,7
-1.1230648682002502,0.1031499954234885,-0.22134256510019376,0.2082114740895166,0.6322324306001814,0.7595495791796223,0.32449256052368225,280188,21,21
-0.6691483873896844,-0.7975639413564144,-0.30241655908296317,0.1945533825381563,0.6420040347014297,0.6834515049324232,-0.49514738227345123,280189,21,36
0.007914426745792376,0.6521313703523892,-0.03605487748632581,0.05574176356356026,0.2374693237147584,0.28183574392392674,0.6881862478387151,280190,21,131
-1.3796948423846056,0.27647316964577434,-0.7037005307054613,0.2469186047515798,0.694291470066774,0.8591327006054441,0.9801737003512356,280191,21,9
0.7999323177714918,0.3532543725145978,-0.7737592150663555,0.005346510622992832,0.1294653740482691,0.1339781840126577,1.1270135875809533,280192,21,275
0.800004408880408,0.8097804217944449,-0.20092815540581727,0.00178483751768034,0.06381151801990421,0.200527333110687,1.0107085772002622,280193,21,352
0.7999637405812795,0.11627379449243018,-0.8160060031541099,0.004483324599250349,0.1821237665637014,0.12899156911044765,0.93227979764654,280194,21,253
0.7999960592114848,-0.8549237769936735,-0.37615097692176785,0.003940396947431431,0.14699334055168137,0.11183279847794743,-0.47877280007190565,280195,21,269
-0.6889174495541251,1.455292183255942,0.8847156677520094,0.17927241327100327,0.4444653019611729,0.5436718688152564,0.5705765155039326,280196,21,82
0.006405897435737577,0.7852009803167223,0.6990609515286229,0.05021442171365831,0.15864392283414322,0.2251366384137636,0.08614002878809934,280197,21,170
-0.15241770675604932,-0.44161871380726914,-0.5330812686082466,0.19430839033778488,0.5681811260961046,0.6443988547549532,0.09146255480097742,280198,21,68
-0.107665641747518,-0.45937715237908594,-0.8693040301611047,0.17749289738620436,0.5222034005770831,0.6170106882399585,0.40992687778201875,280199,21,68
-0.2810684298528181,-0.60372390640499,-0.8784005325089962,0.18348396303761294,0.5769660159110149,0.6645390500802023,0.2746766261040062,280200,21,64
0.40040088761619747,-0.9246070247997292,-1.3336613894840978,0.020685937945640685,0.2095841417283855,0.25794977238427363,0.4090543646843686,280201,21,122
9.213508909507055e-4,0.03445131590593835,-0.20273120388890034,0.023519302417681857,0.18711945006973382,0.2582935581582583,0.23718251979483868,280202,21,120
-1.380185445098416,-0.8134009913279041,-0.43618803168097714,0.26131008198593003,0.7971517080587002,0.8456823388469039,-0.37721295964692697,280203,21,13
4.1844511319066467e-4,1.6040125544602792,1.054261095572728,0.012934260785900873,0.06290401158820973,0.19721269704672045,0.5497514588875512,280204,22,196
-0.0017222971204370531,0.5719793115326958,-0.25831974879668324,0.026946393786726558,0.2106643960315115,0.2647373011721039,0.830299060329379,280205,22,122
0.400108418402384,0.0027351408003101563,-1.3719567494930454,0.009818869043797538,0.1088567986920219,0.25537041849897035,1.3746918902933556,280206,22,157
-0.003462944102787574,0.1444641670649177,-1.0144276636088327,0.039200947883097116,0.22415916672156058,0.34110977095782624,1.1588918306737503,280207,22,112
0.7998299519252086,0.8227880307321144,0.4944880556032737,0.00824725133232829,0.09462376055909308,0.1715386160852266,0.3282999751288407,280208,22,393
-0.942754568448068,-0.29670775723874254,-0.977262580597855,0.2077373039789091,0.6401369346064867,0.7814711299990992,0.6805548233591124,280209,22,16
-0.02978317496799059,0.06223065737935944,-0.29654109899545184,0.10505319429120531,0.31157801206270697,0.39139656171084064,0.3587717563748113,280210,22,84
-0.42508458570029084,-0.6501371154238399,-0.7368246570976318,0.1135461519341431,0.43464453421273497,0.5276108952242125,0.08668754167379189,280211,22,51
-0.08466273165670377,0.5641161148522564,-1.5020702723630945,0.16340357291650395,0.39986787896466475,0.6202611909548209,2.066186387215351,280212,22,76
0.36920814976690164,-0.33514482192189327,-1.1127361661756963,0.10662848280963375,0.3071154792096582,0.3985480312362709,0.7775913442538029,280213,22,152
1.5997287861178582,0.3968685330847099,0.6203888645989118,0.012884839366737627,0.06792747540919374,0.21599036291523152,-0.22352033151420198,280214,22,617
-0.3977557576782893,-0.21938474983748163,-0.6845931541895062,0.08043013228629879,0.34450965466046274,0.47329412103122714,0.46520840435202454,280215,22,81
1.8494184425125761,-0.7723461208472133,-0.018832575525399145,0.19379893620774774,0.4757430543045796,0.500139482623337,-0.7535135453218141,280216,22,590
1.3310886686254706,0.543495181756799,0.3768180963611144,0.18775310707426085,0.3854457176800746,0.5318719927951336,0.1666770853956846,280217,23,557
0.3922619760465691,-1.547899470391598,-0.9591103666509863,0.05567718267775212,0.27586848332343533,0.2833787930120245,-0.5887891037406118,280218,23,121
-0.006430384472854278,-0.3437408285132474,-0.17441110548544106,0.051205567920124866,0.24582567257391424,0.28395914985238835,-0.16932972302780633,280219,23,113
0.40018785528539397,-1.2793320435777957,0.6784744956404022,0.009660158343341333,0.21037786703059136,0.18611188003378634,-1.9578065392181978,280220,23,184
-0.15642519422762002,-0.2725387869834475,-1.0282201041251557,0.1952534140287812,0.5581210209233151,0.6792214103247571,0.7556813171417083,280221,23,61
-0.37746295129134494,0.6470219400897167,0.02836814339054157,0.09308568541345083,0.30933679270799136,0.41923052629009044,0.6186537966991751,280222,23,73
-0.907215462062363,-0.0037434041259317525,0.1805667184117695,0.18744367163443434,0.5722274317919385,0.6444633560934995,-0.18431012253770124,280223,23,43
1.1999615513689121,-0.40544307440828764,-1.2748566207337964,0.0043109434916410476,0.05767700164283395,0.15982654748236272,0.8694135463255087,280224,23,334
-0.8488223337107802,-0.05055727257616337,0.013806575904133622,0.15854123874007123,0.5222453739589833,0.6127115301728016,-0.06436384848029698,280225,23,36
1.1999920004897835,-0.6828238513725251,-0.3777689418341625,0.0025348538017734806,0.18244157475621595,0.0978309799941109,-0.3050549095383626,280226,23,383
0.4018360363280128,1.0101838785274717,0.44684124584902646,0.02703794410835487,0.2101386154390287,0.15710081209270196,0.5633426326784452,280227,23,258
1.9981796171035873,-1.3740106012655904,-0.6901333449295493,0.027387467129671668,0.20858648058549722,0.19643253018012746,-0.6838772563360411,280228,23,568
-0.37482261013259366,-0.21757000847477195,-0.25194119857007946,0.10253085388825019,0.38511047988682806,0.4620927038650293,0.03437119009530751,280229,23,60
7.147287218296856e-4,0.13920547184939705,-0.15133097458431646,0.021591052028907053,0.2103188041152717,0.2507946904142998,0.2905364464337135,280230,23,99
0.3307768840894075,-0.8561813030305953,-0.041572243995334685,0.15131989589992215,0.45334222990957024,0.44763397114616654,-0.8146090590352606,280231,23,164
0.8023328435836479,0.411468069825689,-0.2938461557167043,0.030458170376003103,0.10204619511365719,0.19931489333478958,0.7053142255423933,280232,23,310
1.987917480700338e-5,0.03134561751263181,1.5938491431636184,0.005913226425607265,0.1760601298550647,0.09155685863731054,-1.5625035256509865,280233,23,191
-0.3070272868199784,-0.23591973931243784,-0.7030803987981796,0.16954322673455555,0.5205884280679114,0.6259013725950529,0.4671606594857418,280234,24,75
-1.4457970595861092,0.7581926029665402,-0.4684325455606435,0.2470844936264159,0.6563415082499762,0.8546419237054474,1.2266251485271837,280235,24,8
0.39999546878285674,1.608592518937605,1.1838087190263384,0.0014160397896643318,0.06015897655391044,0.0881493854252618,0.42478379991126647,280236,24,317
0.3968305463160149,0.7892603532593356,0.8119684640105123,0.03546458706255724,0.11149787318940772,0.12400530790319902,-0.022708110751176624,280237,24,278
-0.014527905294963924,0.2547948064008307,-0.01932029116835033,0.07488578837850923,0.27081542701504563,0.3062243999634395,0.274115097569181,280238,24,118
0.12742643551910685,-0.41002325571104714,0.9517790270166883,0.1863681651440834,0.5459886601803381,0.47341785195988956,-1.3618022827277354,280239,24,156
0.005517091772110361,2.3717536193696542,2.012622992960597,0.04665190107337521,0.13373564186675055,0.1615734180590031,0.359130626409057,280240,24,319
1.1889085048480734,0.8101724586216354,-0.41876620194544634,0.06567784553724076,0.15209400850158364,0.20084141703506317,1.2289386605670818,280241,24,432
0.2690119798923643,-0.022774363109685534,0.9405724659351172,0.1877161367501913,0.5177977350124408,0.5002800859262441,-0.9633468290448027,280242,24,213
1.5999815062976892,-0.2297875890313706,-0.5484855838068838,0.0054600312034142435,0.19820075709681506,0.19461178619707922,0.31869799477551325,280243,24,542
-0.3931588279808913,0.37489541407545124,-0.33803429362444515,0.06407054577546104,0.26946811254223896,0.4139650338269499,0.7129297076998964,280244,24,72
0.40006121778835513,0.29448553170640046,-0.1543977803195247,0.005946739306461182,0.17762271828047999,0.2007897547036143,0.44888331202592513,280245,25,208
0.7996263985709112,0.3631404458757785,0.023074713203628583,0.012219419304050605,0.11993405355364029,0.10451626893285014,0.3400657326721499,280246,25,323
3.695976868346978e-5,0.39061984075120304,1.0837876814392522,0.006245746527883472,0.1387694211542401,0.18470924517635434,-0.6931678406880492,280247,25,181
1.1680823826192963,-0.19135578428476677,-0.9630931939202648,0.10838966368984353,0.3320123016067368,0.3456649749879633,0.7717374096354981,280248,25,378
0.7999978540368494,0.015933943062503314,0.06981437850004503,0.0015227599327704846,0.08326844255678385,0.153063728779266,-0.053880435437541715,280249,25,328
1.5999953512426437,-0.39941945607589113,-0.38558429193542887,0.003940584765193434,0.043623212886162895,0.10298495997647121,-0.013835164140462264,280250,25,542
0.7628647924191705,-0.9561977954673949,-1.4438350315967183,0.1160833907874635,0.35932304905576223,0.3959535522553137,0.4876372361293234,280251,25,184
0.7999945604217344,-0.8140178618542663,-0.4595361974209243,0.004041957326167921,0.11363712953061171,0.14744667483704693,-0.354481664433342,280252,25,275
1.0586384439594307,0.28369790191802025,-0.3944364538092643,0.19121070303592672,0.39244696742084684,0.5542389775095478,0.6781343557272845,280253,25,369
1.2133565453470556,-0.03115081775804566,-0.6017187433879728,0.07186252746904696,0.16008723126942032,0.274797211997149,0.5705679256299272,280254,25,438
0.7996356481722466,-3.6538910132643464e-4,-0.5303075930864717,0.012071079824814401,0.06404171247110896,0.19168509268742492,0.5299422039851452,280255,25,274
1.1886938034376269,-0.42944226992864165,-0.7552330066603815,0.06629218631622705,0.19543473186167135,0.21044781195282233,0.32579073673173986,280256,26,366
0.4012558886938757,-0.4865522071075792,-0.06898387431570657,0.022442687309329593,0.18555204539083922,0.17565151436662546,-0.4175683327918726,280257,26,183
1.21009886058676,0.7780210953438899,0.28713447098274764,0.0627499928011735,0.13671307432503124,0.23720969048299348,0.4908866243611422,280258,26,539
1.5761955077329708,-0.7616069867349312,-0.828256677246549,0.0946316897211262,0.20366076359922078,0.2704344405599957,0.06664969051161773,280259,26,473
1.5997987039898005,0.7900173581103505,1.1675014216909945,0.018329292413290683,0.10077154233797013,0.23404538149926365,-0.377484063580644,280260,26,595
1.2032509214773361,0.08168222908668749,0.38078155726025786,0.03591393497536047,0.18348780697574382,0.13357105238145242,-0.2990993281735704,280261,26,468
0.393107292039262,-0.3639785216090995,0.40445164382217175,0.052053990661484896,0.19584831332562266,0.16965295835096203,-0.7684301654312713,280262,26,206
-0.801513016147268,0.10858110030793473,0.1653618144466483,0.13007828963984974,0.45923655523407814,0.5514174366295459,-0.056780714138713564,280263,26,30
2.3278350666905125,0.8519295354679722,0.71346052135867,0.17358599430365726,0.4482439737581149,0.501047772780689,0.13846901410930224,280264,26,760
1.5832250863372317,0.06892753425147209,-0.6974366132087033,0.08017856182738689,0.2112611437639891,0.26252353071343965,0.7663641474601754,280265,26,545
6.906388986840856e-4,-0.36317894079070817,-0.18283000635499977,0.027280565167016012,0.22041768116648883,0.25908649277966006,-0.1803489344357084,280266,26,103
0.8000148494873218,0.27581955204767683,-0.3844457152424067,0.002881499451922351,0.18526157254292638,0.10334774880807464,0.6602652672900835,280267,27,318
2.0006533455417546,-0.390991197636819,-0.7369186375640561,0.019307954275138893,0.08440290287186597,0.16868995811164056,0.34592743992723707,280268,27,647
0.8002862121518699,0.8040191452943581,1.155787823767154,0.010696924164127023,0.052599206484203465,0.13237240265199238,-0.3517686784727958,280269,27,448
0.4614907955937087,1.4772816900218892,0.9893018893844159,0.1442747389759426,0.29744846148794735,0.4282194483014592,0.48797980063747337,280270,27,340
1.9309080897418993,-1.096892482860145,-0.4810516542465641,0.1512068019390665,0.3350952762659175,0.42168083489839714,-0.6158408286135808,280271,27,571
1.200140983298191,0.7864513094560668,0.6512969497833885,0.007580148052380615,0.07585873272048868,0.19599443873085565,0.1351543596726783,280272,27,549
-1.1058127200842007,0.968765172446771,-0.7792029649556937,0.2002936259542308,0.5353813656482704,0.8010138666339086,1.7479681374024647,280273,28,26
1.0209721545980672,-0.30416355080375906,0.2346325539579548,0.198897382634613,0.5384838236865283,0.5386721573077522,-0.5387961047617138,280274,28,418
1.180193297115457,0.8418293556146794,0.11138940368796803,0.08677774504367387,0.1870526269500093,0.2817064408740837,0.7304399519267114,280275,28,497
0.0022858564396210715,-0.37139778151693426,-0.6801185209219988,0.03716351225011366,0.23127603102419997,0.3102939634579814,0.3087207394050645,280276,28,102
1.1971405663364247,0.441456038153803,0.06178533264093427,0.03369876118177465,0.1393563767129571,0.16764274568106927,0.37967070551286874,280277,28,478
1.6018643042446665,1.0257597771937061,2.268142179279643,0.037189508355806616,0.2165922194981219,0.34910076406568286,-1.2423824020859366,280278,28,698
2.00289790813148,0.3356863136799264,-0.7299924969606821,0.03632662949174516,0.17112717819976409,0.18740566335090633,1.0656788106406085,280279,28,654
1.5999535812462544,-1.1402915076063083,-0.785992702943584,0.004857216512865638,0.1435457384255697,0.09404513887343617,-0.35429880466272423,280280,28,459
1.8114650820290865,-0.04096025162497995,-0.21083503112968832,0.1996715235958247,0.41685650203171315,0.5298985755467825,0.16987477950470836,280281,29,631
1.1998866787279123,-0.6801089351390737,0.057093578338388545,0.006780074611976962,0.1842466908471977,0.14241981331221584,-0.7372025134774622,280282,29,418
1.2000549543730454,0.014364592182417509,-0.028025860048024258,0.004705962615934303,0.07676259092873154,0.10739819397968173,0.042390452230441765,280283,29,464
0.7982219871957253,0.6744244433614873,0.6897868436106792,0.02660920980103621,0.1966003331861334,0.19246661758492953,-0.015362400249191888,280284,29,392
-0.04501245938018004,-0.6584534183097449,-0.5282577872877867,0.12663943206103342,0.4102288182126117,0.4600186323954399,-0.1301956310219582,280285,29,89
1.8548269435834541,-0.03670908406958326,0.5724251556451684,0.19234374814803298,0.4332708127661653,0.5213031345693986,-0.6091342397147517,280286,29,686
0.800591693128762,0.39345218052856434,0.3141415877272326,0.015373102918098775,0.06360098097495569,0.16904699342845314,0.07931059280133174,280287,29,361
0.8000518287514823,1.1693846671664938,0.9282132051515206,0.004577661794342729,0.10708034385909761,0.18738226486942175,0.2411714620149732,280288,29,478
2.013440010431841,-0.21568983475216308,0.30955583261137265,0.07265713677823564,0.245670862659568,0.2927400029667143,-0.5252456673635357,280289,29,681
1.5429582077324038,-0.9912851536314331,-1.066878421473116,0.1398676431186494,0.38926633963209956,0.37741863053182956,0.07559326784168285,280290,29,451
1.1966544589343706,-0.13002887217691877,-0.5906868793629241,0.036428735358246304,0.20729984475751956,0.21982897967467224,0.4606580071860053,280291,30,393
1.6465302215846562,1.0343657508266835,0.21370216017955126,0.12825230122058753,0.3215935050930456,0.3658261028755646,0.8206635906471322,280292,30,677
1.599764210230271,-0.39159368413500784,-0.4595839464614178,0.009788343872533856,0.0633148259948503,0.14927973172952788,0.06799026232640998,280293,30,551
0.40016865089159476,0.06874334452024608,0.4031969192636444,0.008238374413482826,0.157950541264617,0.09941426643719295,-0.3344535747433983,280294,30,236
3.0593240133892285,0.2666630800389519,0.9415753704852753,0.28340665439576607,0.5997073814300314,0.7134814384688513,-0.6749122904463234,280295,30,793
1.5956478665806941,0.026135915156770228,0.15250805615413598,0.041506352506200446,0.12203532909145634,0.22366440301627136,-0.12637214099736577,280296,30,596
-0.4018807166064036,0.755967166617693,1.1804925303470915,0.02926260332899567,0.19357479581701398,0.20180544232488318,-0.4245253637293984,280297,16,89
-2.331767792934112,-0.4158736183615596,-0.165107690835819,0.484642966343319,0.9238666743141984,0.9553511300630486,-0.2507659275257406,280298,16,2
-1.6105967088333808,-0.9734474567659078,0.49991607816678635,0.29045550971968875,0.8498535003726689,0.8164609422898566,-1.4733635349326941,280299,16,10
-1.2476868513701773,-0.3595270509445469,-0.50651253767186,0.22868109283577154,0.7158822068790635,0.8158651878758129,0.1469854867273131,280300,16,9
-0.613404534194783,0.9213130632904026,0.044230232401791594,0.19978530267849717,0.5147244308807473,0.654188498779541,0.877082830888611,280301,16,70
-0.9560456275722935,-0.09416023838001447,-1.2555523650534013,0.21076272444978855,0.6281825457873219,0.8067129309767949,1.1613921266733869,280302,16,21
0.026967061734784577,-1.748792953380769,-0.8953199009261501,0.10281243421671199,0.4480769912460277,0.44000852969922816,-0.8534730524546188,280303,16,73
-0.7219303004752179,0.5043286095915402,-0.8042269213056783,0.16659461154539504,0.4864673875131892,0.6955437071622053,1.3085555308972185,280304,16,44
-1.6304193418655315,-0.6317983514411195,0.19911441665622845,0.29414560597406897,0.8328536205845315,0.8469152200241188,-0.8309127680973479,280305,16,10
-1.5503192216203758,-0.2633863999221293,-0.14608920860577224,0.2779558761363779,0.7898424930968116,0.8570654378976232,-0.11729719131635707,280306,16,9
-0.7509183817616847,-0.7462279392411298,-0.2885741438090395,0.16584912391070136,0.5998960878811616,0.6482991157472672,-0.45765379543209034,280307,16,26
-0.47344749032679634,0.2293634184759591,-0.4435601516454491,0.15588971137166657,0.4481488114766046,0.5790825092191195,0.6729235701214082,280308,16,45
-1.896767302295586,-0.35420720038039244,-0.32210002544631583,0.361214438482763,0.8678436129356832,0.9227562735071543,-0.03210717493407661,280309,16,5
-1.4551039641518155,0.5185702423921417,-0.6188856233603589,0.2545118543422919,0.6900615613886859,0.8685779323302052,1.1374558657525005,280310,16,16
-1.2841331819903496,-0.634631636758793,0.2103330395584438,0.22821096412876907,0.7433456027466719,0.755486246631463,-0.8449646763172367,280311,16,15
-0.8597088960036987,0.026323400211977085,0.07546541204378193,0.16321771923314946,0.5227763884408178,0.6132954758966169,-0.04914201183180485,280312,16,30
-0.3608852302035755,0.17113234502205307,-1.7782448230128993,0.12198683759431976,0.39495687817372643,0.6404201060211224,1.9493771680349523,280313,16,60
0.014861812110192415,-0.6821651168547463,-0.23653748886968,0.07613812689615833,0.32192049286492685,0.33931240384858635,-0.44562762798506633,280314,16,103
-1.524927637578639,-0.30809689703161997,-0.5603905123633286,0.28146248835606363,0.793224820912948,0.8815194943672553,0.25229361533170863,280315,16,10
-2.331767792934112,-0.4158736183615596,-0.165107690835819,0.484642966343319,0.9238666743141984,0.9553511300630486,-0.2507659275257406,280316,16,4
-0.7968831318286274,0.5711073112969218,-0.6735197336256169,0.12748231596561704,0.4109387733054661,0.6511540547395794,1.2446270449225387,280317,16,44
-1.0450261455318537,-0.05507721071735034,0.19282460286788636,0.21109798843436609,0.6409030487328465,0.7073984394495741,-0.2479018135852367,280318,16,29
-1.3601735667364563,-0.1645452930347835,-0.7164549994646704,0.2506145148681004,0.7358015248578977,0.8579029582771062,0.5519097064298869,280319,16,18
-0.39691084478328703,-0.6668268050088747,-0.4163459684052136,0.08924928251541914,0.39892646979400287,0.45589309036520914,-0.2504808366036611,280320,17,47
-1.6646532615299439,-0.4743772512931251,-0.26810125381036,0.30765806011263347,0.833338263166299,0.8875753741252909,-0.2062759974827651,280321,17,5
-1.396645469043339,0.32699214004594035,-0.6863703502932964,0.24899673200668299,0.6942015069037922,0.8614940201153399,1.0133624903392366,280322,17,20
0.0014592175510817589,-0.17023737838034128,-0.5713367146650762,0.03137066144199577,0.2283228760898085,0.2942864927791308,0.40109933628473493,280323,17,86
-1.9831854770476502,-0.6337270317438082,-0.27241517419364175,0.3933356452742761,0.8958220105135044,0.9306187449689016,-0.3613118575501664,280324,17,5
0.40915029925840535,0.31248136889101236,0.6395637105405576,0.05980299227250738,0.21935986644831024,0.2486966831406923,-0.32708234164954525,280325,17,264
-0.7015339206833522,-0.045071554397445625,0.5468952634366375,0.1758162562801242,0.5483833483161861,0.5762140721576587,-0.5919668178340831,280326,17,43
-1.1948979955464876,0.08480220577444252,-0.4092492231570738,0.2118460153433391,0.6466358770346982,0.7903011639987368,0.4940514289315163,280327,17,19
0.00272810965173498,1.8139316082588637,-0.4100178604982436,0.032937581227889104,0.21428335764383027,0.28239870522296956,2.223949468757107,280328,17,176
-1.435414845226134,0.005656900713181205,-0.11787548633186676,0.25371796170733657,0.7336078910548899,0.8277436051251673,0.12353238704504796,280329,17,11
0.2574457078738999,-1.3340048384315408,-0.6133703023222005,0.19157898202284107,0.5981903872752012,0.61267549249519,-0.7206345361093404,280330,17,103
-0.828717678791117,0.7213341370915287,-0.7287245605606166,0.13586620461248794,0.4089896462582751,0.669557273443401,1.4500586976521452,280331,17,32
-6.604453970729358e-4,0.25078704420925363,-1.0261030868106802,0.02608301194638838,0.20959525214583385,0.3310179165784962,1.2768901310199339,280332,17,119
0.013198232254818424,0.5535928215686959,-0.1358465514232593,0.07147437432689653,0.2686319693399329,0.31975308226231636,0.6894393729919552,280333,17,135
0.40134917511908746,0.948865569257468,0.5474707577199948,0.02319184115252252,0.201484285784207,0.20346895410507326,0.40139481153747325,280334,17,270
-0.6226841625322226,-0.02492514782700126,-1.4578218065049353,0.20167192524308764,0.584342432560407,0.7665375769901095,1.4328966586779341,280335,17,35
-1.0561122300193149,-0.817894899145294,-0.7859440343672791,0.22587472019305443,0.729864085903107,0.8055101616228808,-0.0319508647780149,280336,17,15
-0.573256602276022,0.006184359783219661,0.21318517714529836,0.1987584488557554,0.5676178438206532,0.6260897869944961,-0.2070008173620787,280337,17,56
-0.5162035003993766,0.7639238520293488,-1.788890092321588,0.18202625091736357,0.4781837355570434,0.7370754010382197,2.5528139443509366,280338,18,62
-2.049060496887352,-0.06587568124555707,-0.2515901975530028,0.38993168573758974,0.873278038212429,0.9354915910671555,0.18571451630744576,280339,18,6
-1.0885994416134401,0.6859667187252463,-0.3995071382690136,0.2043632731837349,0.5655659646066415,0.7673000275962356,1.08547385699426,280340,18,28
0.40117599441957785,-0.11264977007358722,-0.1037247723902947,0.02169252770607874,0.19042761846966577,0.1924950807880516,-0.00892499768329251,280341,18,182
-0.922263926730361,-0.502815912147433,-0.7021547142897433,0.20191664994034725,0.6470071498375198,0.7503598955438041,0.19933880214231026,280342,18,16
-1.3134940870667038,-0.09574293062619894,-0.1462156260683582,0.2321986817404794,0.7030710577303781,0.7974681944203281,0.05047269544215925,280343,18,26
-1.082721145201279,0.6551391117523757,0.2940891985969077,0.2002758019667113,0.5615070047912724,0.6925052928681148,0.361049913155468,280344,18,26
-2.0800619919687877,-0.2646806620217469,-0.24148998282747486,0.406099329155823,0.8892374388973365,0.9382894042049474,-0.023190679194272035,280345,18,1
-0.9914833567210091,-0.20652670618702912,-0.28094963245188387,0.21270654456136043,0.6479626909231112,0.7416776049681264,0.07442292626485475,280346,18,19
-3.106800769807789e-4,1.1818754417428137,0.5212088126621728,0.011257917397732757,0.09591320460745564,0.20506725403364384,0.6606666290806409,280347,18,155
0.014947496284963535,-0.41575419556214444,-0.24415042861923933,0.07612727621700978,0.29725521934684856,0.3399978448573373,-0.1716037669429051,280348,18,113
0.04201973244183911,1.1161298470633167,-0.15399961030488793,0.12264703347301867,0.27685827566493093,0.43395789080834035,1.2701294573682047,280349,18,162
0.017946441316173022,-0.03793317258750897,-0.0010635574587589086,0.0828427386951841,0.2825112206619527,0.33468104513798247,-0.03686961512875007,280350,18,116
-0.002087347149751424,-1.119070863265025,-0.9787266139501771,0.05258476996636311,0.3064959122500764,0.3540690942097696,-0.1403442493148479,280351,18,74
-0.4105034750051266,-1.0346972793356832,-0.26779306198053426,0.10000654211910066,0.45055586022522587,0.4560776984815445,-0.766904217355149,280352,18,51
-1.8870912487998952,-0.3510550880171372,-0.1286800623919641,0.35419743292798467,0.8643452000555866,0.9115224050424823,-0.22237502562517308,280353,18,7
0.6816916419863083,-1.081550340408066,-0.8951818236992533,0.1825556165971731,0.5161790450242834,0.56501830076884,-0.18636851670881271,280354,18,178
-0.9620192298144684,-0.2933368243664273,-0.6166692755356734,0.2102131927297709,0.6469248538616685,0.7601619548481008,0.32333245116924614,280355,18,21
1.1867058112234452,-0.7332437055847573,-0.7948752647582558,0.0717003844615585,0.21952798028531997,0.21912382046918874,0.061631559173498496,280356,19,365
0.8002504828841733,-0.9115632989565075,-0.7988246149562177,0.010382020695993349,0.1843125343743308,0.12825412145708687,-0.11273868400028975,280357,19,223
-0.44323886871188645,-0.930906216757745,-0.5383191938356429,0.1343198169175235,0.49852563723861315,0.5443579599352815,-0.3925870229221021,280358,19,40
0.3807693214158642,-1.2585718465139808,-1.257691069689356,0.0857022517258734,0.31872925256390705,0.35842478418778856,-8.807768246248404e-4,280359,19,115
-1.8424386564126947,-0.20232005173924605,-0.3491522356003163,0.3429223802136172,0.8485335833357642,0.917082902650023,0.14683218386107022,280360,19,2
0.40132361751240936,-0.47268112304802096,-1.0716883027531563,0.023608204152890607,0.17969265719508004,0.24779545268662018,0.5990071797051353,280361,19,144
-0.27661482406949733,-1.156728593455653,-0.8507137438339394,0.18592830259070883,0.6225657884796054,0.667517710833364,-0.30601484962171366,280362,19,52
-1.6802184102622142,0.026016975161721544,-0.44757360735347884,0.3011711326801225,0.7977057615119953,0.8990918374350679,0.47359058251520036,280363,19,9
0.8757036028599506,-0.9953592113090644,-0.8153904849583343,0.1566857093573665,0.4424384927138082,0.49889952140770716,-0.17996872635073002,280364,19,250
0.0024633687240582275,0.6083232008979084,-0.07576756428273124,0.03157396239012817,0.21652029715822735,0.2505988576954713,0.6840907651806396,280365,19,134
-0.5323432279268824,-0.5680539522749489,-1.0167764275860685,0.19065611121834541,0.5891302713808373,0.7004542397307421,0.44872247531111953,280366,19,37
-1.0114301487983688,0.469735727547751,-0.40988012505746996,0.2103190333092487,0.584149417330579,0.755222685073393,0.8796158526052209,280367,19,21
-2.979873803011338e-5,2.254104947973401,0.9468957352954513,0.0036196603480133692,0.19276421088389853,0.19714214551351475,1.3072092126779498,280368,19,226
-0.018947842682391684,-0.3423748607851199,-0.6792328166770697,0.0854110701121413,0.30151224162346163,0.382003301341078,0.3368579558919498,280369,19,76
-0.9223529158960567,-1.0739655009365547,0.273566647724133,0.19870616200026447,0.6936576122166084,0.6544695314742988,-1.3475321486606877,280370,19,25
-0.8472194235388593,-0.4158744002261359,-0.36302202013647156,0.16789810783711467,0.5754769659210102,0.6670636228224993,-0.052852380089664364,280371,19,26
-0.42152936461130225,0.6279947876000704,-0.08023078356927606,0.09194522180835418,0.3053788522916839,0.4212852898777683,0.7082255711693465,280372,19,73
-0.6916739985920464,-0.1680514069330617,0.5825487712374009,0.18072189855518891,0.5669029772870942,0.5800318812345195,-0.7506001781704625,280373,19,44
-0.004412204589046429,0.5142714898975589,0.5488070151852164,0.04179783945698781,0.21002605034985766,0.23109889894161387,-0.034535525287657465,280374,19,156
-0.5245089902455762,-0.7551433528071547,-0.5899517662202209,0.18767177397209894,0.5970893013564498,0.6697276451445128,-0.16519158658693378,280375,19,29
0.4036237046724414,0.5711769442046625,0.3016413880211856,0.03789948339948726,0.21887659343852037,0.20011437976636245,0.26953555618347685,280376,20,247
0.3438382105510921,-0.9914805080376461,-1.5246004791502377,0.13898628013272898,0.4317456137432192,0.5096736309006685,0.5331199711125916,280377,20,115
-1.484427644555649,-0.5228301766986785,-0.5974782581674395,0.2789972182075225,0.8020751710636571,0.8772957205148226,0.07464808146876101,280378,20,8
0.23162671007769858,-1.365090915980774,-0.5842266775450133,0.19748995387370633,0.6201937834754462,0.6308190193593445,-0.7808642384357607,280379,20,93
-1.8757853202025447,-0.7208724018611302,-0.4166058935579993,0.3701730929141877,0.8865191224220121,0.9255748613345682,-0.3042665083031309,280380,20,12
-0.578664120739623,-0.9574653559400035,0.055513392282165334,0.2006257683287128,0.6493367956297588,0.6467906246267465,-1.0129787482221688,280381,20,40
-0.6346312804722672,1.7925423149956397,0.36289139609528187,0.19701158032828459,0.4740732364946346,0.6236479380888752,1.4296509189003577,280382,20,101
1.1905177720490538,-1.1753367392619039,-1.1359541293282849,0.06085241920195385,0.1790208943654534,0.21544546350800944,-0.03938260993361897,280383,20,327
0.39777290932603004,-0.8546503053961492,-0.46395013356605025,0.03002016069006807,0.19783550711341133,0.20472804877180703,-0.3907001718300989,280384,20,163
-0.9383312907263255,-1.0811690906425244,0.04576906049379563,0.20524586171909548,0.705592758368273,0.6908830695447872,-1.1269381511363201,280385,20,30
-0.0019109986639923371,0.9520602335180487,-0.24630253890911497,0.027782266319959496,0.20513789649251465,0.26442691417521363,1.1983627724271637,280386,20,140
0.4015684889606501,-1.164173063980471,-0.6797724778281528,0.02643997269925504,0.21525827047694907,0.23031978283467977,-0.4844005861523183,280387,20,137
0.052943939637901505,-0.3399941091218931,-0.6863990515910725,0.13559499654167598,0.43035166118458196,0.5017783929246574,0.3464049424691794,280388,20,113
0.800986157815945,-0.7270693470032801,-0.8152894127377266,0.01986230493584599,0.16923940095404125,0.13993014781014748,0.08822006573444652,280389,20,230
-0.8059312622945357,-0.1289967488344194,-0.07596371929726434,0.14196072218438494,0.502627349268127,0.5972269553523744,-0.05303302953715505,280390,20,30
0.79675780237298,-1.201937784820039,-1.1382979322391753,0.03589932315804814,0.16984198153037552,0.19780725773221378,-0.06363985258086369,280391,20,193
0.4253625449742431,0.7365800967448286,0.4977211067186201,0.09747696949475168,0.23655186223604868,0.31728633908598974,0.23885899002620853,280392,20,258
0.4001840706584551,0.8010511810198053,0.8176517547016883,0.008579369760866028,0.05706846659641909,0.09609455472449711,-0.016600573681882946,280393,20,273
0.40057997514629595,-0.22744249822290424,-0.3354922551547336,0.015513637621760838,0.20523079323639368,0.18936795897639075,0.10804975693182933,280394,20,181
0.8000073422394322,0.010158318656262898,-0.06767874542456702,0.001984835603179371,0.07197243213939113,0.1513339159135066,0.07783706408082991,280395,20,321
1.6026873525358458,-1.3715164753638733,-0.4533542434496111,0.032682003147043434,0.21329789225192491,0.1602844423478659,-0.9181622319142622,280396,20,474
0.3237699380339764,-0.5732563201601294,-0.7675624025164429,0.1571041021171185,0.4560959748071964,0.5179710049210962,0.19430608235631353,280397,20,135
0.9312281433107694,-1.9093514732233001,-0.36256428008221037,0.18780425633772302,0.5801913031490038,0.5386634807759806,-1.5467871931410897,280398,20,243
-0.03494239289339785,-1.302579415619384,-0.5833110971869131,0.11397038053969293,0.42744635166981165,0.43476894179752956,-0.7192683184324709,280399,21,70
-1.9831854770476502,-0.6337270317438082,-0.27241517419364175,0.3933356452742761,0.8958220105135044,0.9306187449689016,-0.3613118575501664,280400,21,1
-1.6315103433874172,0.9307537268795606,-0.4658844429789053,0.2691388948091074,0.6865394697257091,0.8891849999414079,1.3966381698584658,280401,21,15
0.7998163917041244,-0.764683177042736,-0.410691190407832,0.008631752096438352,0.1314847793521837,0.10223740553180216,-0.35399198663490405,280402,21,248
-0.39823552249107586,0.6946086843639259,0.43336683013615884,0.03877298150566685,0.22026271832973468,0.29997196437279156,0.261241854227767,280403,21,92
0.43803998213774303,-0.19537266552042595,0.1829402979959388,0.11734122537709606,0.3637142718403366,0.3782070388414512,-0.3783129635163648,280404,21,213
0.845352638247836,1.1212305866450831,1.2848602884914437,0.12682347580384085,0.2677993160261403,0.37750039221902293,-0.1636297018463606,280405,21,471
1.5990296760031038,-0.4001166452879358,-0.8059596624152641,0.01968179541214512,0.05994900851087358,0.10016081387427635,0.4058430171273283,280406,21,494
0.06171330345525061,-0.1517719127442683,-0.6767949304527283,0.14450342283480933,0.42650119493368555,0.5227455747443451,0.52502301770846,280407,21,115
0.44112456547155854,0.6660112410823209,-0.10038561340920313,0.12148496779668962,0.3357810202448493,0.37896165763355416,0.7663968544915241,280408,21,258
1.5994425409716857,-1.9051723121187571,-1.9697748321014494,0.015423719517013466,0.17630694601325952,0.12692610131578846,0.06460251998269229,280409,21,366
1.2174853271337984,-0.4202754312840952,-0.3476239325114611,0.08178260944600416,0.18762345698970742,0.25808868671077323,-0.0726514987726341,280410,21,404
0.8000512226648481,-1.1334621740337605,-0.5927108565293437,0.006608003807279434,0.1662008386995336,0.20213482880564435,-0.5407513175044167,280411,21,235
-0.29300884747814515,-0.030640328906394586,-0.2960825757120679,0.17723692483094197,0.5238910243183996,0.6130165212997701,0.26544224680567335,280412,21,75
1.1981987488655783,0.24848546143211922,-0.8625692795467973,0.02678284687796566,0.2045132799938044,0.16538060092022583,1.1110547409789164,280413,21,411
0.8006785053310888,-0.7134302820171923,-0.5323989089867752,0.01648340695723579,0.1748003906528906,0.19497161528316806,-0.18103137303041705,280414,21,256
0.8019292124509844,-2.09791020430245,-0.8821436031598497,0.028036516335707747,0.2228600299621647,0.1868625706731946,-1.2157666011426,280415,21,201
0.8880962649806075,-0.3871739603250177,-0.2672231163301535,0.16576354943748717,0.46385888378433543,0.4901371716537195,-0.11995084399486422,280416,21,325
-1.932875577886429,-0.6702847082216097,0.03641272430073161,0.3725834943775354,0.8888197306026159,0.9091971320719224,-0.7066974325223413,280417,21,5
1.1938665518604008,-0.874726348858119,-1.508601750758464,0.04915281972814139,0.19845858064553207,0.21455126797734936,0.633875401900345,280418,21,304
-0.05369444137298166,-1.1807231542954384,-0.9100093917574796,0.13704417310255262,0.470208854221131,0.5140501163916081,-0.27071376253795876,280419,22,76
1.1998274325899683,-0.04401555963910517,-1.1922835771116318,0.008363820813388023,0.127079128258902,0.10056344154647907,1.1482680174725266,280420,22,381
0.7985537581582055,-0.47786825028720786,-0.8842414644527781,0.024021924899041956,0.17081790769355074,0.186096685459024,0.4063732141655702,280421,22,233
-1.2395148685777961,-1.1170121280060756,-0.35613953644754803,0.2373229548959563,0.7842131057459991,0.8076772438501726,-0.7608725915585276,280422,22,16
0.7865677464168555,0.923445099988388,0.30613441140329245,0.07205884091045285,0.2489638706505543,0.2524333092764013,0.6173106885850955,280423,22,377
-2.331767792934112,-0.4158736183615596,-0.165107690835819,0.484642966343319,0.9238666743141984,0.9553511300630486,-0.2507659275257406,280424,22,21
-0.050354608923037066,-0.901893065289163,-1.1932726012411226,0.13328330809199254,0.44182697714280333,0.5257964978457912,0.29137953595195953,280425,22,70
-0.10109716514738917,0.17667032960892112,-0.4340675289381617,0.17384595084953997,0.4594276455765943,0.5755934952601441,0.6107378585470828,280426,22,87
0.7627720048486966,0.08231252388272521,-0.050381560072774174,0.11621219695360538,0.26421092130276064,0.33846815737063385,0.1326940839554994,280427,22,286
0.8004898882269277,-0.3233984539473613,-0.7898693054909531,0.01401534312093521,0.1629338798437793,0.13305689946095306,0.46647085154359186,280428,22,263
-0.17269968738884445,0.004455605465308291,-1.6032820081514583,0.1981793383299408,0.5497535384911141,0.7200945566014852,1.6077376136167665,280429,22,85
0.4081345384734771,-0.23202594700159568,-0.298122120849949,0.05646398465724796,0.24984788375251968,0.26119391543475984,0.06609617384835331,280430,22,182
-0.8519526818729047,-0.19648550933795228,-0.6737508547545642,0.16989019824988527,0.556566638684087,0.7014799043062585,0.4772653454166119,280431,22,32
0.8000173022457261,-0.4138649963033426,-0.861572735985184,0.004241075497386635,0.09226169751842699,0.1575465444112756,0.4477077396818414,280432,22,224
0.39975590548868656,-0.41449214213940644,0.031989263187642336,0.010186689181210622,0.1423046420712473,0.14461040810214607,-0.4464814053270488,280433,22,191
0.4941679876193112,0.1647505088519038,0.11551682406861817,0.16970440621905164,0.4334567155161734,0.5013279753825571,0.04923368478328562,280434,22,228
1.5516672337694564,0.49961019533123646,-0.2709700364264558,0.13037279644943495,0.27660709011716367,0.3519671279296749,0.7705802317576922,280435,22,592
-0.4022555731330252,-0.24975661173266137,-0.44792075945941484,0.07862038443033766,0.34353775176148116,0.4447655856728306,0.19816414772675348,280436,22,53
1.1999702975264217,-0.4354227656679682,0.0034757274250727683,0.003514062254083597,0.11474348764810594,0.07265623926126588,-0.438898493093041,280437,22,408
0.7982510492755257,-0.0624135399695945,-0.04441768608585,0.02639198686582508,0.15954058382011393,0.14726900256485584,-0.0179958538837445,280438,22,282
-0.3341482031967568,0.2425842589629539,-0.11390041887584414,0.148617658164897,0.4404031033937543,0.5394432986160188,0.35648467783879806,280439,23,70
1.2125330027353898,-0.2873767552768075,-0.9086446627641952,0.06968597671241442,0.24857803308084006,0.2544688717601399,0.6212679074873877,280440,23,373
0.40025342220116,0.7519091159398877,0.022739994278802706,0.010079991941278286,0.13273938068752225,0.1410155093570396,0.729169121661085,280441,23,243
-1.2593055491009315,-0.3380308986424145,-0.6749828449711388,0.2329958851502566,0.7201479140198354,0.8326331834585495,0.33695194632872433,280442,23,16
-0.8176803255461412,1.1830344631033478,-0.35088520287643044,0.10907223871560093,0.3248436560975193,0.5960973608188689,1.5339196659797782,280443,23,53
1.2000216873525706,-0.4113254179924485,-1.2369067204784856,0.003697303148946809,0.0710931478698246,0.12596182127677635,0.8255813024860371,280444,23,358
1.1369497467793552,-0.6811300476935541,-0.7146076348669304,0.14575585085981616,0.32428204612176653,0.39498587819808495,0.03347758717337623,280445,23,344
-0.11126306630167972,-0.7036680671511021,-1.1269794447856858,0.1793929036604664,0.5427579028048087,0.6387555928357233,0.4233113776345837,280446,23,65
0.8268285763873185,-1.1287058015312088,-0.4743124873988717,0.10005837596468274,0.33423414584506145,0.30841650746814964,-0.654393314132337,280447,23,239
0.8020899127961113,-0.3692167017449718,-1.1698970787757377,0.028843048596091724,0.13668948669067194,0.1846811430554056,0.8006803770307659,280448,23,245
-0.25468856188392186,0.8289287636375502,0.2618461935453265,0.19238045214794985,0.490010073751787,0.5974269164032145,0.5670825700922237,280449,23,105
0.4019828576302565,0.13781171003361223,-1.0109043130876576,0.028160719287429626,0.20453438059762957,0.24954003390322058,1.1487160231212699,280450,23,202
0.7960513991086361,1.0814973348837371,-0.2746318689582114,0.03954561234315876,0.20649760171468015,0.2109567818176636,1.3561292038419486,280451,23,342
0.7978433396192778,0.8036460517487046,0.3024999118042673,0.029291879239143698,0.07121772603855901,0.18802183912776593,0.5011461399444374,280452,23,351
1.2322155766765244,-0.07612156047317882,-0.07520764830843679,0.10885029849488327,0.24645368287938085,0.28891352927339464,-9.139121647420284e-4,280453,23,455
0.6669448268959891,-0.9220315120333877,-1.525088795921024,0.18846351853054302,0.5213711475994716,0.620303948962301,0.6030572838876362,280454,23,180
-0.36572390821203965,0.6798570144275292,-0.07576948936205395,0.11234983960070982,0.33595939716000706,0.46390786322751565,0.7556265037895832,280455,23,78
0.7977551610145945,-1.9164268542246266,-1.7366068720943826,0.03071890521235095,0.2178421513428957,0.2330159984314156,-0.17981998213024397,280456,23,156
0.8407782216979306,-0.8057315674232695,-0.4855257796107562,0.12103095349134518,0.3477759310835463,0.3870819233599479,-0.32020578781251324,280457,24,283
1.2004570199888276,-0.4322761628810403,-0.702218020767434,0.013576431038888007,0.11454547148173835,0.17704096190275853,0.2699418578863937,280458,24,332
0.11998812240908582,-0.5332509838819879,0.00279380075709283,0.18329912551936015,0.5478546190879262,0.5680894280987467,-0.5360447846390807,280459,24,128
0.43684274377904164,-0.16009300610993263,0.354081330177582,0.11567070961404528,0.35250550835211186,0.33458358853371506,-0.5141743362875146,280460,24,227
1.2618971421805043,-0.5502310555779868,-0.610204305602147,0.14466375156889735,0.34819671474064917,0.4320621589552329,0.05997325002416021,280461,24,413
0.23566293434716779,-0.9013628891408475,-2.330768422685145,0.1968073890501561,0.5838928637283176,0.7236551216778586,1.4294055335442977,280462,24,92
1.2000217890692657,0.7589480479075206,0.37472650292854126,0.0032301488709871764,0.12198195692695495,0.10920468617123341,0.3842215449789793,280463,24,514
-0.8033685284329315,0.026829393437429263,0.0017344749114859526,0.13591869643206814,0.4768408200882964,0.5797424148095618,0.02509491852594331,280464,24,39
0.8121116514181677,1.168973789811755,0.6512545320987514,0.06854173027137983,0.15583732519555143,0.25833658349328176,0.5177192577130035,280465,24,406
0.39384083992264013,-0.7882620629828473,-0.04949426121129833,0.04926488772755933,0.21459164018093582,0.20766051275307398,-0.738767801771549,280466,24,152
0.40007513969304204,-0.5551756890072456,-0.22298254127986752,0.009572837341899615,0.20226779744126566,0.20803827722331603,-0.33219314772737807,280467,24,169
0.4000376930753913,0.024146085090493388,0.4052000499620834,0.004083420593212598,0.1187767386427857,0.09784615729371232,-0.38105396487159005,280468,24,225
0.9490033217605077,-0.9014818842417378,-0.34460821328053237,0.19338908830215118,0.5525482445163092,0.5194423906120699,-0.5568736709612054,280469,24,312
2.431694134989304,0.6054229451057749,-0.6459654716431427,0.12950588656294573,0.35902048513758167,0.35888508487029147,1.2513884167489175,280470,24,734
0.8001035451889129,-0.6620917477482434,-0.41589217700947795,0.006634437751982019,0.1926050618568494,0.10485606053613758,-0.24619957073876547,280471,24,265
-0.4191356188818396,-1.257648599805641,-0.8506466060478931,0.11918634749423472,0.5036805442056064,0.5481503374132689,-0.4070019937577479,280472,24,50
1.2023649289644878,0.7745459361635468,1.201384486261637,0.030668438575287206,0.11222626355617892,0.16664377818089351,-0.42683855009809013,280473,24,556
1.5998313567098228,0.2650677589319865,0.5181625097029711,0.011519942944792335,0.19112213421767374,0.19957616234295272,-0.2530947507709846,280474,24,615
1.1768052116894954,-1.9667871611540937,-1.8712376874309058,0.09349110924315816,0.30035956579559026,0.32054563533246694,-0.0955494737231879,280475,25,263
0.8000181779826551,0.033428405586193234,-0.0016915735762352082,0.002745795723960268,0.11255281187670986,0.07334658723035789,0.03511997916242844,280476,25,320
1.7973560311880188,-0.027424244035156205,-0.7386561053687073,0.19998263563991756,0.42786209962857086,0.4826157529183559,0.7112318613335511,280477,25,582
0.40134794628031933,-0.14755553045764608,-0.39427408888883864,0.02326334320189023,0.20373830366354118,0.18543106379060154,0.24671855843119256,280478,25,184
0.8027164504719713,1.2490520595036467,0.8002526055063471,0.03285122504010395,0.15398164024618344,0.11400240015200155,0.4487994539972996,280479,25,448
0.1446236125116121,-1.2561001110060739,-0.8420812276085594,0.19220260165501712,0.6140773184217597,0.6485673274010596,-0.41401888339751447,280480,25,82
1.6056437451294605,0.06160826548225528,0.5171795110355549,0.04720163695061619,0.18349262524247634,0.22942861706987513,-0.45557124555329964,280481,25,631
1.2156884672485675,-0.45625032590148185,0.004960252995237272,0.07764831027744436,0.21414365252635334,0.21694333459318743,-0.4612105788967191,280482,25,456
1.5993816536122036,-1.3088150506968232,-1.1529184723140904,0.015772558542526703,0.18234376004968336,0.13863493060769524,-0.15589657838273285,280483,25,472
1.9999268104380956,-1.1212575372527294,-0.794506590529939,0.012271603581258112,0.1613782936463425,0.13793052389959085,-0.32675094672279037,280484,25,580
-0.0023019154763090285,0.9349104011519339,1.2067035052846902,0.030257944202322532,0.20213882640996436,0.12986118989017098,-0.27179310413275626,280485,25,169
1.1999297639000697,-0.8358381340133334,-1.1907182279934285,0.00571038089868612,0.11751619304140784,0.10001068100914327,0.3548800939800951,280486,25,334
1.97136696374746,0.6070465438569769,0.01721006148051271,0.10373496580959207,0.3055809469100184,0.32711652364121246,0.5898364823764641,280487,25,686
0.9395386270088144,1.198108823083471,0.4032141012177275,0.19064213179206735,0.4984611908316336,0.544123424023399,0.7948947218657436,280488,25,447
1.5994455174208426,0.39234633770402133,-0.3967306986404342,0.014939079105935763,0.07680236864771481,0.10304337661484364,0.7890770363444555,280489,25,571
1.4767695460408758,0.6485809639678279,0.39108827720259726,0.18467933344732212,0.3846712355603227,0.522235287949975,0.2574926867652307,280490,25,583
0.0018431138451890819,-0.3542783658868303,-0.31848986176263966,0.0327002242634766,0.22701021754662476,0.27597628941728813,-0.035788504124190657,280491,25,101
0.39986523484782155,1.2130996380407644,0.466393086843274,0.007342475837280684,0.07410075910960777,0.15389006569505526,0.7467065511974904,280492,25,307
0.32850914276720755,0.5612348889836603,0.025203390685065948,0.15324947658301366,0.3530469546503771,0.44265419569445985,0.5360314982985943,280493,26,200
-0.34278165405093625,-0.06042620343560872,-0.6752373887235537,0.14135256359326967,0.45077678247310193,0.5696725885975822,0.614811185287945,280494,26,68
1.3062275307974625,1.8857418113289002,0.9098282063520337,0.17665490370932455,0.44833280220274785,0.49512462631305965,0.9759136049768665,280495,26,618
0.8099060119593303,-0.333160905049764,-0.5216484105747973,0.062163425990379315,0.21980760364730603,0.24994100835237368,0.1884875055250333,280496,26,274
1.2000326787777151,-0.05723543554589423,-0.3780198253047655,0.003686227693865319,0.14046031722277139,0.09780737434520169,0.3207843897588713,280497,26,431
1.2003307342882135,0.9917677219461901,-0.6961899642437959,0.011523010357815472,0.20168612186313667,0.17912431814008864,1.687957686189986,280498,26,486
0.844340265692468,0.30210313793716836,-0.028561143723260837,0.12557884845001072,0.2804156898522553,0.35087167830080684,0.3306642816604292,280499,26,368
-0.46390161349087045,-1.1547280789575638,0.5487114603666554,0.14869211028195714,0.5468429658081777,0.46347926047010163,-1.7034395393242192,280500,26,52
1.6000262535824823,-0.00553583923339234,-0.3600397475837214,0.005090706580523786,0.056445331307313155,0.1293036335973942,0.3545039083503291,280501,26,569
0.7547181448523282,0.06753155463405675,-0.14956881814316225,0.12673711483665553,0.28359402725528204,0.3848672472617821,0.217100372777219,280502,26,302
0.8002063741330394,-1.5149587914671463,-0.573029336158829,0.01015699910683723,0.1886137017673999,0.20151787789126438,-0.9419294553083173,280503,26,223
1.200305190644614,5.3044115142809155e-5,0.7861601299383744,0.0110532724307073,0.04690401992812984,0.12115697042901773,-0.7861070858232315,280504,26,516
1.6059279282776828,-1.3979558037960853,-0.848616859846729,0.04833398613336132,0.23228006410255417,0.1776635286796142,-0.5493389439493563,280505,26,470
0.4007802309570013,-0.11254703804585485,0.4104237609252076,0.01765580747751823,0.18777507694625825,0.11282194457627207,-0.5229707989710625,280506,26,210
0.7738073717417754,-1.5250801843098134,-1.620067632917689,0.09895832871367657,0.3242914992110675,0.36386037624053225,0.09498744860787567,280507,26,164
0.4130844551847277,0.7635164574887192,0.10181951756149275,0.07115181674259118,0.17978503764075546,0.27752623046368735,0.6616969399272264,280508,26,242
1.5203522731069885,-2.2317946860655917,-1.786301177637372,0.1597355385836887,0.4482040006963931,0.4805106680779981,-0.44549350842821966,280509,26,343
0.4027262911210409,-0.40799468021396307,0.4807378509934677,0.03291217230971019,0.16519148760658162,0.1878014525656157,-0.8887325312074308,280510,26,224
2.4013101071471157,-2.0092652229239003,-1.5881097938334392,0.029459882580778588,0.08852271650320077,0.16643834791471418,-0.4211554290904611,280511,26,604
1.9997925957773905,-1.426748517641267,-0.37440513190220664,0.016621547211467153,0.2019459988211563,0.17895887940010013,-1.0523433857390605,280512,26,601
0.8000297472810755,0.004008467986097552,0.8311138124144464,0.003476127691675174,0.06156808522809487,0.11112112763142892,-0.8271053444283488,280513,26,385
0.8000821265310071,-0.3999118514919068,0.34962309279929354,0.0057423061075692365,0.08237880301900666,0.1346825836147745,-0.7495349442912003,280514,27,334
0.3949606583561744,-0.29752608809635467,-0.2562261233687239,0.04462341358543688,0.21200227623282106,0.23376726085528182,-0.041299964727630756,280515,27,173
0.8000029074700115,0.6928623929850378,0.7347907778909206,0.0016778876523732558,0.17721734876574977,0.14888338397714038,-0.0419283849058828,280516,27,403
1.2016473218517487,-0.840391364049304,-0.6012195067061052,0.02561810490276738,0.13628695574497734,0.2112112915388107,-0.2391718573431988,280517,27,375
1.175420763000854,0.08035127989660697,-0.3632816856599558,0.0960601705522751,0.24745791863572272,0.25688285158954044,0.44363296555656273,280518,27,428
0.3968652133725315,-0.31356973375729547,-0.2681302280911555,0.03529214774625703,0.19493647644287926,0.22068554828415068,-0.04543950566613997,280519,27,181
1.1999558966191408,-0.7824838560073957,-0.8077380077692765,0.004316925772957064,0.08922694270330066,0.08405893131965798,0.02525415176188084,280520,27,371
1.7486909415626508,0.5077893636537565,0.8325534494492328,0.1933096134753801,0.4038993668260829,0.5222031864378948,-0.32476408579547633,280521,27,696
1.9996083882989708,-0.4446160690258369,-1.1820588573264728,0.015152980433532845,0.1320415022030207,0.12436777174972835,0.7374427883006358,280522,27,591
1.6000991722681341,-1.243450234078223,-1.359090448934446,0.007365057109460821,0.1265894084106603,0.19726622874365438,0.115640214856223,280523,27,430
1.6034126912819773,1.1968974845830518,0.3948862638076165,0.037295046054546234,0.15311306893388868,0.1854363341559604,0.8020112207754353,280524,27,628
1.2041591199658301,1.2090416374569326,0.8667884252323046,0.040577505408565154,0.12056139482063752,0.1906833060545429,0.342253212224628,280525,27,579
1.1999887692709061,0.7895229410819432,0.6564753359962785,0.0034463778550852223,0.06777467676391186,0.1940089434013912,0.1330476050856647,280526,27,545
0.5017758421257582,-0.7592984443542743,-0.6057062391638567,0.17421844932772587,0.5190643436129214,0.5552913056236141,-0.1535922051904176,280527,27,161
1.5332133190032813,-0.9958142482778027,-0.6540631203159883,0.14917846359277825,0.39615225437777557,0.3746813592320943,-0.3417511279618144,280528,27,452
0.04510484623218468,0.07976871792278431,0.5738658442251298,0.1265215299101722,0.38941446645978295,0.40090877626217875,-0.4940971263023455,280529,27,179
1.1946736252007915,0.01803904528385797,-0.0843026955519999,0.045849565876560555,0.11415833074752135,0.20229062304253007,0.10234174083585787,280530,27,440
1.881087245176082,-0.1325201333713001,0.5446222007894649,0.1828328118276337,0.3905226292936398,0.5010019035540103,-0.677142334160765,280531,27,671
0.7857210212206657,0.5688365737928984,0.0421426158702084,0.07421389798715791,0.2656443928500764,0.22055544428793714,0.52669395792269,280532,27,323
1.6017836915199253,-0.31612129562438607,0.11233128283516489,0.026684301667251432,0.17501133093714843,0.19651140106111115,-0.428452578459551,280533,27,565
1.9996260408660933,-0.7868313959092067,-0.3761665559038021,0.017935244884097753,0.08244814429839518,0.17935092096880667,-0.4106648400054046,280534,27,622
2.402850733213338,-1.81404522098401,-1.067084419502864,0.0402111798375591,0.21695929738572986,0.22550407038057452,-0.7469608014811462,280535,27,608
0.8019333085534011,-0.41456556679290707,-1.6154113744664411,0.02775318961307454,0.11421826125379543,0.20542699537266426,1.200845807673534,280536,28,227
1.5597372554413909,-0.7201757676430346,-1.784809680704424,0.12034966229815718,0.2509210005870411,0.3770270443887191,1.0646339130613893,280537,28,416
0.40268831986352494,-1.2263693053678026,-0.6722493778812153,0.03342837508457531,0.22312676384607316,0.23953254246162134,-0.5541199274865873,280538,28,147
1.5986661360058112,-1.1063179064747029,-1.3635250956233356,0.023089617985499338,0.17770311287687818,0.20570790647947088,0.2572071891486327,280539,28,467
0.7999448851818645,0.395455903300609,0.004967641279600705,0.004698935393832017,0.0522330674263314,0.07591238326821374,0.3904882620210083,280540,28,355
1.2000518395786821,0.36992864867544184,0.6762952806507717,0.004788900247228072,0.10628787998779465,0.18785983938029951,-0.3063666319753299,280541,28,513
1.2006656432948084,1.2872442864481837,1.3884046734881896,0.016532008116872644,0.17037150669890808,0.21137040394310716,-0.10116038704000596,280542,28,597
0.40060365903577844,0.39614447221325066,1.5874962770045618,0.015528264414562383,0.08544452551651524,0.09340504229628525,-1.191351804791311,280543,28,298
1.6068767394894963,-0.015969090404988322,0.32178753699054324,0.05200014114216397,0.11628335865243383,0.21820592485344442,-0.3377566273955316,280544,28,598
1.5914113046279086,-1.1003015372019365,-1.168496035725823,0.057980761136879055,0.21799139785265745,0.18390559262384065,0.06819449852388648,280545,28,464
1.599070649222162,-1.2163842628016597,-1.1712337213724462,0.01926870749761467,0.09613074000200304,0.12179982984531117,-0.04515054142921349,280546,28,413
1.2016695726363191,-0.4231595906617795,-1.2218108959808704,0.025790223545610367,0.10923847269015287,0.12989313421442109,0.7986513053190909,280547,28,373
2.4410005051666204,0.6614638498015588,0.009922689396329615,0.15191077758273044,0.3965457936247686,0.4259825667161983,0.6515411604052292,280548,28,746
1.251955224008114,-0.06885198775111222,-0.39105797391729036,0.13447209650307682,0.3030296528078897,0.37409116822408633,0.3222059861661781,280549,28,455
2.4038864351951768,-1.1759901361894112,0.7512352300860129,0.07158354518880075,0.17852807219983333,0.40111299877631473,-1.9272253662754242,280550,28,719
2.4128761071733047,-1.6088409343082835,-1.2115169277320315,0.0713937037450951,0.16548252570593663,0.2306217541267132,-0.397324006576252,280551,28,667
0.799265383510182,0.6733629104795662,0.3993899342000357,0.017126322220030486,0.19067337173330923,0.08010611799475152,0.2739729762795305,280552,28,358
2.0194717138128695,0.7211388110724178,-0.13977244740995196,0.08787552127646833,0.25226639841626547,0.291737765771185,0.8609112584823698,280553,28,716
2.0818038445982014,-0.8908968627300431,-0.9030951593916584,0.1613388624826079,0.36212681899314575,0.3857688008926585,0.012198296661615315,280554,28,618
1.1141146312846868,-0.4503966086286491,-1.6194700592366733,0.16424939599243218,0.46138706087965037,0.51741412267023,1.1690734506080243,280555,28,304
2.3969002153800396,-1.2313903136076536,-0.43392401575968736,0.05385877900683708,0.1609857463908892,0.2804208004100353,-0.7974662978479663,280556,28,670
2.0024432376796844,-1.2036376878309711,-1.0395547181366764,0.031296909294492,0.08033708097765604,0.2117702864183085,-0.1640829696942947,280557,28,588
2.3121997353490156,-1.3596013166911165,0.09096936153517347,0.16575174304324425,0.36744040850394694,0.4575620865787371,-1.45057067822629,280558,28,688
1.9771204038035914,-0.8995880890674324,-0.9704175952642544,0.09289621304765806,0.28201737836094026,0.30284828085653365,0.07082950619682205,280559,28,598
1.600383701177595,-0.6688855695990227,-1.2184995591556995,0.012448779140594774,0.19015912161361362,0.10436260267968718,0.5496139895566768,280560,28,476
1.6735576274581505,1.4055009756088643,1.1031025476587522,0.15502765561431894,0.39072162223491896,0.4414789385366608,0.3023984279501122,280561,29,729
1.5637033490779064,0.37996824821462927,0.49902504178098356,0.11489760152196936,0.30245567453988903,0.341652732980057,-0.11905679356635429,280562,29,603
1.5843266280648811,0.4167903582153779,-1.5155920829437286,0.07761376642118843,0.17887302204388253,0.2556361637512232,1.9323824411591066,280563,29,496
2.0013104383761706,-0.3480339597822843,-0.07182220477559834,0.02865259300546701,0.14976779580966398,0.2239753801064013,-0.27621175500668593,280564,29,673
1.1912113627511405,0.008790400995046799,-0.04890201888963677,0.058636305343882957,0.13444244624193508,0.20437017198157176,0.05769241988468357,280565,29,438
1.1964922400353615,-1.078953543857251,0.0298263730386727,0.03729370851324598,0.20556825692953298,0.14232300680475796,-1.1087799168959238,280566,29,368
1.2004462544303676,0.06633893652065125,-0.7042768882226788,0.013357826619453787,0.15240680671894724,0.175754487264634,0.77061582474333,280567,29,448
1.5974312363027727,0.7269296940118619,0.08100676587706172,0.03204229788412016,0.1751848089362335,0.18637495934750617,0.6459229281348002,280568,29,616
1.9997553217869692,-0.4165185878491393,-0.1662368842605876,0.02277408747336407,0.09842422072269755,0.22553087299934682,-0.25028170358855173,280569,29,661
1.5929130331910464,-1.1298225918484888,-1.0109343535891946,0.05277002858445098,0.19157163939825583,0.2392641616730636,-0.11888823825929418,280570,29,462
1.5807741871354322,0.9075615692083288,0.38098646275422865,0.0855737467842221,0.25583916468850654,0.2792845372807597,0.5265751064541001,280571,29,636
-0.001339960255770559,-0.2338750787704756,1.450483694220954,0.023237859048368784,0.22475487907177066,0.20305284416014724,-1.6843587729914296,280572,29,192
2.6956708530251574,-0.5482807896621208,-0.6147468837509036,0.1843725449232431,0.3820459287545518,0.4644707052108651,0.06646609408878279,280573,29,755
2.296086510669401,0.3682928982751272,0.6406786810066927,0.17978141815426396,0.4226542566368686,0.5036668225070885,-0.2723857827315655,280574,29,756
1.6188193374563002,0.4279112995337032,0.9201557058027009,0.08471200890921086,0.23023888563022926,0.3017111389550874,-0.4922444062689977,280575,29,659
1.5999590836340114,-0.7934099624164512,0.5230512716853506,0.007419669440206669,0.05954431005153009,0.19982898525153667,-1.3164612341018018,280576,29,620
2.3933875470765735,-1.111887798300818,0.5143409705642876,0.07261906536597322,0.2111471691112517,0.37478923183847895,-1.6262287688651056,280577,29,722
1.9956985727190966,-0.8051004129026512,-0.8876761922516384,0.041353032029174154,0.11387643748069468,0.20286786583983885,0.08257577934898719,280578,29,586
1.1014456589113166,0.6478272689699305,0.09210878852160811,0.17236234640497666,0.41513529547592026,0.45295247091919916,0.5557184804483224,280579,29,450
2.6663788667907893,-2.0170078721201663,-2.0127109519014414,0.18882049237921625,0.40780955324244844,0.4427164181703304,-0.004296920218724853,280580,29,665
1.3728739247027366,0.45281600021749613,-0.043479159486364244,0.19815190338183078,0.40527930996620287,0.528196741891527,0.4962951597038604,280581,29,529
2.400078661298318,-1.592762826521211,-0.10573799127206521,0.05033859364064133,0.12136758853302616,0.3035507306746776,-1.4870248352491457,280582,29,697
2.03603684026673,-1.2660991359913794,-0.9165201375466189,0.11452756367267292,0.23870252163877567,0.3007282870280543,-0.3495789984447605,280583,30,587
0.8001101997090214,0.7930853664225456,0.5226289169707912,0.0066407425117966205,0.05645894698810924,0.1854565134563069,0.2704564494517544,280584,30,388
2.413362375415923,0.02652179379715282,0.47125368405978973,0.1181803096740266,0.28751280938900253,0.41315977979812724,-0.44473189026263693,280585,30,755
0.8000791339483767,-0.08648058308877998,-0.7179771940081157,0.005924010924658163,0.1656179230178179,0.1704407654004829,0.6314966109193356,280586,30,268
1.5075110664141986,0.18075504164058692,-0.24460292260391622,0.16864570662673797,0.34636228187166407,0.4125592507143587,0.4253579642445031,280587,30,535
0.4938935376974683,1.435070453793549,2.0657883676268174,0.16953294300949923,0.3634329821757195,0.5022660783770355,-0.6307179138332684,280588,30,398
1.799843912854584,0.3438641660769654,1.2334467271969616,0.200008581074648,0.44064155476068473,0.5511536204260311,-0.8895825611199961,280589,30,684
2.012080978053958,-0.4598424140300464,0.7973280115505241,0.06917208901632434,0.1816160650650012,0.32018776018359774,-1.2571704255805705,280590,30,661
2.9843690996424734,-0.12203812603658475,0.6525657208838579,0.2504479986141116,0.5137905748867718,0.642507145752026,-0.7746038469204426,280591,30,786
1.5689851817097988,-0.34211504470355814,-0.4520900047814938,0.10697673394703816,0.2225113654055407,0.31176426756713477,0.10997496007793567,280592,30,540
1.5538612006900347,0.887293151400556,0.583477872423204,0.12777867636450538,0.28745316233259277,0.38319885311844815,0.30381527897735194,280593,30,624
1.5999677121362463,0.3619647157260721,0.4648224234665493,0.010180755596989144,0.12087522050359045,0.18016741146232146,-0.1028577077404772,280594,30,629
1.567426273154192,-0.7590691749612304,-0.6327130081284142,0.10940042578087097,0.24586946143700744,0.33801725757527584,-0.12635616683281614,280595,30,494
2.020256736168177,-0.4532929479770408,-0.46301319417570497,0.08774931998823332,0.19326379246033323,0.25896710497260045,0.009720246198664184,280596,30,657
1.9046846271507214,-0.6661583697863476,0.07114941892024368,0.1704177659424896,0.386305060325222,0.46521039684209947,-0.7373077887065913,280597,30,631
1.8020698826469026,-0.4300606867641424,-0.1251488752375148,0.19998952081745633,0.42583263973968777,0.5227916771582704,-0.3049118115266276,280598,30,619
1.201579335181688,-0.3832455287738548,0.051711766116407744,0.025084906229874783,0.10314943581525297,0.15087204021070114,-0.4349572948902626,280599,30,449
2.0019163705903016,-0.16756244827107364,0.5030704321769927,0.036696675560514605,0.2104055739566604,0.26846863306201935,-0.6706328804480663,280600,30,703
1.1981765990524913,-1.075575895210859,-1.135392111406533,0.02695284022867974,0.19713988213720035,0.16564739665101166,0.05981621619567412,280601,30,316
-0.04621117098719752,1.161857320888198,1.2363786758135717,0.12786321250991625,0.34428578148168654,0.33494440011862364,-0.07452135492537382,280648,16,173
-0.8036466644946024,1.9591026757803087,1.7846675564886332,0.04170413784247664,0.17316434149612267,0.2458970510419668,0.17443511929167554,280649,18,76
-0.40023116139955595,1.4999372295864233,1.6362062866847304,0.011121314259907268,0.1774113483083403,0.15797820960733808,-0.13626905709830717,280650,18,131
-6.337850567980504e-4,1.5620797809835012,1.5948416322036911,0.015910414812756995,0.12416166507603865,0.09997008363641093,-0.03276185122018993,280651,20,220
-6.337850567980504e-4,1.5620797809835012,1.5948416322036911,0.015910414812756995,0.12416166507603865,0.09997008363641093,-0.03276185122018993,280652,20,223
-1.6399178156310548,0.7630807823628454,-0.4713078127461759,0.2749337729004518,0.7096251114888178,0.8915524482749799,1.2343885951090212,280653,20,6
-1.5807964476137117,-0.7648988626530554,-0.02947048140145496,0.2921835168695495,0.835115638642417,0.8570204178661097,-0.7354283812516005,280654,20,12
0.4113976015099361,1.6242474683763852,1.1541997207914065,0.06655174995387222,0.19071180966382817,0.20773353760264437,0.4700477475849787,280655,20,339
-1.3836364030653483,0.9170357752592733,-0.6966314688037861,0.2365751249644588,0.6183672859184027,0.8562728035325764,1.6136672440630595,280656,20,12
-1.1970286943873265,-0.3503141254256041,0.07597069280849017,0.211652198499352,0.6898149606081949,0.7436498595247376,-0.42628481823409425,280657,20,25
-0.40023509366231347,-0.00821267602511301,0.6352151090584444,0.047170452006678715,0.2799549189994045,0.28466299784662497,-0.6434277850835574,280658,20,76
-0.7300068662225772,0.018250623923694885,-0.7909401176679143,0.16834485210916328,0.5310651627322995,0.6972676204167794,0.8091907415916092,280659,20,26
-0.3948456452745476,1.130145018589906,1.1656241296537444,0.04528187068792995,0.19484069112508917,0.22433382493343915,-0.03547911106383839,280660,20,105
-0.10599347740133054,1.4939141660705446,0.5714436521241095,0.17652983055673924,0.43085199623195397,0.4893865390791202,0.9224705139464351,280661,20,183
-0.6143205626706876,-0.09843251494798622,0.7249898612547104,0.19995087083788035,0.5855638516549166,0.5860268765120573,-0.8234223762026966,280662,20,57
-0.6763931081568041,1.0451406299582102,0.59937269045552,0.18518999455975074,0.4839011066613835,0.5845717990531873,0.4457679395026902,280663,20,78
-0.9110408909496174,1.4485421953552415,1.2927088862616138,0.179657851322615,0.4371021803588823,0.48872379116944964,0.1558333090936277,280664,20,71
-0.3994982170420434,1.6419715712952765,1.0119400238595628,0.015959173298712,0.13635530336162133,0.22964715658134435,0.6300315474357137,280665,20,153
-1.0265844014909724,1.507749375601691,-1.2010679022645103,0.20431429796662656,0.4948056014026661,0.8176112557938646,2.7088172778662014,280666,20,32
0.3996634135117588,1.980355685590727,1.7503284729322188,0.011599441808545448,0.09182656136863465,0.19636989432800012,0.23002721265850812,280667,20,397
0.3996528165216394,1.6123054982079394,1.1733383335556464,0.011779478106347436,0.07356997510029195,0.10996332421282157,0.438967164652293,280668,20,318
-1.3148674337704318,0.773558578049862,0.411741748004475,0.21280711391044743,0.5887797794308702,0.724842120027908,0.36181683004538695,280669,20,24
-1.033666688069209,0.0980369623499932,-1.138019633861088,0.2185438161052888,0.6354252835502918,0.8212297141307654,1.2360565962110812,280670,20,18
0.01019585963813257,1.392192056605203,1.0899963253003482,0.06304282747178892,0.2511839189713011,0.23975000812494726,0.3021957313048549,280671,20,220
-1.0125472425313293,0.259223945341684,0.25342120804318624,0.20882392566954996,0.6016496847656737,0.6913689456375587,0.005802737298497784,280672,20,45
-0.0023941286521469017,0.615844885084588,0.24498062520391428,0.030983147949548682,0.21442054089050755,0.23117168465333718,0.37086425988067373,280673,20,142
-0.39977735417613014,2.011977081868946,1.7332373952766353,0.00976858140080347,0.08338684342644867,0.19689864750296374,0.27873968659231085,280674,20,165
0.39994831859278884,0.9887949229011078,0.3157598033977532,0.004606011322524384,0.20003229647618728,0.16638767979775773,0.6730351195033546,280675,20,263
2.6749615590410187e-5,2.0081776601933634,1.5971419763656758,0.003295789449742429,0.06069759300879988,0.08920577561744898,0.4110356838276876,280676,20,261
0.1892595687591815,2.0514693626088336,1.7528717255744948,0.19971139972266583,0.4372273086110874,0.5550645468861658,0.29859763703433884,280677,20,328
-0.5688461517905873,0.7036536934569197,-0.21994182073852067,0.19780520494060452,0.5104715707354572,0.6625127302735121,0.9235955141954404,280678,20,63
-0.3942921366671588,0.48739383778126333,0.346798861260737,0.05348896645757517,0.25627921221473454,0.32571358941093403,0.14059497652052633,280679,20,88
0.4003258728166056,0.21055424555616722,0.35853276380751226,0.011431705172530972,0.2023576355410599,0.1336275152672209,-0.14797851825134503,280680,20,227
-0.49924883432699224,1.7958421412130285,1.3620470620852319,0.17276970042341855,0.3669602053023058,0.4350411737283789,0.4337950791277967,280681,20,121
-0.2588031178657943,2.909508309292636,3.0695252076627946,0.1911601273099295,0.3976883198246019,0.545249376065685,-0.16001689837015842,280682,20,310
-1.7673806069454683,-0.24649014095364508,-0.3928460577591676,0.3270606285536996,0.8379898185202562,0.9095710775168236,0.1463559168055225,280683,20,7
-0.42317031343791867,-0.7196344872400197,1.0447060015034157,0.09489013205373611,0.40923316240691293,0.31570488367748717,-1.7643404887434353,280684,20,62
0.3851947291708499,0.39277251088584764,-0.007259364227559406,0.07551773668375256,0.20095591386016803,0.250939167374589,0.40003187511340704,280685,20,215
0.4269444416201748,1.8052526787414043,0.7294594890895437,0.10025853473252337,0.3141667794842919,0.28535814765878154,1.0757931896518604,280686,20,392
-0.6722619706802153,1.4281813013812898,1.1085603216334665,0.18654179200210924,0.4607222341662307,0.5293972345889989,0.31962097974782333,280687,20,86
0.02199264202579317,1.799575605407823,1.6569110767143183,0.09117774864210547,0.2962562257819147,0.279230903706044,0.14266452869350466,280688,20,277
-0.13486634272793027,0.5170777316639408,0.7647455875618019,0.18909711036987706,0.4975595769332889,0.5238190634339951,-0.2476678558978611,280689,20,126
0.40019131300362304,1.5947669728638436,0.8614172518726234,0.00874615939306573,0.05188247217489161,0.1477545744554526,0.7333497209912202,280690,20,337
-1.7661651417812005e-4,0.3995686246461429,0.8953351107325521,0.009023497043916954,0.13862324740853038,0.18099989009773218,-0.4957664860864092,280691,20,155
-1.106314178280684,1.2444380349244006,0.5732202469282595,0.18512311284803815,0.4877817672364038,0.6470083629608852,0.6712177879961412,280692,20,30
-0.7862228331011897,0.790168273179751,0.6426436883773167,0.10126256633175781,0.35166051070783083,0.45057806081104923,0.14752458480243436,280693,20,57
0.7999309249236566,1.9797528202956518,1.9767142410454677,0.005580350951886754,0.09501383646758962,0.1344811168217102,0.003038579250184137,280694,20,522
1.2086776006384865,1.5838499232731689,2.1785875603119136,0.058298425514293616,0.15604148572540533,0.2812398120399237,-0.5947376370387447,280695,20,673
-1.2758638590648095,-0.2953066597610252,-0.4633925794405084,0.23213440399391486,0.7170412943982121,0.8183930822746316,0.16808591967948316,280696,20,18
-0.6532887583805546,1.7605531740823632,1.0835021233793394,0.19278490476172372,0.4420176001656181,0.5403886157509048,0.6770510507030238,280697,20,91
-0.8017921361846718,1.6847130835003332,0.9011327083285695,0.05947230155941171,0.22806846417062976,0.36489680683456144,0.7835803751717637,280698,20,71
-1.275886074833033,0.7098008904041623,-0.5487347936470349,0.2148107131347231,0.594365084649511,0.816656886824916,1.2585356840511972,280699,20,19
0.7995271018455574,2.3934550246570514,2.4177611098688683,0.013959219497181118,0.10692151283939626,0.16418992200983987,-0.024306085211816875,280700,20,575
-1.721635103605344e-4,-0.36229196474455666,-0.0793909366801394,0.024927369767968843,0.2178346813930986,0.24369174942384275,-0.28290102806441725,280701,20,101
-0.8993833289161289,0.8765354090883313,0.3926376480821405,0.17695412736027866,0.4719282849323844,0.6014225911389801,0.48389776100619075,280702,20,43
-0.402799432475175,0.2685425771924838,0.2583478111481291,0.05277639593452966,0.2644015175140961,0.3312061617377117,0.010194766044354708,280703,20,62
-0.399831411276701,1.328369640951707,1.6320978590326825,0.010931965363714111,0.19327204846650592,0.15668701562446385,-0.3037282180809755,280704,20,136
0.80191464354423,1.3752563169357404,0.6560630104729449,0.027607986114739063,0.2091814499602532,0.20398606343893008,0.7191933064627954,280705,20,418
-0.40083009505934125,1.0505905168088665,0.9217161698540715,0.024146515846768874,0.2071943506277702,0.2406163039644932,0.12887434695479505,280706,20,103
0.4157626675462085,-0.2595420951156091,-0.025875786240175745,0.07782471141989016,0.2854127852249924,0.26429512211910156,-0.23366630887543335,280707,20,200
0.4019175800125235,1.1315177639839058,0.7671184496883476,0.027628912003429297,0.16333722652370747,0.13312554791085693,0.36439931429555816,280708,20,299
-0.011479760616811642,0.585044707834665,-0.7144596969906024,0.06687699152145261,0.25624694896339406,0.351711099444251,1.2995044048252673,280709,20,131
-0.7846417314019419,3.8423329336444834,2.4206381341509142,0.07686369965506847,0.2569119110559596,0.24711641429545575,1.4216947994935691,280710,20,183
0.020664424919204564,2.7932492664954482,2.3281427333439297,0.08853673086631332,0.21733317410818553,0.2716758663253875,0.4651065331515185,280711,20,362
-0.7649511529740787,0.2650504612496296,0.4301209217274134,0.13270989542852304,0.4494011859821084,0.5220378745731461,-0.1650704604777838,280712,20,53
-0.7283285058271604,0.8222356728452208,-0.1721905907216215,0.15787032308841525,0.4497836874583232,0.6239591398936403,0.9944262635668423,280713,20,54
-0.3589755463131797,1.4864764930785892,0.45244264593918293,0.12136501627078991,0.30121627622123215,0.43490566913115475,1.0340338471394062,280714,20,122
-0.3259403446442515,1.7746750332353478,0.9266587151662103,0.15536771252341355,0.39268349412564396,0.46186456468838305,0.8480163180691375,280715,20,143
0.7831472347823314,0.05348652695869616,0.006558493823478493,0.08035602484589772,0.2102006685774933,0.22914640667073083,0.046928033135217664,280716,20,305
6.906021381245916e-4,1.5654846287420705,1.1771029626659,0.01660735415674955,0.11821553141110351,0.12332362428581344,0.38838166607617053,280717,20,229
0.1354254731058274,1.1446976177371768,1.5402627716254131,0.1892884854792665,0.5118221242145378,0.5436443934552136,-0.3955651538882363,280718,21,250
-0.7864052164651101,0.9088635962267572,1.1883606907015805,0.08607721280591701,0.3224587086538781,0.35859767247712204,-0.2794970944748233,280719,21,57
0.3999670324255641,1.8928427303528028,0.43547392405332486,0.0036569477589568785,0.17741545262916833,0.1245471976118685,1.457368806299478,280720,21,315
-0.45759216159485633,0.8667981366478936,0.5697274632857133,0.14052031253274402,0.36330789939834823,0.44338699282582716,0.2970706733621803,280721,21,88
-0.3723330030296122,1.141249397906143,0.8045103615002938,0.10152023518901743,0.2731378246759442,0.36297032916069705,0.33673903640584935,280722,21,124
1.324494201010005e-5,2.787775927981537,1.4038002636839992,0.0024227404060213203,0.07220847930439589,0.20082855415796222,1.3839756642975376,280723,21,281
-0.4003263344444031,1.6168300959034285,1.1251446600703703,0.013599884542552043,0.1085721770822623,0.20356218967568857,0.49168543583305824,280724,21,116
-0.011340641524664824,0.9874306967301625,1.1746405318727553,0.06639028934304098,0.25236481113068027,0.2103021482716825,-0.18720983514259282,280725,21,192
-0.39946288319071066,2.4138088359291943,1.5667392875328192,0.014687401982422934,0.08453592959440147,0.15905575464040048,0.847069548396375,280726,21,192
-0.8172509655633433,1.8371402308281823,1.0419098789299452,0.08445727043899338,0.27040530547136654,0.3677475347227475,0.7952303518982371,280727,21,69
1.2000631584043873,1.2154170874238246,1.8941239383652675,0.008269686746315563,0.08566131651224497,0.21804426776640798,-0.6787068509414429,280728,21,607
-1.6024437168108854,2.6872327387702195,3.1497745811340487,0.1297907721350873,0.3324052277016852,0.32778859528263427,-0.4625418423638292,280729,21,39
-0.35347303775376254,1.909605366092716,1.6261285502442882,0.12824216155989346,0.27406176437130647,0.36363753368429824,0.28347681584842777,280730,21,164
0.3999904535097641,1.578902039033161,0.7768427216117662,0.0019873420012765275,0.09008754648646951,0.10109651900966628,0.8020593174213948,280731,21,306
-0.37309300938434053,1.8247900302864484,0.9354690794314704,0.10019727076330312,0.3011900951608298,0.3526457412066166,0.889320950854978,280732,21,142
0.7972930478847384,1.6046220464258243,1.9484319254280238,0.03279455387585707,0.08516634148069933,0.1814388564676183,-0.3438098790021995,280733,21,528
-0.22978946874445136,0.6250440849687967,0.7134171996978876,0.19776984166133532,0.5313076558189006,0.5602718249407833,-0.08837311472909093,280734,21,123
-6.018416031429227e-4,1.6758086171747129,0.7443046628939759,0.015509311593083044,0.1600691134901577,0.16483559192229802,0.931503954280737,280735,21,214
0.13828940935030265,1.7188365289217358,1.5956013895303665,0.190241433511634,0.3929134482750594,0.5491812117650445,0.12323513939136932,280736,21,265
0.7870045271975218,1.5876601530786916,1.7331358634027823,0.07091764758434427,0.1905610450688369,0.2656201358800306,-0.14547571032409068,280737,21,512
1.2023178672911958,0.7898762691147678,1.1990587805924364,0.030363359904646944,0.08328858683220498,0.1661011580300501,-0.4091825114776686,280738,21,576
-1.1721950342036729,0.6629515709099978,0.5867802246270357,0.18210745971242837,0.541762531280539,0.6510272346660251,0.07617134628296207,280739,21,21
-3.808758346494106e-5,0.9078686732879339,0.7923188469537888,0.005268582729849463,0.18002912851362718,0.13915569444887363,0.11554982633414501,280740,21,170
0.3990541161760615,2.772013513112158,1.1941716613756104,0.019428568190211503,0.11967299202344445,0.09283775153992865,1.5778418517365476,280741,21,401
0.09039149403747514,1.407977984095859,1.5221578929870143,0.16729009422802493,0.36073688525658404,0.44168864927053253,-0.11417990889115526,280742,21,275
0.7998141106705214,0.40552645895937267,0.8824772261336928,0.008622788902963398,0.05589460939573043,0.16396023501046053,-0.47695076717432017,280743,21,398
-1.0836911523506034,-0.4803754554117086,0.06570909151505694,0.2141012701268523,0.6910273760715939,0.7303827067855625,-0.5460845469267656,280744,21,30
-0.8288520020248578,1.3497236569593116,0.6755187693325858,0.11041832873283233,0.3215546986552871,0.4544845236679041,0.6742048876267258,280745,21,67
0.40008756901665515,1.2407174251178674,1.5045908123131653,0.005923660430188736,0.12210744945898513,0.17178771318223632,-0.26387338719529785,280746,21,340
-0.3985107770470337,1.581119661272647,1.5999256683687622,0.024433244468144502,0.11829535069683358,0.15947527641882422,-0.01880600709611513,280747,21,139
1.933129654391727e-6,3.0950571932566815,2.1616593864805136,0.0028903979003269756,0.176380886205765,0.19689301340946924,0.9333978067761679,280748,21,337
-0.3671729514971004,2.4303340429526425,1.6021370437640963,0.10978714739988003,0.29380419587037115,0.3131788503933748,0.8281969991885463,280749,21,194
0.35894685788212455,1.2662706480984143,0.2812729552701548,0.12139150166885111,0.2610331829668628,0.36813087664753386,0.9849976928282596,280750,21,251
-0.40343969232954247,0.7233858550759602,0.9275524735537628,0.03908824892135129,0.2120561883368599,0.25079390450640626,-0.2041666184778026,280751,21,73
-0.022527963030294654,0.17438286509920156,1.2478128644276425,0.0922157849527096,0.30345760924417,0.2544685074581184,-1.0734299993284409,280752,21,150
-0.7994942411902319,1.4563744374789724,0.5675700170612018,0.07422808889167898,0.26654111600818614,0.4292644885250335,0.8888044204177706,280753,21,60
-1.1171861287161298,0.9039972439816374,1.8949997841587076,0.16927083521697478,0.4945512537902757,0.4450161664715941,-0.9910025401770702,280754,21,42
0.385964464332674,2.420632005567786,1.6486649944846579,0.07360175521743817,0.17413281413694826,0.2286862032829827,0.7719670110831283,280755,21,398
-2.331767792934112,-0.4158736183615596,-0.165107690835819,0.484642966343319,0.9238666743141984,0.9553511300630486,-0.2507659275257406,280756,21,2
-0.8673662490566728,1.8792128628221099,0.33757400474868976,0.15075867342529184,0.3718561182111988,0.5625441768238378,1.5416388580734202,280757,21,63
0.7971399717053042,1.2104559632164593,0.3886750356315171,0.03370210755011716,0.08756626410705286,0.1238296418537723,0.8217809275849421,280758,21,403
-0.73997214779996,1.7999442662846177,2.039164326240228,0.14287859998313052,0.3620925126118959,0.3891274390736461,-0.23922005995561046,280759,21,92
0.40007307498854044,-0.449932739652074,0.42318992499783364,0.0058309732954379126,0.15703048765618544,0.11268689735893357,-0.8731226646499076,280760,21,199
0.7996330937528663,-0.13219219331510257,0.7769565027242493,0.012111387317166215,0.1906575673535395,0.10512406428329811,-0.9091486960393519,280761,21,347
0.167508330084842,2.634997928222579,1.2010500354804095,0.19734308053999278,0.5392254589046864,0.5112525249614694,1.4339478927421696,280762,21,322
0.015120405839981211,1.532724458920771,0.7216866560569614,0.07628592507844378,0.21669178427899646,0.2616098250736086,0.8110378028638096,280763,21,188
-0.7880704389084886,1.6811463127785133,0.8372053670089048,0.07563799321394415,0.2583919524810718,0.39310369064654,0.8439409457696085,280764,21,63
-0.9767085610642776,0.5594842182258462,0.5388947260251629,0.2032081682399197,0.5580266184087508,0.6429814942179006,0.02058949220068329,280765,21,39
-1.2173586963222913,0.6746503207688757,-0.7229489113722114,0.20587586795256027,0.5795222163315857,0.8176400265447541,1.397599232141087,280766,22,16
-0.3936412608816877,2.3470278660982884,2.0357560392820577,0.05003130622882452,0.16426168312791173,0.18918286660111025,0.31127182681623067,280767,22,201
-0.7946810147062987,1.5325599011279303,0.6735289360987491,0.07124926106356026,0.24328367950101498,0.4112230200169741,0.8590309650291812,280768,22,63
0.3999504236949187,2.4566990756438507,1.991807089744514,0.004583494463279778,0.14041166762290408,0.08612531909721065,0.4648919858993368,280769,22,451
0.8573781757967288,1.0920535013717554,1.0135661935286973,0.1402106107251101,0.29036152491200923,0.41386593780899883,0.07848730784305813,280770,22,456
-0.014893795077811318,0.2718653297406672,1.1676759064185438,0.07573547538532392,0.269132708794481,0.23380778000516908,-0.8958105766778766,280771,26,166
0.8030873347571776,1.9894529621039856,1.5373676717152713,0.035006257237594166,0.10388948877483836,0.1742938737301007,0.45208529038871426,280772,29,517
1.197193345410192,0.8040977202773003,0.5570523532614459,0.0333890682837713,0.08296596581621365,0.213774542557649,0.24704536701585444,280773,30,555
0.40000714888190897,1.5952163406721982,1.402907780683987,0.0018150662047763902,0.04822911280866161,0.20024788664825077,0.19230855998821128,280774,30,358
0.2500328567459962,2.3105494153402346,2.04798059121212,0.19364068084215214,0.41074930295589457,0.5722664937894184,0.26256882412811455,280775,30,386
-0.39944919935622913,2.1737576485842895,1.966298119637701,0.014876903585540058,0.20141672388887485,0.14233862008706896,0.2074595289465886,280776,30,191
1.199141325796518,1.2039156911423126,1.555094434260766,0.018576325393923652,0.07498945781176401,0.19015178433072102,-0.35117874311845343,280777,30,602
1.6065203134027177,0.8014622518027668,1.886429245042284,0.05129266647598654,0.14279685124786415,0.3201763468882845,-1.0849669932395172,280778,30,710
1.2121419391521002,1.5675171144823015,1.7004540986360597,0.06863088384545665,0.1771972570165813,0.27159895810463436,-0.1329369841537582,280779,30,634
1.199551260384275,0.40090254892876137,0.7675319211207645,0.013396199880603431,0.048013695236071796,0.13625203082228748,-0.36662937219200314,280780,30,533
2.1239479473297966,2.1428636423569145,1.5987383789299978,0.1964627987847095,0.5685064313091605,0.5789312039927288,0.5441252634269167,280781,30,781
-0.31164451927311765,2.1498121312762963,2.1826980962464777,0.16593825428875156,0.404552913088044,0.4417766450383454,-0.03288596497018137,280782,30,222
0.4022271328311894,2.32527870466759,1.5726950261490222,0.02976403488762322,0.17012880369968666,0.12959129271005443,0.7525836785185678,280783,30,425
1.5976356399037301,1.2932284509484662,2.2905270141663987,0.04485760248570618,0.20572009516755757,0.3578976250056225,-0.9972985632179325,280784,30,729
0.7976298779926678,1.1832367312991958,0.8072871631794847,0.030699061481540876,0.11063685516784837,0.11146634457392221,0.37594956811971114,280785,30,437
2.8938467551845695,1.075456046206176,1.1698835788960533,0.2784723420161644,0.6578568797025676,0.7152839309102641,-0.09442753268987736,280786,30,790
0.8047790839221052,1.9960027231317348,1.9452684788743129,0.04346097896400865,0.11670306552190009,0.18938449616365327,0.0507342442574219,280787,30,578
1.1659430864581228,1.3082206213779046,0.9486699646111246,0.1116374056376718,0.29697360756420116,0.3474740549184193,0.35955065676678,280788,30,578
1.200137836372029,2.500156029882664,1.8916504443625537,0.02442950625150731,0.2086002401048541,0.22682127178763642,0.6085055855201102,280789,30,693
-6.356693338697625e-5,2.788520768315806,1.7327871325578568,0.0050560984868569265,0.07138978432692081,0.18960304420613835,1.0557336357579494,280790,30,309
1.1997222798196625,1.1917579441527735,0.7533969445355175,0.01058641634080857,0.07490018232627124,0.14512037449013,0.43836099961725594,280791,30,560
0.8000023240671029,1.2403706049288103,1.1117035225835756,0.001970106348616466,0.12080423136522586,0.16730469462267758,0.12866708234523472,280792,30,484
1.2890305843314573,1.719295550545728,1.0915780920897573,0.16639098432997612,0.4409482480141396,0.4566564972681788,0.6277174584559706,280793,30,627
0.8003325695521524,1.211327717265847,0.8492390195823041,0.01152974037245622,0.07356246457913529,0.13668325975738158,0.3620886976835429,280794,30,435
0.7806614922460985,1.221180155677363,1.6426838364465912,0.08579875480914553,0.194503471550809,0.2679524879593227,-0.4215036807692283,280795,30,480
-0.4000307879347208,1.9979498766361985,1.6794174715820527,0.006069286811734268,0.06917745545032893,0.176420187908107,0.3185324050541458,280796,30,163
1.0249207168518785e-4,2.37168080126689,1.9748204267083769,0.006407113486130439,0.10384286450556221,0.10813720068091934,0.3968603745585133,280797,30,281
1.2000530181789122,2.9596614662145435,0.7966444269199595,0.017177395820787575,0.23896164202725872,0.12352965924232112,2.163017039294584,280798,30,646
1.1920566301867446,0.9155779550664946,1.6137333558642843,0.055807802452164254,0.22186693266252375,0.23594739648298652,-0.6981554007977897,280799,30,591
0.800465203559831,2.381543402089163,1.1885298990139903,0.013645759801923363,0.11271312593287892,0.09665287631600752,1.1930135030751727,280800,30,542
1.403881102519656,2.174053174475641,3.2328507557855213,0.20004179564598304,0.5504502605986706,0.6599189389021898,-1.0587975813098804,280801,30,732
-1.5317327207400693,-0.1892672767879102,0.4116431681844794,0.26327964074302757,0.7708076891180868,0.8006069425585305,-0.6009104449723895,280802,30,10
1.7960764888880956,1.2633554030788736,1.6637409302176223,0.200120717838298,0.48307562733331166,0.5748533063045275,-0.40038552713874864,280803,30,745
0.6927770746396446,2.226388051671147,2.2388280421614324,0.17717905092155084,0.40738013372968523,0.5237585683394432,-0.012439990490285435,280804,30,550
1.306445998821106,2.3987999617771547,2.7060703772222805,0.17682672875371433,0.49598253534673326,0.5589696145556085,-0.3072704154451258,280805,30,712
0.8000384415780242,1.6064640224487674,1.902217316007872,0.004215530158269562,0.05872970567318657,0.17855068939792412,-0.2957532935591045,280806,30,525
1.4983152159067958,1.7714476060908917,1.9539033548844833,0.1742248409384352,0.4638603273977427,0.5365192642847291,-0.1824557487935916,280807,30,705
3.297867404855342,1.350120675574502,0.11725350014008654,0.3371313007649849,0.7749768131694825,0.6764896801073076,1.2328671754344156,280808,30,800
1.1904352657571058,0.8390960582948692,0.3869551890188183,0.06110985247091426,0.16522372363404994,0.19701525816112614,0.4521408692760509,280809,30,530
1.6844124068660635,1.3580334109991965,1.8621398713125474,0.16336722126774197,0.41103783490256285,0.4997017280241246,-0.5041064603133509,280810,30,724
1.1995395104602167,2.228253634082611,1.186738541986093,0.016588275961903695,0.21134370490793147,0.15362518433358835,1.041515092096518,280811,30,661
1.171027380808624,2.2120677497823413,2.5112485567610303,0.10374112076878465,0.33990244145416837,0.3880580806001493,-0.299180806978689,280812,30,665
-0.7960014687502531,1.3837066786948917,1.8025467417464243,0.048773397313341176,0.2467327579348265,0.2529151370962283,-0.41884006305153254,280813,30,83
1.3177159022033191,1.571438479451974,0.9704339197379295,0.1822894092152688,0.4837137259027292,0.4921796904381306,0.6010045597140445,280814,30,655
2.3758622284696633,1.0666756407484306,1.5689689066046655,0.18727923658236031,0.48803026310487607,0.6090291005854839,-0.5022932658562349,280815,30,776
0.39940212526515895,2.5090727590447925,1.7525868638212752,0.015459054155796128,0.18219751670808607,0.19868913603480862,0.7564858952235174,280816,30,414
1.1997242435949014,2.0819490441449107,1.5847357413815075,0.016251838826754628,0.17746679111092614,0.1835847125197507,0.49721330276340314,280817,30,657
2.247421802340297,0.6125504361200329,1.927739934030944,0.2001703112389345,0.46634489183111655,0.6444789942224843,-1.315189497910911,280818,30,742
1.9952807170987565,0.46891683743328033,1.684514364802364,0.06927299884999691,0.2146204985226317,0.41516556465594073,-1.2155975273690836,280819,30,714
1.5118381469154953,0.832894136312947,0.7643508124832384,0.16580868296218218,0.4268637420437363,0.48002341146401944,0.06854332382970851,280820,30,642
1.2929587777890268,2.186632512332678,1.6154696970117262,0.1689504222093701,0.45403386548546976,0.488862688664077,0.5711628153209518,280821,30,677
1.6032525607972552,2.1965168295568174,0.8092518303686546,0.04899852486257259,0.27604932930833787,0.23227318937178187,1.387264999188163,280822,30,719
0.8065540774065041,1.9573909730273062,2.8180183486764614,0.05078286059377316,0.16181712141668406,0.24117000669754868,-0.8606273756491551,280823,30,573
0.6956367743744774,2.2792979686666675,1.4645746451928996,0.17565195094860983,0.4664484664752093,0.49924331370520264,0.8147233234737679,280824,30,512
0.8421482723084993,1.1359250258441411,1.037307382252351,0.1228121829493361,0.2673762784895965,0.3710806200872975,0.09861764359179004,280825,30,467
0.799333492027241,1.6129855894750404,1.6349021488333808,0.01631710723642837,0.08079133450734319,0.13312069619597822,-0.02191655935834036,280826,30,501
-0.397813944175087,1.1827308968536623,1.2094190968881207,0.029903380591243003,0.15360438855296646,0.20404292812322306,-0.026688200034458376,280827,30,118
1.1924957103078788,1.9571433501277726,1.613883489883225,0.05431254465004825,0.20844744799626092,0.23322094757269896,0.3432598602445476,280828,30,629
0.7999441394594751,1.5898641507600872,0.9259273973278653,0.004754875698677801,0.06808532352998835,0.1865223343934583,0.6639367534322219,280829,30,476
0.7999869909151148,2.000642202903743,1.8100817395889202,0.003900886731422836,0.06838300643354916,0.20186152702411136,0.19056046331482301,280830,30,567
2.045616093488913,1.4925500776883298,1.4183892283288617,0.14262643582016135,0.4109921636172428,0.4715484839793169,0.0741608493594681,280831,30,768
1.2090617064050397,2.444003101251625,2.1608264396235795,0.06008463580016267,0.23838108574777017,0.28229277376336687,0.28317666162804533,280832,30,678
1.2110532073104383,2.4072518453632026,2.2062450991673797,0.06596952971321436,0.24204836564200008,0.29493877460497053,0.20100674619582293,280833,30,678
0.7999943315228908,1.598824165924337,1.485231129093257,0.0024645399204050464,0.04784700552916207,0.18296787389819394,0.11359303683108002,280834,30,493
1.0928014540976372,0.6377466900458642,0.764110622397117,0.1771662789289445,0.39126911573223283,0.5194658215229034,-0.12636393235125287,280835,30,537
0.3992269165724123,1.8150543510811723,1.20938596101718,0.017568145321338734,0.20389148835386098,0.08998771590172394,0.6056683900639923,280836,30,357
1.1900378090160033,1.0820729433242249,1.042534740990114,0.062335754844352526,0.23794749347997027,0.26113872765846047,0.03953820233411087,280837,30,583
1.2277124917866005,2.306215456034046,1.6752102025207427,0.101606724296364,0.3105179332348635,0.33411986938515686,0.6310052535133033,280838,30,683
0.7533526479563657,3.5906259509660567,2.0543826333052735,0.12838890435485953,0.4350624421889894,0.3956737867565324,1.5362433176607833,280839,30,611
0.7533526479563657,3.5906259509660567,2.0543826333052735,0.12838890435485953,0.4350624421889894,0.3956737867565324,1.5362433176607833,280840,30,611
2.99984197662764,0.12175200496499537,1.3067630839026814,0.2730197449715035,0.5679918451911761,0.7455712202526826,-1.185011078937686,280841,30,780
1.8313041632356368,1.1689049699646874,1.8795900102524294,0.19783342236094276,0.4748770901716879,0.5918399621623365,-0.710685040287742,280842,30,726
0.8010212542771938,1.9987615703842054,2.4501814877488237,0.020203031540817876,0.08063149817479512,0.17946951772273362,-0.4514199173646183,280843,30,602
-0.2656173045828881,3.415777375852013,2.2009754604653833,0.18892954269340823,0.4622436210631658,0.48670868029292624,1.2148019153866296,280844,30,290
0.91318876928328,1.9991056282969402,1.7320993317729547,0.18017718789354184,0.49675743983407405,0.5155705605111539,0.26700629652398544,280845,30,609
0.0015504051720682348,1.2845279828433487,1.6184724093621796,0.024855334104923243,0.17500373847622214,0.1224230186906865,-0.33394442651883094,280846,30,228
1.7294024867276465,0.10746390482077266,0.26129023676603347,0.18712595845743438,0.4044726878933038,0.4883111193391685,-0.1538263319452608,280847,30,641
1.5616840098218063,-0.11027121042457001,-0.673201383992885,0.11772124004764768,0.3394494270310161,0.3390024358648556,0.562930173568315,280848,30,502
1.597360944434848,1.1924555736910116,1.780311174419126,0.037989455313818477,0.15908274246835752,0.29920607448222725,-0.5878556007281144,280849,30,705
-0.07068355460521532,1.7339101872089586,1.4339026887140798,0.15256886043212456,0.31628201425843955,0.435234990764136,0.30000749849487884,280850,30,216
1.1914006453281394,1.12058451965677,1.9777116578830507,0.05802058524531976,0.21443919043614892,0.26759024579081664,-0.8571271382262806,280851,30,600
0.6032302742357202,2.3162559874252526,2.1435607483875705,0.19997391296119835,0.49538335091627633,0.5847357325162331,0.17269523903768214,280853,30,487
1.1898755948755961,1.6768030926596893,1.6959908680724272,0.06284187809535569,0.216845011318986,0.25906847587089965,-0.019187775412737862,280854,30,633
0.9111706971580092,1.8021476983258875,1.9465636669940345,0.17919085121698114,0.3926483141870109,0.5206290044442563,-0.144415968668147,280855,30,561
0.5296881981202255,3.4046678008051647,2.4136512204250096,0.18723323837992342,0.5217716573935747,0.5566286082388685,0.9910165803801552,280856,30,537
1.2640870245324618,1.8812988395860113,1.969211399984688,0.1467282648944517,0.3616954090917457,0.44374887037678973,-0.08791256039867679,280857,30,663
0.8138623173302231,3.295973282488431,2.787100107859679,0.0732449819475785,0.2805653853027932,0.28205867240968563,0.5088731746287518,280858,30,621
0.4124123375002713,1.9243158334096258,1.5865519493975633,0.06936042996922705,0.21684823317973306,0.20696574583591743,0.3377638840120625,280859,30,432
1.6241865410193648,1.1703213636980614,2.2733575793433296,0.09589411568114348,0.2424154443921478,0.41332069703762,-1.1030362156452682,280860,30,705
1.6241865410193648,1.1703213636980614,2.2733575793433296,0.09589411568114348,0.2424154443921478,0.41332069703762,-1.1030362156452682,280861,30,705
0.8022007385319788,2.23300757534527,2.016078014037955,0.02960228097713029,0.21031075501877688,0.1563357863124593,0.21692956130731478,280862,30,563
1.1541947581964311,2.3518567450449073,2.4666399408428386,0.12740537506348826,0.3936644972444838,0.43817434305766445,-0.11478319579793128,280863,30,643
1.1541947581964311,2.3518567450449073,2.4666399408428386,0.12740537506348826,0.3936644972444838,0.43817434305766445,-0.11478319579793128,280864,30,643
1.2002928559136379,0.20795425004046714,0.24042224432775952,0.010832412248970143,0.20148474792578688,0.19817106101412732,-0.032467994287292384,280865,30,494
1.4819077270800605,1.507391435829249,2.1897395630462073,0.18247987679903646,0.46528244544101255,0.5678309466804329,-0.6823481272169583,280866,30,710
1.217052847839364,1.4603290662492765,1.1092238874626303,0.0808117370069191,0.26151633035423155,0.2692197419519006,0.35110517878664615,280867,30,626
1.1999665942839384,1.1997502892544376,1.5937007935895684,0.006551070236739911,0.06352231010727019,0.1784433664602168,-0.3939505043351308,280868,30,603
