G,S1_noun,S2_predicate,SE_G,SE_S1_noun,SE_S2_predicate,noun_predicate_bias,data_id,age,production
-1.434622233227555,-0.2098101980016859,0.492930340838377,0.3517581537925899,0.5312153299237335,0.5939261139589875,-0.7027405388400629,379687,19,38
0.3727560164978358,0.07698946320419942,0.03259395032985692,0.10276447682621113,0.21760201027982787,0.1589275423797205,0.04439551287434249,379688,26,192
0.523123197550714,0.5781477801920667,0.24745721240942845,0.18468602584764635,0.3439877695968603,0.24778341644257706,0.3306905677826383,379689,30,307
-1.6558980183915641,-0.4642644683434194,-0.6357448071368238,0.4356968436846921,0.6393273966489478,0.8075972648675378,0.1714803387934044,379690,24,11
-0.7887558886196451,0.050551789544140316,0.18482278625966395,0.22592707149077498,0.3505562350566613,0.4411844055872669,-0.13427099671552362,379691,18,40
-0.2134851489540975,-0.03313760799730576,0.25877037962232624,0.20730929413233437,0.3737077700897112,0.33898804557433204,-0.291907987619632,379692,22,109
0.7376127574653009,0.18014379931798014,0.6013048489227397,0.14783215076644923,0.3017196068238717,0.3018591557623197,-0.4211610496047596,379693,28,351
-0.75100384181856,-0.030582872569052164,0.3617247994607651,0.22221590389505874,0.33820472822812636,0.40897418786937106,-0.39230767202981726,379694,28,65
0.44857514329366555,-1.3970710343361965,-1.4429414319793628,0.14387620937493903,0.30252700004280014,0.3810433399006562,0.04587039764316625,379695,29,81
0.20896406037725673,-1.5245509633227687,-1.636976014052546,0.2061023832689318,0.3871927779340432,0.5101420008415773,0.11242505072977726,379696,24,56
-0.7288841328599641,-1.5534698267783946,-0.8246306289481387,0.31603833463622516,0.5930235586776579,0.6425929848052502,-0.728839197830256,379698,24,12
0.374561545401695,-0.1219387680127981,-0.06194289044331045,0.11612972377178749,0.24933606199666708,0.22330514370430568,-0.05999587756948765,379699,22,165
1.2242952858719185,1.1832466804962285,-0.05005529425241402,0.09642065980041324,0.15099659352883982,0.18634305024186043,1.2333019747486424,379700,27,434
-1.6034894378807558,-0.0489727083437821,-0.6569437700721696,0.39502980585752734,0.5619714272177374,0.7979027746478868,0.6079710617283876,379702,18,26
-0.1651463861247637,-0.11646195181760305,0.31978505876338276,0.2009403910837192,0.3594585781805254,0.3481048035379544,-0.4362470105809858,379703,18,97
0.005242315941515329,0.39043342789729274,0.3693660494567857,0.05156447859733553,0.0865749739845153,0.13190037543592464,0.021067378440507045,379704,24,189
0.7728740128985191,0.030175827966699494,0.0247744706860719,0.10057616740726735,0.11711845823141456,0.11714565984317445,0.005401357280627593,379705,29,325
-0.11162532830690967,0.2631060117630323,0.8840900393132426,0.18222295953973205,0.3553979442635892,0.22920348973270435,-0.6209840275502103,379706,24,172
0.40590343713919436,-0.41050763380651706,-0.09581763114218239,0.05103557266519839,0.08950044569508,0.18485134252106292,-0.31469000266433467,379707,30,143
0.43331805554419367,1.168360831332533,0.3560882979899392,0.11059117744155046,0.11881606510094399,0.1537745773208057,0.812272533342594,379708,24,316
1.6744158539499119,0.3465948941774295,0.6159912634097632,0.15774541987291385,0.1956334672477519,0.30541058549468403,-0.2693963692323337,379710,28,552
-0.11836999739239008,-0.5701345752110623,0.209640330822767,0.18858848481955784,0.3495581283180978,0.32661419993154384,-0.7797749060338293,379711,19,95
0.4993615618517175,-0.875193054850239,-1.0891371760749804,0.17421531198445264,0.23008074151254299,0.35486230580680655,0.21394412122474138,379712,23,116
0.8400073835719062,0.3589099355120858,1.1631036233540888,0.12001347697498016,0.12688361824048885,0.14137303840550855,-0.8041936878420031,379713,30,429
1.2005969169549913,0.3952925198150148,0.7965771229314419,0.024725906226020878,0.05402086216348521,0.05231991848182447,-0.4012846031164271,379714,29,451
1.6301519766931825,-0.438305563505376,-0.8832120789509894,0.10594456914314046,0.1423368379147022,0.22318012265682005,0.44490651544561344,379715,25,397
0.45497712984575744,0.6636511813965921,0.2514564424565209,0.13931265470609985,0.28403499193817605,0.28040434701782124,0.4121947389400712,379717,24,263
-0.6103468174588642,0.16813429417519524,0.8635668487461474,0.21004167582674207,0.2904888623202071,0.3414313382175238,-0.6954325545709522,379719,24,85
-0.17214774772144328,0.5113926770489153,-0.4452828980922388,0.20170219463364955,0.2891581832295682,0.4010723917965484,0.9566755751411542,379720,30,118
-0.6961707111893756,-0.7381304393587355,-0.039129725046763916,0.26285667457636697,0.4546936375974532,0.4853911135100338,-0.6990007143119715,379721,26,36
-1.2920885234839181,-0.2918549050671551,-0.8284206243351204,0.35183110988984295,0.5344428571949702,0.762992202812855,0.5365657192679654,379722,19,21
-0.7855676138382698,-0.7328574466484638,0.015099317358142116,0.2757261433306266,0.47369979395675754,0.5027814052950463,-0.7479567640066058,379723,24,37
0.29264645538771067,-0.5717646845457648,-0.19572892753915447,0.1778635633794469,0.35080198619292563,0.3178311052441644,-0.3760357570066103,379724,26,138
-0.32739761788007843,-0.637462934499586,0.6614599559051563,0.19196223048186348,0.35425164949452476,0.29757459090068256,-1.2989228904047423,379725,29,88
1.9006257000283175,-0.30684036467515474,-0.21830896052535423,0.17352576594620922,0.1865466383493595,0.31605104447448923,-0.08853140414980051,379726,27,491
2.890745546154618,-0.41395962657581886,-0.3030527778350976,0.25051145406834935,0.3302061607794277,0.39899015245495434,-0.11090684874072126,379727,30,629
-0.8342547403087492,0.007426354753865586,0.9991875245513987,0.22082746172182988,0.3361694992310618,0.3616319787700967,-0.9917611697975331,379728,19,48
-0.27030731316320583,-0.06800356008445164,0.28167434482046966,0.20226725969136292,0.2954305938960721,0.33155249747447707,-0.3496779049049213,379729,25,84
0.05624194746265866,-0.12019404499566773,-0.3242664586953594,0.14388383403247276,0.2805072231003235,0.30913819539700793,0.2040724136996917,379730,24,94
0.7993284985485041,0.06580656266894075,0.40164114210183943,0.03346903198422899,0.15566555961387257,0.0472174503805433,-0.3358345794328987,379733,30,311
-0.8654231885852476,-0.5837533684078178,-0.10198427408038259,0.28157038233119597,0.4700651191019532,0.5379103159018395,-0.4817690943274352,379734,25,40
-0.5601185818912745,-0.40874697883053773,-0.4237326953658325,0.23119871534331696,0.38868493855285957,0.49474409200255487,0.01498571653529479,379735,30,56
-1.6551973914697247,-0.6074175383548854,-0.6373385723434437,0.44459018104365194,0.6603349908700129,0.8086818175871725,0.029921033988558277,379736,26,8
-2.1178337587320066,-0.38235257398998007,-0.44784873718044577,0.5163829878251442,0.7083731336363123,0.8519723464521549,0.0654961631904657,379737,21,6
-0.5267929723241712,0.0398346515800212,-0.8433015445158234,0.21286863428710676,0.3242248038348834,0.5519781537656151,0.8831361960958446,379738,27,52
-1.6046467008947882,-0.7357214620154299,-0.6627980413764626,0.44264649231735986,0.6691301279595129,0.8043140710709081,-0.07292342063896728,379739,23,9
-0.2532020962840176,-1.4987482931904148,-0.5004173167682366,0.23690355123475584,0.4634639188410602,0.45337112564631044,-0.9983309764221782,379740,29,52
0.4259550077746743,-0.0569345156745094,0.3249383782365632,0.0993763389810075,0.20039735324191332,0.20630948238186517,-0.3818728939110726,379741,24,195
0.8607520881099727,-0.475418542138501,-0.41117032202899506,0.1435706835350831,0.19059888214320284,0.2146474477041413,-0.06424822010950593,379742,30,245
-0.34379487369741446,-0.9132987824372342,-1.1127365254031458,0.2232761190787673,0.39905095181296024,0.5618308200065028,0.19943774296591166,379744,24,32
-0.5441904859198199,-0.9426665538707948,-1.3829938533724244,0.25986676809789233,0.46121900182637987,0.6739649425124247,0.44032729950162963,379745,28,17
-0.2887405812951722,-0.17491777836913322,0.1496068042681644,0.18588717600463175,0.30365370416230214,0.33520428430362464,-0.3245245826372976,379748,24,78
1.4769384736994555,-0.13085079521559634,0.9678517465398456,0.1850230380413993,0.36294322173689275,0.28789670294147024,-1.098702541755442,379749,29,506
0.7990458275515238,-0.7906624019690496,-0.38269896165602496,0.03441967210550639,0.07774038980843953,0.09645426648586333,-0.4079634403130246,379750,25,210
1.5906000962105695,0.0858244378974306,0.0062721131623065885,0.07226869277964627,0.1930844050787257,0.09110496563670012,0.07955232473512401,379751,30,471
-0.6923529383027163,0.3002577370623768,0.6516627903797707,0.20069413243294637,0.2599942246989466,0.3435354287695774,-0.3514050533173939,379752,30,85
-0.04140413798121706,0.38050575915019746,-0.8169851432980294,0.15050108407932639,0.23693270235297204,0.39058953220879933,1.197490902448227,379753,18,121
0.12111821532995146,-0.38048355333301176,-0.7057184303551671,0.1936537245500447,0.3356749682337325,0.3818590792866042,0.32523487702215537,379754,25,89
-0.132371557016227,-0.18600237584012572,-1.0882177111670883,0.19272041918002508,0.3289486833339635,0.4859447078744135,0.9022153353269626,379755,27,76
0.7740902512128088,0.8283135192798997,0.4440348286090646,0.09846643892695245,0.114424932456074,0.1704212548042095,0.3842786906708351,379757,24,368
-0.9152985307055677,-0.009611822180470348,1.678387628648254,0.22508233399429206,0.35804699226205333,0.29596728767052716,-1.6879994508287244,379758,20,68
0.8388835056014167,-0.43529993446407333,-0.05903721323565206,0.11851933496279096,0.12725235920295028,0.1870317181673577,-0.3762627212284213,379759,30,247
1.2344252110871865,1.0321992535721307,2.4179173934229987,0.12073049210629283,0.2630571258748601,0.32692175630862935,-1.385718139850868,379760,29,612
-1.6659216847531155,-0.7626563732540805,-0.6335744670123793,0.4557680658163228,0.6840015047525517,0.810998629104884,-0.12908190624170124,379762,18,6
-1.0736877569435332,-1.2041197405415558,-0.9746390462356644,0.36789412945548366,0.6284539986123598,0.7473661225021025,-0.22948069430589135,379763,30,4
-1.68285678329168,-0.3768917620059282,-0.6222953225835247,0.4351237971694641,0.6312559442815454,0.8097778667284169,0.2454035605775965,379764,26,6
-1.3099144523103063,-0.24758987695341053,-0.12707751702391093,0.3414333125792068,0.5203896498908168,0.6575475907686262,-0.1205123599294996,379765,19,35
-0.3854985794560951,0.3914286338742403,1.5838252870016967,0.08524688259771827,0.10963460370906342,0.10148056352770819,-1.1923966531274564,379766,24,151
-0.2871417074047105,-0.11645816408701988,0.30867063873636696,0.187350561482095,0.24347506035664862,0.31614683206119365,-0.42512880282338683,379769,19,98
0.1937778487544489,-0.22862933077400724,1.0401059583113292,0.20001057180661544,0.26060978070047286,0.25636930307027467,-1.2687352890853365,379771,29,204
1.222328972055051,-0.846222764588055,-0.44542550324813096,0.09189450881743651,0.18303719133873672,0.17464428793091172,-0.40079726133992405,379772,24,268
-1.7988700930545303,-1.5799654556341434,0.028975909256206668,0.5003622272818707,0.7856628153926306,0.762090949980408,-1.6089413648903501,379773,19,11
-0.825243088490206,0.3271026944581309,0.2578106991478195,0.21499906284769507,0.33501948489434635,0.42882563237973625,0.06929199531031138,379774,24,87
-0.32689330929741306,-1.8192636822880093,-1.2454344201138134,0.2629590650347248,0.5325440240671007,0.6006374342873838,-0.5738292621741958,379776,18,23
-0.12433959367243687,-0.09034296287774346,-1.783112589873991,0.1947629732535236,0.36441506052306877,0.6174571746640095,1.6927696269962476,379777,24,100
0.6890244256062494,-0.16898824739062296,-0.3105765704468466,0.17914995294264938,0.35673396123536366,0.23281700802257693,0.14158832305622365,379779,19,281
-0.015373250187422957,0.02650152155591295,-0.6878648974854897,0.08480883859167238,0.14136390953855021,0.3238988897878245,0.7143664190414026,379780,27,120
0.8120205991387296,0.7877785732120606,0.7749988805248182,0.06834047352520146,0.07724193278623545,0.13140034721728322,0.012779692687242328,379781,30,419
-0.40379008825101476,-0.23023348686796,-0.10666605936513066,0.19922275611462023,0.34635638894261694,0.3931305745759879,-0.12356742750282934,379782,20,73
0.006501475713192556,0.3957332675714526,0.04079069928412781,0.062177896357757695,0.07850684595448562,0.19589392961589955,0.3549425682873248,379783,24,159
-1.3892377976265438,-0.8279334540038947,-0.776834395215197,0.4069064395350773,0.6404383824433459,0.7811026932974671,-0.05109905878869769,379784,18,15
-0.49627752972873473,-0.12226751714382365,0.4362994307448493,0.20468259981841472,0.35946546912883215,0.34418523410161805,-0.5585669478886729,379786,25,90
-0.47686196251135027,-1.2273956847265022,-1.4439878446912215,0.26257774885255364,0.4856481651878064,0.6694415647763319,0.21659215996471937,379787,19,23
-0.509464396194686,-1.2734925144977567,-1.415130675123593,0.2704518396515851,0.5013093925295317,0.6745775195866942,0.14163816062583634,379788,25,19
-0.009935165144649915,0.4102639839777018,-0.07203377876232775,0.06576628989427202,0.0767034919744436,0.21191637294604349,0.48229776274002956,379789,24,181
0.3745047935751996,-1.225382337512545,-1.7846269626145828,0.1214747894051869,0.22594500058123787,0.4420804748435551,0.5592446251020378,379792,18,90
-0.023454606418137482,-0.732570723826302,-1.8871584231703238,0.14814905361453498,0.2708919942931867,0.5945473090272485,1.1545876993440218,379793,25,63
0.9790982571854985,-0.17389866052345118,-0.8658935292004296,0.198938390462978,0.20930702608264637,0.3418057608745349,0.6919948686769785,379794,30,248
-1.9126606342908121,-0.7669093671504341,-0.526646898465269,0.5014861951240847,0.7255001490420575,0.8353228175964413,-0.2402624686851651,379795,21,11
-0.5369517803799603,-0.961540017498119,-1.1083201341134241,0.25732340384539093,0.45933061184869883,0.6228471627174783,0.1467801166153051,379796,24,23
1.97911223129362,-0.35823718560111545,-0.781746454962112,0.09362403936689138,0.15893988811789198,0.10604442353169943,0.4235092693609966,379797,29,481
1.0457868322937651,-0.16734314570450823,0.08887833441211851,0.19469639653089316,0.31878629228283106,0.2826598438898844,-0.2562214801166267,379798,27,308
-1.6564122483426424,-1.1773905694700457,-0.6413100004746081,0.47611361225783577,0.734303167210772,0.8129682608417644,-0.5360805689954377,379799,28,6
-0.9244036602610352,0.07852545631059696,0.15684625630003063,0.2440706255107451,0.3615022204829473,0.48379527443775616,-0.07832079998943367,379800,19,50
-0.36538923355355973,-0.03006246306988837,-0.8177585595724982,0.15152089281242154,0.21537123239760603,0.47624128269753774,0.7876960965026099,379801,27,87
-1.308667097627017,-0.15801531043118305,0.5062849267818206,0.32490253713202666,0.49503952280420116,0.5555624004115086,-0.6643002372130036,379803,19,34
-0.14719830360703098,0.16509356619524562,-0.0490939603278444,0.19470686920267485,0.23660935647824147,0.34888892846612857,0.21418752652309003,379804,19,130
-0.38337214681105114,0.7851851132646097,1.567320536646077,0.08458469869133144,0.09485920372752464,0.14196963076033112,-0.7821354233814672,379805,26,187
-0.5404908010000891,-0.31681053114286234,0.07631238069842203,0.21889920784044015,0.3408735645594066,0.40839816692900144,-0.39312291184128434,379806,25,68
-0.047265413735774385,-1.072020871672689,-0.15870298762037777,0.17112154400570678,0.3295612955693284,0.32600990094170035,-0.9133178840523111,379807,22,72
-0.18934274621164335,0.34836456115293934,1.3205573448977272,0.20065459046019835,0.37995715815505476,0.2968642549629257,-0.9721927837447879,379809,27,161
-0.8588153945311272,-0.5872010871039226,0.18057203145359407,0.27729607860309785,0.46517563972977943,0.4935026682059683,-0.7677731185575167,379810,18,38
-0.5236604016864026,-0.4167649050706966,-0.035038542637708336,0.22276028603722897,0.3708674047888147,0.42300958856023635,-0.38172636243298824,379811,23,54
0.40671878234825465,-0.007133058281605803,0.39310108726911674,0.051551567049810745,0.060066222614470234,0.06888965251844321,-0.40023414555072256,379812,18,228
0.37881729871631986,-0.7851834073883418,-1.0427627763244969,0.09617064487926061,0.14120726668869618,0.29965970490762733,0.2575793689361551,379813,24,103
-0.09286307448556957,0.1907546331166655,0.8603908297140241,0.17016908490727123,0.3331472005801426,0.2207967692415785,-0.6696361965973586,379814,24,160
-0.1608936801038738,-0.9260293516554937,-1.746668952676538,0.21351987940535794,0.388836127871635,0.6272605356989318,0.8206396010210443,379815,17,51
0.37881729871631986,-0.7851834073883418,-1.0427627763244969,0.09617064487926061,0.14120726668869618,0.29965970490762733,0.2575793689361551,379816,24,103
0.47830495647862514,-0.9174746472037549,-0.6152422812430327,0.1589966078558701,0.2590240858006699,0.3065211860088241,-0.3022323659607222,379817,28,111
0.3352083985400116,0.471632536012699,0.11314747087311425,0.1474753065621922,0.1707728682243971,0.2538304394468976,0.3584850651395848,379818,30,220
1.190490133751943,0.008070965013153353,0.4244762069858099,0.061150975114973145,0.0669570488101428,0.12553789612401242,-0.41640524197265655,379819,24,409
1.5461045439898584,-0.05910952032670626,0.8380354568043379,0.1430115383628483,0.2584756656588186,0.2177957830976752,-0.8971449771310441,379820,29,530
-0.2630463150467477,1.1106130648863506,1.745684445879186,0.19361028690172227,0.262198980642367,0.35692328516062355,-0.6350713809928354,379821,25,209
-0.4082786689682484,-0.5211428510468442,-1.503265647256837,0.2127297991043108,0.3628486536459895,0.6481597134792023,0.9821227962099929,379822,18,39
0.6556952053972073,0.5202577904499752,1.1995374653839683,0.19242519477801073,0.23065698397005754,0.34003717929457983,-0.6792796749339931,379823,23,415
-0.012624733165198295,0.02526845872952655,-0.6078916037415056,0.08240403989089792,0.14345591220923246,0.3075472004152754,0.6331600624710322,379824,24,144
0.40226222160142194,-0.4010511287751604,0.3979960370241647,0.032885794729692844,0.048093388296424636,0.050538528612262566,-0.7990471657993251,379825,29,197
0.2061143166874666,0.033060522934855265,1.0415381801817292,0.1999920546077885,0.37477945847116034,0.27647143654067613,-1.0084776572468739,379827,25,214
-1.3808827278489972,-1.3520214429786142,0.021982529649307934,0.411574454301953,0.6932843658501024,0.6778829045985346,-1.374003972627922,379830,22,18
1.0482669942177736,-0.11945955087136644,0.16806432273919802,0.19414569205523297,0.36903124246102365,0.22896147335715433,-0.2875238736105645,379831,28,352
0.0565757556393453,-0.8487541488244641,-0.6769842596338509,0.15904900527099522,0.26453594377929895,0.3579854389109568,-0.1717698891906132,379833,22,96
-0.18326535876061034,-0.332246718115031,-0.6748427558595053,0.20556229831952574,0.3445098854484926,0.43936971218802856,0.3425960377444743,379834,25,97
0.7548781743821462,-0.33834691598835864,0.5618363855947919,0.1265634094353982,0.18475851076852676,0.2726643937895935,-0.9001833015831505,379835,24,360
1.5800235594157526,-0.11232779852661257,0.016456695942703124,0.09490086710156463,0.22603476301940606,0.11238152978524014,-0.1287844944693157,379836,30,510
-1.920259942601296,-0.10464009024842381,-0.5179861939158117,0.46218113200379435,0.6345916758397688,0.8322912381539881,0.4133461036673879,379837,19,17
2.259488444883337,1.8687103827353715,1.1326092220247306,0.26362223198837276,0.5389184603069158,0.48254906433203654,0.7361011607106409,379838,28,664
0.22713886715475537,0.31080531023264285,0.6254283223537846,0.19990762913957788,0.3731285352958274,0.2880306371582324,-0.3146230121211418,379839,25,220
-2.0245206314003488,-0.9878165140995309,-0.48560611640520535,0.5333641239237417,0.7667339796363613,0.8464151747306562,-0.5022103976943255,379840,21,7
0.42172410045613157,-1.7101745730455133,-0.27079977425721474,0.12422401261771643,0.2748689235190697,0.2631112832776668,-1.4393747987882985,379841,25,83
-0.3833733345394022,1.1353190115196528,1.1345042038497812,0.1246208487579877,0.23029089143417014,0.214208521307781,8.148076698715201e-4,379842,25,163
-0.05389776510447814,0.4535990850382177,-1.5364955339047706,0.1377057759170649,0.1457331108574741,0.5259637892392174,1.9900946189429882,379843,24,107
0.08795936379217807,-0.9735755346797927,0.25415532899787235,0.1701702422439142,0.31996635986952343,0.27253987325436024,-1.2277308636776652,379845,30,76
-1.2675511229710439,-0.4938184240067816,0.4300999208828907,0.33981039213486,0.5404286032706115,0.569385574649697,-0.9239183448896723,379846,19,24
-2.001812791049093,-0.23059851132995166,0.15762687004390905,0.4689659154452654,0.6557211076738866,0.7664892521961302,-0.3882253813738607,379847,25,11
-1.2823882542475844,-0.5564684650596184,-0.8366183035963013,0.3689769907307349,0.5755848527465398,0.7651983011228077,0.28014983853668285,379848,23,22
0.4837544074577369,2.2407648593257927,1.8721070467838856,0.16285844699837976,0.311433363787677,0.2675503899521604,0.3686578125419071,379849,27,409
-0.020151021703834145,-0.5562758804271286,-1.134716757752439,0.16626877168479237,0.3088857469014965,0.45156972518047805,0.5784408773253105,379850,19,57
-0.21343760943503587,-0.3068252682955888,-1.0874802053809443,0.2057098305484956,0.35484823127503323,0.5154287967385536,0.7806549370853555,379851,25,53
-0.746955982931404,-0.855060121269363,-0.8043170254104939,0.28517526748626887,0.49363429223267324,0.629850040301401,-0.05074309585886916,379852,19,38
-1.8711103923698778,-1.2000232671929845,-0.5467424340443147,0.5167009987232305,0.7682300746051575,0.833758201457874,-0.6532808331486698,379853,19,21
-0.8900141290005484,-0.509316621339846,-0.1809299949173479,0.28201967786758675,0.4642449438150141,0.5551529376058725,-0.3283866264224981,379854,22,35
0.747942213169743,-1.5196183800540848,-1.265495041378591,0.1353499559756836,0.2442480885104471,0.29267178586157794,-0.25412333867549375,379855,24,118
0.8198567385410901,-1.2173519319655335,0.3859412816788878,0.08717486460973439,0.1258215356721985,0.10197197872123621,-1.6032932136444213,379856,30,215
-0.11735527216257523,0.5361963979247784,1.316382097248273,0.18249802470295182,0.2267456527513398,0.1938943044141544,-0.7801856993234946,379858,30,187
-0.5918122975484595,0.18650122886470194,-0.02903837154434177,0.21053469719778978,0.26775340600039055,0.42416202733872216,0.2155396004090437,379859,25,80
0.4169467834634463,-1.2534575288647116,-1.7842823131167604,0.10504439123261661,0.21187688334166135,0.42388756787706916,0.5308247842520488,379860,24,77
-0.4450504524332838,0.43497142251405285,1.2113555698104335,0.13652730066862115,0.16525948585524003,0.19346843754741566,-0.7763841472963806,379862,25,137
-0.2960566566422393,-0.9417950274842256,-0.4263159450983855,0.21942216612229254,0.3917461451611944,0.4359219450819408,-0.5154790823858402,379864,23,58
-1.3100150897553093,-0.18525138663985735,-0.309679383885402,0.3397449536927743,0.5128132428698764,0.6854367309450491,0.12442799724554465,379865,20,18
-2.0245206314003488,-0.9878165140995309,-0.48560611640520535,0.5333641239237417,0.7667339796363613,0.8464151747306562,-0.5022103976943255,379867,21,1
-0.7268570148570472,0.3211139267947357,0.7106528851847249,0.18908445038712804,0.2511784459628703,0.3316019414618795,-0.3895389583899892,379869,24,69
0.040766946916299826,1.1218012106670667,0.721868662935912,0.12121807135537767,0.2335208720658868,0.2111349360703578,0.3999325477311547,379870,29,243
-0.7572426445980296,-0.9134865341335041,-0.545611106913649,0.28718548112367975,0.5015021929675675,0.5899129356019267,-0.3678754272198551,379871,26,30
-0.16391980669032077,-0.4165782326758016,0.43799225456624036,0.2019333509308475,0.36924140342471035,0.3283937042223814,-0.8545704872420419,379872,24,93
0.023685306191007723,-0.01995621255492797,1.5547192778888292,0.09569774592088515,0.11270416003396254,0.17503846314178384,-1.5746754904437572,379873,30,217
-0.9128869832297051,-0.8272729470864315,-1.0853786322404628,0.31661287909162616,0.5334897451930797,0.7215015460517502,0.2581056851540313,379874,25,16
1.0082789776605947,0.18903589520127095,0.20594309724982968,0.19983077495623613,0.20651769122780847,0.22757994542199425,-0.016907202048558723,379876,25,367
1.3355538094329051,-0.13217171591042937,-0.2623436669870887,0.18934845913401016,0.196370344421382,0.36609863615873683,0.13017195107665935,379877,30,426
-0.6502870772227661,-0.10635365574250671,0.5792747611015592,0.22470690949184433,0.343913646447118,0.36914605138171247,-0.6856284168440658,379879,26,54
-0.08266624378102094,0.1254050496895633,-1.8248336460295547,0.1642158098629157,0.2641546372728968,0.603032232496929,1.950238695719118,379880,19,79
-0.375989727368106,-0.28255628251324605,-0.9369823697597417,0.2053354922864156,0.35043426566167196,0.528108906081808,0.6544260872464956,379881,29,52
1.1932453092790247,-0.7920802329237795,-0.3587404700901595,0.05177213129995385,0.06548629513981064,0.14174360137259964,-0.43333976283361997,379882,30,290
-0.28691036220632604,0.281258390665998,0.2704617249584326,0.18202451606349257,0.20691217373842286,0.31081936524008935,0.010796665707565378,379883,24,95
-1.1092885125563186,-0.7173347968374391,-0.14812961793057547,0.3337429589446545,0.5492656750283659,0.6201041424157299,-0.5692051789068636,379884,18,36
-0.6351828082389367,-0.2557127457174293,0.7247027647723376,0.22542933414611097,0.36123033999160387,0.3676639478233886,-0.9804155104897669,379885,21,59
1.3133991111788035,-0.9186822313346459,-1.4175837093249386,0.1803147086461117,0.19554433479579864,0.329787045494505,0.4989014779902927,379886,25,267
-0.07120233182577837,-0.6548150288547452,-1.110510127100492,0.1690989224165619,0.3119623006483574,0.4605847863351247,0.45569509824574683,379887,25,84
-0.0045792375816636486,0.003229310732738584,-0.3998895480219152,0.06574486038427425,0.092617019300011455,0.26431510918856865,0.40311885875465375,379888,28,118
-1.5865137909184117,-1.2592256997559348,-0.6758306872404335,0.46721829428094486,0.7326046019415898,0.8064184897496505,-0.5833950125155013,379889,24,7
-0.7512504296518208,-0.530307564910305,-0.41869985527485065,0.2624569572434703,0.43590028613917714,0.5542698262766517,-0.1116077096354543,379890,22,42
-2.0509160307641796,-0.5974952619688335,-0.4730145348512425,0.5168871777188304,0.7256635373535505,0.8470275138240039,-0.124480727117591,379891,21,14
-0.8787168217625285,-1.1058402384865684,-0.15533725199475623,0.3126259849595852,0.5541620911975093,0.56845837305351,-0.9505029864918122,379896,22,21
-0.7495022363681868,-1.0461511673109434,-1.2120106587247217,0.30040604427483164,0.5284763551736985,0.7033089711138716,0.16585949141377831,379897,28,22
-0.8421539197478488,-0.34261501304634945,-0.7310281067687955,0.26829500989742755,0.4328607734923283,0.6321768723429886,0.38841309372244603,379898,24,40
-0.0675061395882569,0.1890394700156641,0.9902526082467021,0.16448895967038954,0.32019244788034085,0.31406309675529986,-0.801213138231038,379899,17,181
1.196135565379832,0.40611839158404284,1.2024574536715928,0.040241696802611415,0.06253735231834663,0.09176264511448813,-0.79633906208755,379900,24,518
2.1481132554127043,0.5866527983248987,1.5119161081945751,0.2201259106730465,0.3426557686805826,0.4641412727835195,-0.9252633098696764,379901,29,643
-0.8413433611382041,-0.028852149759301407,0.9542800636268894,0.22766607007126294,0.3523014243947074,0.370238053484619,-0.9831322133861908,379902,25,47
1.5906420838658348,1.1451397516371187,0.4519454838201057,0.10332006446673445,0.22640983982711824,0.1951894305671271,0.693194267817013,379904,27,589
0.18673230758393752,-0.6708271470987947,0.23493127250990978,0.2000119326992901,0.32286139011244536,0.26703669481204473,-0.9057584196087044,379905,24,122
3.631684663913152e-4,0.4017601131416014,1.1903625316341122,0.03690048535751011,0.05696408019462235,0.0780505857572028,-0.7886024184925108,379906,20,193
-0.4804321367166459,-1.2859176567673136,-0.8972001314115902,0.26094514448045414,0.48902991521941686,0.5748500093088877,-0.38871752535572346,379907,23,35
0.5852399394342455,-0.9796715108110633,-1.4558776759199976,0.1998198789363841,0.2507928246551929,0.4091558082254233,0.4762061651089343,379908,30,119
1.3364733079112459,0.24223987541252073,1.287998097068658,0.18974905361448482,0.23561044039217452,0.3557760942934714,-1.0457582216561372,379909,30,528
-1.1814400387508424,-0.9222567389856724,-0.9019993095500208,0.3726566441778989,0.6105490643434733,0.7572588622797466,-0.020257429435651564,379910,21,15
0.33935712587586836,0.45691665569975864,0.384592696760425,0.14380705472875388,0.1514285350186148,0.23365549071300695,0.07232395893933363,379925,25,258
0.08312250612310186,0.6413612623819801,0.3756708263411884,0.16255349273373845,0.3130788681024568,0.24742316536510037,0.2656904360407917,379928,24,237
-0.27430323225857123,0.6286623986940196,1.4842443090413175,0.18592709486833275,0.27503916063002365,0.20516233037693704,-0.8555819103472979,379931,25,190
0.39519234792293684,1.2100329046887814,1.2020852343261241,0.04403313372829932,0.08560790689787395,0.05652364555931904,0.00794767036265731,379937,25,352
0.394734352437631,0.027157406233004795,1.1777886270353997,0.06427750830863668,0.13562518455603662,0.12908906270825202,-1.1506312208023948,379940,24,273
0.8730839001974444,1.5836343477194097,1.736618870383522,0.1554202316700024,0.24026652453979885,0.30667708443973724,-0.15298452266411222,379951,24,512
0.7993626936260287,2.302227622509598e-4,1.1851700277506514,0.019339348403935197,0.025918066508712225,0.08060008429342663,-1.1849398049884003,379955,24,362
0.10628012060198178,-0.5414675036411795,0.2544711957058501,0.17738642305083624,0.2637259670163114,0.26208163198112594,-0.7959386993470295,379958,24,143
0.0131233587520578,1.1810233993067267,1.585995838061541,0.07129541247328698,0.109008438809466,0.08156166211024081,-0.40497243875481437,379961,24,283
0.3529311264705083,0.4474243251092973,0.5222022006985647,0.12895243769678957,0.13356981503736043,0.2621074177889919,-0.0747778755892674,379965,19,250
1.6030554306768547,-0.8034209054567688,-1.188619614740917,0.03706712429156581,0.04414019592669091,0.08622991465030017,0.3851987092841481,379968,24,346
0.42982369605783977,-0.5803284801430844,-0.5798745076139876,0.12198108074123341,0.266960350194986,0.27023378660967295,-4.539725290967356e-4,379971,25,169
-1.5478124047893969,-0.02644285448992671,0.3752700542085529,0.36293272150186334,0.52826329126002,0.6343673087710743,-0.40171290869847964,379976,25,23
-1.1550630852600952,-0.15089659580683704,-0.9124361584185159,0.31416913815248027,0.47653729109483983,0.7431883841601881,0.7615395626116789,379992,20,52
-1.2315828269435567,-0.5567933046371694,-0.19678277263453176,0.34800808305301434,0.5531408757165175,0.6561501657271441,-0.3600105320026376,379993,22,26
1.1795403998133793,2.5347051238731386,-2.338443439053062,0.13194829565367433,0.3540331671731311,0.35068229047616895,4.8731485629262,379994,22,403
1.2208083832514363,1.2840164240888956,1.1999988898528242,0.09464867451705737,0.21498297239665437,0.1629058694428052,0.08401753423607139,379995,21,566
0.6372838364140494,0.6568999060331591,0.15426251358942264,0.1965504055631804,0.33475677932626424,0.2196410056287021,0.5026373924437364,379996,21,286
-1.048574211248402,-1.522976248506959,-0.11013992256495803,0.3603993337373737,0.650694979127411,0.6194431130330278,-1.412836325942001,379997,22,32
0.221128708613401,0.36228910322014296,-0.9918263717232662,0.19910428131484784,0.39402471367546343,0.4065268038529548,1.3541154749434092,379998,22,195
-0.7918650028324821,-0.2610571148276195,-1.1737574560966175,0.26079506039092154,0.4232297289538764,0.6967375403348923,0.912700341268998,379999,22,32
0.7333017943793514,0.9262852487081378,-0.6320494886985816,0.14916308284743826,0.2843575544696136,0.29024385603964925,1.5583347374067194,380000,21,286
0.04421036832909263,0.7529849437668283,0.4075523680310969,0.125567070963726,0.13830563354448644,0.20621956432458524,0.34543257573573144,380001,20,199
-0.037311486521687115,-0.2978428147850587,-0.8682906288598278,0.13916677172794895,0.2651674404047992,0.3908658162779592,0.5704478140747691,380002,21,111
-1.434361640919065,-0.9232076661412173,0.38896822715895324,0.39291678091637294,0.6402594905102645,0.6313062593187748,-1.3121758933001706,380003,20,11
-0.03904826601325805,-0.38070865752795346,-0.02429785583620538,0.13332440861039865,0.19051443951851055,0.2601590028200773,-0.3564108016917481,380004,20,79
1.1915592635037426,0.4245482367434781,0.8343953161435047,0.059497052134387406,0.12562325156183726,0.13751559706750613,-0.4098470794000266,380005,22,468
-0.8230970759446744,0.48938158482648586,0.3555216437614896,0.19792362321462004,0.3067494481817159,0.40137167936093043,0.13385994106499627,380006,20,75
-0.9654468353607056,-0.21325015990950177,-0.023051723653209986,0.2747337687470662,0.4343666891081224,0.5404593804528742,-0.1901984362562918,380007,20,47
-0.43008867162846903,0.42079855839024144,-0.28582423863408046,0.12988633682958758,0.16538834673735442,0.3768109983509229,0.706622797024322,380008,22,83
-1.3440794401491805,-0.06707554801686962,-0.3269928107357593,0.33764187294075176,0.5002517900138468,0.6941779466707363,0.2599172627188897,380009,21,59
-1.4082637309290766,-1.013136817835026,-0.7676705434711626,0.42102733705142775,0.6703831268063096,0.7851049056290964,-0.24546627436386337,380010,20,22
-0.20687334845012922,0.5274466156866978,-0.03382545992507351,0.20243329969013568,0.3163928559135133,0.36491319246910364,0.5612720756117713,380011,22,137
-2.0032763761245054,-1.4153605566405254,0.11636129280054716,0.5289705779920625,0.7962690691026717,0.783207502692083,-1.5317218494410725,380012,21,17
-0.3538596676428041,-0.7488927600948206,-0.5607182144187168,0.21702517687187364,0.38401376578323626,0.46481016470650555,-0.1881745456761038,380013,20,46
-0.9564499668335521,1.7578684909084736,-1.0417299843548404,0.1979182847229272,0.20642227085172693,0.7006583106112904,2.799598475263314,380014,20,102
-2.0509160307641796,-0.5974952619688335,-0.4730145348512425,0.5168871777188304,0.7256635373535505,0.8470275138240039,-0.124480727117591,380015,21,23
-0.7422534969492807,-0.3462385462799444,0.04831238521925157,0.24909392571018807,0.4126316441388164,0.4703335965651452,-0.39455093149919596,380016,20,47
-0.8919162096601136,0.2845797442816899,0.5381692175211356,0.2341254863281763,0.3789605884935473,0.41773440928225375,-0.25358947323944564,380017,21,66
0.40413645063822135,1.5956043083433151,1.1963680032109925,0.04083328395377139,0.061017645378055006,0.048046681878123505,0.39923630513232267,380018,23,425
-0.8458360241655866,0.5826421756646827,0.1269989360132416,0.2179868687445168,0.3599407280046633,0.45524720783852324,0.45564323965144105,380019,21,72
-0.9502237119974004,0.21198177681320038,-1.050524321834021,0.24951489968280927,0.3748146973475027,0.7095309978336667,1.2625060986472214,380020,19,42
-1.6659031499943255,-0.6751320667626726,-0.6328569648530074,0.4506861741140689,0.6719381794952216,0.810338392000321,-0.042275101909665214,380021,22,15
-0.2632680128875111,0.9653344648321995,0.9373540039300894,0.19077645761735001,0.34278885951368393,0.33697399036375575,0.02798046090211015,380022,20,162
-0.27136579830812196,0.4828314522097837,0.25820628431879844,0.20080282349300277,0.3731745072848973,0.33025979279005735,0.22462516789098524,380023,22,125
-0.31538469569460126,-0.06851445333757022,0.8925255396139082,0.18041379878192465,0.2406693380094932,0.32317317725757355,-0.9610399929514785,380024,20,108
-0.6413463106301371,0.9422286322107896,0.9825212844539793,0.20067144620556496,0.3430969539452861,0.30040941196200016,-0.040292652243189786,380025,21,121
-1.7296055181037742,-0.6571797245472998,-0.6033495517875994,0.4616234190382233,0.6809241139428392,0.8168075247768359,-0.05383017275970037,380026,20,13
-0.9265435956768199,-1.1069044299977906,0.1871040164054498,0.3155306740627343,0.559910052625023,0.5330840886721905,-1.2940084464032404,380027,21,27
0.7965584433251396,0.8036990216047304,0.8386763613089756,0.038096276496315924,0.04800471770028267,0.12970734462945202,-0.034977339704245214,380028,21,395
1.2223353785821698,0.8080407564839274,1.5371053867192461,0.09531612614364936,0.1509194051650859,0.21260635124857422,-0.7290646302353188,380029,30,549
0.41338282559940753,0.3722902177768131,0.1252523760604844,0.0738122348798936,0.14461739640818774,0.2142179577226123,0.2470378417163287,380030,23,229
1.9345210424930164,0.4465583700117885,-0.3340173076983006,0.15188400820553785,0.21698889850061276,0.1703192804930285,0.7805756777100892,380031,30,534
1.1963333754781,1.1085750759841755,0.9615267069435125,0.08970630487164172,0.21159497357557544,0.2337896263837212,0.14704836904066299,380032,27,524
1.1984747092215977,0.4000673840631038,0.8072425609747957,0.027282489757465465,0.03913831962760711,0.06375529906008125,-0.4071751769116919,380033,27,470
1.9629898891721864,0.11579010862739392,-0.7708214857155412,0.12754069142529226,0.24437951487120474,0.15133341448195461,0.8866115943429351,380034,30,502
1.1614858440486722,0.038047892108046315,0.0345798715274193,0.1180097487871735,0.12197768889394522,0.1279984907139206,0.003468020580627014,380035,24,374
0.8085533425484234,0.39131530959886435,1.2046295286869575,0.05791426742001997,0.06261340469379507,0.09547352530425955,-0.8133142190880931,380036,27,381
0.7824086585018802,0.022980535404373854,-0.8634328357571391,0.0820511732367021,0.11396732629164655,0.20026817692570514,0.886413371161513,380037,25,244
0.021727212040493136,1.1774306806108443,1.1844171445487526,0.09079146777704314,0.09799493115516318,0.10624647637270819,-0.006986463937908249,380038,20,301
0.8006638743997446,0.3996529807514393,0.7940030339107902,0.018140943492767174,0.023445496702637205,0.054332675217193906,-0.3943500531593509,380039,24,373
0.4284372499622062,0.7424767629868768,1.1942322787648865,0.10307466946440182,0.20375217157663933,0.1435428757280036,-0.45175551577800965,380040,25,322
1.1494826336554935,0.458685122481993,0.959324357149821,0.13292412975760337,0.16382294028790675,0.2783775464099178,-0.500639234667828,380041,19,490
0.4589135444788873,0.6928863089977169,-0.06712192509299372,0.14177657562188806,0.263918155498133,0.19481359100884046,0.7600082340907106,380042,25,291
-2.3370202741079615,-1.1762238528378066,-0.38465309198359,0.599213731688227,0.8215526827281188,0.8720781631736683,-0.7915707608542166,380043,22,4
-2.0245206314003488,-0.9878165140995309,-0.48560611640520535,0.5333641239237417,0.7667339796363613,0.8464151747306562,-0.5022103976943255,380044,16,10
1.0039381799243319,0.8651300116044114,-0.5225770166687145,0.20001057662151878,0.35523582336443077,0.31644965373743267,1.3877070282731259,380045,23,353
0.7619983618485,0.0292460672175705,0.13260479359452867,0.11805248666395272,0.13517934267059573,0.2560485188889166,-0.10335872637695817,380046,19,286
0.06440648987764516,-0.042092817547984836,-0.9473151475781252,0.15539228730885016,0.19705367544392613,0.39475835004284976,0.9052223300301403,380047,18,129
0.2624057260371742,0.27706747127219106,-0.6105672705844853,0.1902066600420958,0.37694122256163176,0.3516767380455227,0.8876347418566763,380048,27,148
-1.4290846785565203,-0.5857204123141335,0.3525777771178684,0.37599696758774304,0.5909712605228272,0.6254132463699807,-0.9382981894320019,380049,18,40
-1.240910903956685,0.01897165443731622,-0.8565716323985395,0.31685838669942906,0.46824785339501834,0.7520290159819888,0.8755432868358557,380050,17,43
-1.217837599929943,-0.05334509215475264,0.4595617781398751,0.3018870056800591,0.4567600654264836,0.5317202731167178,-0.5129068702946278,380051,17,35
-1.5549734932658128,-0.611148565376069,-0.686488072506273,0.42560784076884783,0.6416001132901374,0.7978278213610618,0.07533950713020399,380052,16,12
-0.7210765111449257,0.29749864336893805,0.06889166562499308,0.1940083257808633,0.2682134582729487,0.4235042587856404,0.22860697774394498,380053,19,56
-1.1201311807738505,0.27549487401241546,0.2824653992902744,0.2619367917972923,0.3749693765683617,0.5145471105373307,-0.006970525277858963,380054,17,47
-1.958967185003192,-0.6332805276543352,-0.5074903804102324,0.5024414805917835,0.7160489765134781,0.8389180949033537,-0.12579014724410276,380055,19,14
-1.7393086373616173,-0.37764453223253003,-0.030760634235025903,0.4325127290010115,0.6313095868917988,0.7443663935086245,-0.34688389799750413,380056,19,16
-2.3370202741079615,-1.1762238528378066,-0.38465309198359,0.599213731688227,0.8215526827281188,0.8720781631736683,-0.7915707608542166,380057,18,13
-2.0245206314003488,-0.9878165140995309,-0.48560611640520535,0.5333641239237417,0.7667339796363613,0.8464151747306562,-0.5022103976943255,380058,19,5
-1.5198935321067029,-0.2731009847644838,-0.7013233641530706,0.39561620385738633,0.581243311806004,0.7905180162202441,0.4282223793885868,380059,18,23
-0.7172688897034161,-0.1848214463878541,1.1824042097501994,0.22224871499932408,0.3618406617449247,0.330766815599228,-1.3672256561380536,380060,16,77
-0.8331552062306534,-0.6907620743117009,-0.5901022835571997,0.2880568590956728,0.48613550616029555,0.6137341333784164,-0.10065979075450115,380061,17,32
-8.628577839514299e-4,0.003210451343609042,-0.22543914983371785,0.06062937560087564,0.09087158182679336,0.24580214474484632,0.22864960117732688,380062,17,140
-0.8196981251722003,-0.5995506627558511,0.23335822394832054,0.27082173597654546,0.4569534330629128,0.4755977614800708,-0.8329088867041716,380063,17,30
-0.4306427644198649,-0.9474307922960434,-1.4846127159153417,0.2403543511539174,0.42996682592088786,0.6585416215938801,0.5371819236192983,380064,16,27
-0.009282917419420096,1.2058648227229107,-0.15099655338099674,0.07041719127160806,0.08799451822961117,0.23787842777908932,1.3568613761039074,380065,19,214
-0.4878115092417823,-0.5387955114624277,-1.3972313588251024,0.2300049329994371,0.3955683036386843,0.6537420658533327,0.8584358473626748,380066,17,44
-2.0245206314003488,-0.9878165140995309,-0.48560611640520535,0.5333641239237417,0.7667339796363613,0.8464151747306562,-0.5022103976943255,380067,18,26
-0.7020194627680175,1.012593262970568,1.4843598458351843,0.1774605105039034,0.32806833799200846,0.2272632193743045,-0.47176658286461626,380068,19,150
-0.7464812311375671,1.6908063989894524,-1.2084565735401418,0.23874753051387032,0.384263275797894,0.6870336906314073,2.899262972529594,380069,17,108
-1.4202812044801834,0.9619836802070345,-0.7426217654603942,0.2672359616549294,0.3487811344039317,0.7637932487482844,1.7046054456674287,380070,17,39
-0.5722075827607336,-0.10311383320900218,1.047833095888852,0.21455756976504836,0.3674567363962522,0.3312178965977774,-1.1509469290978542,380071,18,78
-2.3370202741079615,-1.1762238528378066,-0.38465309198359,0.599213731688227,0.8215526827281188,0.8720781631736683,-0.7915707608542166,380072,18,9
-1.8808879049958964,-0.7667996654351039,-0.5394168655962098,0.49572110810930786,0.7205462032874955,0.8323474227443559,-0.2273827998388941,380073,17,3
-0.6187396628617041,0.04883140952977447,-0.20902606244133232,0.22102478917076424,0.38016328224576285,0.46543652845981215,0.25785747197110676,380074,18,63
0.4004884970299558,0.39928307613564656,0.3514659555329186,0.021237267513108487,0.029389963453540356,0.133891748189484,0.04781712060272797,380075,19,261
-0.2695932578369008,-0.4028364308537871,-0.37099882736869605,0.21171380823413533,0.36032761635203026,0.41702039276550584,-0.03183760348509107,380076,18,85
-0.10914078194923553,-0.6872569935779748,-0.5631650509506009,0.188455079951519,0.2980303555160631,0.3939626265619426,-0.12409194262737389,380077,19,70
-0.45482700366768875,-0.23960580250354713,-0.47900678933276464,0.19870887631316198,0.34407037768751053,0.45942555144979685,0.2394009868292175,380078,17,72
0.035740941417427806,0.009971304329086095,-0.9593886558968283,0.14199139442460199,0.21675094307884235,0.39337921038646145,0.9693599602259144,380079,19,102
-2.0043440519605356,-0.5480676801018015,-0.4896546065825605,0.5057707833371807,0.7122667068248622,0.8426422766309922,-0.05841307351924102,380080,18,21
-0.5810653459173054,-0.41444625920014955,0.948049060969008,0.22190852206121572,0.38301291078436045,0.31454274098529506,-1.3624953201691574,380081,17,61
-0.10797868985442818,-0.6120545646182162,0.20592630294926517,0.18398996983691454,0.3299988367239335,0.3226092888362559,-0.8179808675674813,380082,19,119
-1.2823023572734875,0.04905333308961776,-0.1382452069668005,0.3139152211855815,0.46330396954073927,0.6435660218884187,0.18729854005641827,380083,20,30
-2.0245206314003488,-0.9878165140995309,-0.48560611640520535,0.5333641239237417,0.7667339796363613,0.8464151747306562,-0.5022103976943255,380084,18,9
1.5672519077617488,1.2890522947171426,0.8484512233331722,0.12322614455933542,0.24888390477057765,0.2059281533624419,0.4406010713839703,380085,29,569
-0.00538639382190594,-0.024943789410581764,-0.8528917793336428,0.11129172162233637,0.18476959912012098,0.3650334502677865,0.8279479899230611,380086,29,123
0.39084026543694134,-0.38412807454043124,-1.1448767095899326,0.06220572704261149,0.10830584642097624,0.29473985167043715,0.7607486350495014,380087,29,135
0.20511384253817594,0.590930626017149,0.3363614654194398,0.1999748936425368,0.2085772000699611,0.35652195999783165,0.2545691605977092,380088,29,206
-0.5436130148204595,-0.011154289602917694,-0.06646540037916122,0.21617137780460635,0.3632170809958298,0.42527785432482823,0.05531111077624353,380089,29,110
0.8034830169650875,0.7982498326655898,0.7984231926703792,0.03752517507544635,0.04792114001225961,0.04888944231793959,-1.733600047894024e-4,380090,29,410
-1.094304000618863,-1.055139071777008,-0.9597608019336313,0.3637272617556633,0.6112284820875962,0.7480813642614986,-0.0953782698433766,380091,29,16
-0.33245635907650756,0.8282819493966378,0.7184363172068643,0.18164718699762508,0.29254833534436325,0.26132489420293104,0.1098456321897735,380092,29,140
-0.9909252272259422,0.7833746572753718,-1.0193443617048803,0.23528497915143776,0.3932394759819651,0.7115389573422103,1.8027190189802522,380093,29,82
0.3951968240183269,0.4107831121987765,0.7976325310838838,0.044673205485627775,0.08929381099451962,0.07096709710350026,-0.38684941888510727,380094,29,280
0.4085192078697829,1.1884612131823307,1.0708080690586674,0.05904107810036246,0.08547052098762203,0.20510002833630853,0.11765314412366323,380095,29,371
1.1797500422090623,0.5304796049839029,0.8632335340135737,0.09265839634172722,0.23031810733861902,0.1939057391609416,-0.3327539290296708,380096,29,490
0.3865158315977792,1.2141959090418946,1.614849338126912,0.0722241509820965,0.0828235456622878,0.08907682929650829,-0.40065342908501744,380097,28,387
1.199716116066568,1.23504312896684,0.40139871103977737,0.03499064292001212,0.12638052607071118,0.05016019397037477,0.8336444179270626,380098,29,533
0.7973427277525041,0.001906024397517475,-0.8928695675595419,0.03457961600059429,0.04118348408712065,0.1816621941626797,0.8947755919570595,380099,30,241
0.3999177253452092,1.1983139632031263,0.06684515665787338,0.03299676973661031,0.05313214932155655,0.15715171745940848,1.131468806545253,380100,29,329
2.0828461673746643,2.0154685870371094,0.11053277145304127,0.22142294327694803,0.5027715548566019,0.3721413035117629,1.904935815584068,380101,29,616
0.3646011038221657,0.7628699404866827,-1.5661583294069472,0.12677569086594637,0.21937704203841646,0.4063906754218587,2.3290282698936298,380102,30,262
0.3296371661309538,0.8698419658075757,-0.10733908064648137,0.1523870624928525,0.1565410364495257,0.29070580961304365,0.977181046454057,380103,29,231
1.843267589948092,1.8515124226703157,0.5119100953198593,0.21226492140844916,0.4389229279457627,0.3204058074990518,1.3396023273504563,380104,30,622
0.40733652579765917,1.5959600691882108,2.7116444206942933,0.05692602919934108,0.07971415046780586,0.19789941279281356,-1.1156843515060826,380105,30,479
0.9019090409816006,-1.1588260449362107,-0.6569167684308013,0.1750517890024043,0.31260527403502414,0.3376239919040916,-0.5019092765054094,380106,30,223
1.557803946145798,0.05353999413439262,0.4596674606065158,0.12300875464661155,0.16490509071467788,0.18392588414302152,-0.40612746647212317,380107,28,467
0.310399793782246,0.08694869323684609,0.41894505044793917,0.1669447928560499,0.17461136417368436,0.25252852916197843,-0.3319963572110931,380108,29,182
1.1992833474443148,0.001101139146125674,0.7996515951045561,0.01845804853232501,0.026911463646977257,0.04001540555362098,-0.7985504559584304,380109,29,413
1.6251552184640736,0.28387052607773683,0.30508904690658334,0.11710899757158681,0.24386097574611706,0.23732264448362664,-0.02121852082884651,380110,28,520
1.6408306029190087,0.744302900034753,0.7041548357280736,0.12646187197984143,0.19581155058511007,0.2423014314827923,0.04014806430667939,380111,29,558
1.8656550557806293,0.06633054342439239,0.4725198312206491,0.19642275000520465,0.28623279319522055,0.30570157471392434,-0.40618928779625674,380112,29,552
-0.025194349006347722,0.7219217520738939,1.606659260975657,0.12351965333690888,0.23855791143348576,0.16938643641538328,-0.8847375089017631,380113,29,214
0.0318672901933047,1.8812725431695456,1.9563103015346412,0.11016023015249812,0.24421855495650321,0.1598090701723457,-0.07503775836509563,380114,30,365
0.3822511244883437,1.3134529790590566,1.6299716362407162,0.0840695516995862,0.21739529071434804,0.14044101099910136,-0.3165186571816596,380115,29,381
-0.7983897702839693,0.08932910829432399,-0.31355287912056096,0.23214941994010882,0.36485295708807236,0.5299881278795561,0.40288198741488496,380116,28,46
-0.7325182760073978,1.102090657885243,1.3511553852681748,0.1570544268106949,0.23560967254747378,0.2982718575942689,-0.24906472738293184,380117,30,117
2.7288377482982487,-0.2749027382351368,0.9216998541826722,0.25669787030140667,0.33204794629157997,0.5103692977809303,-1.196602592417809,380118,29,642
2.6609247333271546,1.051763159676481,1.4823591382643688,0.31086257111308024,0.5064626075305105,0.6115711504800266,-0.4305959785878879,380119,30,662
1.6428650613537945,0.23108575885899058,-0.046770716582550026,0.12487024869793176,0.26777272020945664,0.14749351186234594,0.2778564754415406,380120,30,493
1.7263985336550802,0.8479784124403635,1.3381617379912927,0.1915685336882168,0.33162881431221014,0.3691650947086361,-0.49018332555092914,380121,29,610
2.0966836851482085,-0.053904386355617666,0.40473003466471114,0.18152798708352916,0.2424371144280372,0.3049813046445482,-0.4586344210203288,380122,29,599
2.090410186973291,0.6758690331345344,0.517329072884687,0.19483148153196003,0.3121777571547349,0.3470941376788574,0.1585399602498474,380123,29,608
0.49167674515116383,-0.7705430593130213,0.23287438940533567,0.16905012486759582,0.2934873573641925,0.30344850241534904,-1.003417448718357,380124,20,179
0.015961002646488802,-0.5877344005678126,-0.21654024337626035,0.15450560560138055,0.29930609397479513,0.3109665801802223,-0.37119415719155224,380125,21,111
-0.4378568643781043,-0.4887591010025938,-0.6067202108866238,0.21059134204004235,0.35630961204131556,0.48554745672529614,0.11796110988402997,380126,20,43
1.1001074526796153,-0.018303646742260316,0.002586580921210589,0.17638235157631807,0.2985811059870124,0.2847448638806425,-0.020890227663470904,380127,22,349
-0.43949885488096396,-0.26942546362919234,-0.6256747058103929,0.19599254453616077,0.33647867310425456,0.48027015590740263,0.3562492421812005,380128,21,76
0.7933354245578098,-0.3941112585797371,0.3966798949954205,0.051468598063010844,0.057748424274284255,0.08219999135298055,-0.7907911535751576,380129,20,257
-0.4213158301411164,1.203227724770743,2.244280814276537,0.13696392910555133,0.1916431794817686,0.27622592627586434,-1.0410530895057941,380130,19,218
0.13864019613395576,1.1062348381706835,0.2727473568374838,0.1924926245863412,0.25744160038534764,0.2539504168587665,0.8334874813331996,380131,22,234
-0.2702615478907647,1.4859097960762488,1.5928918620639714,0.19698090557342393,0.22960061622701983,0.3283827660190693,-0.10698206598772253,380132,21,261
-1.062664917629865,-0.6513016479605579,-0.978031100389062,0.3332084746945592,0.5407517850144147,0.7385265302034244,0.32672945242850415,380133,21,25
-0.5704450414053809,-1.1283242381099678,-1.361110400671061,0.27392962853544334,0.49558211626477366,0.6805327509637359,0.2327861625610932,380134,21,25
-0.38768701862960514,-0.4134390449947429,0.19103306546779417,0.17555187751784812,0.2909386666322005,0.3357034689422655,-0.604472110462537,380135,20,70
-4.7891789600017486e-4,0.9199624637062839,1.5997078029305276,0.06937674906609366,0.20788534146306686,0.08458998395128692,-0.6797453392242437,380136,22,279
0.0012183670031477726,1.1319397449648916,1.20009104577154,0.07214110581343233,0.18165040466044877,0.08901612024811051,-0.06815130080664833,380137,21,277
-0.0796621859099047,-0.39264138178679375,0.04051511742024454,0.1724963055017479,0.26740116830308674,0.29677633798265446,-0.4331564992070383,380138,16,101
-1.8808879049958964,-0.7667996654351039,-0.5394168655962098,0.49572110810930786,0.7205462032874955,0.8323474227443559,-0.2273827998388941,380139,16,17
-1.0800569046575712,0.8298901120034412,0.22904298907611503,0.24018673753793573,0.38244662929478546,0.5018368167444585,0.6008471229273262,380140,16,102
-1.3688987547054454,0.9679691517521802,1.050755956789863,0.242330624288452,0.29907171935952537,0.4307952978572557,-0.08278680503768276,380141,16,76
-1.017898704462052,0.006231981594241666,0.5288764950115534,0.26530656366050814,0.41583989584027486,0.463507985161695,-0.5226445134173118,380142,16,47
-0.4129789886828646,-0.3875975893112278,0.5098825932301473,0.17486634385935418,0.289553489356931,0.3124810204842563,-0.8974801825413751,380143,17,60
-2.061965138047587,-0.42165852001436455,0.18998262177645223,0.4896689276434971,0.6922240713274714,0.7746899924187194,-0.6116411417908167,380144,18,24
-2.1925488342111987,-0.7312287028986705,-0.4256568921370788,0.5491484870851047,0.7612720379925757,0.8595374816990448,-0.3055718107615917,380145,18,21
0.3998378826221703,0.40044042982009737,0.8009155811143426,0.01259758201078296,0.020442576380663813,0.02530711561602177,-0.4004751512942452,380146,19,261
-0.45596251427751866,0.45742778939224954,-0.1108636585507325,0.14608025934911803,0.17149725547205286,0.3615645806213207,0.568291447942982,380147,17,96
-0.6052996072216664,0.026981166143098315,0.8668107655560334,0.21576288082934894,0.37628766090977633,0.3447755780160657,-0.8398295994129351,380148,17,75
-0.6951729213631779,0.2703936170309401,-1.2480981407033354,0.20470309813765017,0.27931799219071735,0.6748212606277372,1.5184917577342754,380149,19,43
-1.761365379545488,-0.33177461140783554,-0.5863369372874425,0.44728089996082127,0.6395430915837441,0.8177337092539259,0.254562325879607,380150,19,31
-1.793303284219657,-0.8848962021386702,-0.5770615719163307,0.48613543612131255,0.72125223347214,0.824639209519658,-0.3078346302223395,380151,16,11
-0.8488554785958878,-0.09950846824102792,-0.15125940676456281,0.24889580516600143,0.3947456060827265,0.5221113091143781,0.05175093852353489,380152,19,56
-0.41515414544451634,0.42544323488604757,-0.1822206977704575,0.10652303383291041,0.15564120162695577,0.3417308141078372,0.6076639326565051,380153,19,103
-1.7627246784521189,-0.6065151597229884,-0.5881563381573298,0.4648441574075915,0.679796785465818,0.8198257351046616,-0.0183588215656586,380154,17,9
-0.9227028208668684,0.7160317603488522,0.34182755822912664,0.22613073625468746,0.3801872354820878,0.4425735616164127,0.37420420211972555,380155,17,85
-0.9030886358464997,-0.6081215050452036,0.2566419295306324,0.285105987387847,0.4781671789128381,0.4966920351380738,-0.8647634345758359,380156,18,36
-1.5693010886855958,-0.2369895804796595,-0.6757945461547562,0.4027826059630674,0.585802391392401,0.795869558079332,0.4388049656750967,380157,18,24
-1.889897019292075,-1.1036047410925478,0.25365637887527714,0.48832388264749554,0.746267590219664,0.7456723266210185,-1.3572611199678248,380158,17,8
-1.9231742572186024,-0.30982479245374994,-0.5187139620355826,0.47655656825468057,0.6660361822930863,0.8338111818618396,0.20888916958183268,380159,18,20
-1.409799026642692,0.4551984207023174,-0.7530965522190202,0.3114924626434104,0.4362850904047666,0.7682484349098383,1.2082949729213377,380160,17,35
0.4014927030548552,1.190511408954506,1.5162229961171771,0.0528658708679778,0.09608553602937202,0.17905109771588423,-0.32571158716267123,380161,17,404
1.0298786542743392,4.157087867687821,1.79044540818306,0.2004211820905938,0.6210610107792582,0.33073457811245865,2.366642459504761,380162,19,612
-1.3095665703393573,-0.11036113257408885,-0.8162881096202088,0.3408442816828138,0.5066136023496604,0.7627451354637915,0.70592697704612,380163,18,22
-1.3024741743538195,0.4208529960341307,0.9708300220810295,0.2744210606680759,0.38811601811980057,0.4572635780367929,-0.5499770260468988,380164,18,48
0.7981543420352437,0.0019213678948819285,-0.31337223365166994,0.02865739109814071,0.034229511679541365,0.16969786234925377,0.3152936015465519,380165,20,261
-0.34623934689538943,1.1275673903491323,0.38692031060741044,0.13723129147036434,0.19714914359367017,0.2691993915192228,0.740647079741722,380166,19,158
-0.4357975691633891,1.2363909360655103,1.909342169935894,0.11771383881106676,0.12675821662224507,0.24111677672649756,-0.6729512338703836,380167,17,191
-0.38093741405719467,0.12956540722819257,0.1201310196112491,0.19084198140930989,0.32927889623153817,0.35817237458134743,0.009434387616943471,380168,19,88
-1.8406608136877065,-0.22680503685404335,-0.5513757143412072,0.4554137193959679,0.6385267538089672,0.8251315524210177,0.3245706774871639,380169,19,14
-0.3836611201813547,1.183224399822832,1.9799266025971713,0.07961283377860442,0.08527879148926662,0.10223518929417223,-0.7967022027743393,380170,21,220
-1.2350284264955778,-0.34381871891157983,0.5583865816974326,0.32286305530744785,0.5079433260932733,0.536543001789985,-0.9022053006090125,380171,19,56
-0.7812581279013633,-0.7363996680762955,-0.8760450941915139,0.28491760184784354,0.48448330234765685,0.649609020170096,0.13964542611521835,380172,19,31
-1.2069802764242756,0.05881237249200378,-0.8774484953856281,0.30773289285604905,0.4577594209094484,0.7470926621473437,0.9362608678776319,380173,17,31
-0.2671947162190271,0.6320435118410095,-1.6376794410637205,0.1899016299670417,0.2609348152991171,0.6302797703505675,2.26972295290473,380174,17,120
-1.946596478562528,-0.41132585571193914,-0.510446979166401,0.48723017410273894,0.6845311346298439,0.8366129447477172,0.09912112345446189,380175,17,17
-0.10982648888161514,1.3086152784519942,1.6860192897841775,0.17871781035940218,0.18331300105187506,0.21524485949248254,-0.37740401133218326,380176,17,288
-1.4248926116944474,-0.015523897539884354,-0.7494736678820295,0.3560115291858256,0.5165488853313805,0.7760611707503791,0.7339497703421451,380177,17,19
-1.0053641170722045,0.26281752672979225,0.45684707630158844,0.24706135681439897,0.3671830504114542,0.4562258369140462,-0.1940295495717962,380178,19,49
-0.8021652973305825,-0.22986004511868705,-0.09758189221573953,0.2514751012521436,0.4107806330870143,0.5052896040062057,-0.13227815290294753,380179,18,50
-1.519736090514486,0.4210021913175264,-0.6942045722552342,0.3366771493143423,0.46777827071648265,0.7826486604603655,1.1152067635727607,380180,18,30
-1.238258315690708,0.40656741811141633,0.04089200684814506,0.2726125807859229,0.3804025536241281,0.5867040475143328,0.3656754112632713,380181,18,46
-0.9753932207299791,0.6082650490306502,-0.27442050543029045,0.2246948955496733,0.3020399022071599,0.5618657072129472,0.8826855544609407,380182,23,68
1.2017200334504892,-0.003610124182681498,-0.0018675366347948568,0.02651438437420785,0.048907956341228916,0.03446251835525637,-0.0017425875478866413,380183,25,365
1.2398068243667415,1.1698672443158142,0.95072854726149,0.12281732538622352,0.1813691609117803,0.26566556969663335,0.2191386970543242,380184,25,512
1.598631952573535,0.21226358941095233,0.7545191682222612,0.10696453302797145,0.24988756418091007,0.20419157263311796,-0.5422555788113088,380185,25,541
0.9642779155720713,0.636754926100099,-0.4637496758013674,0.19681769524324896,0.20575324560111724,0.3203321157689047,1.1005046019014664,380186,24,346
-0.39267468347088985,1.1887119834047986,1.594655669098382,0.05688684929187288,0.08808476311490489,0.0692681863277356,-0.4059436856935834,380187,25,197
0.041216078576203845,-0.4645389740824024,-0.1418042518032933,0.12692913011522897,0.21028523069820457,0.2655021077501627,-0.3227347222791091,380188,24,116
0.46639868574463716,0.3710478937072943,0.6772957625258328,0.14920985318808044,0.20235283218286498,0.2746321856828217,-0.3062478688185385,380189,25,271
0.8254312699815257,-0.42882584751176595,-0.17840273435575824,0.09766064941841837,0.11713885000104443,0.2444356426293128,-0.25042311315600774,380190,24,253
0.46089638825308593,0.6801425876504832,0.6238220537794741,0.14385429324797078,0.28224138184163183,0.2953556211533298,0.056320533871009104,380191,24,267
-1.0008822951237546,0.5731799567179418,-0.24720079545657975,0.22965211045435696,0.29877527573032453,0.5657659756027394,0.8203807521745214,380192,24,52
0.9265577187785724,0.571693700160603,1.360329205442942,0.18607022795856853,0.3462952059543152,0.3496239982351025,-0.78863550528233894,380193,27,458
-0.8327221380136753,0.775102884767832,0.9100022667269894,0.1859215565592487,0.27888353282381123,0.32913539514949003,-0.1348993819591574,380194,26,71
0.3883245809553015,1.307325643339466,1.754296539567141,0.1006115230083789,0.22785849854343213,0.2415673523260735,-0.44697089622767505,380195,28,439
2.015752813583492,1.8999368941210193,1.7526094415515705,0.2347351549404299,0.4876336462014362,0.4893873465282675,0.1473274525694488,380196,26,668
1.6112067685479883,2.3441190271523675,0.43208951671790596,0.13698653226580582,0.4030919898677066,0.22205409695050274,1.9120295104344616,380197,26,544
1.2485881892069062,0.6406847368665448,0.6684274509519654,0.13325353639161164,0.2781296211598948,0.272116871810375,-0.027742714085420617,380198,28,470
0.4163380961758023,1.5642610718576397,1.1275227544894957,0.08172956966570923,0.1613193575358757,0.19334400332386206,0.43673831736814406,380199,27,405
0.7953813689464989,0.007118127973647027,0.4169671934690221,0.042826704695949104,0.0688296810432382,0.09932618396268025,-0.4098490654953751,380200,28,326
1.7511562872442599,1.290503641569817,1.300775154167719,0.2016662079467441,0.36077654356125144,0.38118353110569897,-0.010271512597902044,380201,28,608
1.6096252346875197,1.471379971031615,-0.008064878665428243,0.08149712286034712,0.25110941959157584,0.10306735622180971,1.4794448496970434,380202,28,541
-0.013452431668125743,1.2158972626459945,0.03760286841130852,0.07273236033520451,0.09109137025731213,0.20053494986947085,1.178294394234686,380203,26,190
1.54918922437763,0.325123977492795,0.3882321670741462,0.14800476319717054,0.27053713062384854,0.23275941079161597,-0.06310818958135123,380204,28,495
1.2896923922794166,1.0243751590379981,2.425513803585993,0.1677717465042772,0.30853942422794034,0.38765977958762354,-1.4011386445479947,380205,16,594
1.2126733247317216,0.38834306694644394,0.3959768515418734,0.07030537810566492,0.07794670384644928,0.09375545291547198,-0.00763378459542946,380206,27,463
-0.33627187270399383,-0.5532682472947802,-0.21865795381319503,0.19419203313430652,0.3398199249859683,0.39295224430737347,-0.33461029348158516,380207,16,80
0.4322709658834896,-0.03879974851448214,-0.03614430008061281,0.10896284059395869,0.13931069061070464,0.15722261985969024,-0.002655448433869327,380208,25,209
-0.6009608618254078,-0.023860893146280503,-1.3301416822142362,0.2268035076013234,0.38940393728242656,0.6695786351139423,1.3062807890679557,380209,16,46
0.1661220368819437,-0.8314413239624046,-0.9960923899921342,0.20287149261985854,0.36126331763034103,0.4203666984702977,0.16465106602972968,380210,23,91
-2.1568932450771756,-0.37511237596666885,-0.43463112439261187,0.5228463701878076,0.7134227481105092,0.855298080044068,0.05951874842594301,380211,16,29
0.8086007720016246,-0.016521345067683952,0.38975161896572597,0.058037037524188324,0.1105261016119291,0.07383634751425079,-0.4062729640334099,380213,22,310
-1.3221333580372128,0.5305793582728618,0.7792275469518427,0.2711621138734074,0.3735952829121726,0.4825375825449735,-0.24864818867898086,380214,16,67
-2.3370202741079615,-1.1762238528378066,-0.38465309198359,0.599213731688227,0.8215526827281188,0.8720781631736683,-0.7915707608542166,380215,16,8
-2.3370202741079615,-1.1762238528378066,-0.38465309198359,0.599213731688227,0.8215526827281188,0.8720781631736683,-0.7915707608542166,380216,16,7
-1.6652380395017568,-0.9564764432150386,-0.6354456480330586,0.46631427320504304,0.7091834338574873,0.8123302888234258,-0.32103079518197997,380217,16,8
-1.4158500193293988,-0.6074540339714838,-0.7601272621374701,0.39838905966095134,0.6126519283315617,0.7818975685708828,0.15267322816598627,380218,16,12
-0.8049181806008726,0.35827809444076536,-0.20731099942732004,0.19671512220541307,0.28870662238995526,0.49337408965866547,0.5655890938680854,380219,19,51
-0.2622097716660616,0.25141923348428125,0.7470178705123481,0.19139725484495573,0.2221155339544264,0.3013922177107512,-0.4955986370280669,380220,19,128
-1.4022183692904349,-0.43566521248692647,-0.24067465729538123,0.37433920255734415,0.5732108665479528,0.7025847913132253,-0.19499055519154523,380221,20,39
-1.1097916469167113,0.11576443047725749,0.146615141761797,0.27597571489741246,0.42136626843133174,0.5429094261752092,-0.030850711284539506,380222,21,37
-1.1229449240089093,0.32289435040847997,-0.19088294002030623,0.26330000072124704,0.3724031570324766,0.5983903603768751,0.5137772904287862,380223,20,38
-1.3691692612146154,0.49358069379698,-0.11048405413636579,0.2923007226362603,0.40271567310074063,0.6500186360473179,0.6040647479333457,380224,21,32
-1.1764318279918424,0.15341739932464502,-0.4149576722695918,0.2902737445561509,0.4360837993804354,0.6600685447199838,0.5683750715942368,380225,20,31
-2.0245206314003488,-0.9878165140995309,-0.48560611640520535,0.5333641239237417,0.7667339796363613,0.8464151747306562,-0.5022103976943255,380226,21,13
-1.8277879498509104,-1.161348747609182,0.030743447288766445,0.48735339384812904,0.7473705764164332,0.762257715871791,-1.1920921948979484,380227,22,12
-1.151319058963365,-0.5485722292328807,0.5915533528209855,0.3195775873886058,0.520387639680911,0.5190218831563452,-1.1401255820538663,380228,17,37
-1.6939428574409017,-1.2849976604104583,0.4850477169039946,0.45159946629226433,0.730977520048709,0.6836874511943042,-1.7700453773144529,380229,16,9
2.3729358730786716,0.2910823594394201,0.9431329892011766,0.22976262092545768,0.35567783778176254,0.4405067887837705,-0.6520506297617565,380230,26,633
1.2819311116845775,-0.03967306154644119,0.6394139920541672,0.16167818762370792,0.2196863289223295,0.3079669159589242,-0.6790870536006084,380231,26,463
-0.7698717197191306,-0.8202586944011436,-1.1944849099167947,0.291191849609888,0.4985885502904724,0.7025094366143276,0.37422621551565105,380232,27,40
1.5788691227958114,0.3204943495726698,0.3188775285541581,0.13005379707550643,0.24455563177890405,0.24624297445356766,0.0016168210185117382,380233,28,486
1.2266712172877587,0.6972518327196328,1.1688272040161576,0.10140625308919117,0.22717009052145148,0.16911094634514348,-0.4715753712965248,380234,28,506
1.8974469989651859,0.11025148566590336,0.11828575459785663,0.17585374096010903,0.20689137306957978,0.22847545781890016,-0.008034268931953276,380235,28,537
0.8426730138972248,1.0529494638757666,1.8870775536633495,0.12469887910054944,0.2675437754146661,0.25563334042017016,-0.8341280897875829,380236,26,498
1.6924484369393895,1.22581879849674,0.7921949858245213,0.17625639102659119,0.31107218285925836,0.2896094888939274,0.4336238126722186,380237,28,572
0.4057706084461256,0.4107217662992939,0.7897694228503356,0.05083289276790222,0.0970192963993249,0.08217760709229606,-0.37904765655104167,380238,26,260
1.5997489868710844,-0.3989634550735101,-0.3959598595396925,0.02527861289170784,0.035347434027616705,0.05245044574693519,-0.003003595533817627,380239,27,411
3.709138692962675,1.1808801814190704,1.0255863881609244,0.49481882708232,0.7264348779313796,0.7781613516532169,0.15529379325814596,380240,27,676
0.7882994656993864,0.5896991027724541,1.2149166072242163,0.06934902934132497,0.2231213593379606,0.09643166093361034,-0.6252175044517623,380241,28,420
2.4642519518195836,1.0764054532971254,0.5508693038946989,0.2591566633752135,0.4487177533586614,0.44301829547988275,0.5255361494024265,380242,26,658
-0.7016660804200299,0.264119767277023,-1.2426548761753422,0.20434691876416664,0.2904699447732373,0.675447361378269,1.5067746434523652,380243,27,68
1.8990176829514214,1.0219767664862227,1.4175014716994059,0.20237036196963618,0.3439897229948961,0.4056596358164772,-0.39552470521318317,380244,28,620
2.1784738666476873,0.40015497826136004,0.5751428331063347,0.2146942123164143,0.3453045449325674,0.3716047019013343,-0.1749878548449747,380245,27,622
1.6073270746548827,0.8036104248194617,-0.02486137611668887,0.0776010229317757,0.13900536028910412,0.14289290316036918,0.8284718009361505,380246,26,511
1.666597385153515,0.33846010449379954,0.06190971430531386,0.15239364545007947,0.17797643872132443,0.27572520255337135,0.2765503901884857,380247,27,527
-2.0742831643417046,-1.3575915482768488,0.6753134726268375,0.51554931418355,0.791059706342693,0.731891474662802,-2.0329050209036863,380248,26,13
-0.8271166218494888,1.2077372558700763,1.0673004490529305,0.14529497398163033,0.1968323209856002,0.279550661478192,0.14043680681714577,380249,28,113
-0.39388058138940946,0.39511898753727204,-0.06333331101349232,0.09753977417106074,0.12861820309443148,0.31261511888098054,0.45845229855076436,380250,27,115
0.3850231628608495,0.43350557637925674,-0.1954070433091897,0.07861920408139923,0.15734648104791088,0.22975417036335322,0.6289126196884465,380251,28,207
-0.6238770969882276,-0.15107124998855573,-0.4738506823183959,0.228995390889294,0.346763139031228,0.5161038624725244,0.3227794323298402,380252,24,62
-0.21419978305304033,0.18249836036712058,-1.6915038019767814,0.2020648324251779,0.26036153915299237,0.6287406391424858,1.874002162343902,380253,22,89
-0.9357260300001562,0.17094174977102114,1.0257129001025056,0.23332317067723726,0.34916775892095314,0.37682578062336636,-0.8547711503314844,380254,23,83
0.8166434637846329,0.3821982365509656,0.7100788770429746,0.0799836231126702,0.08934623729357088,0.20271690273221563,-0.327880640492009,380255,23,374
-1.684844727986557,-0.2914090190647331,0.7355779191734795,0.3973084928796749,0.591148476257659,0.6258297643034583,-1.0269869382382126,380256,25,41
-1.914223865399373,-0.14456822829176377,-0.5207432339900522,0.4638302810431744,0.6396487621216024,0.831945574650182,0.37617500569828843,380257,24,10
-0.060488360554317194,0.516935944539381,-0.048458273957072355,0.14444102583691504,0.277443868789735,0.280846605676776,0.5653942184964533,380258,25,142
0.2546040814977561,0.5450196234899748,-0.12218473509611678,0.19244486328953683,0.1964794540087598,0.3428793630250834,0.6672043585860916,380259,24,189
-2.3370202741079615,-1.1762238528378066,-0.38465309198359,0.599213731688227,0.8215526827281188,0.8720781631736683,-0.7915707608542166,380260,23,11
-1.065585515310475,0.05573310839032679,-0.9704473299772758,0.28308647570086404,0.43304106146778243,0.7284431805635394,1.0261804383676025,380261,23,43
-8.821173308410014e-4,0.8125777108832302,1.5835182588307366,0.06208391885700302,0.11181402611694856,0.11725778493917097,-0.7709405479475064,380262,25,288
0.07756953097702347,0.23002323761694168,0.6155279784995661,0.1606812812386547,0.3191800392103898,0.3059121652802876,-0.38550474088262443,380263,24,179
1.8464242061880514,0.14079469062970038,1.2159530691513207,0.1979883396584796,0.2308230218999967,0.3813552508340127,-1.0751583785216203,380264,23,577
1.4464805384838506,0.5889487309720914,1.5380514549462083,0.1948285219656126,0.2623290033579376,0.37076550056733393,-0.9491027239741169,380265,23,580
0.40066578892929733,0.799948127991745,0.7994598944938067,0.01848410537957092,0.026067846074441337,0.026765719946935343,4.8823349793825077e-4,380266,23,338
-0.00995745874559603,0.8317804807426923,0.32256317636354614,0.08428751135492187,0.16100794927589726,0.20029270524980716,0.5092173043791461,380267,23,208
0.45803386719054434,0.7327558628376553,0.7439553931166435,0.1408776725157925,0.17268897870180686,0.14923934909948988,-0.011199530278988234,380268,24,333
0.8007177702485384,1.1873510565492982,-0.005659073617250223,0.030350098758030162,0.0820837840752884,0.06154058255378672,1.1930101301665483,380269,26,365
0.40037580532728895,0.7999113671381367,0.79586750895395,0.016391039754347046,0.022643603340687605,0.045399849415525315,0.004043858184186733,380270,29,310
0.8120470665198682,2.7660506854895632,0.37959520251329193,0.07278169273003579,0.26077856704481955,0.11926601357345978,2.386455482976271,380271,30,426
1.8351535600853641,2.348665442461115,1.2050288188967169,0.22189414317765702,0.516409016015676,0.40679989270877565,1.143636623564398,380272,29,643
1.2089125597534474,0.8111686956464077,1.045865679747383,0.073243058831119,0.1243929674687932,0.22076866397426542,-0.2346969841009754,380273,30,528
-1.11866628764167,-0.02572670257870445,0.4101362052933001,0.28441770739079947,0.4370038065163434,0.5098468675653425,-0.43586290787200455,380274,23,38
-1.5304255423388444,0.05568065336679978,0.2518439853863364,0.35580063095399767,0.5129163750487752,0.6461965663518264,-0.19616333201953662,380275,23,27
-1.1748721493650705,0.24968731185927434,-0.340037079247992,0.2798500680370521,0.41045154762339275,0.6433322002953202,0.5897243911072663,380276,23,36
1.3853292550317413,1.437638650202356,1.585727084311971,0.20056707191766254,0.32377561338547917,0.37202416623921647,-0.14808843410961514,380277,23,596
-0.34898800315994527,0.748313387580357,1.0324475143604452,0.13549360601060154,0.14537547124749975,0.27212488810590824,-0.2841341267800882,380278,25,154
0.2888123696303541,0.09955751869230867,0.10028431661927198,0.17937609353908168,0.19914742448731734,0.23735643544112858,-7.267979269633129e-4,380279,23,182
0.32865794025241196,0.5411667199361687,0.4105400788440157,0.15323980250365,0.30176986134126627,0.23013660042081874,0.130626641092153,380280,25,236
-0.43949435114651786,0.4432351411688909,0.3944301496058498,0.12786087525916057,0.15713655976541957,0.26756509841283427,0.04880499156304108,380281,23,121
-0.5318253735472225,0.4935575285926347,0.4290188526972469,0.19857689372982137,0.2601856392053868,0.34378395073995305,0.06453867589538781,380282,24,84
-0.07197271370399344,-0.13327865007765727,-0.3767327149419387,0.17522912452051417,0.3268839355610192,0.3518315247385175,0.24345406486428145,380283,23,113
0.44867038209435756,0.07625743196379353,0.40794267504815185,0.14110410496865083,0.2631561592317805,0.21868559828465642,-0.3316852430843583,380284,22,245
0.04128218737578139,0.05156811867653285,0.49393623904751544,0.15792345673261113,0.2670888092438031,0.28629901971255234,-0.4423681203709826,380285,24,156
-0.06101874436769086,0.877960337993397,0.18410616807816346,0.14436724722511643,0.19737697468907825,0.2839687875396077,0.6938541699152335,380286,23,166
0.8038702136091365,0.7707788394098603,-0.028683315808496236,0.050035290147118626,0.1257574963189075,0.12376031314944168,0.7994621552183565,380287,24,342
-0.48224139382747155,0.8312019615319709,0.8574379113181955,0.1790538926228985,0.2532012537576415,0.2626019931488904,-0.026235949786224566,380288,24,114
-1.8292660298347443,-0.4969215752244122,0.052608671066229115,0.45440013522639106,0.6641649374172457,0.7521554451144666,-0.5495302462906413,380289,22,24
-0.020735477131454096,0.031154286848344107,0.12138819978311323,0.09236491641750894,0.14432123916318126,0.2324908977329543,-0.09023391293476912,380290,23,136
-1.14704525702064,0.7501056424990328,1.3099369621330261,0.21728585048621699,0.2763557454082651,0.3594117879199425,-0.5598313196339934,380291,23,81
-0.3448018735769015,0.3301388916352243,-0.9569176680290494,0.14431906726260016,0.19500668809787192,0.49680184135689404,1.2870565596642738,380292,25,80
1.1943533802087976,0.40355438261055326,0.14598304345797106,0.055843131931726915,0.06995055650171483,0.20824100567206186,0.25757133915258223,380293,26,398
-0.1562815189006536,0.9161267679732088,0.5836034945166922,0.19645342967151735,0.25711377808279057,0.27839566839175384,0.33252327345651655,380294,24,167
0.5094250495187798,0.2351787728682415,-0.5830114314998197,0.1783673819128684,0.2882214407998929,0.30424870542695726,0.8181902043680612,380295,24,221
0.3128171386270985,0.1525579857041406,0.5401212179166311,0.165678598252246,0.3002522256821043,0.2769726954736587,-0.38756323221249056,380296,25,211
0.07843404517728206,-0.11307784016960885,0.3528049756120787,0.15914461311206554,0.24566566393734163,0.22545222697038195,-0.46588281578168755,380297,23,151
0.4012034414143986,0.3986844873090298,0.027751910104507626,0.024778375061217484,0.031224911387202084,0.11208303740087847,0.37093257720452216,380298,20,242
-0.40366859217021717,1.2028873444207413,1.603600284941368,0.045888199862704086,0.05454422260462196,0.058794950650495184,-0.40071294052062667,380299,16,176
0.010216679282327893,-5.556800675234971e-4,-0.27324493782131903,0.08841605822333165,0.12663760484683675,0.2655327638254415,0.27268925775379554,380300,17,114
-0.6765539838839816,1.0454483166005788,1.1010603438731776,0.18755863908306084,0.25319491248676984,0.2743088197797839,-0.05561202727259884,380301,16,127
-0.39040454848693984,0.03587203049749748,0.34812012326630515,0.15429176398488909,0.24680024879174295,0.2898337145582158,-0.31224809276880766,380302,21,100
-0.3622416404820683,0.6999627380553262,-0.0940460663949256,0.14877718284339803,0.2751405734428587,0.3445450451579846,0.7940088044502518,380303,20,115
-0.05831496543811299,0.45766457515847714,0.8509034697297048,0.14139824673651072,0.1479735182154163,0.16856548456029566,-0.3932388945712276,380304,16,180
1.594069948302561,1.0924617945120203,0.35082332559836493,0.12228090070501273,0.25725581386020824,0.216784861321255,0.7416384689136554,380305,27,555
-2.3370202741079615,-1.1762238528378066,-0.38465309198359,0.599213731688227,0.8215526827281188,0.8720781631736683,-0.7915707608542166,380306,26,3
1.1970143856529822,3.150351842630091,1.4141390986299585,0.12935879424882749,0.43772924816760206,0.2756200670780541,1.7362127440001327,380307,28,610
1.2032903125010963,1.2138130748351457,1.363559923088414,0.06681450552433155,0.1304815024210599,0.2199182271659677,-0.14974684825326823,380308,27,527
0.8440851896359454,0.7532056852085411,1.1105796070470941,0.12527497290991807,0.14004374184997376,0.24191683011119772,-0.357373921838553,380309,26,423
1.1678855169290094,0.044159434327347695,0.7035173474065373,0.1088066632184324,0.15894324833168788,0.23471241412109817,-0.6593579130791896,380310,27,447
1.2089077096099736,1.594919891510025,1.1728438395908531,0.07288567609084368,0.1729840314637402,0.1461445680726799,0.42207605191917175,380311,21,529
0.3868329475867822,0.8128464826982429,1.5828552285135855,0.07173936010633046,0.07592466013420669,0.13150700233720672,-0.7700087458153426,380312,20,334
0.3984234067301152,1.18126771293128,0.8019384821510863,0.03582177254862702,0.09858185813684998,0.046772524591638456,0.37932923078019376,380313,19,319
0.6795494954947023,1.0143201589203013,0.5832120327568658,0.1837595743016577,0.33834476240100675,0.2994183304810921,0.4311081261634354,380314,29,342
0.4592006999863911,0.670118153977491,0.33520311836211414,0.142171243129562,0.2866954060695108,0.1690304133133607,0.33491503561537683,380315,29,301
-0.04380827060938941,1.6149784035464616,1.92981008443924,0.1450409949622973,0.1995276957523643,0.26269117468547787,-0.31483168089277846,380316,16,307
0.773129161369662,0.43595124859160544,0.8259739533568005,0.10013562739273156,0.14258981664903386,0.10766075887298672,-0.390022704765195,380317,24,339
0.8047821378545049,0.41144777571760016,-0.4876709498330476,0.05551823712566076,0.10322039804506054,0.18282588333480518,0.8991187255506478,380318,25,303
0.21039088550245505,0.9878925285081329,0.28163800041619824,0.19976965936790567,0.20518402181043646,0.32605497080595575,0.7062545280919347,380319,22,250
0.42398724509019303,1.1766327266150625,0.898805043975532,0.09609131811805031,0.10564582423818951,0.2221844690988533,0.2778276826395305,380320,22,334
0.9331538823218173,0.4951024432983186,0.3715468311690446,0.18928741723737916,0.36822939478167727,0.3079626378989148,0.12355561212927402,380321,23,401
-0.183065442646145,0.1628955369009212,0.5103057273047379,0.200559637499786,0.2391307232426231,0.30121997515079835,-0.3474101904038167,380322,29,122
0.4018561945021126,1.1964942198062611,0.3979559301887139,0.028226366435751382,0.05050966245739495,0.04627351734278409,0.7985382896175472,380323,29,307
0.8403798244165381,1.8205283958905443,2.5399243690680176,0.12357101082355341,0.27007773429268506,0.2953878938319317,-0.7193959731774733,380324,29,586
0.829348861974577,0.7792405630998274,0.8229105646017041,0.10520001842081281,0.12400167088452442,0.1803585456277378,-0.04367000150187672,380325,22,423
0.9288080618719683,1.0519341721214204,0.9254059115160724,0.18693248818785224,0.23547144843667786,0.3660942123270368,0.12652826060534794,380326,24,444
0.019658174192934173,1.03671829076799,1.5803165892648594,0.09474308765864839,0.23951710154469089,0.10679661163285054,-0.5435982984968695,380327,22,297
2.169512406557779,0.11999159937082625,-0.027120963694941786,0.2057193623295301,0.3295552477061061,0.34899366679844585,0.14711256306576803,380328,29,562
1.6002866397569708,0.002049326862047325,0.0030653068946931887,0.032176861717311385,0.049557221912895626,0.05555510881464633,-0.0010159800326458635,380329,30,492
1.2025224572811584,0.7953694746948012,1.146083959846849,0.04332972571951834,0.06936973619256799,0.1509635734132373,-0.35071448515204784,380330,28,502
-0.38454672588612737,0.7978282108989108,-0.5081927404215235,0.11578935428689957,0.16055636720885397,0.40218919719328766,1.3060209513204342,380331,24,124
-0.34758771447396075,-0.17039598109665685,-0.6519223474171798,0.18779919836977654,0.3346689889116713,0.4592801536223885,0.4815263663205229,380332,23,69
-0.6751964290108908,1.874382571615427,-0.7539615393361598,0.1867458897530424,0.19403289117866168,0.5655317419883676,2.628344110951587,380333,29,164
0.8225691218106586,1.191597489989698,1.954538851849044,0.09303515543951084,0.1264866612223603,0.19412597518490957,-0.7629413618593461,380334,27,481
3.3995792991927853,0.8728724042486179,1.2442728770646796,0.42956424895272866,0.6271043319325768,0.744507659085792,-0.3714004728160617,380335,26,679
0.9292574890691879,1.1028970430770575,-0.24119881440984164,0.18714217193068183,0.23862348060373323,0.3498330187247398,1.344095857486899,380336,25,360
2.2261649552046894,1.2815331626056237,2.073503851646177,0.2592736765543732,0.4510796398593624,0.582315385247018,-0.7919706890405531,380338,28,654
2.992304018818182,1.6549454654633078,1.1156782863962496,0.3778973066684949,0.6697697958227018,0.656229117710555,0.5392671790670582,380339,21,605
0.40314671694930726,0.7967137142996553,0.783847653428754,0.03579614051154987,0.04119162941733017,0.09188566269571281,0.012866060870901364,380340,24,309
-0.42537071821272315,0.11147280147999568,0.8574148939933836,0.15920605474119523,0.285621453615079,0.25001030047992473,-0.7459420925133878,380341,26,115
-0.026622349090105944,1.5948643889310095,0.29804719969760257,0.12019786413744304,0.18000593325724087,0.24604264610616425,1.2968171892334068,380342,23,230
0.07630328646393951,0.8174618775537648,0.7063401663514681,0.16042628645172421,0.26419307529436153,0.2100961615624319,0.11112171120229664,380343,26,221
-0.005769434808592167,0.41119377310955013,0.6323218979159068,0.05955103799833692,0.09849818460280318,0.2143623568304625,-0.22112812480635663,380344,24,202
0.486364803208763,2.677448815871359,1.1230629077192829,0.16526364989000952,0.32547845844033846,0.1826312418961892,1.5543859081520761,380345,23,448
1.2019313861492797,0.7935330136071452,3.8292507548560812,0.05482048507566332,0.08787179940881541,0.48521560912567513,-3.035717741248936,380346,24,605
0.010854062441103736,1.1857230135369505,2.3876408474003776,0.06506341105905762,0.09090870434224428,0.09917341210777585,-1.201917833863427,380347,22,367
0.39988684198832,1.5998575349146114,0.40244500625439694,0.022876781508050847,0.04102912339530618,0.046788254790475325,1.1974125286602144,380348,27,358
-0.38002776720476833,0.3952753016957255,-0.4639884462451826,0.12848494617543402,0.17690985463896047,0.39846640119894106,0.8592637479409081,380349,23,101
1.163380249968338,3.7971797405118246,1.5876297409206672,0.14422506050279738,0.5413281677158233,0.26629806155355956,2.2095499995911574,380350,25,606
1.1946356567336838,0.8208621841867249,0.9959657509059737,0.06295861628799365,0.12194312934953225,0.21921233399791892,-0.17510356671924887,380351,24,527
-1.7960421623554301,0.1689086370653582,0.604220879315783,0.3920677583796743,0.5442898581216152,0.6557232717508615,-0.43531224225042486,380352,26,47
-0.04115993348160531,1.6621616947898732,0.4384458907718077,0.12192877006130594,0.19486473413368702,0.18602592454031042,1.2237158040180656,380353,25,244
1.5574854271446523,1.129573766521057,1.2388048459586773,0.14223570563922242,0.27667966756129647,0.2710849523112763,-0.10923107943762034,380354,24,567
0.007905284031333967,1.1912486581955033,0.4072857272875802,0.0565960802439178,0.06681359040619106,0.12251562552758026,0.783962930907923,380355,27,205
0.549554368473415,1.2043678110033116,1.475663009996208,0.1940314727329747,0.34874454073082545,0.23670922872257263,-0.27129519899289645,380356,29,426
0.38822184584111225,0.8307714956525905,0.8139334247833951,0.06799275417066913,0.1440793761541178,0.08592594810916379,0.01683807086919531,380357,22,311
0.8423594411269298,1.1216115012238745,0.7405913808252587,0.12311533395817359,0.22784130598540736,0.18355060745541057,0.3810201203986159,380358,24,422
0.5160093181212263,1.1481504211749576,1.1321595460962768,0.18310715829643157,0.2657232245293574,0.24958067263445294,0.0159908750786808,380360,30,395
-0.04478163897238943,0.3783779978760598,1.1465016679015623,0.15731502658051266,0.2483435472669737,0.26762650064507787,-0.7681236700255025,380361,23,181
-0.38006924196800956,1.1818212187379173,0.7482345775245809,0.09276769510168828,0.10245174938527864,0.17941266049061472,0.43358664121333645,380362,27,203
-1.4937603723644537,-1.2251047502682826,-0.2061603247493585,0.4339983598167146,0.7032509742820681,0.7305788364835454,-1.0189444255189242,380363,25,21
-0.16312804277052675,-0.06337527257894736,0.08726660832239569,0.19923263302636357,0.3821446062105033,0.3321619669212416,-0.15064188090134306,380364,22,125
1.9552894216269985,1.3545566732306158,0.2277790305517935,0.19635324013026084,0.37376829185507854,0.3453793134367813,1.1267776426788223,380365,24,612
-0.9680190508359268,0.33191916425500945,-1.0140227950052945,0.25095875792199634,0.39721488049591075,0.7078652884365269,1.345941959260304,380366,25,51
0.7992214818154506,6.473968780355284e-4,0.8243099219576817,0.01994359744821979,0.024679853890107573,0.09951688221930606,-0.8236625250796462,380367,28,326
1.8255259014820695,1.0761520877330144,0.5879066563391507,0.20409857954469188,0.340479294861199,0.2996581165951766,0.48824543139386367,380368,30,588
0.8012573372019227,0.39893014209538996,1.9267097559173543,0.024424940260012407,0.029261913660788938,0.1639769414972286,-1.5277796138219644,380369,30,443
0.8998807308686915,1.274035984570123,2.4082412068751258,0.1737922784504586,0.32237133689814307,0.3484914267826952,-1.1342052223050028,380370,26,567
1.829151319836903,-0.22530827193107814,0.6638693827296286,0.1982563534243054,0.21013439496561886,0.32960911816748245,-0.8891776546607068,380371,29,538
-0.04905703654845351,0.4558802207048794,1.2621650944215987,0.1316567629774544,0.15856162690755324,0.1773964934847811,-0.8062848737167194,380372,28,221
-1.4889736678539593,-0.7616851532831379,-0.17876158200437678,0.4094580394830242,0.6401886114083288,0.7190095576739324,-0.5829235712787612,380373,26,29
1.4194135991062773,1.4772281052756595,1.8781755003738005,0.20111744206811677,0.34469527999320765,0.39470631099521913,-0.40094739509814104,380374,19,594
0.5890800777160978,0.9560366734249496,-0.05187801247132559,0.19974434686057876,0.2865184776149138,0.3543760240726662,1.007914685896275,380375,26,297
1.565939643840957,0.03470986165547764,0.032783302430769524,0.11179644643355124,0.1213221449641404,0.1225370477667566,0.0019265592247081145,380376,24,443
0.9529579549935139,1.4173239339079318,1.3505521228678297,0.1945368922395849,0.2768935302022298,0.3391322846283871,0.0667718110401021,380377,29,558
1.0070254612815566,0.8105582302281645,1.2000465749348637,0.19995960253941913,0.3845969714315243,0.38247409974434116,-0.38948834470669913,380378,26,477
-0.2910034175698136,0.07966347483083769,0.4527086111271527,0.201535979322324,0.3604929947156415,0.34683565072920974,-0.373045136296315,380379,23,106
0.150194479089727,2.5156188479049155,1.6645166427445295,0.1944705222113247,0.37464921519986355,0.37496058095887774,0.851102205160386,380380,25,439
0.7053300656448971,0.616568855627799,1.3271345447327145,0.1700388238758462,0.33939099155236435,0.24617182777302382,-0.7105656891049156,380381,29,381
0.7975426759163246,1.1991822304337663,0.006129549215308097,0.03343978241291726,0.05612887892436218,0.06288991184583027,1.193052681218458,380382,23,375
0.7318161261404592,0.1262683546354477,0.08382382778953504,0.15045731866839496,0.28407721303877487,0.19959748674639013,0.042444526845912656,380383,23,287
-0.25381308555921145,0.6326146399101588,0.14416712389367964,0.19340705082298423,0.23785980705267157,0.33581598011705516,0.4884475160164791,380384,28,150
0.0826244617414868,1.1193673452393833,1.4555304988920512,0.16200014760676001,0.16707856386386571,0.2903070300044575,-0.3361631536526679,380385,27,300
0.39900079725321874,0.8029348095551001,0.1543354108674178,0.033129192944678344,0.05584639953941083,0.20033975087423414,0.6485993986876823,380386,26,254
0.10084962581551278,1.1012703800957095,1.4695559373727651,0.1737168716551247,0.17895242291544664,0.242139725176937,-0.3682855572770556,380387,27,279
-0.43038491716402105,0.8230713996683207,-1.4772035215402,0.12382279491241123,0.15010940237188636,0.6281728388818143,2.3002749212085205,380388,25,89
0.4030926566821934,0.3985986599923048,0.39971263257457085,0.036903646909867416,0.046994171461643655,0.05692982155358858,-0.0011139725822660318,380389,25,258
-0.0947241428605877,0.8990868685568878,0.43028071666921885,0.17027277873929836,0.18357889779775252,0.26000583282663164,0.46880615188766894,380390,28,185
-0.39974871390770816,0.41431420067719854,-1.1475887971225436,0.11577590383906586,0.1710980447254986,0.5451859913304299,1.561902997799742,380391,26,105
0.8066490225708488,2.04757301867379,0.7789794105376104,0.06200711724767893,0.17373673426225006,0.12315604091849552,1.2685936081361795,380392,27,437
-0.9790950695508273,-0.3506031156194941,0.32686076254293434,0.2818187574865802,0.4521411133837127,0.49656607646681433,-0.6774638781624285,380393,26,32
0.7990690825352622,0.8202329893064413,1.201924387480169,0.028192791258275347,0.09622051698728651,0.046896444263569134,-0.38169139817372777,380394,27,433
0.40026516895886627,0.40174597653113675,-1.9370683684034884,0.036499261429072595,0.05702005133908689,0.4387361821660007,2.338814344934625,380395,28,222
1.9720976485845183,1.3087560166760825,0.04251032716662864,0.14597994906500159,0.32429231575014855,0.21195553727883037,1.2662456895094538,380396,27,609
-0.5460025856140361,0.9195444688751785,0.7705598512694815,0.19899696741031375,0.24442078201869097,0.3345973668774755,0.14898461760569703,380397,26,126
0.9103835827053226,0.9958638421313685,2.2104248692804407,0.1788525780206043,0.3357669150704565,0.34800124900655827,-1.214561027149072,380398,27,523
0.3998204817221496,0.40274488007562154,0.4025674833366258,0.02457972092531279,0.04763983403487551,0.04845467680893487,1.7739673899574981e-4,380399,27,268
1.699904190784152,-0.2001506713869139,-0.624166678562264,0.17419810695815222,0.3315850248134256,0.3442283529730124,0.42401600717535015,380400,20,422
1.6590536999181138,-0.2754655725606987,-0.06953841472719388,0.14265372058862993,0.2856295009726754,0.1801332027110329,-0.20592715783350482,380401,20,491
0.39403272379874815,1.2026618529732516,-1.5063117488509625,0.056619143334314656,0.07477390103677277,0.355186379796994,2.708973601824214,380402,19,242
0.41587958556746973,-0.41740133785026523,-1.5405507053792362,0.07973821992954495,0.10204987467886652,0.36571225361539794,1.123149367528971,380403,20,117
1.1973059891666629,0.40548210463706447,-0.7880235064782958,0.03505327174908864,0.06069979058185881,0.08346248199675778,1.1935056111153601,380404,20,327
-0.4702602581590529,-0.43460003849752715,0.42058974135542077,0.20431159491451234,0.3396916271354669,0.34242433924068405,-0.855189779852948,380405,20,55
1.223273504069446,0.7808675544303944,1.0866805689324968,0.09502970003919287,0.11790372098938012,0.22547241356614212,-0.3058130145021024,380406,20,480
0.47329426383586665,-0.1366774565342267,0.216007830527728,0.15478917359769695,0.29358850329532643,0.3065434692213826,-0.3526852870619547,380407,20,207
-1.1624379269377465,0.4002044435671074,1.1128869459944923,0.2528632466108396,0.36269122400832277,0.40456460629028734,-0.712682502427385,380408,20,62
0.0012478144372943612,1.1983296240376649,1.5977126105971913,0.023567956391487028,0.03314212089431555,0.037271546373246374,-0.3993829865595264,380409,20,266
-0.11013061588321199,0.47530331659166886,0.6993368518714512,0.18380696988499837,0.23686373301332098,0.3353875671674923,-0.22403353527978237,380410,20,171
-1.8201968646233513,-0.2622905595158475,-0.5602965250775238,0.453906989608875,0.6401051733671166,0.8232961365785959,0.2980059655616763,380411,20,29
-0.7210533699194379,-0.33635220237522745,0.2990447765351005,0.243759606807624,0.4072550830789494,0.4307491424999062,-0.635396978910328,380412,20,61
-0.280186681863547,1.46949128848312,-1.624431156761923,0.18370309659318335,0.21027292019636834,0.6296778726131774,3.0939224452450427,380413,20,154
0.024310802918553323,1.1583461374342254,-1.109528057377284,0.09625350280698175,0.16965502065112115,0.39971398055583496,2.2678741948115095,380414,20,194
-0.1040227352401632,0.8808296763692647,1.1195973942526922,0.1810620195651798,0.21995988571131614,0.3325723316802081,-0.23876771788342754,380415,21,204
0.8063005453416207,1.1905334803630523,1.2473228176550177,0.051378146387845776,0.0827963712467963,0.14870988825195333,-0.05678933729196545,380416,20,447
-0.6926067163408762,0.14004193792067918,0.4506102236225636,0.21637701049134148,0.3695481883896667,0.3849910004485515,-0.31056828570188444,380417,20,64
-1.0694451034861303,0.3653120308845719,-0.37250312398789337,0.25859750564099304,0.38740713071285704,0.6172130847432268,0.7378151548724653,380418,28,40
1.2008531671520493,0.4032243912566573,0.8732566715085337,0.03866473837913989,0.06386292803378564,0.1641094209349739,-0.4700322802518764,380419,29,500
2.277601313924745,0.7129910812145771,0.6315472576381918,0.2295771269860756,0.37148318057994206,0.3990374960521828,0.08144382357638535,380420,28,646
0.7891290945562973,-0.3784042199240728,-0.7556274882379016,0.06532105001166805,0.12690365369526202,0.16398235444051648,0.3772232683138288,380421,28,222
1.1660058141816694,0.5092359150060687,0.8139765648664965,0.11343517707602668,0.24359446989273026,0.15254840777108844,-0.3047406498604278,380422,28,481
0.8017061041643659,0.0024185686781059623,0.00753127824849738,0.031617697119856174,0.05448163272257673,0.0707989695450255,-0.005112709570391418,380423,28,287
1.6451350682003045,2.8754109046537426,1.297679222026423,0.1829018362130345,0.5284935994262915,0.3443784131010229,1.5777316826273196,380424,28,621
1.3228195855569562,0.3459861208460374,1.3870831270577262,0.18489966539892866,0.2717790799131226,0.33968737334911425,-1.0410970062116887,380425,27,525
1.1810266191090912,-0.3689296454979956,-0.07494369011077322,0.08524748321678909,0.14490073455959798,0.19903238991004496,-0.2939859553872224,380426,28,341
0.7990141190472938,-0.7940439655994043,0.8006679444587308,0.02197580481576149,0.057458279139849584,0.029758929258475238,-1.594711910058135,380427,28,327
1.7829175808519058,0.9143699060873123,0.675172913784414,0.20263201278604326,0.3414991360957909,0.31171491057929607,0.23919699230289826,380428,28,604
-0.38307524841358886,1.1743311483540877,0.4271311903996964,0.08546281524477913,0.1316296428312585,0.2297183820534713,0.7471999579543913,380429,20,168
0.8922681546506699,0.7255996155394008,1.5380211133939712,0.16860323932330673,0.19719103804918794,0.2373965036085783,-0.8124214978545704,380430,28,506
-0.3235018816436692,1.0329413721174765,1.4670513296018064,0.1608456726256308,0.31836017692668933,0.27376608588893003,-0.4341099574843299,380431,27,211
-2.3370202741079615,-1.1762238528378066,-0.38465309198359,0.599213731688227,0.8215526827281188,0.8720781631736683,-0.7915707608542166,380432,28,1
-1.9185195663424157,0.42565373172124193,-0.5131235766529386,0.4185795159899698,0.546800714476772,0.8284851891508913,0.9387773083741806,380433,17,26
0.09896265081433119,1.0915943720823946,1.7102548892034353,0.1726650265212585,0.19835521862814748,0.33270771799203663,-0.6186605171210406,380434,22,337
-0.17730914004504927,1.4356122625892154,2.3372770465562214,0.2034555947659198,0.29864484737896085,0.38460627598834934,-0.901664783967006,380435,22,274
0.32444383163074736,0.8684704091130937,1.2462396881098765,0.15693358978245206,0.1695729128554766,0.2003439769167759,-0.3777692789967828,380436,30,290
0.12583876476684702,0.5304413714485275,1.6801523778503722,0.18916367123268102,0.37129263947766156,0.35787293764136624,-1.1497110064018448,380437,30,262
-0.7382663151529063,0.16750878344516357,0.6500221532854338,0.21853721168165674,0.3680883645922926,0.36709966729522886,-0.4825133698402702,380438,22,58
-1.7415931363134365,-0.4151861851800266,-0.595870932057905,0.4489899965261303,0.6483807461468638,0.8162959107442871,0.1806847468778784,380439,22,24
0.7283908161880569,1.6013986217041962,1.5830759668923022,0.154779553736335,0.24866448215412654,0.2578912454068779,0.01832265481189399,380440,25,514
-2.348757668480054,0.5552549766828743,-0.3676469242042728,0.4932427248221198,0.607607568761155,0.868101947992127,0.9229019008871471,380441,25,18
-1.6423203374866133,-0.07765456993480709,-0.6384600593657821,0.40518333259320066,0.5749202471099584,0.8026306653405763,0.560805489430975,380442,16,25
-0.004203791342679516,1.211187556338483,0.7571028874316091,0.054072065519598596,0.09982630969566761,0.1453281505214992,0.45408466890687393,380443,16,244
0.7662592207055875,1.2467032740727635,2.0488441534719843,0.1112368524970214,0.1661727140086577,0.20796571505830908,-0.8021408793992209,380444,27,506
0.8699239083857963,1.7541146851277551,0.7304013844607838,0.15207938473755822,0.3046596031663251,0.1617770270793203,1.0237133006669712,380445,29,456
-0.8700472438541457,0.11553926634975564,0.7853765077883325,0.224435619489274,0.3444603386197245,0.374727996673934,-0.6698372414385768,380446,19,52
-0.5220961686185098,0.854236074067529,-0.6322739698335671,0.20475864276129424,0.29798610968281325,0.5066568979449534,1.486510043901096,380447,20,92
-0.39691287776454376,1.1985440666460923,1.9968420912596003,0.04394245847657438,0.05657309347829372,0.05247964637488133,-0.7982980246135081,380448,21,215
0.500952928213217,0.5038985630365506,0.30378281628506143,0.17440970669936473,0.33457934506741865,0.19403121110700264,0.20011574675148913,380449,20,304
-0.384591308888266,1.1898335343536652,1.0926360561255848,0.09358853230463135,0.11676172359253087,0.21643102140525983,0.09719747822808045,380450,20,191
-0.019691244891567154,1.241373606410396,0.8752340533480034,0.08996906220194371,0.17629386053334412,0.19811555855536983,0.36613955306239254,380451,27,224
-0.27269853873299554,0.6846596306889969,-0.3905765861568903,0.19097328719275322,0.21499830153604726,0.40359145106976757,1.0752362168458873,380452,28,147
0.3324845089748426,0.5655716403511906,0.8096741519898809,0.15218658250663147,0.30678128457591164,0.22682337902826466,-0.24410251163869034,380453,28,280
-0.33553019024498154,1.1377106448068854,1.4589515819724126,0.14854091489143073,0.15499383108938955,0.2815622730061051,-0.32124093716552715,380454,28,246
-0.011510361682464228,1.223202888768449,2.013578293857545,0.0671353136749918,0.1313116656474181,0.0855845351605946,-0.7903754050890959,380455,25,341
-0.003468271401124648,1.204046799575476,2.0026558521277495,0.0374030341967567,0.04665776833264393,0.04742808413216721,-0.7986090525522735,380456,26,336
-0.9361115932051827,1.729462350495787,2.125605785601641,0.19161263223114527,0.20524547348364877,0.21523733971532483,-0.3961434351058539,380457,19,124
1.304032027933483,0.4178774604831996,0.3516510677972478,0.1771297381293971,0.3014047818781204,0.2505931004922098,0.06622639268595182,380458,28,466
0.40657413947448473,0.40290788608892425,0.7919479810230149,0.05202115467024389,0.08163529617492012,0.06725269100763329,-0.38904009493409064,380459,23,293
-0.5150081258546453,0.09110338319718181,0.8817737195360091,0.19134885487023306,0.2522187537925575,0.2775663130259403,-0.7906703363388273,380460,20,70
-0.5041049473286524,0.4493467717521094,-0.745803454463377,0.19806601682769723,0.2789791807091198,0.519934806964802,1.1951502262154865,380461,18,101
-0.6326896472655391,0.6053994155303168,-0.07184089122090236,0.203477516469378,0.2579333706546542,0.43433945492957027,0.6772403067512192,380462,18,118
0.6970421860571313,-1.0309919334338444,-0.7664497097391444,0.17499931960374623,0.30523723467296693,0.28687788315694707,-0.26454222369470004,380463,19,127
-0.4602624508825007,0.058952708490230814,-0.43982808491247616,0.16577658537808576,0.22684357360211507,0.4329095204004214,0.498780793402707,380464,20,90
-1.3639516360924633,0.0536370098088637,0.6255169537099092,0.3182311064115101,0.4691499998923317,0.5436888108456599,-0.5718799439010456,380465,19,34
-0.4956143910214004,-0.4827165791599385,-1.0532452130947738,0.22705022738880723,0.3849256204608581,0.5901336057910428,0.5705286339348353,380466,20,42
-0.2564810492653646,0.7268958020117703,0.9435336353379482,0.19954677975796684,0.29367798283100927,0.3373034130347625,-0.21663783332617792,380467,22,177
0.006489349550146487,-0.007618839028934252,0.40145273297665646,0.05951490398032135,0.08349359795836321,0.12161075758096167,-0.4090715720055907,380468,21,131
0.4935326664265269,0.2697508907843583,0.2979517361383422,0.16932981513080997,0.253981242804849,0.1989985904450081,-0.028200845353983872,380469,22,267
0.4353462905351489,-1.2505463704776145,-1.2845490658283618,0.12099631091536062,0.21915610439825212,0.3428328143894475,0.03400269535074729,380470,23,105
-0.3078173042126373,-0.4073585012587909,-0.4451129070266395,0.20660314959805567,0.33734673125677167,0.4304639870470188,0.03775440576784861,380471,23,71
0.762038694796595,1.2369706961839704,0.4364846129454626,0.11726928522603947,0.14055722964372436,0.12527902480116918,0.8004860832385078,380472,23,380
0.8879814437819582,0.7130036500118175,0.6504729885836095,0.16569711240243926,0.17416854674271917,0.2928202770516692,0.06253066142820807,380473,24,419
0.7992428193603187,0.4012934741341374,-0.40342403263926724,0.018904046515958315,0.030231933257750667,0.0621003629900119,0.8047175067734047,380474,25,313
0.030816366801583683,0.72850611652462,0.3902691918192509,0.11225493423223266,0.22409982262212802,0.17441437026713663,0.33823692470536915,380475,25,190
0.7987080291240539,1.1991458509034132,0.41440774435313116,0.03134129562412522,0.0535492285162369,0.08617538577777985,0.7847381065502821,380476,27,391
1.6000638354435464,0.41120457229589974,-0.0030640376570194405,0.04484489674820513,0.08925118227710939,0.06849631904938724,0.4142686099529192,380477,27,488
0.305357024587206,-0.06671814346725241,-1.1455671723563594,0.174291973889488,0.3175776414879705,0.38802260170575287,1.078849028889107,380478,28,132
1.6182969243273515,-0.01856285559658418,0.8251239928856203,0.08534538567923595,0.09476520191590627,0.1744798341859229,-0.8436868484822045,380479,27,534
2.06048202374095,-0.05387462220895228,-0.1395788966030551,0.15150773142125074,0.17857758665432805,0.28554400800177576,0.08570427439410283,380480,20,572
-1.8875737128700218,0.47314526301714815,1.0463607005481874,0.37737618106296045,0.5045343162577172,0.6040976609878891,-0.5732154375310392,380481,23,26
2.878197886940465,0.5723663907672687,1.688201209570979,0.33245813335633034,0.48384003133534814,0.6846500738930652,-1.1158348188037104,380482,29,668
-1.4408179886651464,-0.540476598144363,-0.7458290915585409,0.39884935308802205,0.6074397313747766,0.7841102778101398,0.20535249341417794,380483,19,14
0.20664182631050598,1.1533203969770973,0.9767998821930219,0.19999675922872165,0.37992832702642937,0.23068720436496248,0.17652051478407538,380484,28,285
0.48863789206809133,0.35908088902531143,1.193802345335639,0.1691102269284452,0.2342761249251694,0.265273411925134,-0.8347214563103276,380485,25,353
-2.3370202741079615,-1.1762238528378066,-0.38465309198359,0.599213731688227,0.8215526827281188,0.8720781631736683,-0.7915707608542166,380486,17,7
0.5575571041572721,1.3707110451280606,0.298309046554743,0.19547601039225765,0.3114433419494411,0.2746715783159564,1.0724019985733175,380487,25,335
-0.9976090791943569,-0.5872917646165298,-0.36312236002259074,0.3085243110371801,0.5061466675019795,0.6199246910931783,-0.22416940459393903,380488,21,46
0.39003432315510617,0.32395952735296,0.40726424044824255,0.07238213183811365,0.1879114341873569,0.09504001497373775,-0.08330471309528253,380489,22,224
-1.049497322921656,0.29307683580301835,-0.9796510316601623,0.26140376834261586,0.37849598263093287,0.7224327665189461,1.2727278674631806,380490,17,31
-1.760428362685408,0.08602886376231145,-0.5825916035680341,0.4158605595285085,0.5721998981688725,0.8142817832018319,0.6686204673303455,380491,18,19
-0.1964993244950443,0.6019528096203934,1.0249892758319403,0.20093958921315752,0.21432524820775667,0.25555899771221857,-0.4230364662115469,380492,22,182
-0.19400164229599248,2.1903816284172586,1.3323132699352997,0.20051930042466728,0.22380154337517566,0.2902862866166792,0.8580683584819588,380493,25,296
1.7718951480646583,0.24902423559137665,2.229026321550898,0.20025557985369255,0.24098023747974093,0.4746408720403587,-1.9800020859595215,380494,25,609
0.008848893845303593,0.7865262241072727,-0.36214763505241304,0.061139258781606136,0.09564328448227613,0.2573938162032323,1.1486738591596857,380495,21,182
1.1895577913190505,0.8139859555823832,0.35540254293930296,0.06859280146901174,0.10038886230992061,0.15964420129727402,0.4585834126430802,380496,30,482
-0.30562395807374365,-0.04129453246029306,1.7175494787639731,0.20484535645865506,0.29588495687375793,0.3654572703092461,-1.7588440112242663,380497,28,143
0.9174403010596254,0.6784481243106283,1.185799846183837,0.18217932027347863,0.1961719629211351,0.2966746859904119,-0.5073517218732088,380498,30,467
2.1022900229229453,1.9932280377832605,1.1927775899861641,0.2398993505763409,0.5164879949404529,0.4464650260571182,0.8004504477970964,380499,29,653
-0.020756649648811677,0.4676191419348301,-0.20279945486781387,0.11505136036151843,0.22258109410504842,0.27899151132244043,0.6704185968026439,380500,24,144
-1.3317241432767086,0.1646260109579354,1.677645442824914,0.2853834796705051,0.42760979991267467,0.40067812381922074,-1.5130194318669785,380501,24,53
0.02477479343841871,1.202408631339548,1.5763717035298035,0.09895320396421993,0.14758769274219397,0.10761015468970303,-0.3739630721902556,380502,29,298
-1.1138441861641801,-0.45857978585576964,-0.023710648774431017,0.3171515283403959,0.508071308920308,0.5935649864437376,-0.4348691370813386,380503,23,27
2.2114516312595587,0.6011457549901471,1.0119970340725126,0.22658506134392473,0.3416900081604326,0.42603503248821584,-0.4108512790823655,380504,30,628
-0.9563041705292715,0.3749814054751669,-0.3360842095392025,0.24455102893934683,0.3882827270873083,0.5778845808591317,0.7110656150143694,380505,19,49
-0.6800549017384647,0.9883454117675371,0.3206059105224281,0.19045122072753964,0.33712273238786644,0.3776418953364704,0.6677395012451091,380506,20,104
0.4202344301112912,1.9017685351364702,1.1798690617759742,0.08856119333428372,0.2144760508326894,0.09727874669392866,0.721899473360496,380507,29,407
-0.0827890923670555,0.8836237731840527,0.3710179734551205,0.1622342713485675,0.16747538525287126,0.2761527950431763,0.5126057997289322,380508,25,148
-0.4507706772865688,0.7627556124983244,0.09008556378407628,0.1862023365336204,0.2963563066072737,0.36546584115299685,0.6726700487142481,380509,23,111
0.9160131905240977,1.1673526311580436,1.5026447067057171,0.18171666112386112,0.2813112288791615,0.24740204655992462,-0.3352920755476736,380510,29,488
0.42311560876793874,0.37827192734071463,0.7702234109736749,0.09337099806853322,0.09790565905189533,0.12692351290480688,-0.39195148363296023,380511,28,269
0.31331306265155917,0.6197116478071226,0.6720564971495546,0.16817181395749076,0.3333176342183132,0.32429176691061007,-0.052344849342432,380512,28,253
-1.2671219081916196,0.20060125450065705,-0.2739708621862637,0.30167911230252537,0.445629390473729,0.6590723254391462,0.4745721166869208,380513,23,31
-1.7745713009630173,-0.4099642948113114,0.018770697218512686,0.43996121883532907,0.6419988383814571,0.7450862102622309,-0.4287349920298241,380514,17,31
-0.4634258107327544,0.6703799270059942,0.9879158488127839,0.1953445132028577,0.3447757294368885,0.3301038646899767,-0.3175359218067897,380515,23,117
1.7744798905907793,1.7269456195804387,1.3443743227037783,0.2106696110109929,0.41198073332898616,0.39749758629035825,0.38257129687666036,380516,28,632
-1.0894892263212343,-0.20036910919730225,-0.9561786298600687,0.3057892348677606,0.46957737055715515,0.7352158385825424,0.7558095206627665,380517,19,44
-0.04235833460186345,0.053571168012354974,0.7496914030482029,0.12435939108903654,0.16986557967041863,0.2275154143765638,-0.696120235035848,380518,27,136
-1.0455752385326842,0.1599342794169056,1.0801827070019356,0.2524862787528604,0.37571962414075816,0.3983268104091319,-0.92024842758503,380519,24,53
-1.8570822816050911,0.16677959546625928,-0.5406364461197394,0.4287723889796823,0.5783899674592775,0.8239829125124122,0.7074160415859987,380520,29,28
0.012261892356902641,1.1720574953959193,1.5852073968210076,0.06971789796347441,0.14198651365414106,0.08868903217139443,-0.41314990142508834,380521,29,317
-0.2734501650097779,0.013925301616765015,-1.6331990141046264,0.2133833628761535,0.358879742243292,0.6372909254215426,1.6471243157213915,380522,30,87
-1.1770706526141248,0.6234439277731164,1.2718930282917311,0.24292383380313912,0.3741125509883234,0.3880085588822713,-0.6484491005186147,380523,19,50
0.42480104189831075,0.937657154824423,1.6429689268142433,0.1131562536765729,0.2508920158279174,0.20549416335344098,-0.7053117719898203,380524,29,398
0.49978504049705436,0.8705894206760383,1.9061295103973204,0.17355868886818127,0.3215208977014894,0.22383997136006697,-1.035540089721282,380525,24,421
-1.3030256156235394,-0.3162420463440118,0.11390275641894557,0.34085742845948674,0.5259546831327059,0.6195024828311864,-0.4301448027629574,380526,17,27
-1.2165983797051045,-0.11773358896862053,-0.8729317020771524,0.3232161832165881,0.48535768801503676,0.7507957155945947,0.7551981131085319,380527,28,47
0.3960667479725185,0.004722654458554534,-0.3448143089980114,0.040943831096187704,0.05390049388134279,0.16905971500570682,0.34953696345656593,380528,20,167
1.5382563123522581,1.774415443204523,1.2989359261979294,0.16226690333206217,0.34355187098759693,0.30102445425995233,0.4754795170065935,380529,30,617
-1.6463568887315927,0.2773304413632079,0.6588870464587155,0.3540006555639266,0.4933264017438256,0.6061181234779256,-0.38155660509550765,380530,19,38
-0.0056689068866380525,1.207471881079713,1.6090811626456498,0.04747429548053493,0.06637716467304526,0.07450342021963215,-0.4016092815659369,380531,21,263
-0.21795089273713703,1.0105598215812284,0.5387606118240564,0.19951758663151406,0.21507543503600576,0.30640137031754994,0.47179920975717193,380532,23,183
0.8329817102317919,1.1611926123786518,1.8266579578689286,0.11019742084533624,0.14565190805582867,0.25585440655709235,-0.6654653454902768,380533,28,523
0.8147715000755608,0.3556169536182699,0.39525414397229647,0.0766533444389265,0.16690069577454691,0.10178760937174526,-0.039637190354026575,380534,27,345
2.237455500588588,1.2901515650512732,2.3749277298476312,0.26486321624651177,0.4584447360223326,0.6295294147487283,-1.084776164796358,380535,30,670
-0.5165051341141189,0.09013327875103387,0.4646489476341293,0.19532131095404343,0.2597795352914978,0.3338127005349564,-0.3745156688830954,380536,23,81
1.200814491705276,0.39756074964353394,0.7962788152457169,0.022708986058865673,0.04080637936051786,0.05113007735706969,-0.3987180656021829,380537,30,406
-0.9656504953207465,0.47138711613427153,-1.0383378731839266,0.24078520304009302,0.35427310322643457,0.7100114408062805,1.509724989318198,380538,21,47
0.7778368980142284,0.43632901381477346,0.42264723915310404,0.09151693737166879,0.1560811135927313,0.10097848019525595,0.013681774661669421,380539,30,359
-0.25412423311135096,0.49328719281999106,1.0876185914460788,0.19690544103641772,0.3816699070310319,0.25377264346408085,-0.5943313986260876,380540,23,148
1.7677716325186752e-5,1.1935975989737833,1.1224519058821463,0.06151436430977373,0.09972729948775548,0.18009649908015016,0.07114569309163699,380541,26,243
1.1984945152388302,0.4011812797634506,0.8007531439259319,0.026058537673066175,0.03377405646605306,0.04614740447801581,-0.3995718641624813,380542,29,452
-1.3421817170124155,-0.5293090967985828,-0.8011294380873727,0.37879048977775664,0.5844216647018077,0.7722041392789373,0.27182034128878985,380543,16,14
-0.001241393404957198,0.8004295065352774,0.7761995281810055,0.03452069787039699,0.04580818827897952,0.10644760735606659,0.024229978354271986,380544,19,205
0.25687709877547227,0.49281641003019105,0.5356854177448185,0.1919983747010038,0.26261694242685807,0.2169994959583843,-0.04286900771462743,380545,29,239
-1.8382338329302372,0.7679585544841322,-0.5416040660225372,0.36812135555702974,0.4767093921176666,0.8170750029684557,1.3095626205066693,380546,22,38
-0.6659278881305771,0.5669471751000279,-1.2726355272253553,0.20405440059067909,0.3453426613198818,0.6717966349620907,1.8395827023253832,380547,23,52
-1.0866901628340728,0.018671864296572527,0.19775418266675412,0.2788167264801477,0.4311346757092254,0.5318528484559697,-0.1790823183701816,380548,17,40
0.8031603517300429,0.38824253557254784,0.7835679471049671,0.0392961675413197,0.08714585028689893,0.0960825372519952,-0.3953254115324193,380549,26,371
-0.017743700127483424,0.4504528151289791,0.7037671459329915,0.10327274671033483,0.1979230584775106,0.22525284340557097,-0.2533143308040124,380550,25,189
0.8115268684366218,0.7804148257520714,0.46271031139232954,0.0676397617270384,0.11657074765449724,0.17484887105773447,0.3177045143597419,380551,29,372
0.6427943000266859,0.7142705920487119,0.7119436268393732,0.19539383432274327,0.38686253072718507,0.3810915104037882,0.002326965209338727,380552,24,391
0.008750132840601102,0.8487802970738088,1.1269217967847722,0.11821722946065343,0.21263456408581627,0.22579841655697977,-0.27814149971096347,380553,17,256
0.9107949639938783,1.01476191238072,1.0574956781198797,0.1791103778511981,0.3141485285296788,0.2511675150737898,-0.042733765739159546,380554,28,488
0.4036699424129764,0.39615564070930553,1.604333635947079,0.038324267529996035,0.04346192965823193,0.0697613566969341,-1.2081779952377736,380555,25,354
-0.3132174359418246,0.1590312231872657,0.652969970789829,0.18422959881671802,0.34616115598944186,0.2856865636408856,-0.4939387476025633,380556,20,105
-1.3522506079878136,0.5853820388232043,-0.29691621120745665,0.28315917558497555,0.3881597978602333,0.6764402120320983,0.8822982500306609,380557,18,42
-0.0018562793559878644,1.1975940779810996,1.2055452221119758,0.041462867880969534,0.06624949627016162,0.06700245972244963,-0.007951144130876164,380558,27,261
-0.0023995126048795964,0.7788179479398759,0.40560905413752973,0.083168828408771,0.14775129882485272,0.1454527856439516,0.3732088938023462,380559,23,180
0.40021078040576824,1.1826424602634729,0.7942014919870944,0.03951410575757985,0.09878629443059121,0.0707325716350454,0.3884409682763784,380560,26,318
-1.1927962907335288,0.3060031500196139,-0.40012838241974297,0.2778693433151814,0.3987946435378936,0.6575112941412127,0.7061315324393569,380561,16,53
-1.46953283924594,-1.1975018174314596,0.6983625672474358,0.4021016010550209,0.677109466385012,0.6081379828984467,-1.8958643846788954,380562,17,18
-0.5701748108306397,0.3016815795177031,-0.642241672320907,0.2119785448976768,0.37105756552083946,0.5239354703248822,0.94392325183861,380563,20,71
0.40087533812993226,-0.0010794443192810603,-0.20375467803709552,0.02796784635489758,0.0394953106232715,0.20584350831301595,0.20267523371781446,380564,25,189
-0.43485469894503886,0.8332686673265314,1.233522270790272,0.1152304276377905,0.1238775727134178,0.14819800888356682,-0.4002536034637406,380565,23,137
1.1392645684081404,1.6436426164148172,3.728044653225479,0.14896925436632577,0.2622645896061091,0.5078443965779665,-2.084402036810662,380566,29,625
0.7980349821444492,0.401193707021119,0.4044417919769933,0.02832048515019189,0.034354349230054454,0.052569327140064355,-0.0032480849558743086,380567,25,388
0.8025213221232694,0.7663814656306489,0.45860781695255787,0.06535254456470561,0.14429095226245775,0.16890179572226124,0.30777364867809104,380568,25,367
-0.6840368819111875,0.5063171777195531,-1.2585916325408888,0.2198445039667973,0.3842685572261904,0.6765693253181533,1.764908810260442,380569,26,83
-0.10335991376652122,1.8109409469419933,0.49778803138342215,0.17557912486277188,0.3487974194745709,0.24381949894570357,1.313152915558571,380570,28,227
0.795856602924882,2.9500787944421076,1.1906117498734874,0.07476954346793255,0.28435264812033173,0.12184554270378503,1.7594670445686202,380571,30,494
0.8752590489286637,1.4814158205990993,4.3850550585422745,0.15666604551793975,0.2652097972750519,0.5359139724385079,-2.9036392379431755,380572,30,583
0.7835733776105944,0.827673720435306,0.09772671904837034,0.07973436530222482,0.13767235862400615,0.20624141685765474,0.7299470013869356,380573,25,348
-2.1976499893086308,-0.7039839064026362,-0.42380234581226695,0.5485349860678473,0.7589233720743368,0.8598595809825816,-0.28018156059036925,380574,17,15
-0.14994827462557625,-0.19305578639025456,-0.800940389466587,0.19874238477863607,0.3041223769295549,0.44570397452635563,0.6078846030763324,380575,19,90
-0.9048740656680616,0.5900274461145982,0.9898060327870789,0.20775620039968024,0.33247591170133645,0.35102420840896065,-0.3997785866724807,380576,20,86
-1.280215461574312,0.16171442390229487,1.119936275433307,0.28925559587429023,0.4332381042281986,0.4508462552512523,-0.9582218515310122,380577,21,51
-0.18353276575610783,0.9752536557776031,1.8899432258829834,0.19946304426949674,0.21519554131254157,0.3410744254308372,-0.9146895701053802,380578,21,212
-0.14633459233190535,0.5476857528121496,0.8992819719140318,0.19285461532680398,0.20071382064589818,0.26041251781063307,-0.3515962191018822,380579,22,162
-1.3516477301492322,-1.4039579575676486,0.04853234619439125,0.4075319371115118,0.693598865268932,0.6687019975714862,-1.4524903037620398,380580,21,12
-1.083984496489683,-0.5544873743701584,-0.19667863236656805,0.3201264755312623,0.5188244517479383,0.6160459763918401,-0.35780874200359036,380581,21,22
0.7830815541829954,1.2269250590084444,1.2157041587009898,0.080566786004387,0.1335223577444514,0.09643784136043697,0.011220900307454595,380582,22,482
-0.9802337211271064,-0.29425517104972004,0.6919304876604725,0.2738730331036848,0.4377388600596283,0.4471803021532947,-0.9861856587101925,380583,22,45
-0.35397614022747037,1.1525642401176963,0.32508407954588864,0.12866070097575708,0.13714750481320476,0.2634012926908891,0.8274801605718076,380584,22,145
-1.1109371915981532,0.8224271965640267,0.719844119625848,0.23809826431111641,0.36170626482789403,0.43124840937690656,0.1025830769381787,380585,22,62
0.7853070086403481,0.8714789296807278,-0.016486502251883074,0.0806798105796158,0.1919714149733281,0.14107728884199533,0.8879654319326109,380586,22,353
0.40813762581475616,1.6094102875442395,0.8383640430463742,0.07280493634460729,0.12195656788786431,0.15674451516816168,0.7710462444978653,380587,24,375
0.6768480994458319,0.520997130265564,0.5812718777217145,0.18465364373261112,0.19009434567342054,0.2928977672877155,-0.06027474745615047,380588,23,333
0.005518462842259513,1.144021742320899,1.5871512967546548,0.07014153942954485,0.17071764509764764,0.11028225314915127,-0.4431295544337559,380589,24,278
0.10319356599638864,0.5971582860014402,0.5627905946650688,0.17526543631457253,0.3439698620217709,0.3322743736708715,0.03436769133637141,380590,24,202
0.40798998419153004,0.3911491174994652,-0.605137200335289,0.056348534914722796,0.06608868743252429,0.22968313704699153,0.9962863178347541,380591,24,216
0.6711044601249314,0.22109264621635968,0.5047931376800134,0.18694336011777568,0.33643731150492356,0.22461624837435484,-0.2837004914636537,380592,25,285
-0.4549286725187609,0.05811655072446896,0.05498927306970684,0.15940203128420438,0.2211819153461931,0.34751484959369583,0.0031272776547621173,380593,25,79
1.333856103558805,1.05548592509922,1.1305780157263994,0.1890395911164993,0.2580242784882716,0.2896571145414714,-0.07509209062717948,380594,25,529
0.5262112199898847,1.7533641222015701,2.034103514030862,0.1860252702052814,0.36038807385423677,0.3356894172155055,-0.28073939182929175,380595,25,501
1.1251366181585314,1.1935692462192606,3.0618102542314705,0.15892598862494212,0.26100745988886304,0.42749583505436045,-1.8682410080122098,380596,26,588
-1.157726992045825,0.6637619431119098,1.971108016943414,0.21314921484508442,0.32469739030001726,0.27464254629724777,-1.3073460738315044,380597,25,76
-0.014836336487282139,1.6296930829108967,1.6196922527008983,0.07584126196888702,0.14816631974147432,0.10538474667169169,0.010000830209998313,380598,26,325
1.3457981348635284,1.5169189713002105,0.7959094654645232,0.19364775364726927,0.32170420428972507,0.33809177686288766,0.7210095058356872,380599,28,569
7.722953809871602e-4,1.2011342058046302,-0.07776857411703414,0.042059456540510035,0.06186864941523972,0.19881815209923562,1.2789027799216643,380600,26,245
1.975929145638295,0.9814333688538358,1.3549810982084907,0.19441301513185572,0.3399425805778218,0.3988724407926697,-0.37354772935465486,380601,26,637
1.353958664133308,2.1787917842846185,1.732870434735376,0.19727002853424783,0.40562153691633096,0.3777336104327399,0.44592134954924245,380602,26,632
0.4642882939976269,0.14360379278065055,0.34246380419227296,0.14865755276139023,0.2987782261582273,0.16961371729281655,-0.1988600114116224,380603,27,238
0.45392242871637406,1.2120021673353174,1.5077904524399948,0.13695680759309092,0.2191518734806809,0.24052465281823945,-0.29578828510467736,380604,29,422
0.4132982447688251,0.38584945452469427,0.45711935567772954,0.0719954106706078,0.0803295045333148,0.17425830990783608,-0.07126990115303528,380605,27,246
0.4020019495626947,0.795569123381383,0.02429016025049389,0.03231085212285786,0.05966586525778389,0.11136446035282263,0.7712789631308891,380606,27,282
2.0491911664929656,0.3448217421281737,1.0827131864508313,0.16972559392694947,0.2373907237918844,0.35337342841064995,-0.7378914443226576,380607,27,621
0.6716991777427844,2.419908544242501,-1.198137609770058,0.18774022310327831,0.36615533290127783,0.35268392746404464,3.618046154012559,380608,28,382
-1.2651919816279589,0.6614320849094144,-0.3395137914993552,0.2696664506744716,0.40251909138131564,0.6610109643833282,1.0009458764087695,380609,28,50
-0.379885028040106,0.3732560144104243,-0.5621676616587932,0.10946235151311132,0.1491034810172565,0.4093216425424301,0.9354236760692174,380610,29,88
1.1861422215128066,0.8158704433468464,0.7128347273832684,0.07680157430357136,0.10484034201490501,0.19876399998378202,0.10303571596357808,380611,29,504
0.29811250086593954,1.7920682365576355,2.519405808221547,0.17437415467119755,0.33283787942646037,0.2700090805620929,-0.7273375716639114,380612,27,470
-1.315129138170861,0.6057226268061562,0.9516866727625513,0.2662065417058717,0.3835007642425152,0.45467555484657224,-0.34596404595639507,380613,20,31
0.5380941569167992,0.30498866805371455,0.3453718124484328,0.19161753183804686,0.25410184779749045,0.2946654315928308,-0.04038314439471824,380614,28,287
-0.8307173958772957,0.8220603852854582,2.652564564578467,0.17411073233936256,0.21488078673924071,0.31504084759161244,-1.8305041792930088,380615,20,121
-1.8115413302150014,0.2567283001892202,-0.5586566942093562,0.4117104017880364,0.5538789058466643,0.8184024388086332,0.8153849943985764,380616,19,14
-0.01463659054841596,1.6667755755780143,2.017071694150264,0.0790101448945792,0.1874436102481527,0.10002209073893627,-0.35029611857224974,380617,25,328
-0.5415269698585575,0.06898389305641024,0.017539613911076335,0.21053435154343905,0.31166782035663376,0.4087528137124361,0.05144427914533391,380618,21,82
-0.24638713839262144,0.20229519167923538,0.12275321920491755,0.1963130181283204,0.2768092742044019,0.3413299566808162,0.07954197247431782,380619,20,127
-0.37209174718727994,0.992653343793018,0.10428060588155545,0.1932094638577259,0.340704460626127,0.3611281075119289,0.8883727379114625,380620,24,129
0.3194462649229713,1.663949389933113,1.7096247812027376,0.16047264283239865,0.19269614560697848,0.23423429868141546,-0.04567539126962461,380621,26,382
-0.4408126393164286,0.4128365398571876,-0.6021560473685363,0.1565437121574353,0.21663763823451004,0.4543138336458502,1.014992587225724,380622,20,82
-0.10437496339192386,0.17292985893201315,0.8813760913853891,0.1763762760654715,0.3064304815738013,0.21751603599571454,-0.7084462324533759,380623,21,180
0.010488987683411524,0.38979759610558506,1.102693893825687,0.0690582953486219,0.08010824489934842,0.19726213782841254,-0.7128962977201019,380624,26,204
0.40101110969574244,1.5985553814044091,0.7314326569954859,0.03949061364254311,0.06615427472551659,0.16064551953151054,0.8671227244089232,380625,28,362
-0.8181845079203551,1.2193586307964468,-0.41482695517255014,0.11589788603431284,0.13371592502451166,0.5106236613106273,1.6341855859689969,380626,21,94
-0.95547346149325,-1.0728364912532853,-1.0560973478028193,0.3387787744548998,0.5821598567018192,0.7306609478402116,-0.01673914345046601,380627,20,32
1.2856257549351016,2.6120020259659356,0.541307529473751,0.17603171593146127,0.42219581713394044,0.3351739237423412,2.0706944964921847,380628,25,554
1.4556207496414963,0.7819541606242938,0.22614290390868858,0.19236956644392808,0.3469130674504516,0.32214989462895843,0.5558112567156053,380629,29,538
-0.007017181969960334,0.41629399319514787,-0.11586891804657815,0.06612763045136456,0.1186492761356525,0.22544956487660117,0.532162911241726,380630,25,199
0.3584221546813751,0.1305181853329925,0.04779335385487631,0.12411100510998528,0.2633585539457757,0.1829254893087315,0.08272483147811618,380631,20,239
-0.01853404716002335,0.41405124916235536,0.817402208137526,0.08635215024315374,0.09980426563597189,0.11182379637097205,-0.4033509589751706,380632,18,203
0.3889240264352132,0.7627312691994693,-0.3699187509195971,0.08634549073152487,0.16933407619348284,0.19073148046584745,1.1326500201190663,380633,26,208
0.8109646400356567,1.1990616467246524,1.1113035632880321,0.07057430917936834,0.1033236315642931,0.19412874995843302,0.08775808343662028,380634,18,462
-0.8407446933273891,1.244530988807678,2.0299772057750047,0.12522351050765257,0.14374207301771708,0.1495354743218663,-0.7854462169673266,380635,23,131
-2.0245206314003488,-0.9878165140995309,-0.48560611640520535,0.5333641239237417,0.7667339796363613,0.8464151747306562,-0.5022103976943255,380636,21,9
0.401301733674113,0.8011546941965377,1.1995615638274473,0.025337036123192522,0.04189472239936837,0.03460284519037286,-0.39840686963090954,380637,28,366
0.39934819184197173,1.6985145840647518,1.981635885305993,0.06540564179806006,0.19570125131262164,0.12669598463285453,-0.28312130124124124,380638,27,457
0.5433987668341379,3.3199902309863396,1.53053895752255,0.19410851102285015,0.43493041977948727,0.28978436228591675,1.7894512734637895,380639,25,478
0.8034258575480321,3.3086005696718743,0.0015038859582913585,0.06979014570065274,0.32613187386702647,0.0996187281652867,3.307096683713583,380640,27,417
-0.44509709291442645,0.0706064940157084,0.12019529173244686,0.15198208978983088,0.2357079514457959,0.3324128299768511,-0.049588797716738464,380641,29,75
2.1265357839452173,1.1671356904477013,1.9412020301750297,0.23634314406504053,0.4056910684873639,0.5293474067588991,-0.7740663397273284,380642,29,665
0.06313022949750033,-0.23856119977350546,0.25139353916000323,0.16106721405830365,0.31379509140898,0.28218899681251536,-0.4899547389335087,380643,21,132
0.8037936267330495,1.214839720829492,0.7948573617937227,0.04015894085043273,0.09559107365195275,0.05695795683752882,0.4199823590357694,380644,25,468
-0.05067944305741227,0.8602502956340875,0.6803570532363019,0.1333138492650698,0.16818584714716994,0.26910619223839644,0.1798932423977856,380645,25,192
-1.640695203494543,0.39965381581888887,-0.06232772913272036,0.35485217590244295,0.4834891259845478,0.7140763162511407,0.46198154495160926,380646,19,25
0.07984647162458819,1.0875183526080914,1.8480846256993442,0.159966031854003,0.24181953636007414,0.30291587473230736,-0.7605662730912528,380647,27,309
-0.5854778440034474,0.9841681613384206,0.9170931988698168,0.20051027866633483,0.209006574495994,0.3009213577846852,0.06707496246860378,380648,23,152
1.1480796333931615,0.05260996271747007,-0.2683102092485322,0.13447242973836832,0.1399755001624571,0.2753607680832539,0.3209201719660023,380649,27,377
-0.4220640698110676,0.40916366302797047,0.19769947643621272,0.1246630361613205,0.16755096889775425,0.2978013915251069,0.21146418659175775,380650,28,134
1.2015246171044895,1.6297074022763616,0.39325383558212856,0.05084058497313896,0.16119531107465143,0.08451686321008248,1.236453566694233,380651,21,492
0.7987396246615435,0.8027202426063762,1.5772690068074047,0.025596291011856027,0.04500182696978355,0.1024036847855441,-0.7745487642010285,380652,29,483
-0.35077761266207125,0.35169510011937116,0.7561166380414476,0.1373036030838647,0.1587776940116946,0.20760094548906688,-0.4044215379220764,380653,26,163
-0.8728837117104216,0.8503207502921529,0.31443414705150025,0.18433304896066702,0.23380356548765016,0.4071056220321157,0.5358866032406526,380654,18,77
-1.1707288925727941,0.7527909769380668,-0.41508739773294084,0.230582982676298,0.29640511679296755,0.6423925680460107,1.1678783746710077,380655,18,57
-0.4038825894179534,1.6033084101216273,1.2788225837338407,0.05608013457181273,0.06990546736441589,0.17639124179406174,0.32448582638778656,380656,23,204
0.40080441210062706,1.5978630168214873,0.414872571792738,0.030981874118205216,0.05500150878620009,0.08742142574979136,1.1829904450287494,380657,24,338
0.39777519200758815,0.40369689520197893,0.7227592012632971,0.03340831420173635,0.05334494104192201,0.16482590236838615,-0.31906230606131813,380658,16,247
0.012160781697725786,0.2456472787102979,0.47754964901668695,0.1463854156823151,0.2846627094101285,0.25959811490746676,-0.23190237030638905,380659,24,168
-1.1911070587073178,-0.4304168637985903,-0.8918246158286297,0.3424677264056583,0.5345309798622041,0.7520075144672874,0.4614077520300394,380660,17,20
2.583430106663223,2.0232626687851463,1.9892087989521192,0.33709629596397167,0.6520643137600814,0.6785287076113928,0.03405386983302705,380661,24,589
-0.6436324150575783,-0.0010466796097029064,-0.583327903254942,0.22970709432588954,0.385653666069449,0.5409171702701744,0.582281223645239,380662,23,53
-0.3308678609219017,-0.1094491526808698,1.3128339529106678,0.17131180428446077,0.2709673093050128,0.3151707374795918,-1.4222831055915377,380663,22,115
-0.837449294964677,0.8882537145718493,-1.1310465182010525,0.1777652077721211,0.2810182534974408,0.6837492622326916,2.0193002327729017,380664,25,66
0.40494688837457654,0.7958686997326512,1.5931042251830763,0.04436176597122046,0.04923072238916242,0.06719022619609123,-0.7972355254504251,380665,28,372
-0.0544967831634302,1.7106210502846937,0.8087349675884781,0.13802478972640167,0.2732964137837937,0.2024733662768329,0.9018860826962156,380666,28,258
-0.33378325990063334,1.1563914424959054,-1.057010273713377,0.16808492280608064,0.21423481312137252,0.5239474196997078,2.2134017162092823,380667,30,173
0.79693012612368,0.805227611756437,-0.2600435820805049,0.038459511496015605,0.06247042943943547,0.19834533953250816,1.065271193836942,380668,27,343
-0.03878919143305011,2.0518523276412686,0.44046862485538596,0.11890464544016126,0.17234169223376472,0.18394802968171045,1.6113837027858826,380669,23,268
-0.003240696654254164,0.8042596925501134,1.1519272238361864,0.04153168605260693,0.055908618515869014,0.14271941039510233,-0.347667531286073,380670,30,214
-0.015759367291368346,1.2074608027827602,0.45025382698429967,0.0874375692498697,0.11300682404556321,0.17470015330914487,0.7572069757984605,380671,19,281
-0.5082190955237469,0.12608535639040439,0.4995353697621139,0.18672874582450552,0.25420217269767803,0.32202478043398663,-0.37345001337170947,380672,20,96
-1.0862945292271522,1.469115456666039,1.4728806861313752,0.1889429969802926,0.22961453364594622,0.2865602275290967,-0.003765229465336306,380673,21,104
-1.5637598597646354,0.25034126077855146,0.3782232584368623,0.3449463685687776,0.48429396318912454,0.628541971019953,-0.12788199765831082,380674,21,44
0.09539478817675916,0.7071842922168057,1.2231773139104485,0.17157142803182995,0.1783294449134895,0.29270635090331687,-0.5159930216936428,380675,21,238
-1.2969760826556374,0.3541443188680709,-0.315770115199688,0.293879491354227,0.4221765681188004,0.6704586332718258,0.669914434067759,380676,26,45
1.0125734494146656,1.1122012828482126,1.235203052470808,0.19966113210290404,0.35406952959078897,0.3650967055769191,-0.12300176962259535,380677,24,484
-0.6445391969033621,0.3973487864242616,-0.38525240600629457,0.22271322627115767,0.3778911796893132,0.5015861127509155,0.7826011924305561,380678,25,66
1.5938724708819523,1.9727020886144764,1.7710208611142202,0.16234527064028698,0.3738148044587018,0.3582030135181375,0.2016812275002562,380679,26,632
0.4161229645353375,-0.03558300437777978,-0.04776616389203627,0.0797454239944454,0.16051651725531096,0.16140047294090495,0.01218315951425649,380680,25,189
0.07336126432413456,1.029435510280506,1.0967278697618064,0.1554449639875409,0.3131066954802989,0.23143512995487012,-0.06729235948130041,380681,25,216
0.411648855213883,1.5826492634909661,1.3524699831927494,0.07014317769388868,0.1129746654323391,0.2187166272789874,0.23017928029821677,380682,27,415
0.4003467202498301,0.7997546276948831,1.88463402691646,0.02339314771324519,0.0312928100039193,0.18425161389324557,-1.084879399221577,380683,28,339
0.3993179957511427,0.39965504860576084,-0.5611983446049215,0.030064322692360864,0.043451172103819276,0.21179016638533446,0.9608533932106823,380684,27,223
-0.48973005271661163,0.20503596799716706,1.0186396737404317,0.18646623828531214,0.34010678914785486,0.32430293142728506,-0.8136037057432647,380685,28,102
0.8007757001699787,0.7984281908588385,0.7998265553597999,0.018333489612595788,0.03234433664586296,0.027342447395173254,-0.0013983645009613133,380686,30,404
0.010103030559754507,1.5845731876407676,2.368524984309245,0.0631510132065986,0.1013437984132596,0.13783447273844665,-0.7839517966684775,380687,26,401
-1.3001472767564748,0.5162781203447258,1.2264209135197401,0.26343323939996394,0.36657389871056606,0.4185724759470232,-0.7101427931750144,380688,19,47
0.7569098989084532,0.7095790115657652,0.09237116478723968,0.12558141073562692,0.25150460428195576,0.24417432393819016,0.6172078467785255,380689,23,335
-0.7140585893149841,1.0881003165618148,1.2694774492869183,0.16896335609171056,0.2334422279069439,0.3035439533584201,-0.18137713272510347,380690,24,130
-1.2330432623348448,0.4035469784967985,1.1266154052795554,0.26059381866025805,0.36686782082485564,0.4180196731272448,-0.723068426782757,380691,19,55
-0.3982844380306012,1.581772542602063,1.9583153550356964,0.09440774657510041,0.15669957398713077,0.1791988886731038,-0.3765428124336334,380692,29,244
0.7019210656549706,1.3279996081490133,1.8159644169179996,0.1721171861752937,0.2446517328954022,0.3323446291630524,-0.4879648087689863,380693,28,494
-0.36667350545791194,1.1572217354711287,0.30725645521028216,0.11195215056667933,0.152291818285649,0.2550959040750467,0.8499652802608466,380694,26,151
-0.2938589033424092,0.9602046448969148,0.8966169650990635,0.18776782624806324,0.36156800835485486,0.33854706205009805,0.0635876797978513,380695,17,164
-0.41983329550407233,0.8104469416681178,-0.4342705572286832,0.11344430250234945,0.14746910108510247,0.39483889865409655,1.244717498896801,380696,23,116
-0.39964120482622073,2.0077934446384442,1.9997614366632217,0.053245359863850684,0.09338638282602794,0.06364559037531366,0.008032007975222522,380697,27,284
-0.32924204880985736,-0.018525935912894437,1.4331200149456118,0.17496159550747584,0.25830429818040324,0.31720381093105804,-1.4516459508585062,380698,19,147
-0.3980372863813985,1.2000752398902301,1.5839502574713304,0.05064327519039068,0.06855218872739177,0.10069468832065871,-0.3838750175811003,380699,26,209
-0.3654227495073731,0.7797679177994024,1.1593108539259138,0.12305114802461779,0.15548432541393076,0.15881460480332316,-0.37954293612651147,380700,19,176
-0.4647318827737195,0.8652837991653273,1.1947190017808584,0.14892711114593507,0.1582564656625319,0.23344282963862353,-0.32943520261553116,380701,24,161
0.7764701878802989,0.42114561134531125,0.4262008103441289,0.09413277597976653,0.10048241672785839,0.11132383805183388,-0.005055198998817623,380702,28,320
-0.16969025735434765,0.9753606756230637,0.7738365234176441,0.1981994208376771,0.21117026622936325,0.3564567400351417,0.20152415220541964,380703,19,196
2.1336893750346517,1.7882251570234229,0.9633637438984481,0.23727890116400607,0.4880716603712395,0.42701818157002325,0.8248614131249747,380704,26,646
0.4475176878955173,1.134713020197274,0.34813442542859313,0.12943088904666047,0.19009675575040122,0.1544794461568477,0.78657859476868075,380705,25,342
0.36100367378920933,0.4502279396097663,2.0784225151866176,0.11870190031466411,0.1630498693019377,0.22148981364910952,-1.6281945755768512,380706,23,330
-2.0032763761245054,-1.4153605566405254,0.11636129280054716,0.5289705779920625,0.7962690691026717,0.783207502692083,-1.5317218494410725,380707,24,37
0.14766011063998682,0.9227959225871873,1.447100221991744,0.19307720352596425,0.3706188806340997,0.20725039545833446,-0.5243042994045566,380708,24,302
0.12667501873647927,1.0730791498101386,1.851906536900494,0.18608606944965067,0.19048270286213312,0.2347063831682059,-0.7788273870903553,380709,22,365
0.810994433568965,0.7887103919120568,0.6131384036173615,0.06657913665117643,0.07704494394470716,0.22116510231158054,0.17557198829469534,380710,29,369
0.41209122295050776,1.1951356572284113,1.9705525817181913,0.0694784699186972,0.09008307320503356,0.1393944265032378,-0.77541692448978,380711,28,452
-0.29309085519730255,0.5851854829580508,0.4970987201412166,0.1806352302014222,0.34898723704638657,0.32638557455713035,0.08808676281683425,380712,26,140
-0.37635273765963284,0.7706878195652455,1.3500530605033099,0.10305432475296059,0.13316551141462538,0.244100057941966,-0.5793652409380644,380713,30,152
0.007588848247670538,-0.03220994232828965,0.48765808506488045,0.09600777944362171,0.17290602604348068,0.21476803521523985,-0.5198680273931701,380714,26,155
0.9177277367024128,0.47800095431704004,1.0759168332119808,0.18235178240809236,0.34520096022328695,0.21151786787258448,-0.5979158788949408,380715,28,421
1.0660270627084536,0.9569520065776419,1.3463060573725119,0.1888233626737953,0.24221302554297186,0.2584584228821155,-0.38935405079486995,380716,27,500
0.0480001584447211,1.8398531321193936,1.1529786961550395,0.13283876336821268,0.2797310576431656,0.14384600695450836,0.6868744359643542,380717,27,324
0.3357037518190658,1.3290116335231459,1.2150272465327216,0.14721569304348417,0.2905281518659834,0.21308261379675467,0.11398438699042424,380718,22,344
0.39710162886803735,0.4037346531307241,0.518269276565705,0.0364057557761836,0.04947552902525353,0.18958098912456425,-0.11453462343498089,380719,24,239
0.7716740057620307,1.1733261823591465,0.8073107377261093,0.1056034684464731,0.18490911933234377,0.14493473597057366,0.36601544463303726,380720,24,395
-0.4178698512372095,0.8293793806989178,0.8824326048604145,0.0928025627445342,0.146609029121935,0.20369644676472926,-0.053053224161496715,380721,19,144
1.3954722620531599,0.8723520184949062,-1.2158985822054615,0.20036303544379003,0.3546619772267148,0.37920080282663526,2.0882506007003676,380722,22,410
-1.5101777630667164,0.28934445432338973,0.2984572390195937,0.33271631912122984,0.46852264169531105,0.6256070264324789,-0.009112784696203968,380723,18,22
1.6223298052048263,-0.0063813297152948,0.39993798630423744,0.09553602603268489,0.12905318984673206,0.14457691139011342,-0.40631931601953225,380724,29,499
-0.3989278835052004,0.40650172577739624,-1.505996660502611,0.10766045326160184,0.1497637539763442,0.6229384530384282,1.9124983862800071,380725,19,92
0.8108958427778382,1.1378817303880733,-1.5247389310222557,0.0796331994577742,0.18369905001747838,0.2749346873427205,2.6626206614103287,380726,16,281
-1.3047220148582268,0.20057577024180603,-0.3109061136722292,0.3089604967237715,0.4523921054118886,0.6754956572266024,0.5114818839140353,380727,17,28
-1.1741853200360732,0.3685020554235621,0.8912906849166402,0.2571535062029357,0.36359100027175373,0.4345138382307046,-0.5227886294930781,380728,17,61
0.40602708300569174,0.5706213651180894,-0.4099671870013944,0.0976022584515845,0.24136790317790374,0.19800492560531238,0.9805885521194837,380729,17,208
0.003395300252002661,1.192315161614089,0.7872170586754794,0.0420746581750127,0.07902923813570832,0.08480656434379436,0.4050981029386096,380730,18,251
-1.7553978847659084,0.13378414666519714,-0.5842948792326367,0.41082966290322986,0.5631510803795028,0.8133163097987128,0.7180790258978338,380731,19,21
-0.4335535587924547,1.2347818898529135,0.8100667621038266,0.11208055237111222,0.12072649570723412,0.19156128230654262,0.42471512774908693,380732,18,166
-0.6549337381095248,0.7220699132238987,1.4416140534664055,0.2049890694276809,0.298006111021569,0.2512627194177468,-0.7195441402425068,380733,19,149
0.34078322035600067,0.45914979826339736,-0.4314696243707378,0.14213083699186485,0.14616346146088283,0.26496185520346094,0.8906194226341352,380734,19,209
0.3922328262327915,0.007535730815565933,-1.912980732073558,0.057321235868155795,0.06581617535960123,0.4396930935557923,1.9205164628891238,380735,20,137
-0.9327947379479051,0.4206014726090506,0.39586489970774946,0.23291345604962432,0.35415011022926396,0.44174016386810533,0.024736572901301157,380736,20,61
-1.3347136918959748,-0.435029446033533,-0.05451797791145068,0.3575763103019881,0.5546981529952065,0.6575113653092471,-0.3805114681220823,380737,20,24
-1.1545355025182964,-0.09231630657741424,-0.4563818929175765,0.304579758991094,0.461305303595471,0.6667055763095113,0.3640655863401623,380738,20,28
-0.9123276784977494,0.07248790340929015,0.3031336922612362,0.24052296153284947,0.3568929087868332,0.4568417215984043,-0.23064578885194606,380739,20,71
-0.30464557334532477,1.0628731242665164,0.9207790411095539,0.1710309490976579,0.263934755103017,0.3213176999684241,0.14209408315696248,380740,29,197
-1.8431447919654749,-1.1413511968146366,-0.5578598210802345,0.5086086599552875,0.7581716002311137,0.8308580911564221,-0.5834913757344021,380741,20,27
-1.5432885686403552,-0.8830549261934822,0.416904954202466,0.4099735864986773,0.6555518011190915,0.6517889832482691,-1.2999598803959482,380742,20,16
-1.4326853617234971,-0.15317497756485213,0.15734592420401475,0.35372167359765566,0.5276714862796938,0.6420086876096329,-0.3105209017688669,380743,20,17
0.44042274437713375,1.9188122203348137,1.539763865125448,0.12062992812100401,0.23394647040630828,0.18994992219458737,0.37904835520936575,380744,21,480
-0.01592839812896391,0.037819168087472724,0.4732014559256409,0.09071658591549661,0.17075118853462215,0.19577713041326164,-0.4353822878381682,380745,22,149
0.4004103368320117,0.3990351351253023,0.7988092537823157,0.015226341519049676,0.02717762782282842,0.027699330272368983,-0.3997741186570134,380746,21,300
0.014641915382939503,0.7605553718407493,1.1929347206876195,0.08187493086781449,0.1669580596750924,0.10455198218008156,-0.43237934884687024,380747,22,222
-1.0120630348680208,0.8968623025335924,1.2102201937687367,0.22184483419583098,0.3558287559553181,0.3605598702309925,-0.31335789123514424,380748,21,112
-0.8528306542614031,0.8874981372528254,0.7498035635213276,0.16409666097125797,0.2479993755510746,0.3217265497816047,0.13769457373149785,380749,23,98
-1.4517970663596402,0.46028228645212604,1.3739924772804561,0.29422064653377683,0.4214667680766014,0.4497485485316885,-0.91371019082833,380750,23,60
-0.07643992297811097,-0.00225658053352658,-0.7342635464447393,0.1746150739726854,0.2714115171586614,0.4020471415642676,0.7320069659112127,380751,23,78
-0.399154968876138,0.7914211090748295,0.4509059244759511,0.08329764706505464,0.1234194065914724,0.22984205822638282,0.3405151845988784,380752,22,123
0.39221900386402275,0.8094665762471057,-0.8882575684522853,0.0556279834912873,0.07189337773866794,0.24572570922351325,1.6977241446993911,380753,21,249
0.39165422827652796,-0.2996139585489688,0.4044072980702684,0.07013946209486635,0.20010262188441863,0.09448744979090623,-0.7040212566192372,380754,23,175
0.7992141547716556,0.4001324712167,0.018727222560617162,0.022553248212748463,0.03101176575747171,0.0900598815291976,0.38140524865608283,380755,23,374
0.4089756021392681,0.8062593619213223,0.20195882714913393,0.07662907815806069,0.1198704367058022,0.2276748024253472,0.6043005347721884,380756,23,279
0.42321391657786744,0.7868843369033988,0.37316850074494273,0.09394168317912624,0.11554405056895595,0.11928355692637689,0.41371583615845603,380757,23,289
0.08141325732890685,-0.08565039606816613,-0.42441874440437144,0.16185726525877242,0.18538413360325612,0.3289333756881921,0.3387683483362053,380758,23,144
-0.9469108958482925,0.13881693659486788,0.346383917738344,0.24254700022850778,0.354672428504349,0.4582173588781536,-0.2075669811434761,380759,24,41
-0.7397625093792591,0.3320814883212291,0.5930937537553953,0.18581281568205119,0.2496624773228071,0.3449815380002522,-0.2610122654341662,380760,24,66
-2.3370202741079615,-1.1762238528378066,-0.38465309198359,0.599213731688227,0.8215526827281188,0.8720781631736683,-0.7915707608542166,380761,24,5
0.6811080272478914,0.6886050164438172,1.3121569279584298,0.18294194811404707,0.3566456900064728,0.20316230162133783,-0.6235519115146125,380762,24,411
-0.5455823659489946,0.2785292681505746,-0.9861213536288429,0.2068830633085967,0.3694568749133769,0.5817330206718764,1.2646506217794176,380763,24,86
-0.74456285292189,1.5099098393254886,1.5218198414539343,0.14123277955392533,0.23646328628251412,0.1990501971242838,-0.01191000212844573,380764,24,184
0.12673836306929717,1.2590096197231369,1.3895600376730868,0.1867139949317048,0.3491669705595317,0.3252245438927122,-0.13055041794994993,380765,24,304
-0.8383641872000523,0.8179999469330798,0.7036839200778697,0.1639545734000904,0.214913269054364,0.326240391500656,0.11431602685521003,380766,24,113
0.3814800472903103,-0.7859375465277162,-1.1524338436887458,0.09127340067374781,0.13621647660141178,0.3123532621484254,0.3664962971610296,380767,25,79
-2.3370202741079615,-1.1762238528378066,-0.38465309198359,0.599213731688227,0.8215526827281188,0.8720781631736683,-0.7915707608542166,380768,24,3
-0.20179696306971698,0.4419462154409481,1.4021809274869605,0.20035165725529955,0.3767731880460887,0.2119974369438827,-0.9602347120460124,380769,25,183
1.2482992729341391,1.393260710118546,1.3929703443153874,0.13540751101483545,0.28162067368404453,0.2841580511291105,2.903658031585543e-4,380770,25,590
0.3661725817960921,0.5054590903843614,0.4732083786434927,0.11365086754330828,0.24315185895125646,0.21590467979057973,0.03225071174086874,380771,25,271
0.40140072851698055,0.46533890130239086,1.1919764119970582,0.05374941050773686,0.16627122707352127,0.09096107095598702,-0.7266375106946673,380772,25,320
0.8271626436667295,1.1569303603622292,0.7436597321404625,0.10069658064994497,0.16690503071056798,0.19651080275980148,0.41327062822176663,380773,25,432
0.432948655285343,0.45627715380924555,0.627705701694761,0.12892229028865038,0.23400076404648448,0.27263425344734854,-0.17142854788551548,380774,25,273
0.3733378600463951,0.026186498433870997,-0.34121139172844767,0.10008307765916133,0.10666399824109425,0.20940925798096807,0.36739789016231866,380775,25,154
2.046621743820846,0.9885182150252027,0.20513444450011958,0.19063760988540862,0.342573904357644,0.33642195596986585,0.783383770525083,380776,26,643
0.0029473215816656407,-0.4016331414771907,0.39272113106641715,0.0739986216538987,0.12330258934865601,0.1355651645628501,-0.7943542725436079,380777,26,98
0.7882500131326236,0.4408618852014906,0.8250147040072519,0.06822363149482212,0.15550908132144267,0.13065625022868144,-0.38415281880576124,380778,26,421
-0.06630249735143656,0.6198285806644777,1.6944675778116722,0.15010747446988018,0.3055258087595669,0.22642485282032299,-1.0746389971471946,380779,26,252
0.21921986051725098,0.05091690657976274,0.18138801272753097,0.1994207924192077,0.349004797240613,0.2594856041212825,-0.13047110614776822,380780,26,164
0.7987332088049134,1.6037662565094761,0.788707786455213,0.040259681346358746,0.08497375136223716,0.08711564947689689,0.8150584700542631,380781,26,458
1.6756383575410592,2.2542727665250823,2.0968354626522614,0.1958643493578197,0.4520651982169306,0.43890345268087455,0.15743730387282096,380782,27,654
0.39646736023780743,1.200709219964891,1.2307833772427508,0.04357436340772655,0.060434260678197876,0.12270349562707426,-0.03007415727785978,380783,27,357
0.3185813504169939,0.8760466621737704,1.2778342185488492,0.16110049390657144,0.17081970380379485,0.17009571658271466,-0.4017875563750788,380784,27,330
0.8262221715870011,2.8334316778097106,1.7547380633095484,0.11396049704851317,0.30987226140953245,0.2565609958138372,1.0786936145001622,380785,30,543
0.5392233832708797,1.3438500168216316,1.56750724315356,0.19058331305845183,0.36010074086275956,0.3116905901518662,-0.2236572263319283,380786,30,451
0.10328224151916378,0.3427516876421774,0.3932459873880911,0.18197037856267848,0.2478771787704831,0.29452720355155143,-0.050494299745913684,380787,30,161
1.1959462432519052,0.39870849324732527,0.8140276107659387,0.04205673978362279,0.06429021791351683,0.0902153595809832,-0.4153191175186134,380788,30,471
-0.08795574803929371,0.8631636483379818,1.0480344859077384,0.17189074448746322,0.2129343934092254,0.3294189818737053,-0.18487083756975664,380789,29,210
0.8125694583697849,1.1626450152392356,0.79121955921293885,0.07032405634768003,0.15219184610418307,0.08323576341123984,0.37142545602629673,380790,28,428
0.7872173135095605,1.2223797802083853,2.0557052386238173,0.07073939402421674,0.12395142933498242,0.1774283878494659,-0.8333254584154319,380791,28,505
0.005534276598808112,1.9927986933194304,1.5759605378460688,0.050926985204088636,0.07970515774161241,0.11770186489684417,0.41683815547336156,380792,28,316
-0.43084501778812906,0.8205341617780906,0.6338439828744975,0.12492891581046763,0.1559318911153577,0.2664316102761116,0.18669017890359307,380793,16,132
0.05672542400375322,1.1428055242013722,1.467991618102729,0.13970178077205445,0.14487890035595816,0.2804020603925208,-0.3251860939013569,380794,28,294
3.709138692962675,1.1808801814190704,1.0255863881609244,0.49481882708232,0.7264348779313796,0.7781613516532169,0.15529379325814596,380795,28,677
-0.8629745284383319,0.3955077257536813,0.13945354960800313,0.21421660603600579,0.31372995119492386,0.4541208905820691,0.25605417614567816,380796,28,61
-0.3767487656768256,0.3714838935768395,3.181538801675331,0.0969623293790811,0.1283548905937872,0.15761352706062043,-2.8100549080984916,380797,28,219
0.8068625806505497,2.088851949010762,1.3351349970798418,0.08627070447413768,0.21793427945393046,0.22530403870699803,0.7537169519309201,380798,29,536
0.32251002651477795,0.20070558234365068,0.8813765062387208,0.15823164651994862,0.3192964610656288,0.1742273477457445,-0.6806709238950701,380799,30,218
0.7820892565300072,0.6495789754170971,0.4683548341376131,0.09596672372500106,0.23790970892469993,0.2032917846440657,0.181224141279484,380800,26,336
0.4518052128621611,2.142438219988645,0.3462428945397614,0.1352666423095239,0.2812412672122693,0.15665347750938183,1.7961953254488834,380801,27,416
1.1855700100444204,0.4158413071232675,0.9275816481163955,0.0751166731706477,0.08874242641376642,0.21516951768361298,-0.511740340993128,380802,26,518
0.3944716187639116,0.3954172201164657,0.829581428039633,0.05724811038134707,0.09180969485730575,0.1311907122989224,-0.4341642079231673,380803,27,283
0.3931770524907812,0.006061105574704228,-0.7404615452501327,0.05424566375237403,0.06256397375426234,0.23029096461490098,0.7465226508248369,380804,26,165
-0.205713224706212,1.0067356016247249,2.0033315883339293,0.20018542522496696,0.20488666743122383,0.38809992049140796,-0.9965959867092045,380805,27,281
-0.11040000211791744,0.6266120192471706,0.6971271832414768,0.1803282488847831,0.3555702124148491,0.3321354622037324,-0.07051516399430624,380806,27,195
0.8007609265351701,-0.4520983672975709,4.950742393859296e-5,0.03668305708865283,0.1442779097616642,0.05372360443200154,-0.4521478747215095,380807,25,262
-0.3460113923239248,0.3907072234581437,1.5484342775565048,0.14691999240244735,0.2131326421310154,0.1629143464026253,-1.157727054098361,380808,26,176
1.1898450522697364,-0.37988855977426067,-0.8466332156745064,0.06345669987803337,0.12187848393151293,0.15842033591862598,0.4667446559002458,380809,26,275
0.39835417242490284,0.8065339323854395,0.7995937003102136,0.029537593420547834,0.06536917244870791,0.04405427501499797,0.006940232075225872,380810,25,278
-0.2577942633390358,0.4382816522469558,0.6687585616085335,0.20281219996466457,0.3688639002491793,0.2785099450634911,-0.23047690936157772,380811,19,126
-0.8859446146578127,0.4335654940818971,0.20730377930464947,0.21451541518076978,0.30215399209978133,0.4478332850635131,0.22626171477724763,380812,19,59
0.37182314004059547,1.232379279807904,1.5845439134139843,0.10247319502712303,0.12538968623073454,0.16926036598332192,-0.3521646336060802,380813,19,373
0.15355230730215239,-0.11358312486734345,-1.017977050435591,0.19801931379181067,0.26064889371857697,0.42135996921015845,0.9043939255682475,380814,21,117
-0.36018067136129706,0.7250826512873478,0.796398775234908,0.12570057924792846,0.22804692573964055,0.2055173937580904,-0.07131612394756015,380815,21,130
-0.954073963766093,0.09218218510717842,1.6331601179124804,0.23666217891615593,0.3545264554826058,0.3572838082366304,-1.540977932805302,380816,18,85
-0.03539922264632975,0.8507276429318814,1.1312739147844888,0.11401203509863296,0.17331550406433,0.2260436234221164,-0.2805462718526074,380817,21,208
-0.18194031193162696,-0.74169164666654,-0.10323739886670362,0.20865660951854173,0.360156236263309,0.3746000131185168,-0.6384542477998364,380818,21,59
0.48972703182686167,0.7102078654888901,0.19996766232599653,0.16687724409070911,0.17130638518784674,0.32291318566732446,0.5102402031628936,380819,22,280
-0.24323025226354136,0.4952494337394932,-0.6209944052380473,0.19748525094217015,0.3805782033553677,0.43778523812682285,1.1162438389775404,380820,23,112
-7.569775150597911e-4,0.40107743995131695,0.41727392935029545,0.03712791690810898,0.04989661515534217,0.11377587545577024,-0.016196489398978497,380821,26,155
1.138581164988516,0.4611142494345361,0.8474136775104164,0.1442494490348602,0.15280628284138636,0.17370967038303353,-0.3862994280758803,380822,30,464
-0.26303715168527747,0.8452161963162317,-0.24467926573090973,0.2072088131080924,0.37312578970486665,0.39568871332104844,1.0898954620471415,380823,16,133
-1.8500405054370517,-0.47719425199712157,-0.5497125556841364,0.4733792773634258,0.6771132265233383,0.8276949468830247,0.07251830368701478,380824,18,8
0.24383637159567012,1.3120219762422347,1.3543945627550324,0.19522731222543693,0.26035077555075026,0.20342059087001813,-0.04237258651279774,380825,18,334
-0.7416417283993721,1.1417757670310107,0.7602217249063536,0.14909311108369894,0.16101567913507697,0.29447953292063017,0.38155404212465704,380826,21,138
-0.027351959850090597,1.6332781485897387,-1.880822869097514,0.10174124054926384,0.13259674984809044,0.5826045291010007,3.5141010176872527,380827,23,208
1.8606003630174872,0.9417571538620468,1.3881040819036723,0.2058191780090555,0.3254964645578707,0.40260768775179445,-0.44634692804162546,380828,21,627
-0.10078489520776837,1.2276531974599834,1.7070004703142903,0.17412579798241484,0.262929965579106,0.19289379613633179,-0.4793472728543069,380829,24,295
-0.38504095808344924,1.5690283097798783,1.8500820854090931,0.09216688225139816,0.16284451944347134,0.23391755369206998,-0.28105377562921485,380830,29,238
-2.3370202741079615,-1.1762238528378066,-0.38465309198359,0.599213731688227,0.8215526827281188,0.8720781631736683,-0.7915707608542166,380831,16,3
-0.8440916559116822,0.1893186732614649,0.037615926671276514,0.2341387375672429,0.37716774331625574,0.4803526566614991,0.1517027465901884,380832,17,63
-0.24904954585791964,0.9626153611001168,1.3048208429173551,0.19531617031673992,0.32960774937192844,0.36306885035399233,-0.3422054818172383,380833,18,200
-0.40861082515462105,0.8125936201851549,0.41703327200455004,0.07683079506662864,0.10482531857766685,0.2244655599824196,0.39556034818060487,380834,19,130
-0.06069774594382396,0.45762261029498164,0.9166287329445313,0.14415611420270774,0.15256710484984087,0.2600357633704927,-0.45900612264954965,380835,20,173
0.7940616857907196,0.8038879029971582,0.8093416569946573,0.04849089891280784,0.0585845268397056,0.07644329941331067,-0.0054537539974991445,380836,20,439
0.27568994964409765,1.4195337273012751,1.7365140655256592,0.18539747430495376,0.34019456859356445,0.21725197235083732,-0.3169803382243841,380837,29,396
0.39174460428266045,0.8158578087538904,1.2338382541700268,0.05732744470327747,0.10855345910819823,0.13692468949578385,-0.41798044541613644,380838,30,366
2.9903326911819943,0.7624945493491009,1.5852641335481084,0.3583721402466267,0.5336513334981242,0.7004138234266947,-0.8227695841990075,380839,30,673
0.0547238569456302,0.7656328992648792,0.865213636970888,0.14829457779055694,0.18726288718892733,0.2677391312926703,-0.09958073770600884,380840,30,230
-0.07411989993551638,-0.002814319818073342,0.28551688174369866,0.17057602296700985,0.26534181524375616,0.30888284650609243,-0.288331201561772,380841,20,110
-0.3583713834086336,0.7579901905790435,0.3470463243971169,0.1253282631659861,0.1357770757005133,0.258970174358911,0.4109438661819266,380842,20,131
0.6484258820178147,-0.49950259896687543,-0.8595404578116417,0.19409731549111675,0.3835872260157853,0.35268854007145567,0.36003785884476625,380843,23,198
0.8353775142104521,-0.0153935922320629,-0.06450718378644411,0.11377155003940874,0.14839789604042472,0.20310740279461073,0.04911359155438121,380844,23,305
0.42262602349140427,0.7527118534786224,0.04065920298931745,0.09337059499756913,0.18577175647599808,0.18522514123397116,0.7120526504893049,380845,24,287
0.44898148862640097,1.4089700752901368,-0.5599736667002423,0.13671790577331897,0.2863944135842648,0.27520099172475004,1.9689437419903792,380846,24,299
0.001837242067127327,1.176236076466303,-1.9122362938680657,0.09631777521716017,0.16560146051780683,0.5800521650844996,3.088472370334369,380847,24,181
0.45498733259314394,1.1731701279587667,1.0934877237732519,0.13810146456104666,0.18129961486664883,0.26281901372588007,0.07968240418551487,380848,26,356
1.6021508896392647,0.4987209377273112,-0.02848120670662266,0.09544098739036508,0.21780936966086067,0.1680080521355966,0.5272021444339339,380849,26,496
1.1834895855653842,1.2430245402023659,0.823256768689429,0.08040293974060923,0.16229458810697978,0.11958119677436596,0.41976777151293687,380850,27,543
-0.722696689142771,0.34549374950812256,1.9003692517080932,0.17212758492889274,0.23052064191251675,0.22610089119033483,-1.5548755021999707,380851,19,125
1.950102762037722,1.4445385589979707,1.687503622267267,0.21542598282181982,0.4031785733176984,0.4545107022573894,-0.24296506326929634,380852,30,641
1.174065355785836,1.2399657608250743,1.2035590654645625,0.10010801606974651,0.16923143774478572,0.16184341128022253,0.036406695360511776,380853,30,526
0.6225933374215064,1.315354479516825,0.23639532562929627,0.19875224428452778,0.28872225747469227,0.29324070086895343,1.0789591538875287,380854,21,365
0.024873632596803318,1.1803653826982372,1.0997978218464863,0.10166270191429654,0.11728259895447402,0.22559056671076466,0.08056756085175087,380855,28,270
0.8258631891571087,1.6766022944650207,1.7309128023508464,0.10423790243818577,0.22155324853184316,0.24257042440721288,-0.0543105078858257,380856,30,523
-0.7881955790174403,-0.21825323778967806,0.09090221092832791,0.2466558629394703,0.40409249812853826,0.4704432588259623,-0.309155448718006,380857,19,49
-1.8666715523470871,-0.16068174245985303,-0.5400152940642381,0.45582388041107125,0.6332192951570661,0.8273121488551062,0.3793335516043851,380858,19,15
-0.44966052569710413,-0.871335007616584,-0.5028699807454797,0.2307845585642314,0.4103406581504791,0.4843385541820495,-0.3684650268711043,380859,19,45
0.20269021383193986,0.595759918075145,0.5626735080315894,0.20000819550248444,0.20503638878793468,0.2587646463357774,0.0330864100435555,380860,22,231
-1.2152087186189084,-1.4116986866254244,-0.17136216044347943,0.3880804580049609,0.6722218106888718,0.6672545760884159,-1.240336526181945,380861,23,9
0.4652851494745198,0.5627087364463061,1.498145100032463,0.14811223215120323,0.301631800354917,0.24332752616832073,-0.9354363635861569,380862,26,357
0.3992079984943215,1.1900698524405826,1.203566439165186,0.03102804240983535,0.0761845726855561,0.054046917734763944,-0.013496586724603299,380863,29,380
0.5704809992338997,0.8534308332893624,1.3617655331076821,0.19782626352183644,0.39164017316203176,0.30462482033248306,-0.5083346998183197,380864,30,361
-0.05281437620734754,0.289382819612388,0.24920726943198676,0.16528479656091233,0.3035631320841478,0.3050863110313515,0.040175550180401226,380865,16,152
-0.5672337197301506,0.5524222600957748,0.8070460537556746,0.2015453377029602,0.234190605479573,0.33444767350672927,-0.25462379365989984,380866,18,99
0.3488136427620405,0.4423131289024824,0.8475678510054769,0.13376338096969503,0.14963094973829882,0.14411628431824183,-0.4052547221029945,380867,29,249
0.7944736960353408,0.38412077825629765,1.2050091997127943,0.04826379606514396,0.10403512752627386,0.06431271783924467,-0.8208884214564967,380868,27,392
0.1137458977386106,0.6849956579957626,-0.014407174130662151,0.18053064733083823,0.1861014093490323,0.31330141287851976,0.6994028321264247,380869,27,235
-0.15978890955991656,0.1694066180927887,0.7597047505781486,0.19695795665109284,0.22439213371670869,0.35455107868836155,-0.5902981324853599,380870,27,112
-0.3498033393452313,-0.0758346632177918,-0.32073132038616875,0.1551492389445431,0.238831930329416,0.3816920195325927,0.24489665716837694,380871,27,74
0.30876082540874206,2.29016437765864,0.995750680487738,0.1691245649990856,0.33063791384676816,0.3315742339344606,1.294413697170902,380872,27,409
0.796281443216267,0.014732938990281663,1.8427603097778034,0.04622389175538389,0.09963187173650606,0.20814446476915144,-1.8280273707875216,380873,24,401
0.049421352955148184,0.3550947986135088,0.8695017327494872,0.13529040570681894,0.14838439302776715,0.2538158682452924,-0.5144069341359784,380874,22,234
-0.43986372013023306,0.8136347655765425,0.7870774242299516,0.1440938498028796,0.19735284742538026,0.2358718425339282,0.026557341346590824,380875,24,138
-1.372335833458162,0.32092796683741737,-0.7756583596005332,0.3170275987800633,0.4547887664126,0.76519663777966,1.0965863264379505,380876,23,48
-0.5910549094470748,0.4046846542331477,0.4880949796628697,0.21039031916743633,0.38244651026038584,0.35719935472589975,-0.08341032542972199,380877,22,103
0.0759103710272748,0.33170532428665106,0.2686617798932148,0.15790617291538767,0.17261020606616792,0.2586545722661494,0.06304354439343623,380878,20,202
-0.11016239863270186,1.4399361409899047,0.7945946476589241,0.18151315277592694,0.3580936580119207,0.2994889233896979,0.6453414933309807,380879,20,267
-0.7496692958936101,-0.07736999797901672,1.9318445250039409,0.17397240463851918,0.2826954147515955,0.2225027857888899,-2.0092145229829574,380880,18,82
-0.6564358322234073,0.7008727164734379,1.412684357935518,0.20192999735257486,0.27116680247425845,0.2762783980000186,-0.7118116414620801,380881,19,143
0.12653728027326863,0.1517018975930613,-0.48960491504098974,0.18647741578298632,0.3646189185111905,0.35293953420650875,0.6413068126340511,380882,18,140
-0.06579477881325825,0.9363346962278196,0.3796631133440794,0.1498143904706274,0.29721562997897505,0.2513797218804633,0.5566715828837403,380883,18,193
-0.07421615316099979,1.3571018415423717,1.728122349293934,0.15584156714324732,0.31175319045996835,0.27578369249005513,-0.37102050775156226,380884,20,273
0.002121439096951751,0.797536103284022,0.3800582062072945,0.03453307765030398,0.043554207236960296,0.11329386748372647,0.4174778970767275,380885,26,208
0.4058862858858296,0.4046300050444045,1.5910555878495876,0.049495278831557035,0.08251036791606703,0.07764375569176142,-1.186425582805183,380886,26,345
1.282744460496514,1.5066835999936146,1.5454191159370623,0.16329444340864063,0.27900784154025204,0.29184335592088273,-0.03873551594344771,380887,25,562
-0.9728492310964919,0.9913284716528938,0.701691022114149,0.20926611840809914,0.2531982302623189,0.3874010840282862,0.2896374495387448,380888,20,81
0.04476997616915476,0.5047158369461076,1.125131269223047,0.1333455237188553,0.2654958425934352,0.21790890703322172,-0.6204154322769395,380889,24,211
-0.5713542482317603,-0.27978260568943963,-0.9946729017084137,0.2281923094731631,0.3512415056530075,0.5989763921073755,0.714890296018974,380890,16,29
-1.3622702565243776,-0.6768460714936191,-0.7908614758523184,0.3924405128596724,0.6120743997513405,0.7763208056849277,0.11401540435869928,380891,19,10
-1.1398963845635866,0.298114958924227,0.1586763655418374,0.26419002261063407,0.376375642695539,0.5405427210847042,0.13943859338238962,380892,18,39
0.3964965382286031,0.39984180427917565,0.020893750997089316,0.04415328352115514,0.06318715424573093,0.1111055305755011,0.37894805328208636,380893,18,225
-1.2333388216592858,-0.6455582985781236,-0.1533985130675533,0.35295143043109356,0.5667080784572958,0.6520931891981101,-0.4921597855105703,380894,18,26
-0.3785628319410621,1.1788874472784179,1.1721749647375808,0.09176448372392992,0.09697588026746745,0.12668815316528959,0.006712482540837117,380895,20,162
-0.7005669612974367,-0.15186406132080058,0.9709773951259781,0.21729390561709064,0.3406098764288728,0.34510561045637456,-1.1228414564467788,380896,20,77
-1.509388367829562,0.4418521212394919,0.6955398652372415,0.3152758084116039,0.44568130835396713,0.5559482037348666,-0.2536877439977496,380897,20,25
0.42527942183850026,-1.728684251242166,-1.5596099893670343,0.133005117487757,0.29073732508085354,0.39672050578670504,-0.16907426187513175,380898,20,56
-0.41679675316507425,0.03234507820105673,-0.7855496521080239,0.14287316243875486,0.21783180148219555,0.4792818506986107,0.8178947303090806,380899,20,78
-1.2884695113955384,-0.8014711747364653,0.5411556418428357,0.3576730931736441,0.5895961920285371,0.5716410312901146,-1.3426268165793012,380900,20,37
-0.31450188699759335,0.7867536517804326,1.0869781078773204,0.17594895154754175,0.2665672941575787,0.23942102719096678,-0.30022445609688786,380901,21,173
-0.868789905640942,0.4612531771114006,0.09367481685681493,0.1971661680990955,0.2605590078511716,0.4522384214729047,0.3675783602545857,380902,21,54
-1.9695092215076073,-0.25341884295793443,0.1388434901143326,0.4647470662995519,0.6535020780097357,0.7634742738750581,-0.39226233307226704,380903,20,13
-0.8720296947001043,-1.5251747110093934,2.0774450710111667,0.23418753141399712,0.5238376423638906,0.27994162312681947,-3.60261978202056,380904,21,60
-0.937788297853759,-0.16510763567696574,2.0675164740188223,0.24292164084484935,0.3999338290855054,0.34301768225852364,-2.232624109695788,380905,21,65
-1.519669450846791,-0.1805689893977574,0.464590050957653,0.3662930605979105,0.5452064886497406,0.6191249400850375,-0.6451590403554104,380906,21,20
0.7751264718983631,0.5994830907570676,0.44928042399513496,0.09814377239781236,0.24595386972721855,0.18485833636186016,0.15020266676193267,380907,21,385
0.425210352709544,0.4384636575203728,1.3218118966537007,0.12025318746163156,0.209995775290352,0.25304312656559247,-0.8833482391333278,380908,21,304
-1.31160867490356,0.4885175308999015,1.0295925701797581,0.26935569173623164,0.3723817589185534,0.4470325576851277,-0.5410750392798567,380909,22,38
-0.9002155316098246,0.5015034818000818,-1.0848387599754135,0.21001211960893132,0.2739234368889399,0.6962597103070158,1.5863422417754953,380910,22,52
0.3933720114366334,1.9600589368276815,1.553777149965587,0.0834720313853492,0.17224425864256832,0.17420916707679152,0.4062817868620945,380911,22,487
0.004286720769156352,1.2326058809632943,1.9938457933953952,0.057576032784212326,0.13654492158724732,0.08001764059477592,-0.761239912432101,380912,22,339
0.5890002584371603,0.4810298918020035,0.8658519649723541,0.2000057361940048,0.36052904489228166,0.3704244143705196,-0.38482207317035055,380913,23,323
0.6162743612878628,2.3852415639449824,-0.20518276157656876,0.19959364754671255,0.38566167862276607,0.25346007286883354,2.590424325521551,380914,23,375
0.5157899465126151,0.6808464889432589,0.9930999811029807,0.18142168432559627,0.19129589449074202,0.3334965256966376,-0.31225349215972176,380915,23,359
-1.5090680880643774,0.8537380128470169,0.8491083170365461,0.28302558212639745,0.40208805486791455,0.5130827182993736,0.004629695810470791,380916,23,35
-0.6790511573275991,0.3672007055455399,-0.2983036827068662,0.2224697886310396,0.33815489462685633,0.4943351599643265,0.6655043882524061,380917,23,60
-0.5099315472955128,1.1067234363780574,1.6934954152497377,0.18950813735446656,0.3524189413584765,0.22324213873298385,-0.5867719788716803,380918,23,186
-0.7837455073560515,0.7868699054859631,0.8924963474775501,0.13823758938197667,0.16948577622416489,0.28660625822738606,-0.105626441991587,380919,23,100
-0.273555162951662,0.600434828011307,0.524891343612481,0.18719795201490594,0.31423178421520115,0.3268157605431125,0.07554348439882597,380920,24,133
-0.860177381858978,0.40209400772215914,0.5946791633364141,0.20749179592296607,0.3003557004309793,0.3827139789445142,-0.192585155614255,380921,18,61
-1.4745699785108255,-0.21066523665201758,-0.7245261957898499,0.3818268399546479,0.5612371911151295,0.7844718263122843,0.5138609591378323,380922,18,22
-0.3341236104306388,-0.047092996074124024,-0.8909843760953426,0.17469510056808446,0.23948192977943503,0.49359671221008294,0.8438913800212187,380923,21,77
-0.3678066521739584,0.7338694686633247,-1.5362406695247706,0.12530692824141046,0.22491966926767523,0.6236354786920503,2.2701101381880955,380924,21,95
-0.9733963990714396,-0.22133135879376922,0.09662601666259812,0.2753459991285417,0.43512084566348974,0.5236524017564067,-0.3179573754563674,380925,21,46
-0.3456197255253049,0.318284686574421,-0.869649701142807,0.1446547659088495,0.22299790058644903,0.4788468356708994,1.187934387717228,380926,21,99
-0.7705016457062128,0.3376321538723109,1.0485648182977558,0.17737096508061,0.2597286648936219,0.3020567942029231,-0.710932664425445,380927,21,85
-2.0245206314003488,-0.9878165140995309,-0.48560611640520535,0.5333641239237417,0.7667339796363613,0.8464151747306562,-0.5022103976943255,380928,21,16
-0.8706135068356236,0.8935940303763172,0.6117030467583194,0.1704322378078169,0.23230896012806143,0.35137750250829974,0.2818909836179978,380929,22,71
-0.013475275269811115,1.2012054288690635,2.0168067854265646,0.07402750648215285,0.10419556195834162,0.09822949783655449,-0.8156013565575011,380930,22,314
-0.8006373279583104,0.8081778797297993,-0.47275776900378075,0.1445431570553324,0.18333703076198224,0.5267592812690923,1.2809356487335801,380931,23,72
-1.0899768221519754,0.6591392140351328,0.22100118447706818,0.22904484191711172,0.3011378626360743,0.4996392508885639,0.4381380295580646,380932,24,44
-0.4046309962064558,-0.011187317717650157,-0.78381170706727,0.14396627383579907,0.2169060502477681,0.4761847258637848,0.7726243893496199,380933,25,66
-1.119860088273974,0.9756566375308452,-0.928543401669365,0.23619507045345786,0.38158628646801,0.7263084895318218,1.90420003920021,380934,26,45
0.6859486838110462,2.217021799497902,-0.28552596397536584,0.180798803139535,0.34127771294046133,0.23044335681187833,2.502547763473268,380935,28,373
-2.0314025749752784,-1.3925497377360605,0.3043738156376756,0.5254234614673309,0.7947757480712205,0.7665667821352931,-1.6969235533737361,380936,19,8
-1.201288006670632,-0.8637596956839418,-0.2251678796180422,0.3605550690129215,0.5941887226484815,0.6601235907854829,-0.6385918160658997,380937,20,21
0.38194967762662385,1.6193725096090839,0.7891692233375228,0.08386734049924775,0.10901504234424976,0.13775130174557992,0.830203286271561,380938,21,345
-0.3347910240708921,0.735774103116149,1.0040495363079727,0.14993420194639534,0.1586672619765016,0.29212459418208536,-0.2682754331918237,380939,21,136
0.3257148001981749,0.1821568467295446,0.8837478509053963,0.1556553674814921,0.3146296216976628,0.18581331729683612,-0.7015910041758517,380940,26,275
-0.5386724728330722,0.937652065412361,0.6835837519771822,0.1916299479428156,0.20010559809902057,0.3343248065627988,0.25406831343517877,380941,27,127
0.22672412217972046,0.11853715205255123,1.791103392794315,0.1982470029725414,0.27788719764137243,0.23500478344327846,-1.6725662407417636,380942,29,265
0.36819828861296444,1.2018714111650648,1.6287915725966526,0.10891341201546284,0.15833108430383483,0.12271796166888482,-0.42692016143158784,380943,29,373
2.4985629368124957,0.5170244726531016,1.7873004102896304,0.2678925662125274,0.4032521506166549,0.5973712220118688,-1.2702759376365287,380944,30,661
1.3853697397103093,0.21251476232755062,0.31947756794468546,0.1994954256039744,0.20920307658437212,0.3302512016550729,-0.10696280561713484,380945,30,469
0.02518575945955637,0.7509493991666122,0.6609918945662542,0.09894806276968383,0.1892350785911645,0.23585162979092064,0.08995750460035801,380946,30,203
0.004680248552360382,0.39013459190412236,1.1999798959645769,0.047475233095667264,0.08704954226776919,0.06745799462109028,-0.8098453040604545,380947,24,197
-0.4540026133331348,0.5530028624666765,1.2416245080558874,0.15499922674682037,0.2997287017376011,0.1958850481842472,-0.6886216455892109,380948,25,144
0.7761785437764813,0.8236788327154105,0.8138391986107084,0.09472961530837484,0.1032712427221101,0.11627956761321122,0.009839634104702122,380949,25,389
2.0692002741756252,0.8600468633828952,1.0450615983489189,0.20067454439574034,0.335393214235743,0.3859740336575409,-0.18501473496602372,380950,26,631
0.03419559534738518,0.7662132393705093,1.142912535900074,0.11196727617406951,0.11575130507969233,0.1868543849122026,-0.3766992965295647,380951,26,246
-0.37454124558238533,-0.05737613557415287,0.16304072967326486,0.14436019585327456,0.23493424510600908,0.3112500101063631,-0.22041686524741771,380952,26,83
1.7654258967099279,1.5690276466299427,1.8275469846777999,0.21048145144128524,0.3905685814802804,0.438776209616664,-0.2585193380478572,380953,26,636
-0.011723689640713388,0.31298929089560723,0.43910497133117027,0.12451967374435156,0.2418568966693757,0.20454013414654948,-0.12611568043556304,380954,27,161
0.46100558304772643,1.3804257884704656,1.117705920472951,0.1440106082766785,0.297398244406171,0.2075135283939569,0.2627198679975147,380955,27,408
0.3331059403541726,0.83689831108753,1.2997691334837347,0.14936677668724005,0.19359783233965058,0.2359933799086023,-0.4628708223962047,380956,27,304
-0.6141511683476537,1.2451684520875461,-1.0184831089679625,0.20547062668662291,0.39059255306663004,0.6077688693562268,2.2636515610555086,380957,27,109
0.8287755370871711,0.7510721826811708,-0.40066645181293825,0.10342220526982708,0.18118014245100428,0.15782038221541353,1.1517386344941092,380958,27,392
-0.22240060821145347,1.5802686418755496,1.7386082461449601,0.19993469555568283,0.36695223257460413,0.320730844874732,-0.15833960426941052,380959,27,286
0.414766427425329,0.7770998303646335,1.1867275296648514,0.0754341492858867,0.12275911930538438,0.08314090181402228,-0.4096276993002179,380960,28,362
1.2794841855971215,1.870803786972018,0.37350389285325675,0.16414188315871486,0.3252273525989306,0.23516241982490443,1.4972998941187612,380961,29,553
0.4218622941398691,0.778619579015899,0.8932927331194094,0.09162945404878403,0.0964164842113847,0.21530016032197163,-0.11467315410351042,380962,30,352
1.8664616997854568,1.1247134542717232,1.0658444627069423,0.20449864130051207,0.35978624195437015,0.37305113198382595,0.05886899156478087,380963,30,619
0.4222071578209526,1.9671919077397908,0.7812421287299226,0.09194128476758173,0.15736544572346178,0.10244473526798474,1.185949779009868,380964,30,383
-1.1465365175095876,1.5482436975972027,1.4268474564342521,0.1602041227274385,0.1749805520300827,0.28766348708875716,0.12139624116295056,380965,30,146
0.12709613919508708,-0.12527638266407523,0.6077204726862724,0.18644959537066225,0.20396850526630983,0.29589624356866406,-0.7329968553503476,380966,30,179
-0.1346109269571721,0.2104111485808758,-0.036209490927657205,0.19198094228035803,0.3200455741648338,0.34149047062985616,0.24662063950853302,380967,30,119
0.002625376199025601,0.7961270437362906,0.2956508998510368,0.03934459773242502,0.05606849886173823,0.18542099442488755,0.5004761438852539,380968,30,244
0.7604789350496471,0.43552595553865836,-0.7623940337148233,0.11950078549934642,0.1279885640520381,0.20896017585860674,1.1979199892534815,380969,30,233
-0.1453038901398988,0.14361352489740156,-0.1767595514002532,0.19345838330242143,0.21206992955693868,0.3610626972841922,0.32037307629765477,380970,30,157
1.251730162356187,0.6492337308191857,0.6994768017829415,0.13475051339831012,0.2784680817627543,0.2532360345869197,-0.0502430709637558,380971,22,492
0.027712052572662974,0.3716612314616911,1.9727364446139797,0.10165447367031973,0.10975413128109719,0.1149182281778567,-1.6010752131522885,380972,22,246
-0.7867484732129286,0.7578483804393793,-1.1702502523516722,0.16154922132587415,0.2345038813762809,0.6761413160393513,1.9280986327910514,380973,23,64
1.574001417087948,1.0500975262689256,1.650769214341455,0.13916472191541726,0.283157690985363,0.3168496518051477,-0.6006716880725294,380974,24,628
0.781847806965135,0.832395977907253,1.243725587646161,0.08329891914082517,0.1504748229351119,0.16682402598377216,-0.4113296097389081,380975,27,428
-0.6975480696862466,0.5354861714450581,0.5868128995662233,0.20925470191906984,0.3710675168285179,0.3600626852340066,-0.05132672812116523,380976,28,94
-0.025215872313560646,0.836198869812576,-1.1230622833556594,0.09794845852709197,0.14864978633528841,0.41542918926154704,1.9592611531682353,380977,28,175
1.7455777382930489,-0.0015718054559713238,0.8810410536108964,0.19461344605011263,0.33828150253172423,0.35721561200697804,-0.8826128590668677,380978,30,564
3.709138692962675,1.1808801814190704,1.0255863881609244,0.49481882708232,0.7264348779313796,0.7781613516532169,0.15529379325814596,380979,30,677
0.8867686241952654,0.31568167876430553,-0.34526843204334595,0.16495037751308067,0.17063484295069842,0.29776450445254193,0.6609501108076514,380980,30,420
-1.4489785598898797,-0.9095945236938596,1.1195910433809282,0.375693980564076,0.6261222605380552,0.5474667339863037,-2.029185567074788,380981,25,35
1.4657289692190667,0.4166202036801767,2.130293613492301,0.19243001988707817,0.3207603430455339,0.41593781654020795,-1.7136734098121242,380982,26,585
0.44518609109954066,1.5047389984577937,0.08510568801919854,0.1278140664428631,0.2535742845997374,0.2531153797858744,1.4196333104385952,380983,19,315
0.8303835011828654,0.7417023686017525,1.1658325436833845,0.10598898860336527,0.20192774813585943,0.13529199172457548,-0.424130175081632,380984,20,483
0.8525937813269951,0.7561764470685317,1.738771049669117,0.13544363957080338,0.15225924572006821,0.28008431894057495,-0.9825946026005854,380985,20,462
0.38996504744478927,0.01523747514544556,0.3719488794848071,0.06283277079990049,0.10005445451952798,0.1366415183832692,-0.35671140433936155,380986,19,209
0.9205038555031495,0.6221903295963085,0.4804747244666425,0.1835408525361959,0.2919898503900916,0.34884687468550873,0.14171560512966597,380987,27,404
0.726744198119552,-1.1455707919186993,-2.3199703345870692,0.1555379828498723,0.20610190624848243,0.46414633566673275,1.17439954266837,380988,22,130
1.4990943426811196,0.6164040984546294,0.19214999318747047,0.17420608759566267,0.3291451623669334,0.32820524797584033,0.4242541052671589,380989,26,495
-1.1125430824014129,0.659356709921118,0.38630670463145905,0.23071779594296693,0.318834656921646,0.4768589224820903,0.2730500052896589,380990,18,58
-0.5979543284956014,0.2322083713558017,-0.3931179957624838,0.21421192237036313,0.29157918606361655,0.4868595556475171,0.6253263671182855,380991,20,60
-0.6958950745326601,0.29874722549302357,0.3031611902465571,0.20068816161118652,0.26040569186031554,0.3902683773452064,-0.004413964753533506,380992,16,80
-0.4465155230518506,0.10499220833697248,-0.7516096324804764,0.1664101636547454,0.283800519347038,0.4904119075795503,0.856601840817449,380993,18,76
-1.4052118176268542,0.8913311056401506,0.966220222793772,0.2622709052850976,0.3708348156086515,0.4639800199350323,-0.07488911715362134,380994,16,39
-1.8500405054370517,-0.47719425199712157,-0.5497125556841364,0.4733792773634258,0.6771132265233383,0.8276949468830247,0.07251830368701478,380995,16,24
-1.6066722307549122,0.7773661772486058,0.7846056838979828,0.3026723928806813,0.3949277985282849,0.5525934601941702,-0.007239506649377003,380996,16,39
-1.0628811944032817,0.7240062206485228,-0.24718652467571803,0.23689505962441118,0.3322999712667965,0.5839883026702393,0.9711927453242408,380997,16,54
-1.6957928354333625,-0.3074926561396816,-0.61565826790851,0.4328914224710163,0.6230211059499015,0.8105967050265838,0.3081656117688284,380998,16,9
-0.983824419369867,-1.3333947924220886,-1.0197721553311543,0.3574248978849371,0.6267512780469229,0.7351082253207364,-0.3136226370909343,380999,16,17
-1.5196027218708938,0.17776320675719204,0.007675390899927919,0.3480392516280487,0.4927327855978086,0.6786533919124385,0.17008781585726412,381000,17,47
-0.5274613272530858,1.2973824041271218,-0.17746951722810023,0.19660465599305516,0.247683740751765,0.42333507306605167,1.474851921355222,381001,17,134
-1.079235735254212,-0.5683772917521277,-0.0663881471293219,0.31821711711607187,0.5178869246948478,0.5942216706033558,-0.5019891446228057,381002,17,31
-1.1685055420014434,-0.3040681816831867,-0.3248734851699989,0.32117420058699764,0.4998897248026284,0.6535642679544817,0.0208053034868122,381003,16,23
-2.3370202741079615,-1.1762238528378066,-0.38465309198359,0.599213731688227,0.8215526827281188,0.8720781631736683,-0.7915707608542166,381004,17,22
-1.2219656296909682,0.4090961567687546,0.5166700113060273,0.2652084190641332,0.3711969911498137,0.4992982387334996,-0.1075738545372727,381005,18,42
-0.8381929599148905,0.4039178216867287,-0.30540493263874935,0.19928949825077183,0.27907859632477944,0.5220350861732359,0.7093227543254781,381006,18,47
-0.11216400198421328,0.018546571838166527,1.4058353535098123,0.18247724928604447,0.2896986805719503,0.3335564392719875,-1.3872887816716457,381007,18,167
0.3993357007905204,0.4003923443554521,1.2001609494163283,0.01745977385671896,0.022100441053977474,0.025469913857486128,-0.7997686050608762,381008,18,303
0.7240946662198225,-0.6292222352550139,-0.6754631795691494,0.15706507355170693,0.31572917342482254,0.27506930686012165,0.0462409443141355,381009,17,197
-1.095851490462973,-0.28569758405108014,0.09552783084881077,0.30098330087777336,0.4730348133413752,0.5628873062812598,-0.3812254148998909,381010,18,36
-1.8500405054370517,-0.47719425199712157,-0.5497125556841364,0.4733792773634258,0.6771132265233383,0.8276949468830247,0.07251830368701478,381011,18,17
-1.2992250208880503,-1.7214528966592926,0.7838565267618444,0.38882159797461024,0.7073100121881261,0.5748246865235525,-2.505309423421137,381012,16,14
-0.23841580799347517,1.4359650175298697,1.8335790361075082,0.19632167509628184,0.20323446618345822,0.20920367107700258,-0.39761401857763845,381013,19,249
-0.18684661565414712,0.9543289475700721,0.561602843989423,0.20062343942727887,0.254537838301107,0.27619225721571966,0.3927261035806492,381014,16,192
-0.8930503645847084,-0.494667697283617,-0.19027364026453847,0.28169582415475886,0.462498500350018,0.5570454572642745,-0.3043940570190785,381015,16,33
0.4612434979804827,0.6921894512678932,1.1036814254432803,0.1440710162487136,0.2618608216194494,0.23797822579358813,-0.4114919741753871,381016,17,326
0.4802188701425028,0.5920438663650476,1.0332840654051487,0.1609511149819147,0.323305437308724,0.31585315650316576,-0.44124019904010114,381017,17,318
0.025758351358641025,1.1689010326954201,1.5917849841519693,0.09829538920532742,0.12583074570230812,0.13182381374709956,-0.4228839514565492,381018,18,289
0.11255964392326503,0.6878952770537073,1.0892557309384299,0.17990452600710422,0.18384386245058826,0.18951791082456854,-0.4013604538847225,381019,23,252
-0.09351028573345234,0.8513522439552923,1.6775095472516863,0.17271383496040132,0.23234175964091724,0.20079769068844983,-0.826157303296394,381020,18,229
0.019623214857848754,0.7258544837792159,1.578004981808464,0.08960501226965238,0.20231474855218912,0.10637146368769806,-0.8521504980292481,381021,18,238
-0.006530687859203162,0.8127614054008339,-0.37236932340084095,0.0574912081152586,0.10153237094366606,0.2580819437051748,1.1851307288016748,381022,18,184
0.4000115499888747,0.7997223927711521,-0.8451899383603084,0.02336105557485093,0.03237048664302488,0.2251983368935563,1.6449123311314606,381023,19,233
0.40110227778621443,0.38786821584132025,-0.13148695777605732,0.055209057994464725,0.10375351903405688,0.20387698993465592,0.5193551736173776,381024,19,194
0.47147190796972005,0.17439990371349293,-0.17015579967643246,0.15560242913543268,0.3129650825479258,0.29312887937699483,0.34455570338992536,381025,20,201
-1.2778035739045064,0.3622577556304721,0.43114983822427044,0.2813429042531348,0.4043840472775425,0.5334196244725666,-0.06889208259379836,381026,20,32
0.4003402663542706,1.8306209197925425,1.600522222241586,0.046113384571391865,0.20824296706402737,0.06593196345723827,0.23009869755095647,381027,20,374
-0.2628399314642963,1.7335012953521405,1.8361060097691067,0.1902338140676315,0.37215099698481907,0.2453642210781349,-0.10260471441696617,381028,20,289
-0.938344229981825,0.5663198641102984,0.19338363917753756,0.21483202678925026,0.2898218286447785,0.4610159347203332,0.3729362249327609,381029,20,50
-0.9430116135472979,0.49299951867561853,0.11719431453398495,0.22543804791428898,0.30939842459395694,0.48227230915731767,0.3758052041416336,381030,22,56
0.41602046194299014,0.3660432805249003,0.7813977087848998,0.0785228828953168,0.15754145297810548,0.09673959538355148,-0.41535442825999946,381031,23,251
0.279856025061614,0.15202126290267295,-0.2337662345840395,0.1839393591807607,0.25236312362478003,0.3069966443207423,0.3857874974867125,381032,24,183
0.4147615189485973,0.772715942928297,1.694550538264954,0.075825582051125745,0.14114390096965349,0.2020605836138409,-0.9218345953366569,381033,29,363
0.39237510509095175,-0.00686250683411853,0.08822858306542895,0.0713321707291294,0.1140519275288073,0.19309223340247983,-0.09509108989954748,381034,18,181
-1.325013912936744,-0.9775930849574537,0.13597704701227092,0.38174664262578384,0.6306268513473315,0.6409520406519378,-1.1135701319697247,381035,17,24
-2.0245206314003488,-0.9878165140995309,-0.48560611640520535,0.5333641239237417,0.7667339796363613,0.8464151747306562,-0.5022103976943255,381036,16,5
-0.023759733791988903,0.4398273913778008,0.4612961197822392,0.09554869405259094,0.16447591746843288,0.18678862236475438,-0.02146872840443842,381037,17,177
-0.033144970191116535,0.44340402316196703,-0.04962813253759385,0.1109138347023957,0.1546863519586124,0.24436498018120958,0.4930321556995609,381038,17,159
-1.5133231157502571,-0.19026970283864067,-0.703914897648425,0.38802059398871763,0.5662157047697602,0.7888547700629903,0.5136451948097843,381039,18,14
-1.3111112244932006,-0.5069778266493989,1.2716963169747408,0.33101571789147943,0.5353584852842412,0.4826372830062062,-1.7786741436241398,381040,16,26
-1.5974756281037146,-1.3797618473696942,0.3113507155600516,0.44382095885208905,0.7291455068542233,0.6873434323072963,-1.6911125629297459,381041,16,15
-1.464295295799897,0.2440918540300358,0.865898330100038,0.31918250280801314,0.45757345398301846,0.5281854777605476,-0.6218064760700022,381042,16,39
-0.8748862963673826,0.41793259242469977,1.0707553891019617,0.2075118992129303,0.297549564204962,0.34509552111390845,-0.652822796677262,381043,16,61
-0.3864352388106623,0.3703506952134125,1.140637685424309,0.09802446944421342,0.16064733040861584,0.18641573634248054,-0.7702869902108964,381044,17,114
-1.1930584091793164,0.7655546934431237,0.521633676298925,0.22657922764031688,0.2963031410759302,0.46815849010921623,0.24392101714419867,381045,16,46
-2.06491380999489,-0.994010598302523,-0.4710448061541217,0.5408956713210243,0.7727024085821312,0.8499088594163668,-0.5229657921484013,381046,16,4
-0.7945658699453284,0.7967359035068855,-0.7495392115699874,0.14377851492549448,0.1770230885132217,0.586235397385062,1.546275115076873,381047,16,76
-1.4304529762023879,-0.20318537688224414,-0.21770072979992516,0.3635339321248544,0.5417519831345783,0.7010742030130852,0.014515352917681024,381048,16,16
-0.8794368368712638,-1.0949000420855926,-0.12578270762394891,0.31177835843975793,0.5522202128596787,0.5638809210391853,-0.9691173344616436,381049,16,16
-0.8032730298471508,-0.007034279981116101,0.20345062994248272,0.22435346365677436,0.3407115776837257,0.4398501337510668,-0.21048490992359883,381050,16,57
-0.024463471605055832,0.05157885808964564,0.037220191016505484,0.10296163323889312,0.19418965551633488,0.22409256931691038,0.01435866707314016,381051,16,126
-1.1758153268873863,0.1171022724649537,-0.8968368997038114,0.29777808991623095,0.4464728405189043,0.7422490030051042,1.0139391721687652,381052,16,26
-0.3764665170266951,0.4082409161070634,0.4250279139185526,0.1438177433190813,0.2126621638172109,0.27714059331350277,-0.01678699781148918,381053,22,146
0.011149270037728108,0.774722583802071,0.27821762653578613,0.07438329341731827,0.14216204615489741,0.21065731921433553,0.4965049572662849,381054,22,236
-1.1896001172565853,-1.214730232805376,-0.4349611319051811,0.3804576320054364,0.6459547848397573,0.6954861280741614,-0.7797691009001948,381055,16,14
-1.4958326379309415,-0.9930382592793698,-0.030236791373523735,0.41867352963192045,0.6704734064926501,0.7038186875877754,-0.9628014679058461,381056,16,12
-1.5887430257053166,-0.8511647915401637,-0.6715831721743688,0.44624592354243153,0.6820931775481951,0.8035429124872132,-0.17958161936579486,381058,16,8
-0.9659205711154646,0.21028401058001456,0.17529673424739087,0.24422072576178236,0.36281976379141195,0.4890904183563053,0.03498727633262369,381059,16,53
-1.5147996213128414,0.3560971170069353,-0.15105141196662894,0.3345914627847307,0.46760042977357064,0.6989921938630289,0.5071485289735642,381060,16,41
-0.8168157345035553,0.13547467080059436,0.643137263562826,0.22568377680315524,0.36328471809976615,0.38620709718538687,-0.5076625927622316,381061,16,59
-0.9999149607934843,-0.3450100688777117,-1.01906085857086,0.3000231310588162,0.47329164269789537,0.7254582615371231,0.6740507896931484,381062,16,19
-0.002304597116114447,0.4016968829398354,0.36390792661166693,0.04265076714335592,0.054972508159444745,0.13750246530638682,0.03778895632816848,381063,17,155
-1.2613442790886953,-0.31698030268390753,0.5173989642875931,0.32655844867251627,0.5101793412301315,0.5481246048966375,-0.8343792669715007,381064,17,27
-0.2236142895911196,0.19554505671647732,0.10187505545962101,0.20011943007422076,0.253847015294889,0.34400403332665,0.0936700012568563,381065,18,113
-0.6285563104831147,0.2982043705222995,-0.47995101777212307,0.22061042602450495,0.3267825441646381,0.5133967385279705,0.7781553882944225,381066,18,56
0.7466643570037165,0.8823070026032594,0.851610560521469,0.13598403573258042,0.22165197986364893,0.14392839112626096,0.030696442081790454,381067,18,413
1.1854896578165288,0.426349383658427,1.9508242959264217,0.07570749003221891,0.13423599213906337,0.23548780072289305,-1.5244749122679946,381068,20,552
0.09034060558856404,1.4216443627565967,1.1165629711277887,0.16736000104250975,0.32958177529386357,0.18144741621513183,0.305081391628808,381069,20,279
0.7867130190844909,0.024471155633615394,-0.20871778359150983,0.0719794749119977,0.13365593310792395,0.2246944019332006,0.23318893922512524,381070,21,354
-0.03475913006015305,0.5962927950446668,0.36079838079063714,0.145896413985138,0.29141513435626004,0.24574021029733714,0.23549441425402967,381072,21,178
-0.007745920772846269,0.8207406427762032,0.403305486343959,0.06694982129320197,0.12913203909551857,0.12970585884193606,0.41743515643224416,381073,21,201
-0.30809688693956383,0.3189700046872731,1.043276954604155,0.171740758360792,0.19715284555638213,0.27970765157112976,-0.7243069499168818,381074,22,116
-0.9127431299168723,0.14758868089045066,0.8959944654227693,0.23027790292215145,0.34680737034178305,0.37578437599915476,-0.7484057845323187,381075,22,66
0.5050873189655617,0.1857049828961297,1.0320716714952958,0.17606159267482288,0.35046045650330204,0.29757833770316977,-0.8463666885991661,381077,23,326
-0.5583169119669632,0.7712768863483059,0.712077570569253,0.20650142082298684,0.3786570547706981,0.3500005632577789,0.05919931577905291,381078,21,114
-0.31015714623419355,1.1093907978482038,0.27689576897058854,0.16745968785982793,0.17303626714895165,0.2984026675869738,0.8324950288776153,381079,29,194
-1.2970076881413886,0.8192362206015764,0.759521223297703,0.24746079798346868,0.3431733496561455,0.4642346436930858,0.05971499730387342,381080,17,55
-0.4209408283790881,0.8490083434971614,-1.4857774158091615,0.11842886717715086,0.20703069694829968,0.6264378082171015,2.334785759306323,381081,22,126
-1.1553267273788301,0.31368367113137086,0.5206148758077529,0.26199170080368717,0.37330361759910735,0.48448569002566144,-0.20693120467638204,381082,16,51
0.7948303353605956,-0.381369537392492,-0.3730169459064403,0.04908365384133255,0.1092161064733722,0.12044305478877305,-0.00835259148605172,381083,20,262
0.04498325790443254,0.7150731264209489,1.156611743724197,0.12646058764039753,0.2409762919909624,0.13544935468486863,-0.44153861730324806,381084,25,269
0.1737814393983738,0.38165162385475426,1.8343805614594302,0.199159273636797,0.36325361935586303,0.2198516138636085,-1.452728937604676,381085,16,248
1.5925583506003917,-0.7937054421659999,0.024597139828455322,0.05520025808690827,0.061032721640749785,0.12082344923285175,-0.8183025819944553,381086,30,400
1.1984018436877606,-1.2029118383134771,0.004624168219836933,0.02750892733618434,0.05298399269980683,0.05447233531375081,-1.207536006533314,381087,30,298
2.005662861013183,-1.6022271995847077,-0.5546852012195909,0.07606725725243424,0.10036907418281721,0.2225041783869171,-1.0475419983651169,381088,30,437
1.5968933470205036,-1.1933147368006467,0.37145265108809666,0.04061540695449367,0.07359461701283311,0.1187327476957951,-1.5647673878887434,381089,30,417
1.1854730403074194,-1.571541471323913,-0.7992082194203737,0.07504013997061262,0.14579773056641612,0.11606191927831232,-0.7723332519035394,381090,30,200
0.4037776493002325,-0.05541327933179418,1.1996725020464853,0.051682655691203984,0.15638634087766048,0.07115091265121658,-1.2550857813782794,381091,30,262
0.2772636092166939,-0.6635529149066859,-0.6490750559352373,0.1852973164095446,0.2439264414522228,0.3462624242217181,-0.014477858971448598,381092,30,107
3.1263758303978904,-0.7066870693871918,1.4560637984154063,0.3018490913695883,0.3598609166513349,0.6853650314186388,-2.162750867802598,381093,30,651
0.12502086048024807,-1.0043075527221141,0.010230560856997657,0.18936811682589358,0.3351231063944266,0.33296960039927676,-1.0145381135791118,381094,30,121
1.638864803557107,-0.8377690661207108,-0.03765050103287587,0.11852091837361439,0.12237800377591478,0.13161870396585654,-0.8001185650878349,381095,30,443
0.40775797837810396,-0.8150150403997545,-0.2953804248484568,0.06531932130454257,0.1200884066703237,0.2072163029322912,-0.5196346155512976,381096,30,122
-0.264153052568503,-0.2855411647893282,-0.6424888981947708,0.20158608548344525,0.37084615047747127,0.4485441688425142,0.35694773340544267,381097,30,63
2.5384981397254722,-0.6186002135830254,0.18379047471708757,0.21443753978359892,0.31794943933195513,0.3715266715414444,-0.802390688300113,381098,30,604
2.3823305264632655,-1.5854533971105147,-1.1636530375136729,0.09115589311875649,0.10304257852562183,0.16108142516121263,-0.4218003595968418,381099,30,437
1.7404410924798068,-0.6719977919681219,-0.5552868902078456,0.1916334752380926,0.36906113853864575,0.2254198269447662,-0.11671090176027632,381100,30,415
0.7795145963954366,0.41562494171161596,0.28351453493351014,0.09000031087055563,0.1030530996740237,0.22367872537232475,0.13211040677810582,381101,30,318
-0.7813661173175076,-1.2341584883100332,0.5459754115907234,0.2903111102277808,0.5372517174565273,0.4565093906245082,-1.7801338999007565,381102,30,37
0.8016387750435228,-1.2542542473347114,-0.008532991308566577,0.041935622910853655,0.14961981252041642,0.07910549731673808,-1.2457212560261448,381103,30,166
2.4727889224799338,-1.1369746784254342,-0.8725362662265305,0.1683059288841283,0.29378748621006423,0.19866319779456595,-0.26443841219890374,381104,30,542
1.2355582462256238,-0.4422523712298236,-0.036646365470420425,0.11384872279721324,0.143213535134571,0.12412210010816319,-0.40560600575940314,381105,30,349
1.5557179497470752,-1.5580181860954159,-0.7622296553332287,0.12564633854981938,0.1404909591412507,0.14157818844144315,-0.7957885307621871,381106,30,291
1.3198274802254353,-1.12030590872085,-0.5645206945606371,0.1832656637855678,0.34840419588794297,0.2726063122330611,-0.5557852141602129,381107,30,273
2.5019919054036284,-1.2719898685618736,0.0030862934280592937,0.19028980836842502,0.24019335549766271,0.3175867388138607,-1.275076161989933,381108,30,540
2.3844702053379603,-0.7856336835255521,-0.39965622147332863,0.12209478130874933,0.13387381869154857,0.17975928936020868,-0.38597746205222344,381109,30,561
0.33918857109606104,-0.7782696717737169,-1.012170940379217,0.14802470496393222,0.21461672418543654,0.3416110067262413,0.2339012686055001,381110,30,95
1.2002700056163313,-0.4003968585963413,0.402158236787456,0.012496857985101055,0.017753979144794117,0.03464485551386603,-0.8025550953837972,381111,30,396
0.6699874435294789,-1.8204009735299083,-0.9355324714497573,0.18800623703815733,0.35301662597154104,0.3474021054298587,-0.884868502080151,381112,30,108
1.1998110236474144,-1.2006632245051396,-0.39535501280762597,0.017107858647155597,0.03182006715069186,0.04897087451265098,-0.8053082116975137,381113,30,270
0.8724386399079771,-0.9869886095112065,-1.1177823940941733,0.15488727702004157,0.3134608683414781,0.30985258047571584,0.13079378458296687,381114,30,177
1.551625292156242,-0.7192662940836996,0.007353730023181722,0.13064919375658432,0.22640390316634945,0.18961172947820007,-0.7266200241068813,381115,30,447
1.1990209256092652,-1.228604160335977,-0.39851466840461447,0.03014836869830152,0.11162659899183199,0.04524564754722011,-0.8300894919313625,381116,30,246
0.818971306258597,-1.2306890943020323,-0.5562004184850838,0.08571735627805298,0.14975385713645184,0.23092786484190872,-0.6744886758169485,381117,30,153
0.8033334192237287,-1.1655444891217595,-0.008715828186621512,0.043373892802905135,0.12921146478755074,0.07753986440176501,-1.156828660935138,381118,30,185
0.7962054182146223,-1.206687921835257,-0.9207756004213784,0.05149513343140485,0.09735643685899499,0.20258657130893795,-0.2859123214138787,381119,30,151
-0.7369929223121207,-1.1570194067118595,-0.41601086323142866,0.29430824570985664,0.5313888512185436,0.5695817515060696,-0.7410085434804309,381120,30,21
1.2004871260916896,-1.606353937463606,-0.4012094148902095,0.020697021670145636,0.05927689044866125,0.034824574397326835,-1.2051445225733965,381121,30,219
1.192618708897144,-1.9913260352965458,-1.3108184351113692,0.05990719619707238,0.11894343772956512,0.20126006721825998,-0.6805076001851766,381122,30,162
0.8594116927113233,-1.7406079630650613,-0.8821010248521841,0.14271103149828154,0.2905155858092738,0.2364495250000214,-0.8585069382128772,381123,30,122
1.0912568244343872,-1.7581637073290832,-1.9611195801392527,0.17825573025196062,0.3535082151165112,0.36757841235275784,0.20295587281016947,381124,30,134
0.7176758857754937,-1.8291614435004218,-0.6660101743782558,0.16228914840801661,0.3226511080201888,0.2826174011467931,-1.163151269122166,381125,30,125
1.1157206970077382,-1.4220018350154584,-0.8772138166822123,0.1633815091205817,0.3262488963354972,0.30287532112672705,-0.5447880183332461,381126,30,189
-0.7252314559370622,-0.30586155829149875,-1.2272532414542323,0.25398282355049756,0.41809663049444445,0.6887655018549446,0.9213916831627336,381127,30,29
0.5046445264336279,-0.5176231523571835,-0.236044395075471,0.17585859803426307,0.2130508447100517,0.3287327573768682,-0.28157875728171244,381128,30,164
1.1683988139029102,-1.9405964461484275,-1.3298431245957691,0.10869970089309405,0.21097807192391488,0.24919458798558872,-0.6107533215526584,381129,30,150
0.7841210646338861,-1.56328223229248,-0.39526649732075764,0.07938677781556716,0.16357156058228728,0.12303589906407962,-1.1680157349717224,381130,30,159
1.2442354545243042,-0.840240546444696,-1.2127697658314078,0.12562910347242076,0.13478704192637456,0.20090685369406858,0.3725292193867118,381131,30,270
0.395495357468339,-1.244260053855227,-0.33375914073968815,0.09298036784025279,0.19641334484819964,0.21079331657227177,-0.9105009131155389,381132,30,113
1.5687611339429919,-1.749859251944903,-1.1676750943226804,0.11009040429522256,0.25238489231577405,0.14488107472110306,-0.5821841576222226,381133,30,253
-0.2128151651733392,-0.3946061293179311,-1.2527748182405563,0.20917001139391414,0.38571488097130646,0.5471594606249164,0.8581686889226252,381134,30,70
-0.3906796697825234,-0.789525627010909,-0.9499099270771139,0.220497723456657,0.38920388700067626,0.5418582025765898,0.16038430006620485,381135,30,32
0.039577234867397997,-0.4598898124520398,-0.6594582506260638,0.12659190777610974,0.20595729013112704,0.3333657595971404,0.19956843817402398,381136,30,92
2.3589083712573102,-1.5330935660891536,-1.1356617061454195,0.12360813097454303,0.20322088655258594,0.19837540020757283,-0.3974318599437341,381137,30,439
0.3209068421370301,-1.7170375702079999,-0.8461553369369107,0.16962359826877116,0.3446897109670196,0.3417016036624302,-0.8708822332710892,381138,30,81
-0.39376998215077713,-1.1145724155403633,-0.06976610732029152,0.23141066916847378,0.43270804247357875,0.4165222077318469,-1.0448063082200718,381139,30,52
1.971817191253863,-1.5427786892921973,-1.0594465181022996,0.11278501091756454,0.2083223192330319,0.2516715690770257,-0.4833321711898977,381140,30,373
1.586992849301752,-1.179863714293959,-0.37369246167747405,0.07101673288087834,0.11512455757523574,0.13455059027647526,-0.8061712526164849,381141,30,367
2.527349135683395,-1.3294463054028502,-1.7395476089504427,0.1880585813177889,0.19597565938570594,0.2193300005700051,0.41010130354759244,381142,30,437
1.6659400372923128,-1.4041973782221353,-0.9731671152756987,0.15420981075049356,0.3100885802139526,0.3076267130701716,-0.43103026294643665,381143,30,281
0.9224095374940836,-1.8324745805472062,-2.1239650870156974,0.18455256696286682,0.3557627115799867,0.4244599411778917,0.2914905064684912,381144,30,103
1.20915619763994,-0.08252289495820005,-0.407810728984124,0.06302959782733754,0.1851423087045081,0.07668186621205506,0.325287834025924,381145,30,339
0.8690760755045348,-0.8865774214111434,0.25024500779482445,0.15120924670136285,0.20483430364640512,0.30010027433962266,-1.1368224292059679,381146,30,225
1.2592472280491664,-1.4287206779203552,-1.3197574110714914,0.14298863931653957,0.29536805066525346,0.2635217670833278,-0.10896326684886382,381147,30,193
0.28652545516016126,-1.053457489135737,-0.09362149976399509,0.18184207266001223,0.2988299008444369,0.33084058142598427,-0.9598359893717419,381148,30,112
1.8506873724616326,-1.8269466171472784,-2.674587106705806,0.19370066910029973,0.24332066727589505,0.36075214888804275,0.8476404895585274,381149,30,220
1.515904210156713,-1.3419287028361773,-0.698305317020198,0.16319164420164514,0.32247595996097644,0.2121723532607657,-0.6436233858159792,381150,30,291
1.207720020989302,-1.2103294982786628,-1.516959001557139,0.055520855177887074,0.08203366578454722,0.19977292281684159,0.30662950327847627,381151,30,240
1.5712803787667833,-0.37262975286891115,-0.7726568699715761,0.10336645969988,0.1078711340234277,0.11542567996421484,0.400027117102665,381152,30,412
1.9019305708009668,-0.30196238311984175,-0.061493360610287,0.17538920544555295,0.18524352778735192,0.31823352651462256,-0.24046902250955476,381153,30,510
0.358299047094453,-1.3997278976905476,-0.6813022619856464,0.13897800818132042,0.2927142166861884,0.29539535678589923,-0.7184256357049013,381154,30,75
0.9369131668742102,-1.0752861817163677,-0.6273358928699834,0.18980716477743118,0.3763152910871705,0.32621226925431634,-0.4479502888463843,381155,30,179
0.45513602886917326,-0.9458357975700145,-0.5465711482121254,0.14084218102700405,0.28749272438533247,0.2726212995500264,-0.3992646493578891,381156,30,112
0.17358342173660488,-0.3849430041127958,0.11980265333392101,0.19952128834721114,0.38051822059576795,0.32819532323934286,-0.5047456574467168,381157,30,124
2.938497120934469,-1.3271184281783517,-0.16072332906349504,0.22104461710953582,0.2434309850204847,0.3820953082510407,-1.1663950991148566,381158,30,608
1.2001224282283778,-1.2028440531750388,-0.8075440592162203,0.021335929835924205,0.04579632433897958,0.06483678258380603,-0.39529999395881854,381159,30,206
1.6005404060552317,-1.5999029176322286,-1.1848559108208303,0.027967263096361165,0.044970167541836484,0.08649812248296126,-0.4150470068113983,381160,30,288
1.4832999926105992,-1.7137551407700315,-0.6896262844904433,0.18220445549702902,0.35510715871080073,0.19860276668128377,-1.0241288562795883,381161,30,275
0.07372773940025189,-0.7486359366359208,-0.465419164043798,0.17773917512001303,0.31589925387803985,0.3466233439381167,-0.28321677259212275,381162,30,90
0.2749511251187537,-1.6060166034089758,-1.2316645418977166,0.19161791826200816,0.3664684111477238,0.4207629299039573,-0.3743520615112592,381163,30,67
1.622337023536027,-0.4348036082679976,-1.6564335783468174,0.09227439463338112,0.14839857772879894,0.185218824001193,1.2216299700788198,381164,30,345
0.3855190456071942,-0.6737334711651342,-0.09670412329934118,0.10519594998406741,0.23921512074690954,0.22797292580198128,-0.577029347865793,381165,30,120
-0.2820753778381258,-1.546419211206558,-1.0713631059840838,0.24595051151609296,0.4820722607882569,0.5519498530441473,-0.4750561052224742,381166,30,38
1.1607983621345848,-1.1200714831659253,-1.689045901285393,0.1191171143331705,0.23676166278171626,0.2680188210510166,0.5689744181194676,381167,30,215
0.3953577079312005,-1.486586865861269,-1.172904346329067,0.12032695531306838,0.2666626058123879,0.33281880480624726,-0.31368251953220216,381168,30,70
0.7647240410283819,-1.9400775263190317,-0.5744804425638099,0.11807414699055861,0.2402570538460887,0.2623581899667272,-1.3655970837552218,381169,30,113
1.608888117447533,-0.8110189968409204,-0.006432459568879512,0.0590914646602251,0.07728835965941508,0.07227101252729416,-0.8045865372720409,381170,30,439
1.6056242185670562,-1.6087507112610069,0.04654249382799247,0.049070735344456454,0.08037473578751178,0.14609214447617874,-1.6552932050889995,381171,30,364
1.5978632332309548,-1.1968794264779319,-0.8005694466514263,0.029848187928077828,0.04531027388426182,0.04673815514991135,-0.3963099798265056,381172,30,330
1.2235668855339956,-1.6647477359417675,-1.0978054697536306,0.09635999356080312,0.203345011344394,0.22700362753858613,-0.5669422661881369,381173,30,217
0.3690982972918222,-2.151925585281751,-1.8226562389776728,0.15739361860395384,0.35958533056296443,0.4710560233261364,-0.3292693463040781,381174,30,28
1.208843694850224,-0.8218090755274061,0.3890084509136161,0.058930342318301604,0.12318826029039477,0.07914629647229159,-1.2108175264410221,381175,30,345
0.8506374343271533,-0.4901202409411975,1.4539788254206156,0.13301906800552793,0.24350382842663887,0.2753221833465402,-1.9440990663618132,381176,30,321
0.8655467634441032,-0.9185446306219857,0.48674394898795525,0.14812308208458508,0.27475221250930565,0.28210197374561957,-1.405288579609941,381177,30,245
1.3017275320993829,-1.3033831987193885,-2.7746017512672565,0.1742793866724422,0.19174740399707868,0.43079002034854447,1.471218552547868,381178,30,169
2.2255066964824426,-0.6368546115514555,-0.6077828289462692,0.19930966791322433,0.22102697958565778,0.2370810855427316,-0.02907178260518628,381179,30,523
0.1091313938651074,-1.4736580721233044,-0.10792865303424935,0.19222038459452287,0.3813656363235008,0.30980348595288876,-1.365729419089055,381180,30,67
0.2971121922525032,-1.2179516533640429,-0.5033443095051854,0.17878929583078365,0.31723821499396143,0.3307469519609476,-0.7146073438588575,381181,30,120
0.915770344811556,-0.21910392053530628,1.1112032429930416,0.18140468004106067,0.3490765121852239,0.2257566226276804,-1.3303071635283479,381182,30,367
0.32241768425329426,-1.076702779342485,-0.3100529573439236,0.15962836338041453,0.28492224492587614,0.2702266571744442,-0.7666498219985615,381183,30,112
-0.3793960520317917,-1.7334445886248733,-0.5933688007088812,0.2606274977160582,0.5252110114877697,0.5070256567710287,-1.140075787915992,381184,30,26
0.7951409262371919,-2.7756446655686804,-1.2510616612686092,0.10128661706880113,0.28290575496019127,0.2479334801379431,-1.5245830043000712,381185,30,79
0.19689446099717642,-1.3151731877711825,-1.0175909235052982,0.20544770824861083,0.3785506463503602,0.41988823324074226,-0.2975822642658843,381186,30,65
1.2019960352843106,-1.2018281270920261,-0.007063574286150478,0.02886670706175919,0.04134830889847867,0.06459166314402276,-1.1947645528058757,381187,30,306
1.1291760187349207,-0.6171139432128708,0.008209574806758305,0.15457979216983095,0.3121348471295591,0.23343359140155878,-0.6253235180196292,381188,30,313
1.7610369757956847,-0.5846229116862295,0.2834289062195129,0.19645428635685258,0.24255715193032643,0.2672504346509588,-0.8680518179057424,381189,30,487
0.7992204249092589,-0.7968640731207456,0.41072350003025715,0.024095653437109125,0.04919049319035918,0.07256381960155653,-1.2075875731510028,381190,30,246
-0.15395684377347388,-1.0785959491891186,-1.2369336327410139,0.21488152848006173,0.38362344215769534,0.5317265922073274,0.15833768355189526,381191,30,39
2.0397638380934624,-1.6253766066538355,-0.8470169082498614,0.12053285359228771,0.1466587511549626,0.1514857933230342,-0.7783596984039741,381192,30,395
1.2057524241242625,-0.8047349331949126,-0.007217293259875373,0.04768310811169958,0.0539486454424776,0.06375243167658985,-0.7975176399350372,381193,30,343
0.8283644796179797,-0.8611027443110184,-0.07379226536945432,0.10287163879738202,0.20717663327540076,0.2113073734106351,-0.7873104789415641,381194,30,219
1.5947156905793054,-1.5133210514715765,-0.3951853586906438,0.05552943065713951,0.18269702413540442,0.06763264501255646,-1.1181356927809327,381195,30,324
1.9985249826631069,-1.196099441619236,0.08252456651283581,0.058890959426769696,0.07794435482497566,0.1815858527729887,-1.2786240081320719,381196,30,473
0.46516534331958354,-1.1497693602000651,-0.3484542049153125,0.15497592176102298,0.28571209828622934,0.28510095559554416,-0.8013151552847526,381197,30,114
1.6249766974769457,-0.43038342539754826,-0.050354485247175285,0.0969826831003154,0.12444519338809876,0.18446805345878656,-0.380028940150373,381198,30,455
1.2076973241503701,-1.8661549163886106,-1.153973099278847,0.07636425714704198,0.21964157619630856,0.1745249113975417,-0.7121818171097636,381199,30,183
1.6018587896629335,-1.5914258420274061,-1.224410595354936,0.04914649849803853,0.09097843805293719,0.11789075317858128,-0.3670152466724701,381200,30,276
0.8882711680506942,-0.9859457406264321,-0.2691435822140271,0.1661246882334896,0.331479511563349,0.3244037245701507,-0.716802158412405,381201,30,197
0.8774684355912514,-1.7741497275488047,-1.4523066927002677,0.158622378583506,0.31876822280485884,0.3300123954856197,-0.32184303484853705,381202,30,108
1.596885077239086,-1.9929110676136361,-1.6277840774978174,0.04141247331098661,0.0810220415026143,0.1237163199328947,-0.36512699011581873,381203,30,210
2.194553958039874,-0.9976076456318871,-0.03522830345992526,0.2008437499058169,0.2087902292078141,0.35477387400799487,-0.9623793421719619,381204,30,529
1.9623069246138203,-0.7621301972441933,-0.3093371665490412,0.11834945901395089,0.1232851673251144,0.23463768982635255,-0.4527930306951521,381205,30,505
0.6985047196365871,-1.122424996852823,-1.7821363119944806,0.1745610440912351,0.22973527717209455,0.4034947763912461,0.6597113151416576,381206,30,101
0.8011429887103045,-0.8014536706291588,1.1893877578876118,0.023048938085195567,0.03766343198862122,0.07161165879052951,-1.9908414285167706,381207,30,300
0.5068869238924114,-0.46511297863276935,-0.18492059538599634,0.17752049992523886,0.23702329266595024,0.30198946329978416,-0.280192383246773,381208,30,161
1.2929536623217557,-1.7821342163773346,-1.7006444291467322,0.1689925262009127,0.33095809423874806,0.29802639963868655,-0.0814897872306024,381209,30,178
0.47002831514330273,-1.0188184872857227,-1.4132080238351055,0.15799882820373254,0.3171064901721379,0.3842471615592066,0.3943895365493828,381210,30,89
1.3148963427494471,-0.23810742413516,1.06945752596479,0.18105108755372057,0.3584498158341962,0.26448448306881406,-1.30756495009995,381211,30,474
-0.4111966253724766,-0.6519930274006189,-1.53116761577402,0.22444175915820602,0.3917820336458801,0.6574968615990929,0.879174588373401,381212,30,36
0.4298370926122732,-0.502293896898004,0.33616580895155823,0.10783025896508304,0.23537947008849555,0.19966572155664786,-0.8384597058495622,381213,30,172
1.590348485468532,-1.9994188506832695,-0.7798604325404138,0.0627601372396174,0.0995690624018974,0.11880778822041738,-1.2195584181428556,381214,30,282
1.9992467527113353,-1.198547334538841,-0.5503041184830755,0.07276355326287123,0.08371316211920098,0.21925976151319881,-0.6482432160557656,381215,30,424
-0.1030501546027181,-1.3192543809583384,-0.2658062474207443,0.20265864810164397,0.39056631087811877,0.3725923057071674,-1.053448133537594,381216,30,40
1.5043271841903179,-1.1553497196456022,-1.0198774018620524,0.17112635453284672,0.2388909753981314,0.3218952277233447,-0.13547231778354973,381217,30,285
2.0172780037465037,-1.215173782109014,-0.41717966523916594,0.08254666637979506,0.08943774587629691,0.09945240671709359,-0.7979941168698481,381218,30,430
1.1992616388662867,-1.7951489075697598,-0.8024282619592225,0.0474461302361778,0.2112044914326397,0.08154745294362865,-0.9927206456105373,381219,30,188
-0.04587294561727616,-1.0022618126390719,-0.7032810983482598,0.1773132821547647,0.338504497086065,0.39406397730749515,-0.2989807142908121,381220,30,47
1.1899709332451927,-1.4661960905797013,-0.38444000713022475,0.06469503598360168,0.2102216069903283,0.10205493810955278,-1.0817560834494766,381221,30,261
0.3855903326341957,-0.40283086365136556,-0.048087950573384754,0.08245936298655107,0.12426222675039354,0.1789017922023752,-0.3547429130779808,381222,30,165
1.0707896000381107,-0.1966807181825664,0.2158289471351812,0.18722048356615206,0.31511472983909866,0.32927237103577284,-0.4125096653177476,381223,30,357
-2.3370202741079615,-1.1762238528378066,-0.38465309198359,0.599213731688227,0.8215526827281188,0.8720781631736683,-0.7915707608542166,381224,30,8
2.3586654601734898,-1.1506950586747093,-0.35760650374348324,0.12978877964144706,0.15762054163937578,0.1774471663170371,-0.7930885549312261,381225,30,503
0.7346187483766913,-1.644725865505149,-2.0426002595678496,0.15073066001857277,0.27882772574303766,0.41330394973548384,0.39787439406270053,381226,30,90
0.05054545191741374,-0.6886623836604483,-1.9698289669631286,0.17836287040244686,0.3248071273948259,0.6007903149444122,1.2811665833026802,381227,30,48
1.6073031602085768,-1.2069692249851705,-0.3997630737650935,0.0541905205946286,0.06005942414955785,0.07840763287213309,-0.807206151220077,381228,30,342
0.41565165514818403,-1.5375551630992024,-0.02961049391951441,0.09710523984271774,0.2334568759769537,0.1578282050612475,-1.507944669179688,381229,30,107
1.7302191962062876,0.6680577630612659,1.1899019343517858,0.1899680148244173,0.255064348279397,0.34758289427984335,-0.52184417129052,381230,30,590
0.06509539444122542,-0.894847897820763,-0.09639728714674863,0.15817203317320272,0.27440292173120207,0.27693092863692664,-0.7984506106740143,381231,30,65
1.201474788667703,-0.42566555987541527,0.8517334114101723,0.05140440160609297,0.12195887851912125,0.15264494550434213,-1.2773989712855875,381232,30,425
0.408126623274465,-0.4174848791151853,-0.24020769615116067,0.061164417121239524,0.11637823580269807,0.21800510538071363,-0.17727718296402462,381233,30,130
1.7981879209198122,-0.9983609923213873,-0.3920239419093342,0.20008324554084925,0.20406133435266985,0.38925348071289445,-0.6063370504120531,381234,30,409
1.7265931493063842,-1.7013724294828987,-0.08551564042766223,0.1868640315936074,0.22753957579158687,0.24623069996444996,-1.6158567890552364,381235,30,366
0.4465436500699396,-1.5140111689687121,-1.3983310620620224,0.14573514385095035,0.3025521432954693,0.37610957205205936,-0.11568010690668973,381236,30,88
1.9904109658721558,-1.5871302463123942,-0.7928703300561043,0.06196048963674488,0.08759955437673907,0.07239980853577561,-0.7942599162562899,381237,30,392
0.7259095895089381,-1.4571802061586823,-1.2380195385274808,0.15579690306010138,0.3018764076810927,0.3134640655521568,-0.21916066763120146,381238,30,113
0.2735034916297939,-1.4764029437659132,-0.580179698458432,0.1899184116401223,0.3502024672429671,0.35028352698417675,-0.8962232453074812,381239,30,101
0.2716515721220009,-0.8509263911983557,-0.9551844096098671,0.18918533169237273,0.3493239060245931,0.3836823014824492,0.10425801841151139,381240,30,105
1.2325093386296389,-1.5389567282671397,-0.9695490095945114,0.11477445999984469,0.22313650843215324,0.25943841218737895,-0.5694077186726283,381241,30,227
1.2037556403069094,-1.0268598762694598,-0.6785392214295265,0.09749851331320643,0.24151117381917273,0.22994991749689872,-0.34832065483993335,381242,30,222
1.5946690539756605,-1.1937562997095972,-1.1926362018807914,0.046034197119063786,0.05813241551237719,0.07574931692190684,-0.0011200978288057328,381243,30,287
1.233335202905867,-1.2724444508862127,-1.3511397110711005,0.11091720958907447,0.2238777981156453,0.25288549997090465,0.07869526018488782,381540,22,202
-0.03538619326409858,-1.080182611849812,-1.4441176527460602,0.1781049019884975,0.339344186572484,0.5201609935531306,0.3639350408962483,381541,22,62
-0.6864797842100827,-0.8416088921118345,-0.33560448216713856,0.26987293350077407,0.47189419923449216,0.532032529325224,-0.506004409944696,381542,22,40
-0.03040074725362366,-0.7180422817202122,-0.5719213954470761,0.14428278407882814,0.2688110039445915,0.3448381704296404,-0.14612088627313613,381543,22,79
-0.13376453217924256,-0.49907473945441283,-1.5232026456725951,0.198468944265512,0.3698448163890369,0.5713422763755368,1.0241279062181823,381544,22,82
0.9686209414917413,0.3222161564243211,-1.579073801158406,0.19785685407551482,0.31294669682308296,0.3771404654885217,1.9012899575827271,381545,22,300
0.12161378561256939,-0.6844791445004952,-0.7802083638217635,0.1900440154427386,0.36516368980701924,0.3885306805120542,0.09572921932126832,381546,22,77
-1.7007977514131452,-0.09056704410704018,-0.6112247247760503,0.417961611083743,0.5891670596826598,0.8092820369889586,0.5206576806690101,381547,22,16
0.797571947385797,-0.7940823863084028,-0.45652939545429655,0.03455783381416945,0.067811401433166,0.1484818884881406,-0.3375529908541062,381548,22,188
0.559656925336663,-1.1555201687357464,-0.9299579570582742,0.19658724369683497,0.38042714184402143,0.3543047493889468,-0.22556221167747215,381549,22,112
-0.3811513467074552,-0.9928454436225375,-0.10544223721509403,0.22347940943863928,0.4106988824171352,0.41135432276857103,-0.8874032064074434,381550,22,40
1.5878003341625722,-1.5740299091123555,-0.7944484212008248,0.0694084289040745,0.13847482434130512,0.08958658534653943,-0.7795814879115307,381551,22,273
-0.17987759403332984,-1.261949472051942,-0.33785239082795526,0.21988673335624231,0.41663606124160146,0.40566426657543553,-0.9240970812239867,381552,22,33
1.598373700915766,-0.39955960806271734,0.3416380951597351,0.045055902673803744,0.05617269127153945,0.15503724016974227,-0.7411977032224524,381553,22,431
0.4654379717792378,-0.8883805455982771,-1.4786269393520224,0.14866429133181577,0.22590768416921161,0.38717274745653507,0.5902463937537453,381554,22,110
0.5124940394696276,-0.9741204290131344,-1.547636941439525,0.18010392164218242,0.300862068047176,0.414712889487099,0.5735165124263906,381555,22,111
0.6410790036222794,-0.9243874515058679,-0.8915369932910012,0.19598674036157337,0.3581590588837467,0.3577844067811239,-0.03285045821486665,381556,22,144
0.1162689252455148,-2.1010639381210394,-1.3758993715979457,0.21462990563594297,0.46265310156997824,0.49492799023534306,-0.7251645665230937,381557,22,37
-1.3848911042243597,-1.2835613528262757,0.08849815020850688,0.40761324609325617,0.6842382658519698,0.668488185995986,-1.3720595030347826,381558,22,12
-0.569543529796586,-1.9866809795995004,-0.6480114294356799,0.3011904148841226,0.6088989553527354,0.5774985266536433,-1.3386695501638206,381559,22,24
1.2049117389912005,-2.0670368496497304,-2.034932118530903,0.0670408853336193,0.18040675567363013,0.24951661810992357,-0.03210473111882761,381560,22,140
-0.2906480562786987,-1.6877222878122704,-1.2221859456803457,0.2531844619195692,0.5052761233983711,0.5834343127734916,-0.46553634213192474,381561,22,39
-0.4736281484771389,-1.3040493606206789,-1.1481230544942658,0.26303785158271814,0.4929821855691031,0.617423830812387,-0.15592630612641312,381562,22,34
-0.41243159902080034,-1.2018826594569811,-0.3030368170743278,0.24012723325672522,0.45178878391455457,0.4557167997606565,-0.8988458423826533,381563,22,49
1.6021170364225774,-1.6287901261154212,-0.3961939753700999,0.04874920406681641,0.12431759264228658,0.0781765432358044,-1.2325961507453211,381564,22,309
1.5532741861517616,-1.5133522862233688,-1.50915204800338,0.128529166973104,0.24233779253651222,0.24102659409422703,-0.004200238219988828,381565,22,238
0.017312952601452866,-0.8811306829971609,-0.58697689686708,0.14444559044653613,0.27235354572000636,0.3391008296641009,-0.2941537861300809,381566,22,62
-2.0245206314003488,-0.9878165140995309,-0.48560611640520535,0.5333641239237417,0.7667339796363613,0.8464151747306562,-0.5022103976943255,381567,22,5
-0.34892790993370276,-1.2557501143260514,-1.0955987007159786,0.24237301211786785,0.4559846060289698,0.5695052127450889,-0.1601514136100728,381568,22,39
-0.29090413519597785,-1.2813409969415444,-1.1733422642452827,0.23845459306158223,0.449869075469554,0.5674030337454857,-0.1079987326962617,381569,22,40
-1.446073246868429,-1.137227959941976,-0.7478520957242007,0.43475314473098364,0.6938478173833246,0.790457286571412,-0.38937586421777515,381570,22,9
-1.342079855641959,-0.9936390699982073,-0.80504779832467,0.40737117171827064,0.6547109103377412,0.7773227413811931,-0.1885912716735373,381571,22,11
-0.14611236054762453,-0.8051198429120635,-1.4995309719070007,0.20788299456809609,0.36551492831505916,0.5746701257767127,0.6944111289949372,381572,22,56
-1.955183310614116,-0.3347992092542286,-0.5064806598116607,0.48408431869680596,0.6752238473591015,0.8370087207384512,0.17168145055743206,381573,22,12
0.37364158739455583,-1.930474454433058,-2.2051221037794217,0.15001046516882138,0.3257323537284691,0.5389154526264391,0.27464764934636365,381574,22,46
0.5875579139916423,-1.7170417959254245,-0.7365263934598257,0.20047722066143564,0.37197751964272635,0.35165643166050903,-0.9805154024655988,381575,22,89
-0.12998237047936848,-1.8641704210136814,-1.2924400898724062,0.2322892546240504,0.48082657467627826,0.5461301462074937,-0.5717303311412751,381576,22,41
0.42220315335670533,-1.5728902258493558,-1.092740392300253,0.12441848545162508,0.2610429167999983,0.3215656514360109,-0.4801498335491028,381577,22,74
-0.6216074936344912,-0.6625817536228611,-1.014785784772136,0.2558848920821108,0.4319925918674391,0.6259906347304153,0.3522040311492749,381578,22,47
-0.9641793485931659,-1.0862419079833359,-1.0499441313837241,0.3411307292936385,0.5862412238576611,0.7319686225310729,-0.03629777659961175,381579,22,18
-0.5613470324037229,-1.5547302849574485,-1.076914350921344,0.2890193485112241,0.5533332902435885,0.6362999710034524,-0.47781593403610456,381580,22,25
1.2320605449167958,-1.234717999289991,-0.4721896558098556,0.10865533031066141,0.129678700626443,0.21641418202617102,-0.7625283434801354,381581,22,251
-0.6136774720351473,-1.0885151226350276,-0.117507558237702,0.2674182102520483,0.48634303596589584,0.48608683696971244,-0.9710075643973256,381582,22,25
1.483327344556731,-0.9425440032921321,-1.2763169352444352,0.1832117820905643,0.3614394999019468,0.3427995126964065,0.3337729319523032,381583,22,282
-0.1597417247589333,-1.7958856972894026,-1.7770502654111358,0.2395556317055424,0.48670545635011075,0.6421873004227441,-0.01883543187826686,381584,22,38
0.3582428238972814,-1.349398855340329,-1.9058282982853365,0.14519771437052198,0.2959706330141061,0.48206583832278893,0.5564294429450074,381585,22,56
-0.5443567823371104,-1.077086961560357,-0.411656216471872,0.25797802458953256,0.4701418492900802,0.5081490117690726,-0.6654307450884851,381586,22,32
-0.5687149108042295,-1.1895246223021017,-0.76889156817836,0.27092180786014497,0.49729066420650836,0.5779829120628925,-0.42063305412374163,381587,22,33
-0.053286282086072244,-1.3197308072505616,-0.8408345158144662,0.19130636363297454,0.3710991115122058,0.4271280882851542,-0.47889629143609536,381588,22,42
0.794979779384673,-0.8000239695804143,-0.9721657208969406,0.050121652977012085,0.07411814198379575,0.2160169620458408,0.17214175131652631,381589,22,166
0.30256217464190427,-1.0921382202050127,-0.8360712500829139,0.17406948806360661,0.28010496011963465,0.3475554460431605,-0.2560669701220988,381590,22,85
-1.1981415460924865,-0.8003094833685734,-0.8904736586192249,0.368519320263866,0.5955214109272274,0.7578135416063556,0.09016417525065146,381591,22,18
-2.1065738700128294,-0.8798990672542722,-0.4555573432133766,0.5421733731200524,0.7661153052550727,0.8529727345553784,-0.42434172404089565,381592,22,10
0.8045405030143462,-1.2119465151054603,-1.103480613090796,0.04911199268877609,0.09906310626994838,0.21241070806213924,-0.10846590201466433,381593,22,140
-1.163194525113123,-1.3946467154864999,-0.91703458564193,0.3942951369046327,0.6732871438070596,0.7604622563845315,-0.4776121298445699,381594,22,8
-1.0556440338179345,-1.2213319639444515,-0.6304936220611768,0.3588653361176474,0.62074407885765015,0.6922892732444459,-0.5908383418832748,381595,22,17
-1.4497724087679853,-1.7670190284267022,-0.3359434146185122,0.45272767200242736,0.758254336361503,0.7454193008071898,-1.43107561380819,381596,22,16
1.6083538430993383,-1.6175714134457824,-2.4447665383866637,0.05981099028743543,0.11591586915952376,0.21692000745416173,0.8271951249408813,381597,22,226
0.8397077193598877,-1.6811669145933708,-2.0611930516219665,0.12114602509851415,0.23891531014083106,0.37458956876641997,0.3800261370285958,381598,22,112
-0.5439373454024702,-1.1504908760956158,-1.0059819611741343,0.2669217054647637,0.48754370002407893,0.6106492394011892,-0.14450891492148155,381599,22,32
-1.1059035640824357,-0.598776329507138,-0.948539685761736,0.3378910387398219,0.5423348259529595,0.7433882497285016,0.349763356254598,381600,22,21
0.005015042311192124,-1.079223677296093,-1.9198808386174395,0.178954814206766,0.3405314277930451,0.6033734792604906,0.8406571613213465,381601,22,41
0.0328505226575806,-1.8048173631249562,-1.7155131913241446,0.20521295817963295,0.42812962079152667,0.5679747349933165,-0.08930417180081163,381602,22,38
-1.8531568922689887,-1.3291770989519143,-0.5551210162015668,0.5199662186089707,0.7788276096205005,0.8328021548143205,-0.7740560827503474,381603,22,7
1.6304992053607363,-1.4472945106999546,-1.24497583667358,0.10894132427263356,0.251727617801505,0.1691042343603854,-0.2023186740263747,381604,25,259
0.7905351830108281,-1.586420015863851,-1.9950872331224248,0.07173543107373444,0.141595297323638,0.342114325820554,0.4086672172585737,381605,25,117
-0.21918492057782057,-0.8112515661537648,0.1894884141827562,0.21232772363573074,0.38874101662102617,0.3426167710730782,-1.0007399803365211,381606,25,63
0.6948752548723292,-0.7438213788777717,-0.5588727841663008,0.17649199481307754,0.243415890033145,0.3318575367729526,-0.18494859471147085,381607,25,163
0.5558656708437877,-1.4464908036010353,-1.3906804395655579,0.19567900045799896,0.3458800491458057,0.4025884892985665,-0.055810364035477456,381608,25,115
0.22867269450745642,-0.5519199849547716,-0.11637484790222831,0.19971278369404163,0.3205047213202067,0.3451043610410815,-0.4355451370525433,381609,25,128
0.515368936127275,-1.0659681066926086,-0.9564673252869147,0.18243321029823306,0.35892548378879213,0.34217894447511965,-0.10950078140569386,381610,25,110
-0.6663829406168919,-1.079497045107007,-1.2797358033890356,0.287990800268768,0.5129893698671633,0.6927689368115498,0.20023875828202864,381611,25,33
0.7730685279732421,-1.2087263000674588,-1.9443233790397136,0.10475016212031352,0.1705877445202202,0.35586605988767406,0.7355970789722548,381612,25,119
1.1576878695825252,-1.5184201036216534,-0.3682244916737167,0.12306400773968862,0.23828335419784974,0.14520288683288793,-1.1501956119479366,381613,25,224
0.37692737850980945,-1.1461200511995226,-0.8030431786956894,0.10520833287468924,0.20849181585533158,0.2680359786783707,-0.34307687250383323,381614,25,95
1.5590730981769938,-1.52307607134489,-0.7333541287161615,0.12124988115454213,0.23061611322101172,0.2052210352975053,-0.7897219426287286,381615,25,282
-0.05907629507900934,-1.1305813905136077,-1.8513765211292468,0.18741505843565429,0.3489356002029688,0.6099317338830309,0.720795130615639,381616,25,33
3.1302734246290473,-1.898495455646302,-0.2190039013252969,0.22148165526318736,0.2772441573583485,0.39758100505095906,-1.6794915543210052,381617,25,550
0.8167707881937373,-0.8446528193721118,-1.1371555578173234,0.08248627466050083,0.1728975285323243,0.2301370310484478,0.2925027384452116,381618,25,151
0.8176231340911977,-0.8454102642510863,-1.1383956852841313,0.08409101711043623,0.17520998256865705,0.23132548703360636,0.2929854210330449,381619,25,151
0.4303365841202631,-1.3441533526813725,-0.6284264334943027,0.12300980294898668,0.26875235563482497,0.27868687059017533,-0.7157269191870698,381621,25,84
-0.7986610657876386,-1.9787616540031028,0.2349277864578862,0.3253874678542348,0.6476815108630275,0.5210316153380392,-2.213689440460989,381622,25,18
0.3393877201100428,-1.683731343733711,-1.1310392366822184,0.15877542159668268,0.32438352105224677,0.3667715946852064,-0.5526921070514925,381623,25,60
1.568492859737909,-1.5660053293322318,-0.3692626227099484,0.10778431464884738,0.12837873319284046,0.11532255883877077,-1.1967427066222833,381624,25,309
0.8310140983887315,-2.8751921346540077,-1.9010067592111277,0.12677249907224217,0.32541222403799414,0.3559813832716233,-0.97418537544288,381625,25,62
1.1596492009775052,-1.5574147583798241,-1.7322072733199423,0.12082581170343652,0.16684762659586352,0.2786072187539305,0.17479251494011816,381626,25,175
0.8162228786682684,-0.8260731421332865,-0.054669025940862856,0.07897700299774478,0.1331136511344027,0.17548269349595708,-0.7714041161924237,381627,25,203
1.6058679473216086,-1.6646238424940345,-0.8254331345490672,0.07006994853327657,0.17766866192899686,0.13757191820140519,-0.8391907079449673,381628,25,286
1.6039205401180077,-1.5645640525026114,-1.21010915232204,0.055300752869243894,0.13817941696781502,0.09606392713094958,-0.35445490018057146,381629,25,275
1.2012813531319697,-1.2165945774815126,-1.4654027959188127,0.04904052120944935,0.10591363782840829,0.20939822245516618,0.24880821843730017,381630,25,182
-0.33011277115305676,-0.9561052235346192,-1.5789453520580952,0.22755552310582958,0.40823543716659855,0.6466305797672682,0.6228401285234759,381631,25,42
0.7512873797969715,-1.9951485429709737,-1.6607502543596036,0.13492309997983945,0.2731301508886848,0.34036699299421763,-0.3343982886113701,381632,25,106
0.27776481184673785,-1.6709796062557516,-1.014902698079668,0.1905581622987225,0.3739506835605784,0.39142282722277244,-0.6560769081760836,381633,25,65
0.5972963956502374,-1.8610663767837237,-1.544146079869549,0.20123376479934135,0.37315278134535984,0.41860928135328396,-0.31692029691417467,381634,25,60
-0.7609911681003617,-1.587563184630365,-0.1991172928697779,0.3135752993168229,0.595677322817941,0.5560135861962011,-1.388445891760587,381635,25,25
0.8038050231341145,-1.2239012819241928,-1.5352801329019772,0.05744528422939124,0.12663769448049847,0.263503474742241,0.3113788509777844,381636,25,120
-1.3826422064112733,-0.8813760728719205,-0.7809825818607603,0.40876305972019605,0.6468671079874776,0.7808833435591652,-0.10039349101116024,381637,25,14
0.8408264007706014,-1.7166605491798066,-1.4035342618893152,0.1231675145353116,0.2601711681477863,0.2917697856462807,-0.3131262872904914,381638,25,95
-0.3389006095425201,-1.7409358133569106,-1.3033820241390126,0.26241035987829053,0.5253193166804341,0.6129456208528998,-0.437553789217898,381640,25,34
0.5380698925824481,-1.6952102586623152,-1.0251393345704662,0.19240552620613177,0.35643726821978167,0.3579178632119798,-0.670070924091849,381641,25,74
-0.630019580964194,-0.2954125727513544,-0.42927016599652695,0.2341756610080248,0.3826068058595645,0.5131626220930782,0.13385759324517255,381642,25,57
-1.1737475729133628,-0.9396088844938595,-0.9070335876121323,0.3722037865414158,0.611480320915938,0.7565215075858561,-0.03257529688172722,381643,25,21
-0.6751764635591692,-0.8616765464580707,-0.8844368909020701,0.2743273349597484,0.4783675127198176,0.6229432076308218,0.022760344443999436,381644,25,28
0.3761103928394414,-1.00906690989389,-0.2201274018294059,0.12186265881042266,0.26742144068409257,0.26362291945261374,-0.7889395080644841,381646,25,126
1.5746845814573163,-0.7401803242018172,-0.7753543096256744,0.09782605255699126,0.20032142450100052,0.11044849425489585,0.03517398542385719,381647,25,365
1.0329534993439953,-2.3773205346533777,-2.3060807276087862,0.19768627617014597,0.3791070069668797,0.4397988275919396,-0.07123980704459143,381648,25,93
0.3737227115475158,-1.6890531434004052,-2.0802539944344858,0.140910936457624,0.2988938142753594,0.5100077888245564,0.39120085103408053,381649,25,53
0.5127999869937535,-0.6958406458198473,0.2643043631041805,0.1802148618338802,0.34837653469837737,0.23402670832091774,-0.9601450089240278,381650,25,171
0.7988764012990933,-1.1669093464847387,-0.34051148976236995,0.05893478009692246,0.13951646359389128,0.16485284625183752,-0.8263978567223687,381652,25,179
0.3921369060396203,-0.3857497665324846,-0.8163189914761108,0.05826984727675442,0.10362616336643679,0.23558316297848123,0.43056922494362615,381653,25,136
-0.3472790176854185,-1.235725610487396,-0.49928345567052906,0.23632000913502577,0.44655882469374286,0.4689361582913962,-0.7364421548168669,381655,25,37
0.1113704661993836,-1.479477043241225,-0.35632115989447627,0.19451768264541913,0.38492768683348116,0.3564796685108013,-1.1231558833467488,381656,25,73
1.2008329121804626,-1.1974102667163307,-0.40371628846630925,0.022803028149643627,0.04649814601083343,0.04779461427133376,-0.7936939782500214,381657,25,275
-0.5202867604041767,-1.4387123727125795,-0.5355604381333984,0.27079713490912255,0.5180341446691182,0.53138769659744,-0.9031519345791811,381658,25,33
-0.5314028297131052,-1.405153638085021,-0.5569326768486044,0.2715749499117484,0.5164119260777499,0.5372059602279866,-0.8482209612364165,381659,25,31
-0.24506577097782103,-1.984266018999726,-0.16375086587831042,0.24597265087559808,0.5205535101404175,0.42298267336921935,-1.8205151531214157,381660,25,46
1.573338862803108,-2.360852497497169,-1.8537407321488824,0.10177111676044541,0.18352283076913462,0.24397561149078056,-0.5071117653482868,381662,25,191
0.3070015364353812,-1.4253810680560697,-0.867750797534642,0.173628820196968,0.3366722355504388,0.3507807939371863,-0.5576302705214277,381663,25,77
0.9688936126744748,-1.10539650551453,-0.7790846031107971,0.19760577115205327,0.3713537436713854,0.3692174440069541,-0.326311902403733,381664,25,183
1.606220126288438,-2.009535514760482,-1.2173127446348806,0.05040401645965135,0.08725579597044163,0.10350849571590415,-0.7922227701256013,381668,30,247
2.012082211324138,-0.011987215988848322,0.8727966270968763,0.12390576625209333,0.1530120639394578,0.2753277521482168,-0.8847838430857247,381669,30,626
0.30295528493522855,-1.3913881530500685,-1.1009783070770203,0.17632729452955898,0.3444306595709434,0.38449602048528925,-0.2904098459730482,381670,30,68
1.4197205283678966,-0.9027350547738514,0.18296760965017903,0.1990637435062766,0.35218777641041915,0.21218517009278093,-1.0857026644240304,381671,30,350
1.2545718442074598,-0.8537046293694116,-1.2039005494394,0.13736592401298894,0.14344513132326983,0.22373073654294812,0.35019592006998834,381672,30,265
1.5017105033880316,-1.03050666981324,-0.9017851399566259,0.1722736873587551,0.30953670113394405,0.32945425401428813,-0.128721529856614,381673,30,319
0.8183460956448032,-0.8305668268952453,-0.8562772416923997,0.08375628363135657,0.14515539871809605,0.18276040030491914,0.025710414797154413,381674,30,185
0.05473141462064484,-1.344800318454975,-0.5576121279969538,0.1768422420706415,0.34776272550077264,0.357045377489233,-0.7871881904580212,381675,30,57
0.040686618355266366,-1.0184994883629284,-1.2474796635444696,0.17427688151761164,0.33575134941328405,0.4630877224616325,0.22898017518154123,381676,30,63
1.2933205435934785,-0.8942263643874557,-1.1102768015190305,0.16920317295421294,0.1765575414277806,0.3213723126275408,0.2160504371315748,381677,30,266
0.6407173907828129,-1.325197803048706,-1.220984938671067,0.19619182709744812,0.3629158701433856,0.3711060852401083,-0.10421286437763899,381678,30,107
1.996089532121876,-1.1978532511254212,-0.39381573275950255,0.04624230098912052,0.057158016131809895,0.06747740345649758,-0.8040375183659186,381679,30,436
1.2580430602890422,-2.055307869426226,-2.2331521020684217,0.1416328755400849,0.2230772569621453,0.3365544759059327,0.17784423264219562,381680,30,126
3.0944949691383616,-0.6924238719319331,1.483824027211517,0.29786807024397427,0.3558550829599991,0.6819328305530742,-2.1762478991434504,381681,30,641
1.2281470622246697,-0.8575117708105302,-1.3582080481705565,0.1025407926878849,0.20335505853173125,0.24727266718437557,0.5006962773600263,381682,30,239
1.242923608301693,-0.8899023740173128,-1.3418480923092075,0.1239912539061763,0.24823385149398702,0.2617497696734989,0.4519457182918948,381683,30,238
1.1366366671234753,-1.286958568887735,-0.7548562818644047,0.14687770902909628,0.28009857967706436,0.19077628350424555,-0.5321022870233303,381684,30,210
0.45978876350754855,-1.7635191417092744,-1.092074793703525,0.15281366177447753,0.3186158233202365,0.34067188597500897,-0.6714443480057495,381685,30,59
-1.5569011078204826,-1.4222648401553832,-0.16322734403808195,0.45358833244862395,0.7363298153402574,0.7400406487013176,-1.2590374961173012,381686,30,16
0.8901971799150475,-2.3990179221167494,-1.5780141438244049,0.16901711145010284,0.3628839127885453,0.35345822650170083,-0.8210037782923445,381689,30,89
2.5002381548573274,-1.7070121199101496,-1.306533896848831,0.17477164747737478,0.19440793461867864,0.19637516031050922,-0.40047822306131864,381690,30,462
1.7120737535013741,-1.2256100785808448,-1.009885667737853,0.18007922593021236,0.2811866365770564,0.33981183861599795,-0.21572441084299188,381691,30,337
2.6245231931008597,-2.046663562723638,-0.6882349980277506,0.21071395747013333,0.3932380131971184,0.309689678062951,-1.3584285646958874,381692,30,505
1.5376150997159916,-1.5349121415785887,-0.663914415419474,0.14523350638339427,0.16485228167735672,0.28955271434472674,-0.8709977261591146,381693,30,290
1.9979686308738749,-1.9927551902771983,-1.5883434291998273,0.04755493095370359,0.08528359590080689,0.09427799798125927,-0.404411761077371,381694,30,310
0.4009781938386388,-1.9336834475361022,-0.761373203266972,0.1294243184708139,0.2997624982422667,0.2857697155892056,-1.1723102442691302,381695,30,57
0.6745008990920243,-1.8922972767064283,-1.7635678192654343,0.1867802750514302,0.3466543314186924,0.4174351764420286,-0.12872945744099407,381696,30,80
0.7962964007450223,-1.760735232390497,-0.957563191998721,0.08069818452370624,0.23123184810073194,0.23168893316778894,-0.803172040391776,381697,30,131
0.4951880058936865,-1.778519575527793,-0.8060703935052926,0.1740740162686226,0.34283230854667246,0.331666746276646,-0.9724491820225003,381698,30,76
0.46936894570176274,-0.505826385394164,-0.9322199252336381,0.15153482872294244,0.24584562130414347,0.3132213236515151,0.42639353983947403,381699,30,121
1.2431466351091351,-1.7196157230768676,-1.005693336349834,0.125518655765448,0.26238424305947655,0.27422534215248884,-0.7139223867270337,381700,30,178
-1.3283742060522399,-0.6568628749646437,-0.4152318200700349,0.37708450957515754,0.5946702458650304,0.7155023895046345,-0.2416310548946088,381701,30,19
1.2037340946687458,-2.086705870906233,-2.233847495686392,0.07032974843659742,0.1958707062806753,0.2841351552822863,0.1471416247801587,381702,30,112
-0.5386084787378712,-1.2335566554877029,-0.2791183360713142,0.2624739440677941,0.48926488135470025,0.49157121591223235,-0.9544383194163887,381704,30,31
0.07159311792935731,-1.4260338799417727,-0.49869709612400265,0.18483576813167915,0.3692592275364164,0.3562599929235338,-0.92733678381777,381705,30,53
0.3202252455474252,-0.7073187807002977,-0.21676986168705822,0.16050681763329608,0.22060911946332748,0.2997454530631069,-0.4905489190132395,381706,30,125
0.08691262565833285,-1.487671999883858,-1.8724853569581459,0.1981924516048335,0.39272140786775545,0.5801563076780082,0.384813357074288,381707,30,47
-0.18366920346349397,-1.303277504451079,-0.8202048022654939,0.2242328813130448,0.4263269370570345,0.47550379079800664,-0.48307270218558507,381708,30,38
0.02862866406600826,-1.7905952911367449,-1.411661564928849,0.20240213371639681,0.4231139395344539,0.512386554432866,-0.3789337262078958,381710,30,30
2.2993442503652823,0.004688449693044709,-0.3537250339040442,0.206526008748726,0.3142934581307887,0.29570977832405554,0.3584134835970889,381711,30,575
1.2564543869275278,-1.3095639121278944,-1.2132713378006588,0.13930733648758298,0.2709609085857023,0.22146041679561518,-0.09629257432723559,381712,30,199
0.3921281301317534,-1.8907539511752356,-1.0713147554277418,0.1334549160901458,0.3053267566560141,0.3299201791302007,-0.8194391957474938,381713,30,61
0.79990097414003,-1.2289629342383432,-0.012766966234703664,0.04110874244394378,0.11993261795519496,0.09023936935251857,-1.2161959680036396,381714,30,166
1.1660150190627412,-1.1599878899807934,-0.42225626257040877,0.11162023964078076,0.14344809507884942,0.1890505779521375,-0.7377316274103847,381718,30,241
0.22966982237239628,-1.495835917842206,-0.7100309143269095,0.20215135639272183,0.3724611279441674,0.3733456542644738,-0.7858050035152966,381719,30,68
0.7979844809074033,-1.2233745826028226,-0.4051446296462837,0.04202491485908789,0.11299391680077628,0.08499744751727385,-0.8182299529565389,381720,30,162
1.607241053555223,-1.2724393687123081,-0.0181856436130078,0.06819222867653814,0.18197385924745188,0.1211857369263109,-1.2542537250993002,381721,30,391
0.4902785980041795,-1.9555538730368185,-1.9855393289385754,0.1769799278413597,0.37382434197111764,0.485351781038386,0.02998545590175694,381722,30,60
-0.2512245488846326,-1.8950377755888912,-0.21690449673319284,0.24514724196124155,0.5114982430480649,0.42739161082334315,-1.6781332788556984,381723,30,33
0.8756880126703184,-1.2479215507762453,-0.743606474541819,0.15741293649148602,0.21277511237536076,0.29049542255397115,-0.5043150762344263,381724,30,156
3.223390930646997,-1.9210642532016808,-0.9931125438819909,0.23858658380056819,0.3521468548350363,0.3744393747641853,-0.92795170931969,381725,30,576
1.6166358021219678,-1.6254784383026568,-1.2946925397887503,0.08023548882152387,0.12977688292608086,0.20503571869646786,-0.3307858985139065,381726,30,281
1.4546719061101563,-1.0866557099326712,-1.4567141636527403,0.19271649851496647,0.24174650312797907,0.27070772996863046,0.37005845372006907,381728,30,253
